time,pair,signal
2016-07-25,TCS.NS-INFY.NS,-1
2016-07-26,TCS.NS-INFY.NS,0
2016-07-27,TCS.NS-INFY.NS,-1
2016-08-01,TCS.NS-INFY.NS,0
2016-08-02,TCS.NS-INFY.NS,-1
2016-08-05,TCS.NS-INFY.NS,0
2016-08-12,TCS.NS-INFY.NS,-1
2016-08-15,TCS.NS-INFY.NS,0
2016-09-08,TCS.NS-INFY.NS,1
2016-09-09,TCS.NS-INFY.NS,0
2016-09-14,TCS.NS-INFY.NS,1
2016-09-15,TCS.NS-INFY.NS,0
2016-11-14,TCS.NS-INFY.NS,1
2016-11-16,TCS.NS-INFY.NS,0
2016-11-17,TCS.NS-INFY.NS,1
2016-11-18,TCS.NS-INFY.NS,0
2017-01-04,TCS.NS-INFY.NS,-1
2017-01-05,TCS.NS-INFY.NS,1
2017-01-11,TCS.NS-INFY.NS,0
2017-01-12,TCS.NS-INFY.NS,1
2017-01-18,TCS.NS-INFY.NS,0
2017-01-19,TCS.NS-INFY.NS,1
2017-01-23,TCS.NS-INFY.NS,0
2017-01-25,TCS.NS-INFY.NS,-1
2017-01-30,TCS.NS-INFY.NS,0
2017-01-31,TCS.NS-INFY.NS,1
2017-02-08,TCS.NS-INFY.NS,0
2017-02-10,TCS.NS-INFY.NS,-1
2017-02-17,TCS.NS-INFY.NS,0
2017-02-20,TCS.NS-INFY.NS,-1
2017-02-22,TCS.NS-INFY.NS,0
2017-02-23,TCS.NS-INFY.NS,-1
2017-03-06,TCS.NS-INFY.NS,0
2017-03-07,TCS.NS-INFY.NS,-1
2017-03-20,TCS.NS-INFY.NS,0
2017-05-16,TCS.NS-INFY.NS,-1
2017-05-17,TCS.NS-INFY.NS,0
2017-05-21,TCS.NS-INFY.NS,-1
2017-05-22,TCS.NS-INFY.NS,0
2017-05-23,TCS.NS-INFY.NS,-1
2017-05-24,TCS.NS-INFY.NS,0
2017-05-26,TCS.NS-INFY.NS,-1
2017-06-15,TCS.NS-INFY.NS,0
2017-06-19,TCS.NS-INFY.NS,-1
2017-06-21,TCS.NS-INFY.NS,0
2017-07-11,TCS.NS-INFY.NS,-1
2017-07-12,TCS.NS-INFY.NS,0
2017-07-21,TCS.NS-INFY.NS,-1
2017-07-28,TCS.NS-INFY.NS,0
2017-08-04,TCS.NS-INFY.NS,-1
2017-08-11,TCS.NS-INFY.NS,0
2017-08-18,TCS.NS-INFY.NS,-1
2017-09-01,TCS.NS-INFY.NS,0
2017-09-04,TCS.NS-INFY.NS,-1
2017-09-29,TCS.NS-INFY.NS,0
2017-10-11,TCS.NS-INFY.NS,-1
2017-12-08,TCS.NS-INFY.NS,0
2017-12-11,TCS.NS-INFY.NS,-1
2017-12-12,TCS.NS-INFY.NS,0
2017-12-13,TCS.NS-INFY.NS,-1
2017-12-14,TCS.NS-INFY.NS,1
2017-12-18,TCS.NS-INFY.NS,0
2017-12-29,TCS.NS-INFY.NS,-1
2018-01-01,TCS.NS-INFY.NS,0
2018-01-05,TCS.NS-INFY.NS,-1
2018-01-15,TCS.NS-INFY.NS,0
2018-01-16,TCS.NS-INFY.NS,-1
2018-01-22,TCS.NS-INFY.NS,0
2018-01-25,TCS.NS-INFY.NS,-1
2018-03-13,TCS.NS-INFY.NS,0
2018-03-15,TCS.NS-INFY.NS,1
2018-03-20,TCS.NS-INFY.NS,0
2018-03-23,TCS.NS-INFY.NS,1
2018-03-24,TCS.NS-INFY.NS,0
2018-04-11,TCS.NS-INFY.NS,-1
2018-04-20,TCS.NS-INFY.NS,0
2018-04-21,TCS.NS-INFY.NS,-1
2018-07-06,TCS.NS-INFY.NS,0
2018-07-07,TCS.NS-INFY.NS,-1
2018-07-11,TCS.NS-INFY.NS,0
2018-07-13,TCS.NS-INFY.NS,-1
2018-09-24,TCS.NS-INFY.NS,0
2018-09-25,TCS.NS-INFY.NS,-1
2018-10-12,TCS.NS-INFY.NS,0
2018-10-15,TCS.NS-INFY.NS,-1
2018-10-17,TCS.NS-INFY.NS,1
2018-10-19,TCS.NS-INFY.NS,0
2018-10-23,TCS.NS-INFY.NS,1
2018-10-24,TCS.NS-INFY.NS,0
2018-10-26,TCS.NS-INFY.NS,1
2018-10-28,TCS.NS-INFY.NS,0
2019-01-11,TCS.NS-INFY.NS,1
2019-01-17,TCS.NS-INFY.NS,0
2019-02-19,TCS.NS-INFY.NS,1
2019-02-22,TCS.NS-INFY.NS,0
2019-04-15,TCS.NS-INFY.NS,-1
2019-04-16,TCS.NS-INFY.NS,0
2019-04-17,TCS.NS-INFY.NS,-1
2019-05-03,TCS.NS-INFY.NS,0
2019-05-06,TCS.NS-INFY.NS,-1
2019-05-10,TCS.NS-INFY.NS,0
2019-05-30,TCS.NS-INFY.NS,-1
2019-07-09,TCS.NS-INFY.NS,0
2019-07-18,TCS.NS-INFY.NS,1
2019-07-21,TCS.NS-INFY.NS,0
2019-08-05,TCS.NS-INFY.NS,-1
2019-08-06,TCS.NS-INFY.NS,0
2019-08-08,TCS.NS-INFY.NS,-1
2019-08-13,TCS.NS-INFY.NS,0
2019-08-23,TCS.NS-INFY.NS,-1
2019-08-28,TCS.NS-INFY.NS,0
2019-08-30,TCS.NS-INFY.NS,-1
2019-09-03,TCS.NS-INFY.NS,0
2019-09-20,TCS.NS-INFY.NS,1
2019-09-25,TCS.NS-INFY.NS,0
2019-10-11,TCS.NS-INFY.NS,1
2019-10-14,TCS.NS-INFY.NS,0
2019-10-24,TCS.NS-INFY.NS,-1
2019-10-30,TCS.NS-INFY.NS,0
2019-10-31,TCS.NS-INFY.NS,-1
2019-11-06,TCS.NS-INFY.NS,0
2019-11-13,TCS.NS-INFY.NS,-1
2019-11-15,TCS.NS-INFY.NS,0
2020-01-08,TCS.NS-INFY.NS,-1
2020-01-09,TCS.NS-INFY.NS,0
2020-01-31,TCS.NS-INFY.NS,1
2020-02-03,TCS.NS-INFY.NS,0
2020-02-28,TCS.NS-INFY.NS,1
2020-03-03,TCS.NS-INFY.NS,0
2020-03-09,TCS.NS-INFY.NS,1
2020-03-12,TCS.NS-INFY.NS,0
2020-03-13,TCS.NS-INFY.NS,1
2020-03-16,TCS.NS-INFY.NS,0
2020-03-17,TCS.NS-INFY.NS,1
2020-04-17,TCS.NS-INFY.NS,0
2020-04-21,TCS.NS-INFY.NS,1
2020-04-23,TCS.NS-INFY.NS,0
2020-07-03,TCS.NS-INFY.NS,-1
2020-07-06,TCS.NS-INFY.NS,0
2020-07-07,TCS.NS-INFY.NS,-1
2020-07-08,TCS.NS-INFY.NS,0
2020-07-24,TCS.NS-INFY.NS,1
2020-07-25,TCS.NS-INFY.NS,0
2020-09-07,TCS.NS-INFY.NS,-1
2020-09-14,TCS.NS-INFY.NS,0
2020-09-16,TCS.NS-INFY.NS,-1
2020-09-24,TCS.NS-INFY.NS,0
2020-09-25,TCS.NS-INFY.NS,-1
2020-10-05,TCS.NS-INFY.NS,0
2020-10-06,TCS.NS-INFY.NS,-1
2020-10-08,TCS.NS-INFY.NS,0
2020-10-09,TCS.NS-INFY.NS,-1
2020-11-13,TCS.NS-INFY.NS,0
2020-11-20,TCS.NS-INFY.NS,-1
2021-01-05,TCS.NS-INFY.NS,0
2021-01-06,TCS.NS-INFY.NS,-1
2021-02-24,TCS.NS-INFY.NS,0
2021-02-25,TCS.NS-INFY.NS,-1
2021-02-26,TCS.NS-INFY.NS,0
2021-03-03,TCS.NS-INFY.NS,-1
2021-03-05,TCS.NS-INFY.NS,0
2021-03-22,TCS.NS-INFY.NS,-1
2021-03-25,TCS.NS-INFY.NS,0
2021-03-30,TCS.NS-INFY.NS,-1
2021-04-13,TCS.NS-INFY.NS,0
2021-04-15,TCS.NS-INFY.NS,-1
2021-04-19,TCS.NS-INFY.NS,0
2021-07-06,TCS.NS-INFY.NS,1
2021-07-07,TCS.NS-INFY.NS,0
2021-07-08,TCS.NS-INFY.NS,1
2021-07-09,TCS.NS-INFY.NS,0
2021-07-11,TCS.NS-INFY.NS,1
2021-07-17,TCS.NS-INFY.NS,0
2021-07-26,TCS.NS-INFY.NS,1
2021-08-02,TCS.NS-INFY.NS,0
2021-08-23,TCS.NS-INFY.NS,-1
2021-08-27,TCS.NS-INFY.NS,0
2021-08-28,TCS.NS-INFY.NS,-1
2021-10-11,TCS.NS-INFY.NS,0
2021-10-19,TCS.NS-INFY.NS,1
2021-10-31,TCS.NS-INFY.NS,0
2022-01-04,TCS.NS-INFY.NS,-1
2022-01-12,TCS.NS-INFY.NS,0
2022-01-17,TCS.NS-INFY.NS,-1
2022-01-18,TCS.NS-INFY.NS,0
2022-02-02,TCS.NS-INFY.NS,-1
2022-02-08,TCS.NS-INFY.NS,0
2022-02-14,TCS.NS-INFY.NS,-1
2022-02-21,TCS.NS-INFY.NS,0
2022-02-23,TCS.NS-INFY.NS,1
2022-02-24,TCS.NS-INFY.NS,0
2022-03-04,TCS.NS-INFY.NS,1
2022-03-06,TCS.NS-INFY.NS,0
2022-03-07,TCS.NS-INFY.NS,1
2022-03-08,TCS.NS-INFY.NS,0
2022-04-21,TCS.NS-INFY.NS,-1
2022-04-25,TCS.NS-INFY.NS,0
2022-05-25,TCS.NS-INFY.NS,1
2022-05-26,TCS.NS-INFY.NS,0
2022-06-14,TCS.NS-INFY.NS,1
2022-06-15,TCS.NS-INFY.NS,0
2022-06-16,TCS.NS-INFY.NS,1
2022-06-21,TCS.NS-INFY.NS,0
2022-07-04,TCS.NS-INFY.NS,1
2022-07-07,TCS.NS-INFY.NS,0
2022-07-08,TCS.NS-INFY.NS,1
2022-07-27,TCS.NS-INFY.NS,0
2022-08-25,TCS.NS-INFY.NS,1
2022-11-02,TCS.NS-INFY.NS,0
2022-11-03,TCS.NS-INFY.NS,1
2022-11-04,TCS.NS-INFY.NS,0
2022-11-07,TCS.NS-INFY.NS,-1
2022-11-09,TCS.NS-INFY.NS,0
2022-11-11,TCS.NS-INFY.NS,-1
2022-11-15,TCS.NS-INFY.NS,0
2022-11-16,TCS.NS-INFY.NS,-1
2022-11-18,TCS.NS-INFY.NS,0
2022-12-01,TCS.NS-INFY.NS,-1
2022-12-03,TCS.NS-INFY.NS,0
2023-01-04,TCS.NS-INFY.NS,-1
2023-01-05,TCS.NS-INFY.NS,0
2023-01-09,TCS.NS-INFY.NS,-1
2023-01-11,TCS.NS-INFY.NS,0
2023-01-12,TCS.NS-INFY.NS,-1
2023-01-31,TCS.NS-INFY.NS,0
2023-02-01,TCS.NS-INFY.NS,-1
2023-02-22,TCS.NS-INFY.NS,0
2023-03-01,TCS.NS-INFY.NS,-1
2023-03-02,TCS.NS-INFY.NS,0
2023-03-03,TCS.NS-INFY.NS,-1
2023-03-13,TCS.NS-INFY.NS,0
2023-03-14,TCS.NS-INFY.NS,1
2023-03-25,TCS.NS-INFY.NS,0
2023-04-17,TCS.NS-INFY.NS,-1
2023-06-16,TCS.NS-INFY.NS,0
2023-06-18,TCS.NS-INFY.NS,1
2023-06-19,TCS.NS-INFY.NS,-1
2023-07-11,TCS.NS-INFY.NS,0
2023-07-13,TCS.NS-INFY.NS,-1
2023-07-14,TCS.NS-INFY.NS,0
2023-07-16,TCS.NS-INFY.NS,-1
2023-08-25,TCS.NS-INFY.NS,0
2023-09-11,TCS.NS-INFY.NS,-1
2023-10-19,TCS.NS-INFY.NS,0
2023-10-20,TCS.NS-INFY.NS,-1
2023-10-23,TCS.NS-INFY.NS,0
2023-12-06,TCS.NS-INFY.NS,-1
2023-12-15,TCS.NS-INFY.NS,0
2023-12-17,TCS.NS-INFY.NS,-1
2024-01-04,TCS.NS-INFY.NS,0
2024-01-05,TCS.NS-INFY.NS,-1
2024-01-08,TCS.NS-INFY.NS,0
2024-01-10,TCS.NS-INFY.NS,-1
2024-01-25,TCS.NS-INFY.NS,0
2024-02-01,TCS.NS-INFY.NS,-1
2024-02-06,TCS.NS-INFY.NS,0
2024-02-07,TCS.NS-INFY.NS,-1
2024-02-08,TCS.NS-INFY.NS,0
2024-02-11,TCS.NS-INFY.NS,-1
2024-05-29,TCS.NS-INFY.NS,0
2024-05-30,TCS.NS-INFY.NS,1
2024-05-31,TCS.NS-INFY.NS,0
2024-06-02,TCS.NS-INFY.NS,1
2024-06-04,TCS.NS-INFY.NS,0
2024-07-19,TCS.NS-INFY.NS,-1
2024-07-22,TCS.NS-INFY.NS,0
2024-07-25,TCS.NS-INFY.NS,-1
2024-07-30,TCS.NS-INFY.NS,0
2024-07-31,TCS.NS-INFY.NS,-1
2024-08-02,TCS.NS-INFY.NS,0
2024-08-16,TCS.NS-INFY.NS,-1
2024-09-18,TCS.NS-INFY.NS,0
2024-09-20,TCS.NS-INFY.NS,1
2024-09-22,TCS.NS-INFY.NS,0
2024-10-11,TCS.NS-INFY.NS,1
2024-10-18,TCS.NS-INFY.NS,0
2024-10-22,TCS.NS-INFY.NS,1
2024-10-27,TCS.NS-INFY.NS,0
2024-11-25,TCS.NS-INFY.NS,-1
2024-11-27,TCS.NS-INFY.NS,0
2024-12-04,TCS.NS-INFY.NS,-1
2024-12-10,TCS.NS-INFY.NS,0
2025-01-03,TCS.NS-INFY.NS,1
2025-01-10,TCS.NS-INFY.NS,0
2025-02-07,TCS.NS-INFY.NS,1
2025-02-10,TCS.NS-INFY.NS,0
2025-02-11,TCS.NS-INFY.NS,1
2025-03-24,TCS.NS-INFY.NS,0
2025-04-02,TCS.NS-INFY.NS,1
2025-05-12,TCS.NS-INFY.NS,0
2025-05-13,TCS.NS-INFY.NS,1
2025-05-14,TCS.NS-INFY.NS,0
2025-05-20,TCS.NS-INFY.NS,1
2025-05-21,TCS.NS-INFY.NS,0
2025-05-22,TCS.NS-INFY.NS,1
2025-05-23,TCS.NS-INFY.NS,0
2025-05-27,TCS.NS-INFY.NS,1
2025-09-25,TCS.NS-INFY.NS,0
2025-09-29,TCS.NS-INFY.NS,1
2025-11-20,TCS.NS-INFY.NS,0
2025-11-24,TCS.NS-INFY.NS,1
2025-11-26,TCS.NS-INFY.NS,0
2025-11-27,TCS.NS-INFY.NS,1
2025-12-03,TCS.NS-INFY.NS,0
2025-12-04,TCS.NS-INFY.NS,-1
2025-12-05,TCS.NS-INFY.NS,0
2025-12-18,TCS.NS-INFY.NS,-1
2025-12-19,TCS.NS-INFY.NS,0
2026-01-13,TCS.NS-INFY.NS,-1
2026-01-14,TCS.NS-INFY.NS,0
2026-01-19,TCS.NS-INFY.NS,1
2026-01-20,TCS.NS-INFY.NS,0
2026-01-21,TCS.NS-INFY.NS,1
2026-01-22,TCS.NS-INFY.NS,0
2026-02-06,TCS.NS-INFY.NS,1
2026-02-10,TCS.NS-INFY.NS,0
2026-02-11,TCS.NS-INFY.NS,1
2026-02-12,TCS.NS-INFY.NS,0
2026-02-15,TCS.NS-INFY.NS,1
2016-07-07,TCS.NS-HDFCBANK.NS,1
2016-07-11,TCS.NS-HDFCBANK.NS,0
2016-08-12,TCS.NS-HDFCBANK.NS,-1
2016-08-13,TCS.NS-HDFCBANK.NS,0
2016-09-08,TCS.NS-HDFCBANK.NS,1
2016-09-12,TCS.NS-HDFCBANK.NS,0
2016-09-14,TCS.NS-HDFCBANK.NS,1
2016-09-15,TCS.NS-HDFCBANK.NS,0
2016-11-07,TCS.NS-HDFCBANK.NS,1
2016-11-09,TCS.NS-HDFCBANK.NS,0
2016-11-15,TCS.NS-HDFCBANK.NS,1
2016-11-16,TCS.NS-HDFCBANK.NS,0
2017-01-04,TCS.NS-HDFCBANK.NS,1
2017-02-10,TCS.NS-HDFCBANK.NS,0
2017-04-13,TCS.NS-HDFCBANK.NS,1
2017-05-09,TCS.NS-HDFCBANK.NS,0
2017-05-10,TCS.NS-HDFCBANK.NS,1
2017-05-11,TCS.NS-HDFCBANK.NS,0
2017-05-25,TCS.NS-HDFCBANK.NS,-1
2017-05-26,TCS.NS-HDFCBANK.NS,0
2017-06-06,TCS.NS-HDFCBANK.NS,-1
2017-06-07,TCS.NS-HDFCBANK.NS,0
2017-06-23,TCS.NS-HDFCBANK.NS,1
2017-07-01,TCS.NS-HDFCBANK.NS,0
2017-07-06,TCS.NS-HDFCBANK.NS,1
2017-07-10,TCS.NS-HDFCBANK.NS,0
2017-09-11,TCS.NS-HDFCBANK.NS,1
2017-09-12,TCS.NS-HDFCBANK.NS,0
2017-09-29,TCS.NS-HDFCBANK.NS,1
2017-10-11,TCS.NS-HDFCBANK.NS,0
2017-10-17,TCS.NS-HDFCBANK.NS,-1
2017-10-18,TCS.NS-HDFCBANK.NS,0
2017-10-25,TCS.NS-HDFCBANK.NS,-1
2017-10-26,TCS.NS-HDFCBANK.NS,0
2017-10-27,TCS.NS-HDFCBANK.NS,-1
2017-11-01,TCS.NS-HDFCBANK.NS,0
2017-11-02,TCS.NS-HDFCBANK.NS,-1
2017-11-03,TCS.NS-HDFCBANK.NS,0
2017-11-06,TCS.NS-HDFCBANK.NS,-1
2017-11-21,TCS.NS-HDFCBANK.NS,0
2017-11-24,TCS.NS-HDFCBANK.NS,-1
2017-11-25,TCS.NS-HDFCBANK.NS,0
2017-12-15,TCS.NS-HDFCBANK.NS,1
2017-12-16,TCS.NS-HDFCBANK.NS,0
2018-01-08,TCS.NS-HDFCBANK.NS,-1
2018-01-09,TCS.NS-HDFCBANK.NS,0
2018-01-10,TCS.NS-HDFCBANK.NS,-1
2018-01-17,TCS.NS-HDFCBANK.NS,0
2018-01-18,TCS.NS-HDFCBANK.NS,-1
2018-01-19,TCS.NS-HDFCBANK.NS,0
2018-01-20,TCS.NS-HDFCBANK.NS,-1
2018-01-22,TCS.NS-HDFCBANK.NS,0
2018-01-25,TCS.NS-HDFCBANK.NS,-1
2018-03-13,TCS.NS-HDFCBANK.NS,0
2018-03-16,TCS.NS-HDFCBANK.NS,1
2018-03-19,TCS.NS-HDFCBANK.NS,0
2018-03-22,TCS.NS-HDFCBANK.NS,1
2018-03-23,TCS.NS-HDFCBANK.NS,0
2018-04-11,TCS.NS-HDFCBANK.NS,-1
2018-04-20,TCS.NS-HDFCBANK.NS,0
2018-04-21,TCS.NS-HDFCBANK.NS,-1
2018-09-24,TCS.NS-HDFCBANK.NS,0
2018-09-25,TCS.NS-HDFCBANK.NS,-1
2018-10-12,TCS.NS-HDFCBANK.NS,0
2018-10-15,TCS.NS-HDFCBANK.NS,-1
2018-10-22,TCS.NS-HDFCBANK.NS,0
2018-10-23,TCS.NS-HDFCBANK.NS,1
2018-10-25,TCS.NS-HDFCBANK.NS,0
2018-10-26,TCS.NS-HDFCBANK.NS,1
2018-10-29,TCS.NS-HDFCBANK.NS,0
2018-10-31,TCS.NS-HDFCBANK.NS,-1
2018-11-01,TCS.NS-HDFCBANK.NS,0
2019-02-04,TCS.NS-HDFCBANK.NS,-1
2019-02-05,TCS.NS-HDFCBANK.NS,0
2019-02-06,TCS.NS-HDFCBANK.NS,-1
2019-02-08,TCS.NS-HDFCBANK.NS,0
2019-04-15,TCS.NS-HDFCBANK.NS,-1
2019-04-26,TCS.NS-HDFCBANK.NS,0
2019-04-27,TCS.NS-HDFCBANK.NS,-1
2019-05-03,TCS.NS-HDFCBANK.NS,0
2019-05-09,TCS.NS-HDFCBANK.NS,-1
2019-05-10,TCS.NS-HDFCBANK.NS,0
2019-05-31,TCS.NS-HDFCBANK.NS,-1
2019-07-05,TCS.NS-HDFCBANK.NS,0
2019-07-30,TCS.NS-HDFCBANK.NS,-1
2019-09-09,TCS.NS-HDFCBANK.NS,0
2019-09-21,TCS.NS-HDFCBANK.NS,1
2019-09-23,TCS.NS-HDFCBANK.NS,0
2019-09-24,TCS.NS-HDFCBANK.NS,1
2019-09-30,TCS.NS-HDFCBANK.NS,0
2019-10-11,TCS.NS-HDFCBANK.NS,1
2019-10-12,TCS.NS-HDFCBANK.NS,0
2019-10-31,TCS.NS-HDFCBANK.NS,-1
2019-11-01,TCS.NS-HDFCBANK.NS,0
2020-01-08,TCS.NS-HDFCBANK.NS,-1
2020-01-09,TCS.NS-HDFCBANK.NS,0
2020-02-18,TCS.NS-HDFCBANK.NS,-1
2020-02-19,TCS.NS-HDFCBANK.NS,0
2020-03-01,TCS.NS-HDFCBANK.NS,1
2020-03-03,TCS.NS-HDFCBANK.NS,0
2020-03-09,TCS.NS-HDFCBANK.NS,1
2020-03-12,TCS.NS-HDFCBANK.NS,0
2020-03-15,TCS.NS-HDFCBANK.NS,1
2020-03-16,TCS.NS-HDFCBANK.NS,0
2020-03-18,TCS.NS-HDFCBANK.NS,1
2020-03-20,TCS.NS-HDFCBANK.NS,0
2020-03-23,TCS.NS-HDFCBANK.NS,1
2020-03-26,TCS.NS-HDFCBANK.NS,0
2020-04-01,TCS.NS-HDFCBANK.NS,1
2020-04-07,TCS.NS-HDFCBANK.NS,0
2020-04-08,TCS.NS-HDFCBANK.NS,1
2020-04-13,TCS.NS-HDFCBANK.NS,0
2020-04-16,TCS.NS-HDFCBANK.NS,1
2020-04-17,TCS.NS-HDFCBANK.NS,0
2020-04-21,TCS.NS-HDFCBANK.NS,1
2020-04-22,TCS.NS-HDFCBANK.NS,0
2020-04-30,TCS.NS-HDFCBANK.NS,-1
2020-05-01,TCS.NS-HDFCBANK.NS,0
2020-05-18,TCS.NS-HDFCBANK.NS,-1
2020-05-20,TCS.NS-HDFCBANK.NS,0
2020-05-21,TCS.NS-HDFCBANK.NS,-1
2020-05-26,TCS.NS-HDFCBANK.NS,0
2020-07-03,TCS.NS-HDFCBANK.NS,-1
2020-07-08,TCS.NS-HDFCBANK.NS,0
2020-07-15,TCS.NS-HDFCBANK.NS,-1
2020-07-17,TCS.NS-HDFCBANK.NS,0
2020-07-27,TCS.NS-HDFCBANK.NS,-1
2020-09-14,TCS.NS-HDFCBANK.NS,0
2020-09-16,TCS.NS-HDFCBANK.NS,-1
2021-02-24,TCS.NS-HDFCBANK.NS,1
2021-02-25,TCS.NS-HDFCBANK.NS,-1
2021-02-26,TCS.NS-HDFCBANK.NS,1
2021-02-28,TCS.NS-HDFCBANK.NS,0
2021-03-02,TCS.NS-HDFCBANK.NS,-1
2021-04-28,TCS.NS-HDFCBANK.NS,0
2021-06-07,TCS.NS-HDFCBANK.NS,-1
2021-07-12,TCS.NS-HDFCBANK.NS,0
2021-07-14,TCS.NS-HDFCBANK.NS,-1
2021-07-15,TCS.NS-HDFCBANK.NS,0
2021-07-20,TCS.NS-HDFCBANK.NS,-1
2021-07-27,TCS.NS-HDFCBANK.NS,0
2021-07-28,TCS.NS-HDFCBANK.NS,-1
2021-07-30,TCS.NS-HDFCBANK.NS,0
2021-08-02,TCS.NS-HDFCBANK.NS,-1
2021-08-17,TCS.NS-HDFCBANK.NS,0
2021-08-19,TCS.NS-HDFCBANK.NS,-1
2021-10-14,TCS.NS-HDFCBANK.NS,0
2021-10-18,TCS.NS-HDFCBANK.NS,-1
2021-10-19,TCS.NS-HDFCBANK.NS,0
2021-10-21,TCS.NS-HDFCBANK.NS,1
2021-10-27,TCS.NS-HDFCBANK.NS,0
2021-10-28,TCS.NS-HDFCBANK.NS,1
2021-10-30,TCS.NS-HDFCBANK.NS,0
2021-12-23,TCS.NS-HDFCBANK.NS,-1
2021-12-25,TCS.NS-HDFCBANK.NS,0
2021-12-27,TCS.NS-HDFCBANK.NS,-1
2022-01-27,TCS.NS-HDFCBANK.NS,0
2022-01-31,TCS.NS-HDFCBANK.NS,-1
2022-02-11,TCS.NS-HDFCBANK.NS,0
2022-02-14,TCS.NS-HDFCBANK.NS,-1
2022-02-21,TCS.NS-HDFCBANK.NS,0
2022-02-22,TCS.NS-HDFCBANK.NS,1
2022-02-24,TCS.NS-HDFCBANK.NS,0
2022-02-25,TCS.NS-HDFCBANK.NS,1
2022-02-28,TCS.NS-HDFCBANK.NS,0
2022-05-04,TCS.NS-HDFCBANK.NS,1
2022-05-05,TCS.NS-HDFCBANK.NS,0
2022-05-06,TCS.NS-HDFCBANK.NS,1
2022-05-09,TCS.NS-HDFCBANK.NS,0
2022-05-10,TCS.NS-HDFCBANK.NS,1
2022-05-13,TCS.NS-HDFCBANK.NS,0
2022-05-16,TCS.NS-HDFCBANK.NS,1
2022-05-17,TCS.NS-HDFCBANK.NS,0
2022-05-19,TCS.NS-HDFCBANK.NS,1
2022-05-23,TCS.NS-HDFCBANK.NS,0
2022-05-24,TCS.NS-HDFCBANK.NS,1
2022-05-30,TCS.NS-HDFCBANK.NS,0
2022-06-13,TCS.NS-HDFCBANK.NS,1
2022-06-23,TCS.NS-HDFCBANK.NS,0
2022-06-30,TCS.NS-HDFCBANK.NS,1
2022-07-01,TCS.NS-HDFCBANK.NS,0
2022-07-04,TCS.NS-HDFCBANK.NS,1
2022-07-28,TCS.NS-HDFCBANK.NS,0
2022-08-23,TCS.NS-HDFCBANK.NS,1
2022-11-01,TCS.NS-HDFCBANK.NS,0
2022-12-01,TCS.NS-HDFCBANK.NS,-1
2022-12-04,TCS.NS-HDFCBANK.NS,0
2023-02-02,TCS.NS-HDFCBANK.NS,-1
2023-02-06,TCS.NS-HDFCBANK.NS,0
2023-02-07,TCS.NS-HDFCBANK.NS,-1
2023-02-21,TCS.NS-HDFCBANK.NS,0
2023-03-14,TCS.NS-HDFCBANK.NS,1
2023-03-26,TCS.NS-HDFCBANK.NS,0
2023-05-24,TCS.NS-HDFCBANK.NS,-1
2023-05-25,TCS.NS-HDFCBANK.NS,0
2023-05-26,TCS.NS-HDFCBANK.NS,-1
2023-05-29,TCS.NS-HDFCBANK.NS,0
2023-07-17,TCS.NS-HDFCBANK.NS,-1
2023-07-21,TCS.NS-HDFCBANK.NS,0
2023-07-31,TCS.NS-HDFCBANK.NS,-1
2023-08-18,TCS.NS-HDFCBANK.NS,0
2023-08-21,TCS.NS-HDFCBANK.NS,-1
2023-08-22,TCS.NS-HDFCBANK.NS,0
2023-08-23,TCS.NS-HDFCBANK.NS,-1
2023-08-24,TCS.NS-HDFCBANK.NS,0
2023-08-25,TCS.NS-HDFCBANK.NS,-1
2023-08-28,TCS.NS-HDFCBANK.NS,0
2023-08-30,TCS.NS-HDFCBANK.NS,-1
2023-08-31,TCS.NS-HDFCBANK.NS,0
2023-09-04,TCS.NS-HDFCBANK.NS,-1
2023-09-12,TCS.NS-HDFCBANK.NS,0
2023-09-13,TCS.NS-HDFCBANK.NS,-1
2023-10-23,TCS.NS-HDFCBANK.NS,0
2023-11-15,TCS.NS-HDFCBANK.NS,-1
2023-12-15,TCS.NS-HDFCBANK.NS,0
2023-12-18,TCS.NS-HDFCBANK.NS,-1
2024-03-27,TCS.NS-HDFCBANK.NS,0
2024-03-28,TCS.NS-HDFCBANK.NS,-1
2024-04-16,TCS.NS-HDFCBANK.NS,0
2024-05-30,TCS.NS-HDFCBANK.NS,1
2024-05-31,TCS.NS-HDFCBANK.NS,0
2024-06-01,TCS.NS-HDFCBANK.NS,1
2024-06-04,TCS.NS-HDFCBANK.NS,0
2024-07-14,TCS.NS-HDFCBANK.NS,-1
2024-07-18,TCS.NS-HDFCBANK.NS,0
2024-07-19,TCS.NS-HDFCBANK.NS,-1
2024-08-05,TCS.NS-HDFCBANK.NS,0
2024-08-06,TCS.NS-HDFCBANK.NS,-1
2024-08-08,TCS.NS-HDFCBANK.NS,0
2024-08-09,TCS.NS-HDFCBANK.NS,-1
2024-08-12,TCS.NS-HDFCBANK.NS,0
2024-08-13,TCS.NS-HDFCBANK.NS,-1
2024-09-18,TCS.NS-HDFCBANK.NS,0
2024-10-22,TCS.NS-HDFCBANK.NS,1
2024-10-23,TCS.NS-HDFCBANK.NS,0
2024-12-05,TCS.NS-HDFCBANK.NS,-1
2024-12-10,TCS.NS-HDFCBANK.NS,0
2025-02-12,TCS.NS-HDFCBANK.NS,1
2025-02-19,TCS.NS-HDFCBANK.NS,0
2025-02-20,TCS.NS-HDFCBANK.NS,1
2025-02-28,TCS.NS-HDFCBANK.NS,0
2025-03-01,TCS.NS-HDFCBANK.NS,1
2025-05-12,TCS.NS-HDFCBANK.NS,0
2025-05-13,TCS.NS-HDFCBANK.NS,1
2025-05-14,TCS.NS-HDFCBANK.NS,0
2025-05-18,TCS.NS-HDFCBANK.NS,1
2025-07-11,TCS.NS-HDFCBANK.NS,0
2025-07-12,TCS.NS-HDFCBANK.NS,1
2025-07-14,TCS.NS-HDFCBANK.NS,0
2025-07-15,TCS.NS-HDFCBANK.NS,1
2025-11-12,TCS.NS-HDFCBANK.NS,0
2025-12-04,TCS.NS-HDFCBANK.NS,-1
2025-12-09,TCS.NS-HDFCBANK.NS,0
2025-12-18,TCS.NS-HDFCBANK.NS,-1
2025-12-21,TCS.NS-HDFCBANK.NS,0
2025-12-22,TCS.NS-HDFCBANK.NS,-1
2025-12-23,TCS.NS-HDFCBANK.NS,0
2026-02-09,TCS.NS-HDFCBANK.NS,1
2026-02-12,TCS.NS-HDFCBANK.NS,0
2026-02-16,TCS.NS-HDFCBANK.NS,1
2016-07-25,HDFCBANK.NS-ITC.NS,-1
2016-07-26,HDFCBANK.NS-ITC.NS,0
2016-07-27,HDFCBANK.NS-ITC.NS,-1
2016-07-28,HDFCBANK.NS-ITC.NS,0
2016-09-09,HDFCBANK.NS-ITC.NS,-1
2016-09-10,HDFCBANK.NS-ITC.NS,0
2016-09-12,HDFCBANK.NS-ITC.NS,-1
2016-09-14,HDFCBANK.NS-ITC.NS,0
2016-09-21,HDFCBANK.NS-ITC.NS,-1
2016-09-29,HDFCBANK.NS-ITC.NS,0
2016-10-04,HDFCBANK.NS-ITC.NS,-1
2016-10-05,HDFCBANK.NS-ITC.NS,0
2016-11-04,HDFCBANK.NS-ITC.NS,1
2016-11-09,HDFCBANK.NS-ITC.NS,0
2016-11-24,HDFCBANK.NS-ITC.NS,1
2016-11-25,HDFCBANK.NS-ITC.NS,0
2016-11-28,HDFCBANK.NS-ITC.NS,1
2016-11-30,HDFCBANK.NS-ITC.NS,0
2017-01-03,HDFCBANK.NS-ITC.NS,1
2017-01-11,HDFCBANK.NS-ITC.NS,0
2017-01-19,HDFCBANK.NS-ITC.NS,1
2017-01-24,HDFCBANK.NS-ITC.NS,0
2017-01-27,HDFCBANK.NS-ITC.NS,-1
2017-02-01,HDFCBANK.NS-ITC.NS,0
2017-02-02,HDFCBANK.NS-ITC.NS,1
2017-02-03,HDFCBANK.NS-ITC.NS,0
2017-02-07,HDFCBANK.NS-ITC.NS,1
2017-02-08,HDFCBANK.NS-ITC.NS,0
2017-02-09,HDFCBANK.NS-ITC.NS,1
2017-02-10,HDFCBANK.NS-ITC.NS,0
2017-02-16,HDFCBANK.NS-ITC.NS,-1
2017-02-17,HDFCBANK.NS-ITC.NS,0
2017-02-23,HDFCBANK.NS-ITC.NS,-1
2017-03-21,HDFCBANK.NS-ITC.NS,0
2017-03-22,HDFCBANK.NS-ITC.NS,-1
2017-03-24,HDFCBANK.NS-ITC.NS,0
2017-03-30,HDFCBANK.NS-ITC.NS,-1
2017-04-03,HDFCBANK.NS-ITC.NS,0
2017-04-05,HDFCBANK.NS-ITC.NS,-1
2017-04-11,HDFCBANK.NS-ITC.NS,0
2017-04-12,HDFCBANK.NS-ITC.NS,-1
2017-04-21,HDFCBANK.NS-ITC.NS,0
2017-04-26,HDFCBANK.NS-ITC.NS,-1
2017-04-27,HDFCBANK.NS-ITC.NS,0
2017-04-28,HDFCBANK.NS-ITC.NS,-1
2017-07-03,HDFCBANK.NS-ITC.NS,0
2017-07-04,HDFCBANK.NS-ITC.NS,1
2017-07-05,HDFCBANK.NS-ITC.NS,-1
2017-07-06,HDFCBANK.NS-ITC.NS,1
2017-07-07,HDFCBANK.NS-ITC.NS,-1
2017-07-18,HDFCBANK.NS-ITC.NS,0
2017-07-19,HDFCBANK.NS-ITC.NS,-1
2017-07-20,HDFCBANK.NS-ITC.NS,0
2017-07-21,HDFCBANK.NS-ITC.NS,-1
2017-07-27,HDFCBANK.NS-ITC.NS,0
2017-07-28,HDFCBANK.NS-ITC.NS,-1
2018-01-19,HDFCBANK.NS-ITC.NS,0
2018-01-20,HDFCBANK.NS-ITC.NS,-1
2018-01-29,HDFCBANK.NS-ITC.NS,0
2018-01-30,HDFCBANK.NS-ITC.NS,-1
2018-01-31,HDFCBANK.NS-ITC.NS,0
2018-02-01,HDFCBANK.NS-ITC.NS,-1
2018-02-11,HDFCBANK.NS-ITC.NS,0
2018-02-12,HDFCBANK.NS-ITC.NS,-1
2018-02-21,HDFCBANK.NS-ITC.NS,0
2018-02-23,HDFCBANK.NS-ITC.NS,-1
2018-03-06,HDFCBANK.NS-ITC.NS,0
2018-04-03,HDFCBANK.NS-ITC.NS,-1
2018-04-04,HDFCBANK.NS-ITC.NS,0
2018-04-05,HDFCBANK.NS-ITC.NS,-1
2018-04-10,HDFCBANK.NS-ITC.NS,0
2018-04-12,HDFCBANK.NS-ITC.NS,-1
2018-04-18,HDFCBANK.NS-ITC.NS,0
2018-05-04,HDFCBANK.NS-ITC.NS,-1
2018-05-07,HDFCBANK.NS-ITC.NS,0
2018-05-10,HDFCBANK.NS-ITC.NS,-1
2018-05-21,HDFCBANK.NS-ITC.NS,0
2018-05-22,HDFCBANK.NS-ITC.NS,-1
2018-05-23,HDFCBANK.NS-ITC.NS,0
2018-05-24,HDFCBANK.NS-ITC.NS,-1
2018-05-31,HDFCBANK.NS-ITC.NS,0
2018-06-03,HDFCBANK.NS-ITC.NS,-1
2018-08-02,HDFCBANK.NS-ITC.NS,0
2018-08-13,HDFCBANK.NS-ITC.NS,1
2018-08-20,HDFCBANK.NS-ITC.NS,0
2018-11-16,HDFCBANK.NS-ITC.NS,-1
2018-11-17,HDFCBANK.NS-ITC.NS,0
2018-11-26,HDFCBANK.NS-ITC.NS,-1
2018-11-28,HDFCBANK.NS-ITC.NS,0
2018-12-01,HDFCBANK.NS-ITC.NS,-1
2018-12-04,HDFCBANK.NS-ITC.NS,0
2018-12-05,HDFCBANK.NS-ITC.NS,-1
2018-12-11,HDFCBANK.NS-ITC.NS,0
2018-12-13,HDFCBANK.NS-ITC.NS,-1
2018-12-16,HDFCBANK.NS-ITC.NS,0
2018-12-17,HDFCBANK.NS-ITC.NS,-1
2018-12-19,HDFCBANK.NS-ITC.NS,0
2018-12-20,HDFCBANK.NS-ITC.NS,-1
2018-12-22,HDFCBANK.NS-ITC.NS,0
2018-12-26,HDFCBANK.NS-ITC.NS,-1
2018-12-27,HDFCBANK.NS-ITC.NS,0
2019-01-01,HDFCBANK.NS-ITC.NS,-1
2019-01-02,HDFCBANK.NS-ITC.NS,0
2019-01-29,HDFCBANK.NS-ITC.NS,1
2019-01-31,HDFCBANK.NS-ITC.NS,0
2019-02-11,HDFCBANK.NS-ITC.NS,-1
2019-02-14,HDFCBANK.NS-ITC.NS,0
2019-03-12,HDFCBANK.NS-ITC.NS,-1
2019-03-13,HDFCBANK.NS-ITC.NS,0
2019-03-14,HDFCBANK.NS-ITC.NS,-1
2019-03-15,HDFCBANK.NS-ITC.NS,0
2019-03-18,HDFCBANK.NS-ITC.NS,-1
2019-05-20,HDFCBANK.NS-ITC.NS,0
2019-05-21,HDFCBANK.NS-ITC.NS,-1
2019-07-22,HDFCBANK.NS-ITC.NS,0
2019-07-24,HDFCBANK.NS-ITC.NS,1
2019-07-25,HDFCBANK.NS-ITC.NS,0
2019-07-26,HDFCBANK.NS-ITC.NS,1
2019-08-06,HDFCBANK.NS-ITC.NS,0
2019-08-09,HDFCBANK.NS-ITC.NS,-1
2019-08-13,HDFCBANK.NS-ITC.NS,0
2019-09-25,HDFCBANK.NS-ITC.NS,-1
2020-01-27,HDFCBANK.NS-ITC.NS,0
2020-01-28,HDFCBANK.NS-ITC.NS,-1
2020-03-04,HDFCBANK.NS-ITC.NS,0
2020-03-09,HDFCBANK.NS-ITC.NS,1
2020-03-11,HDFCBANK.NS-ITC.NS,0
2020-03-13,HDFCBANK.NS-ITC.NS,1
2020-03-16,HDFCBANK.NS-ITC.NS,0
2020-03-25,HDFCBANK.NS-ITC.NS,1
2020-04-09,HDFCBANK.NS-ITC.NS,0
2020-04-13,HDFCBANK.NS-ITC.NS,1
2020-04-17,HDFCBANK.NS-ITC.NS,0
2020-05-18,HDFCBANK.NS-ITC.NS,1
2020-05-28,HDFCBANK.NS-ITC.NS,0
2020-10-01,HDFCBANK.NS-ITC.NS,-1
2020-10-08,HDFCBANK.NS-ITC.NS,0
2020-10-12,HDFCBANK.NS-ITC.NS,-1
2021-02-02,HDFCBANK.NS-ITC.NS,0
2021-02-04,HDFCBANK.NS-ITC.NS,-1
2021-04-06,HDFCBANK.NS-ITC.NS,1
2021-04-07,HDFCBANK.NS-ITC.NS,0
2021-04-08,HDFCBANK.NS-ITC.NS,1
2021-04-11,HDFCBANK.NS-ITC.NS,0
2021-04-12,HDFCBANK.NS-ITC.NS,1
2021-04-13,HDFCBANK.NS-ITC.NS,0
2021-06-03,HDFCBANK.NS-ITC.NS,-1
2021-06-04,HDFCBANK.NS-ITC.NS,0
2021-07-20,HDFCBANK.NS-ITC.NS,1
2021-07-27,HDFCBANK.NS-ITC.NS,0
2021-07-28,HDFCBANK.NS-ITC.NS,1
2021-07-30,HDFCBANK.NS-ITC.NS,0
2021-08-24,HDFCBANK.NS-ITC.NS,-1
2021-09-13,HDFCBANK.NS-ITC.NS,0
2021-09-27,HDFCBANK.NS-ITC.NS,-1
2021-09-29,HDFCBANK.NS-ITC.NS,0
2021-10-06,HDFCBANK.NS-ITC.NS,-1
2021-10-28,HDFCBANK.NS-ITC.NS,0
2021-11-01,HDFCBANK.NS-ITC.NS,-1
2021-11-03,HDFCBANK.NS-ITC.NS,0
2021-11-17,HDFCBANK.NS-ITC.NS,1
2021-11-18,HDFCBANK.NS-ITC.NS,0
2021-11-22,HDFCBANK.NS-ITC.NS,1
2021-11-23,HDFCBANK.NS-ITC.NS,0
2021-11-26,HDFCBANK.NS-ITC.NS,1
2021-11-27,HDFCBANK.NS-ITC.NS,0
2021-12-20,HDFCBANK.NS-ITC.NS,1
2021-12-21,HDFCBANK.NS-ITC.NS,0
2021-12-24,HDFCBANK.NS-ITC.NS,1
2021-12-27,HDFCBANK.NS-ITC.NS,0
2022-01-11,HDFCBANK.NS-ITC.NS,-1
2022-01-12,HDFCBANK.NS-ITC.NS,0
2022-02-08,HDFCBANK.NS-ITC.NS,1
2022-02-09,HDFCBANK.NS-ITC.NS,0
2022-02-24,HDFCBANK.NS-ITC.NS,1
2022-03-02,HDFCBANK.NS-ITC.NS,0
2022-03-05,HDFCBANK.NS-ITC.NS,1
2022-03-07,HDFCBANK.NS-ITC.NS,0
2022-03-08,HDFCBANK.NS-ITC.NS,1
2022-04-01,HDFCBANK.NS-ITC.NS,0
2022-04-04,HDFCBANK.NS-ITC.NS,-1
2022-04-05,HDFCBANK.NS-ITC.NS,0
2022-04-08,HDFCBANK.NS-ITC.NS,1
2022-08-08,HDFCBANK.NS-ITC.NS,-1
2022-08-09,HDFCBANK.NS-ITC.NS,1
2022-08-10,HDFCBANK.NS-ITC.NS,-1
2022-08-11,HDFCBANK.NS-ITC.NS,0
2022-08-12,HDFCBANK.NS-ITC.NS,-1
2022-08-19,HDFCBANK.NS-ITC.NS,0
2022-09-25,HDFCBANK.NS-ITC.NS,1
2022-09-29,HDFCBANK.NS-ITC.NS,0
2022-09-30,HDFCBANK.NS-ITC.NS,1
2022-10-04,HDFCBANK.NS-ITC.NS,0
2022-10-06,HDFCBANK.NS-ITC.NS,1
2022-10-14,HDFCBANK.NS-ITC.NS,0
2022-10-20,HDFCBANK.NS-ITC.NS,1
2022-10-24,HDFCBANK.NS-ITC.NS,0
2022-10-25,HDFCBANK.NS-ITC.NS,1
2022-10-27,HDFCBANK.NS-ITC.NS,0
2022-11-13,HDFCBANK.NS-ITC.NS,-1
2022-11-14,HDFCBANK.NS-ITC.NS,0
2022-11-17,HDFCBANK.NS-ITC.NS,-1
2022-11-22,HDFCBANK.NS-ITC.NS,0
2022-11-23,HDFCBANK.NS-ITC.NS,-1
2022-11-28,HDFCBANK.NS-ITC.NS,0
2022-11-30,HDFCBANK.NS-ITC.NS,-1
2022-12-07,HDFCBANK.NS-ITC.NS,0
2022-12-08,HDFCBANK.NS-ITC.NS,-1
2022-12-21,HDFCBANK.NS-ITC.NS,0
2022-12-27,HDFCBANK.NS-ITC.NS,-1
2022-12-28,HDFCBANK.NS-ITC.NS,0
2022-12-29,HDFCBANK.NS-ITC.NS,-1
2022-12-30,HDFCBANK.NS-ITC.NS,0
2023-01-03,HDFCBANK.NS-ITC.NS,-1
2023-01-04,HDFCBANK.NS-ITC.NS,0
2023-01-10,HDFCBANK.NS-ITC.NS,1
2023-01-11,HDFCBANK.NS-ITC.NS,0
2023-01-20,HDFCBANK.NS-ITC.NS,-1
2023-01-24,HDFCBANK.NS-ITC.NS,0
2023-01-31,HDFCBANK.NS-ITC.NS,1
2023-02-01,HDFCBANK.NS-ITC.NS,0
2023-02-22,HDFCBANK.NS-ITC.NS,1
2023-02-28,HDFCBANK.NS-ITC.NS,0
2023-05-05,HDFCBANK.NS-ITC.NS,1
2023-05-06,HDFCBANK.NS-ITC.NS,0
2023-05-24,HDFCBANK.NS-ITC.NS,1
2023-06-28,HDFCBANK.NS-ITC.NS,0
2023-07-05,HDFCBANK.NS-ITC.NS,1
2023-07-25,HDFCBANK.NS-ITC.NS,0
2023-07-26,HDFCBANK.NS-ITC.NS,1
2023-08-08,HDFCBANK.NS-ITC.NS,0
2023-08-09,HDFCBANK.NS-ITC.NS,1
2023-09-15,HDFCBANK.NS-ITC.NS,-1
2023-09-16,HDFCBANK.NS-ITC.NS,0
2023-09-18,HDFCBANK.NS-ITC.NS,1
2023-11-29,HDFCBANK.NS-ITC.NS,0
2023-11-30,HDFCBANK.NS-ITC.NS,-1
2023-12-01,HDFCBANK.NS-ITC.NS,1
2023-12-04,HDFCBANK.NS-ITC.NS,0
2023-12-06,HDFCBANK.NS-ITC.NS,-1
2023-12-08,HDFCBANK.NS-ITC.NS,0
2023-12-10,HDFCBANK.NS-ITC.NS,-1
2023-12-13,HDFCBANK.NS-ITC.NS,0
2023-12-15,HDFCBANK.NS-ITC.NS,-1
2023-12-16,HDFCBANK.NS-ITC.NS,0
2023-12-21,HDFCBANK.NS-ITC.NS,-1
2023-12-22,HDFCBANK.NS-ITC.NS,0
2024-01-17,HDFCBANK.NS-ITC.NS,1
2024-01-18,HDFCBANK.NS-ITC.NS,0
2024-01-21,HDFCBANK.NS-ITC.NS,1
2024-01-31,HDFCBANK.NS-ITC.NS,0
2024-02-02,HDFCBANK.NS-ITC.NS,1
2024-02-06,HDFCBANK.NS-ITC.NS,0
2024-02-07,HDFCBANK.NS-ITC.NS,1
2024-02-15,HDFCBANK.NS-ITC.NS,0
2024-04-08,HDFCBANK.NS-ITC.NS,-1
2024-04-10,HDFCBANK.NS-ITC.NS,0
2024-06-03,HDFCBANK.NS-ITC.NS,-1
2024-06-04,HDFCBANK.NS-ITC.NS,0
2024-06-14,HDFCBANK.NS-ITC.NS,-1
2024-06-19,HDFCBANK.NS-ITC.NS,0
2024-06-21,HDFCBANK.NS-ITC.NS,-1
2024-07-05,HDFCBANK.NS-ITC.NS,0
2024-09-18,HDFCBANK.NS-ITC.NS,-1
2024-09-20,HDFCBANK.NS-ITC.NS,0
2024-09-22,HDFCBANK.NS-ITC.NS,-1
2024-09-23,HDFCBANK.NS-ITC.NS,0
2024-09-26,HDFCBANK.NS-ITC.NS,-1
2024-09-27,HDFCBANK.NS-ITC.NS,0
2024-10-21,HDFCBANK.NS-ITC.NS,-1
2024-10-22,HDFCBANK.NS-ITC.NS,0
2024-10-23,HDFCBANK.NS-ITC.NS,-1
2024-10-30,HDFCBANK.NS-ITC.NS,0
2024-11-02,HDFCBANK.NS-ITC.NS,-1
2024-11-04,HDFCBANK.NS-ITC.NS,0
2024-11-05,HDFCBANK.NS-ITC.NS,-1
2024-11-13,HDFCBANK.NS-ITC.NS,0
2024-11-14,HDFCBANK.NS-ITC.NS,-1
2024-12-30,HDFCBANK.NS-ITC.NS,0
2025-02-17,HDFCBANK.NS-ITC.NS,-1
2025-02-20,HDFCBANK.NS-ITC.NS,0
2025-02-28,HDFCBANK.NS-ITC.NS,-1
2025-03-05,HDFCBANK.NS-ITC.NS,0
2025-03-19,HDFCBANK.NS-ITC.NS,-1
2025-06-26,HDFCBANK.NS-ITC.NS,0
2025-06-29,HDFCBANK.NS-ITC.NS,-1
2025-08-28,HDFCBANK.NS-ITC.NS,0
2025-09-04,HDFCBANK.NS-ITC.NS,-1
2025-09-24,HDFCBANK.NS-ITC.NS,0
2025-10-01,HDFCBANK.NS-ITC.NS,-1
2025-10-02,HDFCBANK.NS-ITC.NS,0
2025-10-06,HDFCBANK.NS-ITC.NS,-1
2025-10-26,HDFCBANK.NS-ITC.NS,0
2025-10-27,HDFCBANK.NS-ITC.NS,-1
2025-10-30,HDFCBANK.NS-ITC.NS,0
2025-11-11,HDFCBANK.NS-ITC.NS,-1
2025-11-12,HDFCBANK.NS-ITC.NS,0
2025-11-17,HDFCBANK.NS-ITC.NS,-1
2025-11-25,HDFCBANK.NS-ITC.NS,0
2025-11-26,HDFCBANK.NS-ITC.NS,-1
2025-12-17,HDFCBANK.NS-ITC.NS,0
2025-12-23,HDFCBANK.NS-ITC.NS,-1
2026-01-01,HDFCBANK.NS-ITC.NS,0
2026-01-05,HDFCBANK.NS-ITC.NS,-1
2026-01-14,HDFCBANK.NS-ITC.NS,0
2026-01-16,HDFCBANK.NS-ITC.NS,-1
2026-01-22,HDFCBANK.NS-ITC.NS,0
2026-01-27,HDFCBANK.NS-ITC.NS,-1
2026-02-11,HDFCBANK.NS-ITC.NS,0
2026-03-02,HDFCBANK.NS-ITC.NS,1
2026-03-05,HDFCBANK.NS-ITC.NS,0
2026-03-06,HDFCBANK.NS-ITC.NS,1
2026-03-17,HDFCBANK.NS-ITC.NS,0
2026-03-18,HDFCBANK.NS-ITC.NS,1
2016-07-14,HDFCBANK.NS-ICICIBANK.NS,1
2016-07-15,HDFCBANK.NS-ICICIBANK.NS,0
2016-08-01,HDFCBANK.NS-ICICIBANK.NS,-1
2016-08-09,HDFCBANK.NS-ICICIBANK.NS,0
2016-10-18,HDFCBANK.NS-ICICIBANK.NS,1
2016-10-19,HDFCBANK.NS-ICICIBANK.NS,0
2016-10-20,HDFCBANK.NS-ICICIBANK.NS,1
2016-10-22,HDFCBANK.NS-ICICIBANK.NS,0
2016-10-24,HDFCBANK.NS-ICICIBANK.NS,1
2016-10-25,HDFCBANK.NS-ICICIBANK.NS,0
2016-10-26,HDFCBANK.NS-ICICIBANK.NS,1
2016-10-28,HDFCBANK.NS-ICICIBANK.NS,0
2016-12-29,HDFCBANK.NS-ICICIBANK.NS,-1
2016-12-30,HDFCBANK.NS-ICICIBANK.NS,0
2017-01-04,HDFCBANK.NS-ICICIBANK.NS,1
2017-01-20,HDFCBANK.NS-ICICIBANK.NS,0
2017-01-23,HDFCBANK.NS-ICICIBANK.NS,-1
2017-01-24,HDFCBANK.NS-ICICIBANK.NS,0
2017-02-02,HDFCBANK.NS-ICICIBANK.NS,1
2017-02-03,HDFCBANK.NS-ICICIBANK.NS,0
2017-02-06,HDFCBANK.NS-ICICIBANK.NS,1
2017-02-10,HDFCBANK.NS-ICICIBANK.NS,0
2017-02-17,HDFCBANK.NS-ICICIBANK.NS,-1
2017-02-20,HDFCBANK.NS-ICICIBANK.NS,0
2017-02-21,HDFCBANK.NS-ICICIBANK.NS,-1
2017-04-03,HDFCBANK.NS-ICICIBANK.NS,0
2017-04-05,HDFCBANK.NS-ICICIBANK.NS,-1
2017-04-21,HDFCBANK.NS-ICICIBANK.NS,0
2017-04-23,HDFCBANK.NS-ICICIBANK.NS,-1
2017-04-24,HDFCBANK.NS-ICICIBANK.NS,0
2017-04-25,HDFCBANK.NS-ICICIBANK.NS,-1
2017-04-27,HDFCBANK.NS-ICICIBANK.NS,0
2017-04-28,HDFCBANK.NS-ICICIBANK.NS,-1
2017-05-08,HDFCBANK.NS-ICICIBANK.NS,0
2017-05-10,HDFCBANK.NS-ICICIBANK.NS,-1
2017-05-17,HDFCBANK.NS-ICICIBANK.NS,0
2017-05-19,HDFCBANK.NS-ICICIBANK.NS,-1
2017-07-27,HDFCBANK.NS-ICICIBANK.NS,0
2017-07-31,HDFCBANK.NS-ICICIBANK.NS,-1
2017-10-25,HDFCBANK.NS-ICICIBANK.NS,0
2018-01-18,HDFCBANK.NS-ICICIBANK.NS,1
2018-01-22,HDFCBANK.NS-ICICIBANK.NS,0
2018-01-25,HDFCBANK.NS-ICICIBANK.NS,1
2018-01-27,HDFCBANK.NS-ICICIBANK.NS,0
2018-03-01,HDFCBANK.NS-ICICIBANK.NS,-1
2018-03-04,HDFCBANK.NS-ICICIBANK.NS,0
2018-03-06,HDFCBANK.NS-ICICIBANK.NS,-1
2018-03-12,HDFCBANK.NS-ICICIBANK.NS,0
2018-03-15,HDFCBANK.NS-ICICIBANK.NS,-1
2018-03-16,HDFCBANK.NS-ICICIBANK.NS,0
2018-03-20,HDFCBANK.NS-ICICIBANK.NS,-1
2018-04-02,HDFCBANK.NS-ICICIBANK.NS,0
2018-04-03,HDFCBANK.NS-ICICIBANK.NS,-1
2018-05-08,HDFCBANK.NS-ICICIBANK.NS,0
2018-05-15,HDFCBANK.NS-ICICIBANK.NS,-1
2018-05-24,HDFCBANK.NS-ICICIBANK.NS,0
2018-05-25,HDFCBANK.NS-ICICIBANK.NS,-1
2018-05-31,HDFCBANK.NS-ICICIBANK.NS,0
2018-06-02,HDFCBANK.NS-ICICIBANK.NS,-1
2018-08-06,HDFCBANK.NS-ICICIBANK.NS,0
2018-08-09,HDFCBANK.NS-ICICIBANK.NS,1
2018-08-10,HDFCBANK.NS-ICICIBANK.NS,0
2018-08-14,HDFCBANK.NS-ICICIBANK.NS,1
2018-08-15,HDFCBANK.NS-ICICIBANK.NS,0
2018-08-16,HDFCBANK.NS-ICICIBANK.NS,1
2018-08-20,HDFCBANK.NS-ICICIBANK.NS,0
2018-11-02,HDFCBANK.NS-ICICIBANK.NS,1
2018-11-05,HDFCBANK.NS-ICICIBANK.NS,0
2018-11-06,HDFCBANK.NS-ICICIBANK.NS,1
2018-11-07,HDFCBANK.NS-ICICIBANK.NS,0
2018-11-12,HDFCBANK.NS-ICICIBANK.NS,1
2018-11-16,HDFCBANK.NS-ICICIBANK.NS,0
2018-12-19,HDFCBANK.NS-ICICIBANK.NS,1
2018-12-20,HDFCBANK.NS-ICICIBANK.NS,0
2019-01-03,HDFCBANK.NS-ICICIBANK.NS,1
2019-01-21,HDFCBANK.NS-ICICIBANK.NS,0
2019-01-23,HDFCBANK.NS-ICICIBANK.NS,1
2019-01-25,HDFCBANK.NS-ICICIBANK.NS,0
2019-01-30,HDFCBANK.NS-ICICIBANK.NS,1
2019-02-01,HDFCBANK.NS-ICICIBANK.NS,0
2019-02-11,HDFCBANK.NS-ICICIBANK.NS,-1
2019-02-14,HDFCBANK.NS-ICICIBANK.NS,0
2019-03-06,HDFCBANK.NS-ICICIBANK.NS,1
2019-03-07,HDFCBANK.NS-ICICIBANK.NS,0
2019-03-12,HDFCBANK.NS-ICICIBANK.NS,1
2019-03-13,HDFCBANK.NS-ICICIBANK.NS,0
2019-05-02,HDFCBANK.NS-ICICIBANK.NS,-1
2019-05-04,HDFCBANK.NS-ICICIBANK.NS,0
2019-05-07,HDFCBANK.NS-ICICIBANK.NS,-1
2019-05-09,HDFCBANK.NS-ICICIBANK.NS,0
2019-05-13,HDFCBANK.NS-ICICIBANK.NS,-1
2019-05-14,HDFCBANK.NS-ICICIBANK.NS,0
2019-05-17,HDFCBANK.NS-ICICIBANK.NS,-1
2019-05-22,HDFCBANK.NS-ICICIBANK.NS,0
2019-06-06,HDFCBANK.NS-ICICIBANK.NS,-1
2019-06-10,HDFCBANK.NS-ICICIBANK.NS,0
2019-07-23,HDFCBANK.NS-ICICIBANK.NS,1
2019-07-24,HDFCBANK.NS-ICICIBANK.NS,0
2019-07-26,HDFCBANK.NS-ICICIBANK.NS,1
2019-07-29,HDFCBANK.NS-ICICIBANK.NS,0
2019-07-31,HDFCBANK.NS-ICICIBANK.NS,1
2019-08-09,HDFCBANK.NS-ICICIBANK.NS,0
2019-08-14,HDFCBANK.NS-ICICIBANK.NS,1
2019-08-21,HDFCBANK.NS-ICICIBANK.NS,0
2019-09-20,HDFCBANK.NS-ICICIBANK.NS,-1
2019-09-26,HDFCBANK.NS-ICICIBANK.NS,0
2019-10-01,HDFCBANK.NS-ICICIBANK.NS,-1
2019-10-03,HDFCBANK.NS-ICICIBANK.NS,0
2019-10-25,HDFCBANK.NS-ICICIBANK.NS,1
2019-10-27,HDFCBANK.NS-ICICIBANK.NS,0
2019-10-29,HDFCBANK.NS-ICICIBANK.NS,1
2019-10-30,HDFCBANK.NS-ICICIBANK.NS,0
2019-11-08,HDFCBANK.NS-ICICIBANK.NS,1
2020-01-27,HDFCBANK.NS-ICICIBANK.NS,0
2020-01-28,HDFCBANK.NS-ICICIBANK.NS,1
2020-03-17,HDFCBANK.NS-ICICIBANK.NS,0
2020-03-18,HDFCBANK.NS-ICICIBANK.NS,1
2020-03-19,HDFCBANK.NS-ICICIBANK.NS,-1
2020-03-20,HDFCBANK.NS-ICICIBANK.NS,1
2020-03-23,HDFCBANK.NS-ICICIBANK.NS,0
2020-03-24,HDFCBANK.NS-ICICIBANK.NS,1
2020-03-25,HDFCBANK.NS-ICICIBANK.NS,-1
2020-03-28,HDFCBANK.NS-ICICIBANK.NS,0
2020-04-03,HDFCBANK.NS-ICICIBANK.NS,-1
2020-04-04,HDFCBANK.NS-ICICIBANK.NS,0
2020-04-17,HDFCBANK.NS-ICICIBANK.NS,1
2020-04-20,HDFCBANK.NS-ICICIBANK.NS,0
2020-06-01,HDFCBANK.NS-ICICIBANK.NS,-1
2020-06-02,HDFCBANK.NS-ICICIBANK.NS,0
2020-06-03,HDFCBANK.NS-ICICIBANK.NS,-1
2020-06-04,HDFCBANK.NS-ICICIBANK.NS,0
2020-06-05,HDFCBANK.NS-ICICIBANK.NS,-1
2020-06-07,HDFCBANK.NS-ICICIBANK.NS,0
2020-06-24,HDFCBANK.NS-ICICIBANK.NS,-1
2020-06-29,HDFCBANK.NS-ICICIBANK.NS,0
2020-06-30,HDFCBANK.NS-ICICIBANK.NS,-1
2020-08-03,HDFCBANK.NS-ICICIBANK.NS,0
2020-08-04,HDFCBANK.NS-ICICIBANK.NS,-1
2020-08-05,HDFCBANK.NS-ICICIBANK.NS,0
2020-08-07,HDFCBANK.NS-ICICIBANK.NS,-1
2020-08-10,HDFCBANK.NS-ICICIBANK.NS,0
2020-08-11,HDFCBANK.NS-ICICIBANK.NS,-1
2020-08-13,HDFCBANK.NS-ICICIBANK.NS,0
2020-08-21,HDFCBANK.NS-ICICIBANK.NS,-1
2020-08-28,HDFCBANK.NS-ICICIBANK.NS,1
2020-08-30,HDFCBANK.NS-ICICIBANK.NS,0
2020-08-31,HDFCBANK.NS-ICICIBANK.NS,-1
2020-09-18,HDFCBANK.NS-ICICIBANK.NS,0
2020-09-21,HDFCBANK.NS-ICICIBANK.NS,-1
2020-10-09,HDFCBANK.NS-ICICIBANK.NS,0
2020-10-10,HDFCBANK.NS-ICICIBANK.NS,-1
2020-12-07,HDFCBANK.NS-ICICIBANK.NS,1
2020-12-08,HDFCBANK.NS-ICICIBANK.NS,0
2020-12-14,HDFCBANK.NS-ICICIBANK.NS,1
2020-12-15,HDFCBANK.NS-ICICIBANK.NS,0
2020-12-17,HDFCBANK.NS-ICICIBANK.NS,-1
2020-12-18,HDFCBANK.NS-ICICIBANK.NS,0
2021-01-29,HDFCBANK.NS-ICICIBANK.NS,1
2021-02-01,HDFCBANK.NS-ICICIBANK.NS,0
2021-02-12,HDFCBANK.NS-ICICIBANK.NS,1
2021-02-16,HDFCBANK.NS-ICICIBANK.NS,0
2021-02-17,HDFCBANK.NS-ICICIBANK.NS,1
2021-02-19,HDFCBANK.NS-ICICIBANK.NS,0
2021-03-30,HDFCBANK.NS-ICICIBANK.NS,-1
2021-03-31,HDFCBANK.NS-ICICIBANK.NS,0
2021-04-07,HDFCBANK.NS-ICICIBANK.NS,1
2021-04-26,HDFCBANK.NS-ICICIBANK.NS,0
2021-04-27,HDFCBANK.NS-ICICIBANK.NS,1
2021-06-24,HDFCBANK.NS-ICICIBANK.NS,0
2021-06-25,HDFCBANK.NS-ICICIBANK.NS,1
2021-06-30,HDFCBANK.NS-ICICIBANK.NS,0
2021-07-01,HDFCBANK.NS-ICICIBANK.NS,1
2021-07-06,HDFCBANK.NS-ICICIBANK.NS,0
2021-07-07,HDFCBANK.NS-ICICIBANK.NS,1
2021-07-08,HDFCBANK.NS-ICICIBANK.NS,0
2021-07-09,HDFCBANK.NS-ICICIBANK.NS,1
2021-07-22,HDFCBANK.NS-ICICIBANK.NS,0
2021-07-27,HDFCBANK.NS-ICICIBANK.NS,1
2021-07-28,HDFCBANK.NS-ICICIBANK.NS,0
2021-07-30,HDFCBANK.NS-ICICIBANK.NS,1
2021-09-28,HDFCBANK.NS-ICICIBANK.NS,0
2021-09-30,HDFCBANK.NS-ICICIBANK.NS,-1
2021-10-04,HDFCBANK.NS-ICICIBANK.NS,0
2021-10-05,HDFCBANK.NS-ICICIBANK.NS,-1
2021-10-06,HDFCBANK.NS-ICICIBANK.NS,0
2021-10-07,HDFCBANK.NS-ICICIBANK.NS,-1
2021-10-08,HDFCBANK.NS-ICICIBANK.NS,0
2021-10-13,HDFCBANK.NS-ICICIBANK.NS,-1
2021-10-17,HDFCBANK.NS-ICICIBANK.NS,0
2021-10-28,HDFCBANK.NS-ICICIBANK.NS,1
2021-11-29,HDFCBANK.NS-ICICIBANK.NS,0
2021-12-01,HDFCBANK.NS-ICICIBANK.NS,1
2021-12-02,HDFCBANK.NS-ICICIBANK.NS,0
2021-12-07,HDFCBANK.NS-ICICIBANK.NS,1
2022-01-13,HDFCBANK.NS-ICICIBANK.NS,0
2022-01-14,HDFCBANK.NS-ICICIBANK.NS,1
2022-02-17,HDFCBANK.NS-ICICIBANK.NS,0
2022-02-25,HDFCBANK.NS-ICICIBANK.NS,1
2022-03-06,HDFCBANK.NS-ICICIBANK.NS,0
2022-03-09,HDFCBANK.NS-ICICIBANK.NS,-1
2022-03-10,HDFCBANK.NS-ICICIBANK.NS,0
2022-04-05,HDFCBANK.NS-ICICIBANK.NS,-1
2022-04-06,HDFCBANK.NS-ICICIBANK.NS,0
2022-04-18,HDFCBANK.NS-ICICIBANK.NS,1
2022-04-19,HDFCBANK.NS-ICICIBANK.NS,0
2022-04-20,HDFCBANK.NS-ICICIBANK.NS,1
2022-05-02,HDFCBANK.NS-ICICIBANK.NS,0
2022-05-05,HDFCBANK.NS-ICICIBANK.NS,1
2022-05-10,HDFCBANK.NS-ICICIBANK.NS,0
2022-05-31,HDFCBANK.NS-ICICIBANK.NS,1
2022-06-01,HDFCBANK.NS-ICICIBANK.NS,0
2022-06-06,HDFCBANK.NS-ICICIBANK.NS,1
2022-06-07,HDFCBANK.NS-ICICIBANK.NS,0
2022-06-20,HDFCBANK.NS-ICICIBANK.NS,-1
2022-06-21,HDFCBANK.NS-ICICIBANK.NS,0
2022-06-22,HDFCBANK.NS-ICICIBANK.NS,-1
2022-06-23,HDFCBANK.NS-ICICIBANK.NS,0
2022-07-11,HDFCBANK.NS-ICICIBANK.NS,1
2022-07-12,HDFCBANK.NS-ICICIBANK.NS,0
2022-07-13,HDFCBANK.NS-ICICIBANK.NS,1
2022-07-18,HDFCBANK.NS-ICICIBANK.NS,0
2022-07-20,HDFCBANK.NS-ICICIBANK.NS,1
2022-11-11,HDFCBANK.NS-ICICIBANK.NS,0
2022-11-13,HDFCBANK.NS-ICICIBANK.NS,-1
2022-11-14,HDFCBANK.NS-ICICIBANK.NS,0
2022-11-15,HDFCBANK.NS-ICICIBANK.NS,-1
2022-11-17,HDFCBANK.NS-ICICIBANK.NS,0
2022-11-21,HDFCBANK.NS-ICICIBANK.NS,1
2022-11-25,HDFCBANK.NS-ICICIBANK.NS,0
2022-11-28,HDFCBANK.NS-ICICIBANK.NS,1
2022-12-02,HDFCBANK.NS-ICICIBANK.NS,0
2023-01-19,HDFCBANK.NS-ICICIBANK.NS,-1
2023-01-22,HDFCBANK.NS-ICICIBANK.NS,0
2023-01-24,HDFCBANK.NS-ICICIBANK.NS,-1
2023-01-25,HDFCBANK.NS-ICICIBANK.NS,0
2023-01-27,HDFCBANK.NS-ICICIBANK.NS,-1
2023-01-30,HDFCBANK.NS-ICICIBANK.NS,0
2023-03-22,HDFCBANK.NS-ICICIBANK.NS,1
2023-03-24,HDFCBANK.NS-ICICIBANK.NS,0
2023-04-06,HDFCBANK.NS-ICICIBANK.NS,-1
2023-04-17,HDFCBANK.NS-ICICIBANK.NS,0
2023-04-18,HDFCBANK.NS-ICICIBANK.NS,-1
2023-04-25,HDFCBANK.NS-ICICIBANK.NS,1
2023-04-27,HDFCBANK.NS-ICICIBANK.NS,0
2023-05-04,HDFCBANK.NS-ICICIBANK.NS,-1
2023-05-05,HDFCBANK.NS-ICICIBANK.NS,0
2023-05-08,HDFCBANK.NS-ICICIBANK.NS,1
2023-05-13,HDFCBANK.NS-ICICIBANK.NS,0
2023-06-30,HDFCBANK.NS-ICICIBANK.NS,-1
2023-07-05,HDFCBANK.NS-ICICIBANK.NS,0
2023-07-20,HDFCBANK.NS-ICICIBANK.NS,1
2023-08-04,HDFCBANK.NS-ICICIBANK.NS,0
2023-08-07,HDFCBANK.NS-ICICIBANK.NS,1
2023-11-23,HDFCBANK.NS-ICICIBANK.NS,0
2023-11-24,HDFCBANK.NS-ICICIBANK.NS,1
2023-11-29,HDFCBANK.NS-ICICIBANK.NS,0
2023-11-30,HDFCBANK.NS-ICICIBANK.NS,-1
2023-12-01,HDFCBANK.NS-ICICIBANK.NS,1
2023-12-21,HDFCBANK.NS-ICICIBANK.NS,0
2023-12-29,HDFCBANK.NS-ICICIBANK.NS,-1
2023-12-31,HDFCBANK.NS-ICICIBANK.NS,0
2024-01-02,HDFCBANK.NS-ICICIBANK.NS,-1
2024-01-03,HDFCBANK.NS-ICICIBANK.NS,0
2024-01-17,HDFCBANK.NS-ICICIBANK.NS,1
2024-01-18,HDFCBANK.NS-ICICIBANK.NS,0
2024-01-21,HDFCBANK.NS-ICICIBANK.NS,1
2024-01-23,HDFCBANK.NS-ICICIBANK.NS,0
2024-01-24,HDFCBANK.NS-ICICIBANK.NS,1
2024-04-04,HDFCBANK.NS-ICICIBANK.NS,0
2024-04-09,HDFCBANK.NS-ICICIBANK.NS,1
2024-04-16,HDFCBANK.NS-ICICIBANK.NS,0
2024-04-18,HDFCBANK.NS-ICICIBANK.NS,-1
2024-04-22,HDFCBANK.NS-ICICIBANK.NS,1
2024-06-12,HDFCBANK.NS-ICICIBANK.NS,0
2024-06-26,HDFCBANK.NS-ICICIBANK.NS,1
2024-06-29,HDFCBANK.NS-ICICIBANK.NS,0
2024-07-04,HDFCBANK.NS-ICICIBANK.NS,1
2024-08-02,HDFCBANK.NS-ICICIBANK.NS,0
2024-08-23,HDFCBANK.NS-ICICIBANK.NS,1
2024-09-06,HDFCBANK.NS-ICICIBANK.NS,0
2024-09-09,HDFCBANK.NS-ICICIBANK.NS,1
2024-09-30,HDFCBANK.NS-ICICIBANK.NS,0
2024-10-01,HDFCBANK.NS-ICICIBANK.NS,1
2024-10-08,HDFCBANK.NS-ICICIBANK.NS,0
2024-10-09,HDFCBANK.NS-ICICIBANK.NS,1
2024-10-10,HDFCBANK.NS-ICICIBANK.NS,0
2024-10-18,HDFCBANK.NS-ICICIBANK.NS,1
2024-10-21,HDFCBANK.NS-ICICIBANK.NS,0
2024-10-28,HDFCBANK.NS-ICICIBANK.NS,1
2024-11-02,HDFCBANK.NS-ICICIBANK.NS,0
2024-11-06,HDFCBANK.NS-ICICIBANK.NS,1
2024-11-07,HDFCBANK.NS-ICICIBANK.NS,0
2025-01-07,HDFCBANK.NS-ICICIBANK.NS,1
2025-01-08,HDFCBANK.NS-ICICIBANK.NS,0
2025-01-09,HDFCBANK.NS-ICICIBANK.NS,1
2025-01-10,HDFCBANK.NS-ICICIBANK.NS,0
2025-01-21,HDFCBANK.NS-ICICIBANK.NS,-1
2025-01-22,HDFCBANK.NS-ICICIBANK.NS,0
2025-01-23,HDFCBANK.NS-ICICIBANK.NS,-1
2025-01-24,HDFCBANK.NS-ICICIBANK.NS,0
2025-03-02,HDFCBANK.NS-ICICIBANK.NS,-1
2025-03-05,HDFCBANK.NS-ICICIBANK.NS,0
2025-03-19,HDFCBANK.NS-ICICIBANK.NS,1
2025-03-25,HDFCBANK.NS-ICICIBANK.NS,0
2025-04-17,HDFCBANK.NS-ICICIBANK.NS,1
2025-04-22,HDFCBANK.NS-ICICIBANK.NS,0
2025-04-23,HDFCBANK.NS-ICICIBANK.NS,1
2025-05-09,HDFCBANK.NS-ICICIBANK.NS,0
2025-05-12,HDFCBANK.NS-ICICIBANK.NS,1
2025-06-04,HDFCBANK.NS-ICICIBANK.NS,0
2025-06-05,HDFCBANK.NS-ICICIBANK.NS,1
2025-06-09,HDFCBANK.NS-ICICIBANK.NS,0
2025-06-26,HDFCBANK.NS-ICICIBANK.NS,-1
2025-06-27,HDFCBANK.NS-ICICIBANK.NS,0
2025-07-01,HDFCBANK.NS-ICICIBANK.NS,-1
2025-07-04,HDFCBANK.NS-ICICIBANK.NS,0
2025-07-09,HDFCBANK.NS-ICICIBANK.NS,-1
2025-07-11,HDFCBANK.NS-ICICIBANK.NS,0
2025-07-22,HDFCBANK.NS-ICICIBANK.NS,1
2025-07-30,HDFCBANK.NS-ICICIBANK.NS,0
2025-07-31,HDFCBANK.NS-ICICIBANK.NS,1
2025-08-01,HDFCBANK.NS-ICICIBANK.NS,0
2025-09-26,HDFCBANK.NS-ICICIBANK.NS,-1
2025-09-29,HDFCBANK.NS-ICICIBANK.NS,0
2025-10-01,HDFCBANK.NS-ICICIBANK.NS,-1
2025-10-14,HDFCBANK.NS-ICICIBANK.NS,0
2025-10-20,HDFCBANK.NS-ICICIBANK.NS,-1
2025-11-13,HDFCBANK.NS-ICICIBANK.NS,0
2025-11-20,HDFCBANK.NS-ICICIBANK.NS,-1
2025-11-27,HDFCBANK.NS-ICICIBANK.NS,0
2025-12-09,HDFCBANK.NS-ICICIBANK.NS,-1
2025-12-22,HDFCBANK.NS-ICICIBANK.NS,0
2025-12-23,HDFCBANK.NS-ICICIBANK.NS,-1
2026-01-05,HDFCBANK.NS-ICICIBANK.NS,0
2026-01-10,HDFCBANK.NS-ICICIBANK.NS,1
2026-01-13,HDFCBANK.NS-ICICIBANK.NS,0
2026-01-14,HDFCBANK.NS-ICICIBANK.NS,1
2026-01-17,HDFCBANK.NS-ICICIBANK.NS,0
2026-02-12,HDFCBANK.NS-ICICIBANK.NS,1
2026-02-16,HDFCBANK.NS-ICICIBANK.NS,0
2026-02-26,HDFCBANK.NS-ICICIBANK.NS,1
2026-02-27,HDFCBANK.NS-ICICIBANK.NS,0
2016-06-28,INFY.NS-HDFCBANK.NS,1
2016-06-29,INFY.NS-HDFCBANK.NS,0
2016-06-30,INFY.NS-HDFCBANK.NS,1
2016-07-01,INFY.NS-HDFCBANK.NS,0
2016-07-07,INFY.NS-HDFCBANK.NS,1
2016-07-08,INFY.NS-HDFCBANK.NS,0
2016-07-18,INFY.NS-HDFCBANK.NS,1
2016-07-26,INFY.NS-HDFCBANK.NS,0
2016-11-04,INFY.NS-HDFCBANK.NS,1
2016-11-06,INFY.NS-HDFCBANK.NS,0
2016-11-09,INFY.NS-HDFCBANK.NS,1
2016-11-10,INFY.NS-HDFCBANK.NS,0
2016-11-14,INFY.NS-HDFCBANK.NS,1
2016-11-16,INFY.NS-HDFCBANK.NS,0
2017-01-04,INFY.NS-HDFCBANK.NS,1
2017-01-25,INFY.NS-HDFCBANK.NS,0
2017-01-26,INFY.NS-HDFCBANK.NS,1
2017-02-14,INFY.NS-HDFCBANK.NS,0
2017-02-15,INFY.NS-HDFCBANK.NS,1
2017-02-16,INFY.NS-HDFCBANK.NS,0
2017-02-17,INFY.NS-HDFCBANK.NS,1
2017-03-01,INFY.NS-HDFCBANK.NS,0
2017-03-08,INFY.NS-HDFCBANK.NS,1
2017-03-09,INFY.NS-HDFCBANK.NS,0
2017-03-15,INFY.NS-HDFCBANK.NS,1
2017-03-16,INFY.NS-HDFCBANK.NS,0
2017-03-20,INFY.NS-HDFCBANK.NS,1
2017-03-21,INFY.NS-HDFCBANK.NS,0
2017-03-30,INFY.NS-HDFCBANK.NS,1
2017-04-07,INFY.NS-HDFCBANK.NS,0
2017-04-08,INFY.NS-HDFCBANK.NS,1
2017-04-10,INFY.NS-HDFCBANK.NS,0
2017-04-11,INFY.NS-HDFCBANK.NS,1
2017-04-13,INFY.NS-HDFCBANK.NS,0
2017-04-15,INFY.NS-HDFCBANK.NS,1
2017-06-19,INFY.NS-HDFCBANK.NS,0
2017-06-20,INFY.NS-HDFCBANK.NS,1
2017-08-18,INFY.NS-HDFCBANK.NS,0
2017-08-19,INFY.NS-HDFCBANK.NS,1
2017-08-21,INFY.NS-HDFCBANK.NS,0
2017-08-23,INFY.NS-HDFCBANK.NS,1
2017-10-27,INFY.NS-HDFCBANK.NS,0
2017-10-30,INFY.NS-HDFCBANK.NS,1
2017-11-07,INFY.NS-HDFCBANK.NS,0
2017-11-08,INFY.NS-HDFCBANK.NS,1
2017-11-10,INFY.NS-HDFCBANK.NS,0
2017-11-12,INFY.NS-HDFCBANK.NS,1
2017-11-15,INFY.NS-HDFCBANK.NS,0
2017-11-16,INFY.NS-HDFCBANK.NS,-1
2017-11-17,INFY.NS-HDFCBANK.NS,0
2017-11-24,INFY.NS-HDFCBANK.NS,-1
2017-11-27,INFY.NS-HDFCBANK.NS,0
2017-12-07,INFY.NS-HDFCBANK.NS,-1
2017-12-08,INFY.NS-HDFCBANK.NS,0
2018-01-11,INFY.NS-HDFCBANK.NS,-1
2018-01-15,INFY.NS-HDFCBANK.NS,0
2018-01-16,INFY.NS-HDFCBANK.NS,-1
2018-01-17,INFY.NS-HDFCBANK.NS,0
2018-01-18,INFY.NS-HDFCBANK.NS,-1
2018-01-19,INFY.NS-HDFCBANK.NS,0
2018-01-23,INFY.NS-HDFCBANK.NS,-1
2018-01-25,INFY.NS-HDFCBANK.NS,0
2018-02-20,INFY.NS-HDFCBANK.NS,-1
2018-02-26,INFY.NS-HDFCBANK.NS,0
2018-02-27,INFY.NS-HDFCBANK.NS,-1
2018-03-28,INFY.NS-HDFCBANK.NS,0
2018-04-05,INFY.NS-HDFCBANK.NS,-1
2018-04-06,INFY.NS-HDFCBANK.NS,0
2018-04-09,INFY.NS-HDFCBANK.NS,1
2018-04-10,INFY.NS-HDFCBANK.NS,0
2018-04-12,INFY.NS-HDFCBANK.NS,-1
2018-04-16,INFY.NS-HDFCBANK.NS,0
2018-04-17,INFY.NS-HDFCBANK.NS,1
2018-04-18,INFY.NS-HDFCBANK.NS,0
2018-04-20,INFY.NS-HDFCBANK.NS,-1
2018-05-10,INFY.NS-HDFCBANK.NS,0
2018-05-14,INFY.NS-HDFCBANK.NS,-1
2018-05-15,INFY.NS-HDFCBANK.NS,0
2018-05-16,INFY.NS-HDFCBANK.NS,-1
2018-05-17,INFY.NS-HDFCBANK.NS,0
2018-05-21,INFY.NS-HDFCBANK.NS,-1
2018-05-30,INFY.NS-HDFCBANK.NS,0
2018-05-31,INFY.NS-HDFCBANK.NS,1
2018-06-01,INFY.NS-HDFCBANK.NS,0
2018-06-04,INFY.NS-HDFCBANK.NS,-1
2018-06-05,INFY.NS-HDFCBANK.NS,0
2018-06-07,INFY.NS-HDFCBANK.NS,-1
2018-06-15,INFY.NS-HDFCBANK.NS,0
2018-06-16,INFY.NS-HDFCBANK.NS,-1
2018-07-12,INFY.NS-HDFCBANK.NS,0
2018-07-13,INFY.NS-HDFCBANK.NS,-1
2018-10-23,INFY.NS-HDFCBANK.NS,1
2018-10-29,INFY.NS-HDFCBANK.NS,0
2018-10-30,INFY.NS-HDFCBANK.NS,-1
2018-11-09,INFY.NS-HDFCBANK.NS,0
2018-11-12,INFY.NS-HDFCBANK.NS,-1
2018-11-14,INFY.NS-HDFCBANK.NS,0
2018-11-21,INFY.NS-HDFCBANK.NS,1
2018-11-25,INFY.NS-HDFCBANK.NS,0
2018-11-26,INFY.NS-HDFCBANK.NS,1
2018-11-27,INFY.NS-HDFCBANK.NS,0
2019-01-15,INFY.NS-HDFCBANK.NS,-1
2019-01-16,INFY.NS-HDFCBANK.NS,0
2019-01-17,INFY.NS-HDFCBANK.NS,-1
2019-01-23,INFY.NS-HDFCBANK.NS,0
2019-01-24,INFY.NS-HDFCBANK.NS,-1
2019-01-25,INFY.NS-HDFCBANK.NS,0
2019-01-29,INFY.NS-HDFCBANK.NS,-1
2019-02-19,INFY.NS-HDFCBANK.NS,0
2019-02-20,INFY.NS-HDFCBANK.NS,-1
2019-02-21,INFY.NS-HDFCBANK.NS,0
2019-02-25,INFY.NS-HDFCBANK.NS,-1
2019-02-27,INFY.NS-HDFCBANK.NS,0
2019-02-28,INFY.NS-HDFCBANK.NS,-1
2019-03-05,INFY.NS-HDFCBANK.NS,0
2019-03-12,INFY.NS-HDFCBANK.NS,1
2019-03-13,INFY.NS-HDFCBANK.NS,0
2019-03-15,INFY.NS-HDFCBANK.NS,1
2019-03-20,INFY.NS-HDFCBANK.NS,0
2019-05-03,INFY.NS-HDFCBANK.NS,1
2019-05-06,INFY.NS-HDFCBANK.NS,0
2019-05-20,INFY.NS-HDFCBANK.NS,1
2019-05-23,INFY.NS-HDFCBANK.NS,0
2019-05-27,INFY.NS-HDFCBANK.NS,1
2019-05-28,INFY.NS-HDFCBANK.NS,0
2019-06-27,INFY.NS-HDFCBANK.NS,1
2019-06-28,INFY.NS-HDFCBANK.NS,0
2019-07-01,INFY.NS-HDFCBANK.NS,1
2019-07-15,INFY.NS-HDFCBANK.NS,0
2019-07-18,INFY.NS-HDFCBANK.NS,-1
2019-07-23,INFY.NS-HDFCBANK.NS,0
2019-07-24,INFY.NS-HDFCBANK.NS,-1
2019-08-09,INFY.NS-HDFCBANK.NS,0
2019-08-20,INFY.NS-HDFCBANK.NS,-1
2019-08-26,INFY.NS-HDFCBANK.NS,0
2019-08-29,INFY.NS-HDFCBANK.NS,-1
2019-09-11,INFY.NS-HDFCBANK.NS,0
2019-09-17,INFY.NS-HDFCBANK.NS,-1
2019-09-20,INFY.NS-HDFCBANK.NS,0
2019-09-24,INFY.NS-HDFCBANK.NS,1
2019-09-30,INFY.NS-HDFCBANK.NS,0
2019-10-23,INFY.NS-HDFCBANK.NS,1
2019-10-31,INFY.NS-HDFCBANK.NS,0
2020-01-03,INFY.NS-HDFCBANK.NS,-1
2020-01-07,INFY.NS-HDFCBANK.NS,0
2020-01-13,INFY.NS-HDFCBANK.NS,-1
2020-01-16,INFY.NS-HDFCBANK.NS,0
2020-01-17,INFY.NS-HDFCBANK.NS,-1
2020-01-18,INFY.NS-HDFCBANK.NS,0
2020-01-20,INFY.NS-HDFCBANK.NS,-1
2020-01-31,INFY.NS-HDFCBANK.NS,0
2020-03-13,INFY.NS-HDFCBANK.NS,1
2020-03-17,INFY.NS-HDFCBANK.NS,0
2020-03-24,INFY.NS-HDFCBANK.NS,-1
2020-03-25,INFY.NS-HDFCBANK.NS,0
2020-03-30,INFY.NS-HDFCBANK.NS,-1
2020-04-01,INFY.NS-HDFCBANK.NS,0
2020-04-15,INFY.NS-HDFCBANK.NS,-1
2020-04-16,INFY.NS-HDFCBANK.NS,0
2020-04-23,INFY.NS-HDFCBANK.NS,-1
2020-04-24,INFY.NS-HDFCBANK.NS,0
2020-04-27,INFY.NS-HDFCBANK.NS,-1
2020-04-29,INFY.NS-HDFCBANK.NS,0
2020-04-30,INFY.NS-HDFCBANK.NS,-1
2020-05-22,INFY.NS-HDFCBANK.NS,0
2020-05-24,INFY.NS-HDFCBANK.NS,-1
2020-06-03,INFY.NS-HDFCBANK.NS,0
2020-06-04,INFY.NS-HDFCBANK.NS,-1
2020-06-05,INFY.NS-HDFCBANK.NS,0
2020-06-08,INFY.NS-HDFCBANK.NS,-1
2020-06-19,INFY.NS-HDFCBANK.NS,0
2020-06-23,INFY.NS-HDFCBANK.NS,-1
2020-06-25,INFY.NS-HDFCBANK.NS,0
2020-06-26,INFY.NS-HDFCBANK.NS,-1
2020-06-29,INFY.NS-HDFCBANK.NS,0
2020-06-30,INFY.NS-HDFCBANK.NS,-1
2020-07-01,INFY.NS-HDFCBANK.NS,0
2020-07-02,INFY.NS-HDFCBANK.NS,-1
2020-07-15,INFY.NS-HDFCBANK.NS,0
2020-07-19,INFY.NS-HDFCBANK.NS,-1
2020-11-10,INFY.NS-HDFCBANK.NS,0
2020-11-11,INFY.NS-HDFCBANK.NS,-1
2020-11-17,INFY.NS-HDFCBANK.NS,0
2020-11-23,INFY.NS-HDFCBANK.NS,-1
2020-11-26,INFY.NS-HDFCBANK.NS,0
2020-11-27,INFY.NS-HDFCBANK.NS,1
2020-11-30,INFY.NS-HDFCBANK.NS,0
2020-12-02,INFY.NS-HDFCBANK.NS,-1
2020-12-17,INFY.NS-HDFCBANK.NS,0
2020-12-18,INFY.NS-HDFCBANK.NS,-1
2021-02-02,INFY.NS-HDFCBANK.NS,0
2021-03-03,INFY.NS-HDFCBANK.NS,-1
2021-05-17,INFY.NS-HDFCBANK.NS,0
2021-05-20,INFY.NS-HDFCBANK.NS,-1
2021-05-21,INFY.NS-HDFCBANK.NS,0
2021-05-25,INFY.NS-HDFCBANK.NS,-1
2021-06-11,INFY.NS-HDFCBANK.NS,0
2021-06-12,INFY.NS-HDFCBANK.NS,-1
2021-06-14,INFY.NS-HDFCBANK.NS,0
2021-06-19,INFY.NS-HDFCBANK.NS,-1
2022-01-25,INFY.NS-HDFCBANK.NS,0
2022-02-01,INFY.NS-HDFCBANK.NS,-1
2022-02-03,INFY.NS-HDFCBANK.NS,0
2022-03-07,INFY.NS-HDFCBANK.NS,-1
2022-04-04,INFY.NS-HDFCBANK.NS,0
2022-04-19,INFY.NS-HDFCBANK.NS,1
2022-04-21,INFY.NS-HDFCBANK.NS,0
2022-04-25,INFY.NS-HDFCBANK.NS,1
2022-04-26,INFY.NS-HDFCBANK.NS,0
2022-04-27,INFY.NS-HDFCBANK.NS,1
2022-04-28,INFY.NS-HDFCBANK.NS,0
2022-05-02,INFY.NS-HDFCBANK.NS,1
2022-05-03,INFY.NS-HDFCBANK.NS,0
2022-05-19,INFY.NS-HDFCBANK.NS,1
2022-05-23,INFY.NS-HDFCBANK.NS,0
2022-05-24,INFY.NS-HDFCBANK.NS,1
2022-05-30,INFY.NS-HDFCBANK.NS,0
2022-06-01,INFY.NS-HDFCBANK.NS,1
2022-06-02,INFY.NS-HDFCBANK.NS,0
2022-06-13,INFY.NS-HDFCBANK.NS,1
2022-06-14,INFY.NS-HDFCBANK.NS,0
2022-06-16,INFY.NS-HDFCBANK.NS,1
2022-06-21,INFY.NS-HDFCBANK.NS,0
2022-07-12,INFY.NS-HDFCBANK.NS,1
2022-07-13,INFY.NS-HDFCBANK.NS,0
2022-07-16,INFY.NS-HDFCBANK.NS,1
2022-07-18,INFY.NS-HDFCBANK.NS,0
2022-07-21,INFY.NS-HDFCBANK.NS,-1
2022-07-22,INFY.NS-HDFCBANK.NS,0
2022-07-26,INFY.NS-HDFCBANK.NS,1
2022-07-28,INFY.NS-HDFCBANK.NS,0
2022-08-04,INFY.NS-HDFCBANK.NS,-1
2022-08-05,INFY.NS-HDFCBANK.NS,0
2022-08-06,INFY.NS-HDFCBANK.NS,-1
2022-08-10,INFY.NS-HDFCBANK.NS,0
2022-08-15,INFY.NS-HDFCBANK.NS,1
2022-10-18,INFY.NS-HDFCBANK.NS,0
2022-10-19,INFY.NS-HDFCBANK.NS,1
2022-10-21,INFY.NS-HDFCBANK.NS,0
2022-12-01,INFY.NS-HDFCBANK.NS,-1
2022-12-02,INFY.NS-HDFCBANK.NS,0
2022-12-12,INFY.NS-HDFCBANK.NS,1
2022-12-13,INFY.NS-HDFCBANK.NS,0
2022-12-15,INFY.NS-HDFCBANK.NS,1
2022-12-21,INFY.NS-HDFCBANK.NS,0
2023-01-06,INFY.NS-HDFCBANK.NS,1
2023-01-09,INFY.NS-HDFCBANK.NS,0
2023-02-09,INFY.NS-HDFCBANK.NS,-1
2023-02-13,INFY.NS-HDFCBANK.NS,0
2023-02-28,INFY.NS-HDFCBANK.NS,1
2023-03-01,INFY.NS-HDFCBANK.NS,0
2023-03-02,INFY.NS-HDFCBANK.NS,1
2023-03-06,INFY.NS-HDFCBANK.NS,0
2023-03-08,INFY.NS-HDFCBANK.NS,1
2023-04-17,INFY.NS-HDFCBANK.NS,0
2023-04-18,INFY.NS-HDFCBANK.NS,1
2023-06-01,INFY.NS-HDFCBANK.NS,0
2023-06-02,INFY.NS-HDFCBANK.NS,1
2023-06-05,INFY.NS-HDFCBANK.NS,0
2023-06-06,INFY.NS-HDFCBANK.NS,1
2023-06-13,INFY.NS-HDFCBANK.NS,0
2023-06-14,INFY.NS-HDFCBANK.NS,1
2023-07-11,INFY.NS-HDFCBANK.NS,0
2023-07-12,INFY.NS-HDFCBANK.NS,1
2023-07-13,INFY.NS-HDFCBANK.NS,-1
2023-07-14,INFY.NS-HDFCBANK.NS,0
2023-07-17,INFY.NS-HDFCBANK.NS,-1
2023-07-18,INFY.NS-HDFCBANK.NS,0
2023-07-20,INFY.NS-HDFCBANK.NS,-1
2023-07-21,INFY.NS-HDFCBANK.NS,1
2023-07-24,INFY.NS-HDFCBANK.NS,0
2023-07-25,INFY.NS-HDFCBANK.NS,1
2023-07-26,INFY.NS-HDFCBANK.NS,0
2023-09-05,INFY.NS-HDFCBANK.NS,-1
2023-09-06,INFY.NS-HDFCBANK.NS,0
2023-11-15,INFY.NS-HDFCBANK.NS,-1
2023-12-15,INFY.NS-HDFCBANK.NS,0
2023-12-18,INFY.NS-HDFCBANK.NS,-1
2024-01-12,INFY.NS-HDFCBANK.NS,0
2024-01-14,INFY.NS-HDFCBANK.NS,-1
2024-01-15,INFY.NS-HDFCBANK.NS,0
2024-01-16,INFY.NS-HDFCBANK.NS,-1
2024-01-17,INFY.NS-HDFCBANK.NS,0
2024-01-21,INFY.NS-HDFCBANK.NS,-1
2024-03-19,INFY.NS-HDFCBANK.NS,1
2024-03-22,INFY.NS-HDFCBANK.NS,0
2024-03-23,INFY.NS-HDFCBANK.NS,1
2024-03-31,INFY.NS-HDFCBANK.NS,0
2024-04-02,INFY.NS-HDFCBANK.NS,1
2024-04-08,INFY.NS-HDFCBANK.NS,0
2024-06-03,INFY.NS-HDFCBANK.NS,1
2024-06-04,INFY.NS-HDFCBANK.NS,0
2024-06-07,INFY.NS-HDFCBANK.NS,-1
2024-06-10,INFY.NS-HDFCBANK.NS,0
2024-07-02,INFY.NS-HDFCBANK.NS,-1
2024-07-03,INFY.NS-HDFCBANK.NS,0
2024-07-07,INFY.NS-HDFCBANK.NS,-1
2024-07-08,INFY.NS-HDFCBANK.NS,0
2024-07-09,INFY.NS-HDFCBANK.NS,-1
2024-07-12,INFY.NS-HDFCBANK.NS,0
2024-07-13,INFY.NS-HDFCBANK.NS,-1
2024-08-05,INFY.NS-HDFCBANK.NS,0
2024-08-07,INFY.NS-HDFCBANK.NS,-1
2024-08-08,INFY.NS-HDFCBANK.NS,0
2024-08-13,INFY.NS-HDFCBANK.NS,-1
2024-09-18,INFY.NS-HDFCBANK.NS,0
2024-10-03,INFY.NS-HDFCBANK.NS,-1
2024-10-21,INFY.NS-HDFCBANK.NS,1
2024-10-22,INFY.NS-HDFCBANK.NS,0
2024-10-30,INFY.NS-HDFCBANK.NS,1
2024-11-04,INFY.NS-HDFCBANK.NS,0
2024-11-05,INFY.NS-HDFCBANK.NS,1
2024-11-06,INFY.NS-HDFCBANK.NS,0
2024-11-11,INFY.NS-HDFCBANK.NS,-1
2024-11-18,INFY.NS-HDFCBANK.NS,0
2024-11-22,INFY.NS-HDFCBANK.NS,-1
2024-11-28,INFY.NS-HDFCBANK.NS,0
2024-12-02,INFY.NS-HDFCBANK.NS,-1
2024-12-04,INFY.NS-HDFCBANK.NS,0
2024-12-05,INFY.NS-HDFCBANK.NS,-1
2024-12-31,INFY.NS-HDFCBANK.NS,0
2025-01-02,INFY.NS-HDFCBANK.NS,-1
2025-01-17,INFY.NS-HDFCBANK.NS,0
2025-01-23,INFY.NS-HDFCBANK.NS,-1
2025-01-27,INFY.NS-HDFCBANK.NS,0
2025-01-29,INFY.NS-HDFCBANK.NS,-1
2025-01-30,INFY.NS-HDFCBANK.NS,0
2025-02-19,INFY.NS-HDFCBANK.NS,1
2025-02-20,INFY.NS-HDFCBANK.NS,0
2025-02-24,INFY.NS-HDFCBANK.NS,1
2025-02-26,INFY.NS-HDFCBANK.NS,0
2025-02-27,INFY.NS-HDFCBANK.NS,1
2025-02-28,INFY.NS-HDFCBANK.NS,0
2025-03-02,INFY.NS-HDFCBANK.NS,1
2025-03-06,INFY.NS-HDFCBANK.NS,0
2025-03-07,INFY.NS-HDFCBANK.NS,1
2025-03-10,INFY.NS-HDFCBANK.NS,0
2025-03-11,INFY.NS-HDFCBANK.NS,1
2025-05-12,INFY.NS-HDFCBANK.NS,0
2025-05-22,INFY.NS-HDFCBANK.NS,1
2025-05-23,INFY.NS-HDFCBANK.NS,0
2025-06-03,INFY.NS-HDFCBANK.NS,1
2025-06-10,INFY.NS-HDFCBANK.NS,0
2025-06-11,INFY.NS-HDFCBANK.NS,-1
2025-06-12,INFY.NS-HDFCBANK.NS,0
2025-06-17,INFY.NS-HDFCBANK.NS,-1
2025-06-18,INFY.NS-HDFCBANK.NS,0
2025-06-23,INFY.NS-HDFCBANK.NS,1
2025-07-25,INFY.NS-HDFCBANK.NS,0
2025-07-26,INFY.NS-HDFCBANK.NS,1
2025-09-21,INFY.NS-HDFCBANK.NS,0
2025-09-22,INFY.NS-HDFCBANK.NS,1
2025-10-10,INFY.NS-HDFCBANK.NS,0
2025-10-13,INFY.NS-HDFCBANK.NS,1
2025-10-23,INFY.NS-HDFCBANK.NS,0
2025-11-12,INFY.NS-HDFCBANK.NS,-1
2025-11-13,INFY.NS-HDFCBANK.NS,0
2025-12-04,INFY.NS-HDFCBANK.NS,-1
2025-12-08,INFY.NS-HDFCBANK.NS,0
2025-12-18,INFY.NS-HDFCBANK.NS,-1
2025-12-24,INFY.NS-HDFCBANK.NS,0
2026-01-16,INFY.NS-HDFCBANK.NS,-1
2026-01-30,INFY.NS-HDFCBANK.NS,0
2026-02-11,INFY.NS-HDFCBANK.NS,1
2026-02-12,INFY.NS-HDFCBANK.NS,0
2026-02-13,INFY.NS-HDFCBANK.NS,1
2026-02-21,INFY.NS-HDFCBANK.NS,0
2026-02-23,INFY.NS-HDFCBANK.NS,1
2026-02-27,INFY.NS-HDFCBANK.NS,0
2016-07-07,TCS.NS-ICICIBANK.NS,1
2016-07-11,TCS.NS-ICICIBANK.NS,0
2016-07-12,TCS.NS-ICICIBANK.NS,1
2016-07-13,TCS.NS-ICICIBANK.NS,0
2016-07-15,TCS.NS-ICICIBANK.NS,1
2016-07-19,TCS.NS-ICICIBANK.NS,0
2016-08-01,TCS.NS-ICICIBANK.NS,-1
2016-08-03,TCS.NS-ICICIBANK.NS,0
2016-09-08,TCS.NS-ICICIBANK.NS,1
2016-09-12,TCS.NS-ICICIBANK.NS,0
2016-09-14,TCS.NS-ICICIBANK.NS,1
2016-09-15,TCS.NS-ICICIBANK.NS,0
2016-11-02,TCS.NS-ICICIBANK.NS,1
2016-11-03,TCS.NS-ICICIBANK.NS,0
2016-11-07,TCS.NS-ICICIBANK.NS,1
2016-11-09,TCS.NS-ICICIBANK.NS,0
2016-11-14,TCS.NS-ICICIBANK.NS,1
2016-11-16,TCS.NS-ICICIBANK.NS,0
2017-01-04,TCS.NS-ICICIBANK.NS,1
2017-01-25,TCS.NS-ICICIBANK.NS,0
2017-01-30,TCS.NS-ICICIBANK.NS,1
2017-02-10,TCS.NS-ICICIBANK.NS,0
2017-02-20,TCS.NS-ICICIBANK.NS,-1
2017-02-21,TCS.NS-ICICIBANK.NS,0
2017-03-10,TCS.NS-ICICIBANK.NS,-1
2017-03-14,TCS.NS-ICICIBANK.NS,0
2017-04-13,TCS.NS-ICICIBANK.NS,1
2017-04-20,TCS.NS-ICICIBANK.NS,0
2017-05-24,TCS.NS-ICICIBANK.NS,-1
2017-05-26,TCS.NS-ICICIBANK.NS,0
2017-06-05,TCS.NS-ICICIBANK.NS,-1
2017-06-08,TCS.NS-ICICIBANK.NS,0
2017-07-25,TCS.NS-ICICIBANK.NS,-1
2017-07-26,TCS.NS-ICICIBANK.NS,0
2017-09-21,TCS.NS-ICICIBANK.NS,-1
2017-09-25,TCS.NS-ICICIBANK.NS,0
2017-10-11,TCS.NS-ICICIBANK.NS,-1
2017-10-12,TCS.NS-ICICIBANK.NS,0
2017-10-15,TCS.NS-ICICIBANK.NS,-1
2017-10-25,TCS.NS-ICICIBANK.NS,0
2017-10-30,TCS.NS-ICICIBANK.NS,-1
2017-11-01,TCS.NS-ICICIBANK.NS,0
2017-11-02,TCS.NS-ICICIBANK.NS,-1
2017-11-03,TCS.NS-ICICIBANK.NS,0
2017-11-04,TCS.NS-ICICIBANK.NS,-1
2017-12-08,TCS.NS-ICICIBANK.NS,0
2017-12-11,TCS.NS-ICICIBANK.NS,-1
2017-12-12,TCS.NS-ICICIBANK.NS,0
2017-12-13,TCS.NS-ICICIBANK.NS,-1
2017-12-14,TCS.NS-ICICIBANK.NS,0
2017-12-15,TCS.NS-ICICIBANK.NS,1
2017-12-16,TCS.NS-ICICIBANK.NS,0
2017-12-22,TCS.NS-ICICIBANK.NS,-1
2017-12-27,TCS.NS-ICICIBANK.NS,0
2017-12-29,TCS.NS-ICICIBANK.NS,-1
2018-01-02,TCS.NS-ICICIBANK.NS,0
2018-01-04,TCS.NS-ICICIBANK.NS,-1
2018-01-10,TCS.NS-ICICIBANK.NS,0
2018-01-11,TCS.NS-ICICIBANK.NS,-1
2018-01-22,TCS.NS-ICICIBANK.NS,0
2018-01-25,TCS.NS-ICICIBANK.NS,-1
2018-03-16,TCS.NS-ICICIBANK.NS,0
2018-03-20,TCS.NS-ICICIBANK.NS,-1
2018-03-22,TCS.NS-ICICIBANK.NS,0
2018-03-23,TCS.NS-ICICIBANK.NS,-1
2018-03-24,TCS.NS-ICICIBANK.NS,0
2018-03-27,TCS.NS-ICICIBANK.NS,-1
2018-04-20,TCS.NS-ICICIBANK.NS,0
2018-04-22,TCS.NS-ICICIBANK.NS,-1
2018-09-24,TCS.NS-ICICIBANK.NS,0
2018-09-26,TCS.NS-ICICIBANK.NS,-1
2018-10-01,TCS.NS-ICICIBANK.NS,0
2018-10-02,TCS.NS-ICICIBANK.NS,-1
2018-10-12,TCS.NS-ICICIBANK.NS,0
2018-10-15,TCS.NS-ICICIBANK.NS,-1
2018-10-19,TCS.NS-ICICIBANK.NS,0
2018-10-23,TCS.NS-ICICIBANK.NS,1
2018-10-25,TCS.NS-ICICIBANK.NS,0
2018-10-26,TCS.NS-ICICIBANK.NS,1
2018-10-29,TCS.NS-ICICIBANK.NS,0
2019-02-04,TCS.NS-ICICIBANK.NS,-1
2019-02-05,TCS.NS-ICICIBANK.NS,0
2019-02-06,TCS.NS-ICICIBANK.NS,-1
2019-02-08,TCS.NS-ICICIBANK.NS,0
2019-04-15,TCS.NS-ICICIBANK.NS,-1
2019-05-03,TCS.NS-ICICIBANK.NS,0
2019-05-08,TCS.NS-ICICIBANK.NS,-1
2019-05-10,TCS.NS-ICICIBANK.NS,0
2019-05-31,TCS.NS-ICICIBANK.NS,-1
2019-07-05,TCS.NS-ICICIBANK.NS,0
2019-07-31,TCS.NS-ICICIBANK.NS,-1
2019-08-01,TCS.NS-ICICIBANK.NS,0
2019-08-02,TCS.NS-ICICIBANK.NS,-1
2019-08-16,TCS.NS-ICICIBANK.NS,0
2019-08-20,TCS.NS-ICICIBANK.NS,-1
2019-09-11,TCS.NS-ICICIBANK.NS,0
2019-09-20,TCS.NS-ICICIBANK.NS,1
2019-09-23,TCS.NS-ICICIBANK.NS,0
2019-09-24,TCS.NS-ICICIBANK.NS,1
2019-09-25,TCS.NS-ICICIBANK.NS,0
2019-09-26,TCS.NS-ICICIBANK.NS,1
2019-09-30,TCS.NS-ICICIBANK.NS,0
2019-10-11,TCS.NS-ICICIBANK.NS,1
2019-10-14,TCS.NS-ICICIBANK.NS,0
2019-11-26,TCS.NS-ICICIBANK.NS,1
2019-11-27,TCS.NS-ICICIBANK.NS,0
2019-12-02,TCS.NS-ICICIBANK.NS,1
2019-12-03,TCS.NS-ICICIBANK.NS,0
2019-12-10,TCS.NS-ICICIBANK.NS,1
2019-12-13,TCS.NS-ICICIBANK.NS,0
2020-01-31,TCS.NS-ICICIBANK.NS,1
2020-02-03,TCS.NS-ICICIBANK.NS,0
2020-02-04,TCS.NS-ICICIBANK.NS,1
2020-02-05,TCS.NS-ICICIBANK.NS,0
2020-02-29,TCS.NS-ICICIBANK.NS,1
2020-03-04,TCS.NS-ICICIBANK.NS,0
2020-03-09,TCS.NS-ICICIBANK.NS,1
2020-03-12,TCS.NS-ICICIBANK.NS,0
2020-03-15,TCS.NS-ICICIBANK.NS,1
2020-03-16,TCS.NS-ICICIBANK.NS,0
2020-03-17,TCS.NS-ICICIBANK.NS,1
2020-03-27,TCS.NS-ICICIBANK.NS,0
2020-03-30,TCS.NS-ICICIBANK.NS,1
2020-03-31,TCS.NS-ICICIBANK.NS,0
2020-04-01,TCS.NS-ICICIBANK.NS,1
2020-04-20,TCS.NS-ICICIBANK.NS,0
2020-04-21,TCS.NS-ICICIBANK.NS,1
2020-04-23,TCS.NS-ICICIBANK.NS,0
2020-04-30,TCS.NS-ICICIBANK.NS,-1
2020-05-04,TCS.NS-ICICIBANK.NS,0
2020-05-21,TCS.NS-ICICIBANK.NS,-1
2020-05-26,TCS.NS-ICICIBANK.NS,0
2020-06-04,TCS.NS-ICICIBANK.NS,-1
2020-06-05,TCS.NS-ICICIBANK.NS,0
2020-06-10,TCS.NS-ICICIBANK.NS,-1
2020-06-11,TCS.NS-ICICIBANK.NS,0
2020-07-03,TCS.NS-ICICIBANK.NS,-1
2020-07-14,TCS.NS-ICICIBANK.NS,0
2020-07-15,TCS.NS-ICICIBANK.NS,-1
2020-07-22,TCS.NS-ICICIBANK.NS,0
2020-07-27,TCS.NS-ICICIBANK.NS,-1
2020-09-14,TCS.NS-ICICIBANK.NS,0
2020-09-17,TCS.NS-ICICIBANK.NS,-1
2021-01-05,TCS.NS-ICICIBANK.NS,0
2021-01-06,TCS.NS-ICICIBANK.NS,-1
2021-02-22,TCS.NS-ICICIBANK.NS,0
2021-02-23,TCS.NS-ICICIBANK.NS,-1
2021-02-24,TCS.NS-ICICIBANK.NS,0
2021-03-03,TCS.NS-ICICIBANK.NS,-1
2021-03-05,TCS.NS-ICICIBANK.NS,0
2021-03-10,TCS.NS-ICICIBANK.NS,-1
2021-03-13,TCS.NS-ICICIBANK.NS,0
2021-03-15,TCS.NS-ICICIBANK.NS,-1
2021-03-18,TCS.NS-ICICIBANK.NS,0
2021-03-22,TCS.NS-ICICIBANK.NS,-1
2021-03-27,TCS.NS-ICICIBANK.NS,0
2021-03-30,TCS.NS-ICICIBANK.NS,-1
2021-04-13,TCS.NS-ICICIBANK.NS,0
2021-04-15,TCS.NS-ICICIBANK.NS,-1
2021-04-22,TCS.NS-ICICIBANK.NS,0
2021-06-11,TCS.NS-ICICIBANK.NS,-1
2021-07-06,TCS.NS-ICICIBANK.NS,0
2021-07-07,TCS.NS-ICICIBANK.NS,-1
2021-07-08,TCS.NS-ICICIBANK.NS,0
2021-08-13,TCS.NS-ICICIBANK.NS,-1
2021-10-14,TCS.NS-ICICIBANK.NS,0
2021-10-21,TCS.NS-ICICIBANK.NS,1
2021-11-01,TCS.NS-ICICIBANK.NS,0
2021-12-30,TCS.NS-ICICIBANK.NS,-1
2021-12-31,TCS.NS-ICICIBANK.NS,0
2022-01-03,TCS.NS-ICICIBANK.NS,-1
2022-01-06,TCS.NS-ICICIBANK.NS,0
2022-01-10,TCS.NS-ICICIBANK.NS,-1
2022-01-12,TCS.NS-ICICIBANK.NS,0
2022-01-13,TCS.NS-ICICIBANK.NS,-1
2022-01-20,TCS.NS-ICICIBANK.NS,0
2022-02-15,TCS.NS-ICICIBANK.NS,-1
2022-02-21,TCS.NS-ICICIBANK.NS,0
2022-02-22,TCS.NS-ICICIBANK.NS,1
2022-02-24,TCS.NS-ICICIBANK.NS,0
2022-02-25,TCS.NS-ICICIBANK.NS,1
2022-02-28,TCS.NS-ICICIBANK.NS,0
2022-03-24,TCS.NS-ICICIBANK.NS,-1
2022-03-25,TCS.NS-ICICIBANK.NS,0
2022-04-05,TCS.NS-ICICIBANK.NS,-1
2022-04-06,TCS.NS-ICICIBANK.NS,0
2022-04-19,TCS.NS-ICICIBANK.NS,1
2022-04-20,TCS.NS-ICICIBANK.NS,0
2022-05-06,TCS.NS-ICICIBANK.NS,1
2022-05-09,TCS.NS-ICICIBANK.NS,0
2022-05-11,TCS.NS-ICICIBANK.NS,1
2022-05-12,TCS.NS-ICICIBANK.NS,0
2022-05-19,TCS.NS-ICICIBANK.NS,1
2022-05-30,TCS.NS-ICICIBANK.NS,0
2022-05-31,TCS.NS-ICICIBANK.NS,1
2022-06-02,TCS.NS-ICICIBANK.NS,0
2022-06-13,TCS.NS-ICICIBANK.NS,1
2022-06-23,TCS.NS-ICICIBANK.NS,0
2022-06-30,TCS.NS-ICICIBANK.NS,1
2022-07-01,TCS.NS-ICICIBANK.NS,0
2022-07-04,TCS.NS-ICICIBANK.NS,1
2022-11-01,TCS.NS-ICICIBANK.NS,0
2022-11-02,TCS.NS-ICICIBANK.NS,1
2022-11-11,TCS.NS-ICICIBANK.NS,-1
2022-11-18,TCS.NS-ICICIBANK.NS,0
2022-12-01,TCS.NS-ICICIBANK.NS,-1
2022-12-02,TCS.NS-ICICIBANK.NS,0
2023-01-16,TCS.NS-ICICIBANK.NS,-1
2023-01-21,TCS.NS-ICICIBANK.NS,0
2023-01-23,TCS.NS-ICICIBANK.NS,-1
2023-01-31,TCS.NS-ICICIBANK.NS,0
2023-02-08,TCS.NS-ICICIBANK.NS,-1
2023-02-21,TCS.NS-ICICIBANK.NS,0
2023-03-14,TCS.NS-ICICIBANK.NS,1
2023-03-26,TCS.NS-ICICIBANK.NS,0
2023-07-17,TCS.NS-ICICIBANK.NS,-1
2023-07-21,TCS.NS-ICICIBANK.NS,0
2023-08-01,TCS.NS-ICICIBANK.NS,-1
2023-08-03,TCS.NS-ICICIBANK.NS,0
2023-08-04,TCS.NS-ICICIBANK.NS,-1
2023-08-18,TCS.NS-ICICIBANK.NS,0
2023-09-07,TCS.NS-ICICIBANK.NS,-1
2023-09-08,TCS.NS-ICICIBANK.NS,0
2023-09-11,TCS.NS-ICICIBANK.NS,-1
2023-10-17,TCS.NS-ICICIBANK.NS,0
2023-10-20,TCS.NS-ICICIBANK.NS,-1
2023-10-23,TCS.NS-ICICIBANK.NS,0
2023-11-16,TCS.NS-ICICIBANK.NS,-1
2023-12-04,TCS.NS-ICICIBANK.NS,0
2023-12-06,TCS.NS-ICICIBANK.NS,-1
2023-12-15,TCS.NS-ICICIBANK.NS,0
2023-12-17,TCS.NS-ICICIBANK.NS,-1
2024-02-06,TCS.NS-ICICIBANK.NS,0
2024-02-07,TCS.NS-ICICIBANK.NS,-1
2024-02-08,TCS.NS-ICICIBANK.NS,0
2024-02-09,TCS.NS-ICICIBANK.NS,-1
2024-03-22,TCS.NS-ICICIBANK.NS,0
2024-03-27,TCS.NS-ICICIBANK.NS,1
2024-03-28,TCS.NS-ICICIBANK.NS,0
2024-04-04,TCS.NS-ICICIBANK.NS,-1
2024-04-09,TCS.NS-ICICIBANK.NS,0
2024-04-12,TCS.NS-ICICIBANK.NS,-1
2024-04-15,TCS.NS-ICICIBANK.NS,0
2024-05-31,TCS.NS-ICICIBANK.NS,1
2024-06-04,TCS.NS-ICICIBANK.NS,0
2024-07-14,TCS.NS-ICICIBANK.NS,-1
2024-07-18,TCS.NS-ICICIBANK.NS,0
2024-07-19,TCS.NS-ICICIBANK.NS,-1
2024-08-05,TCS.NS-ICICIBANK.NS,0
2024-08-07,TCS.NS-ICICIBANK.NS,-1
2024-08-08,TCS.NS-ICICIBANK.NS,0
2024-08-09,TCS.NS-ICICIBANK.NS,-1
2024-08-12,TCS.NS-ICICIBANK.NS,0
2024-08-14,TCS.NS-ICICIBANK.NS,-1
2024-09-18,TCS.NS-ICICIBANK.NS,0
2024-09-20,TCS.NS-ICICIBANK.NS,1
2024-09-24,TCS.NS-ICICIBANK.NS,0
2024-12-05,TCS.NS-ICICIBANK.NS,-1
2024-12-10,TCS.NS-ICICIBANK.NS,0
2025-02-11,TCS.NS-ICICIBANK.NS,1
2025-02-19,TCS.NS-ICICIBANK.NS,0
2025-02-20,TCS.NS-ICICIBANK.NS,1
2025-07-11,TCS.NS-ICICIBANK.NS,0
2025-07-13,TCS.NS-ICICIBANK.NS,1
2025-07-14,TCS.NS-ICICIBANK.NS,0
2025-07-15,TCS.NS-ICICIBANK.NS,1
2025-07-21,TCS.NS-ICICIBANK.NS,0
2025-07-22,TCS.NS-ICICIBANK.NS,1
2025-10-27,TCS.NS-ICICIBANK.NS,0
2025-12-04,TCS.NS-ICICIBANK.NS,-1
2025-12-06,TCS.NS-ICICIBANK.NS,0
2025-12-18,TCS.NS-ICICIBANK.NS,-1
2025-12-26,TCS.NS-ICICIBANK.NS,0
2026-02-09,TCS.NS-ICICIBANK.NS,1
2026-02-12,TCS.NS-ICICIBANK.NS,0
2026-02-15,TCS.NS-ICICIBANK.NS,1
2016-06-28,TCS.NS-ITC.NS,1
2016-06-29,TCS.NS-ITC.NS,0
2016-07-07,TCS.NS-ITC.NS,1
2016-07-11,TCS.NS-ITC.NS,0
2016-08-01,TCS.NS-ITC.NS,-1
2016-08-02,TCS.NS-ITC.NS,0
2016-09-08,TCS.NS-ITC.NS,1
2016-09-12,TCS.NS-ITC.NS,0
2016-11-07,TCS.NS-ITC.NS,1
2016-11-09,TCS.NS-ITC.NS,0
2016-11-14,TCS.NS-ITC.NS,1
2016-11-16,TCS.NS-ITC.NS,0
2017-01-04,TCS.NS-ITC.NS,1
2017-01-27,TCS.NS-ITC.NS,0
2017-01-30,TCS.NS-ITC.NS,1
2017-02-10,TCS.NS-ITC.NS,0
2017-02-20,TCS.NS-ITC.NS,-1
2017-02-21,TCS.NS-ITC.NS,0
2017-03-10,TCS.NS-ITC.NS,-1
2017-03-15,TCS.NS-ITC.NS,0
2017-04-13,TCS.NS-ITC.NS,1
2017-04-20,TCS.NS-ITC.NS,0
2017-05-18,TCS.NS-ITC.NS,-1
2017-05-19,TCS.NS-ITC.NS,0
2017-05-24,TCS.NS-ITC.NS,-1
2017-05-26,TCS.NS-ITC.NS,0
2017-06-06,TCS.NS-ITC.NS,-1
2017-06-08,TCS.NS-ITC.NS,0
2017-07-24,TCS.NS-ITC.NS,-1
2017-07-27,TCS.NS-ITC.NS,0
2017-08-04,TCS.NS-ITC.NS,-1
2017-08-07,TCS.NS-ITC.NS,0
2017-08-09,TCS.NS-ITC.NS,-1
2017-08-11,TCS.NS-ITC.NS,0
2017-09-15,TCS.NS-ITC.NS,-1
2017-09-18,TCS.NS-ITC.NS,0
2017-09-21,TCS.NS-ITC.NS,-1
2017-09-22,TCS.NS-ITC.NS,0
2017-09-25,TCS.NS-ITC.NS,-1
2017-09-26,TCS.NS-ITC.NS,0
2017-09-27,TCS.NS-ITC.NS,-1
2017-09-28,TCS.NS-ITC.NS,0
2017-10-12,TCS.NS-ITC.NS,-1
2017-10-13,TCS.NS-ITC.NS,0
2017-10-14,TCS.NS-ITC.NS,-1
2017-10-16,TCS.NS-ITC.NS,0
2017-10-18,TCS.NS-ITC.NS,-1
2017-12-14,TCS.NS-ITC.NS,0
2017-12-18,TCS.NS-ITC.NS,-1
2018-01-16,TCS.NS-ITC.NS,0
2018-01-20,TCS.NS-ITC.NS,-1
2018-01-22,TCS.NS-ITC.NS,0
2018-01-25,TCS.NS-ITC.NS,-1
2018-03-16,TCS.NS-ITC.NS,1
2018-03-19,TCS.NS-ITC.NS,0
2018-03-20,TCS.NS-ITC.NS,-1
2018-03-21,TCS.NS-ITC.NS,0
2018-04-02,TCS.NS-ITC.NS,-1
2018-04-20,TCS.NS-ITC.NS,0
2018-04-21,TCS.NS-ITC.NS,-1
2018-09-24,TCS.NS-ITC.NS,0
2018-09-25,TCS.NS-ITC.NS,-1
2018-10-01,TCS.NS-ITC.NS,0
2018-10-02,TCS.NS-ITC.NS,-1
2018-10-12,TCS.NS-ITC.NS,0
2018-10-14,TCS.NS-ITC.NS,-1
2018-10-21,TCS.NS-ITC.NS,0
2018-10-23,TCS.NS-ITC.NS,1
2018-10-29,TCS.NS-ITC.NS,0
2019-02-04,TCS.NS-ITC.NS,-1
2019-02-08,TCS.NS-ITC.NS,0
2019-02-09,TCS.NS-ITC.NS,-1
2019-02-14,TCS.NS-ITC.NS,0
2019-02-27,TCS.NS-ITC.NS,-1
2019-02-28,TCS.NS-ITC.NS,0
2019-04-02,TCS.NS-ITC.NS,-1
2019-04-04,TCS.NS-ITC.NS,0
2019-04-09,TCS.NS-ITC.NS,-1
2019-04-10,TCS.NS-ITC.NS,0
2019-04-15,TCS.NS-ITC.NS,-1
2019-04-26,TCS.NS-ITC.NS,0
2019-04-27,TCS.NS-ITC.NS,-1
2019-05-14,TCS.NS-ITC.NS,0
2019-05-20,TCS.NS-ITC.NS,-1
2019-05-21,TCS.NS-ITC.NS,0
2019-05-29,TCS.NS-ITC.NS,-1
2019-07-09,TCS.NS-ITC.NS,0
2019-07-15,TCS.NS-ITC.NS,-1
2019-07-16,TCS.NS-ITC.NS,0
2019-07-30,TCS.NS-ITC.NS,-1
2019-09-11,TCS.NS-ITC.NS,0
2019-09-20,TCS.NS-ITC.NS,1
2019-09-25,TCS.NS-ITC.NS,0
2019-09-27,TCS.NS-ITC.NS,1
2019-09-29,TCS.NS-ITC.NS,0
2019-10-29,TCS.NS-ITC.NS,-1
2019-11-01,TCS.NS-ITC.NS,0
2019-12-19,TCS.NS-ITC.NS,-1
2019-12-24,TCS.NS-ITC.NS,0
2020-01-06,TCS.NS-ITC.NS,-1
2020-01-13,TCS.NS-ITC.NS,0
2020-01-14,TCS.NS-ITC.NS,-1
2020-01-20,TCS.NS-ITC.NS,0
2020-02-13,TCS.NS-ITC.NS,-1
2020-02-20,TCS.NS-ITC.NS,0
2020-03-01,TCS.NS-ITC.NS,1
2020-03-03,TCS.NS-ITC.NS,0
2020-03-09,TCS.NS-ITC.NS,1
2020-03-12,TCS.NS-ITC.NS,0
2020-03-15,TCS.NS-ITC.NS,1
2020-03-16,TCS.NS-ITC.NS,0
2020-03-19,TCS.NS-ITC.NS,1
2020-04-17,TCS.NS-ITC.NS,0
2020-04-21,TCS.NS-ITC.NS,1
2020-04-22,TCS.NS-ITC.NS,0
2020-06-26,TCS.NS-ITC.NS,-1
2020-06-27,TCS.NS-ITC.NS,0
2020-07-02,TCS.NS-ITC.NS,-1
2020-07-09,TCS.NS-ITC.NS,0
2020-07-28,TCS.NS-ITC.NS,-1
2020-08-03,TCS.NS-ITC.NS,0
2020-08-06,TCS.NS-ITC.NS,-1
2020-08-12,TCS.NS-ITC.NS,0
2020-08-18,TCS.NS-ITC.NS,-1
2020-08-21,TCS.NS-ITC.NS,0
2020-08-22,TCS.NS-ITC.NS,-1
2020-09-14,TCS.NS-ITC.NS,0
2020-09-17,TCS.NS-ITC.NS,-1
2020-10-05,TCS.NS-ITC.NS,0
2020-10-06,TCS.NS-ITC.NS,-1
2020-10-08,TCS.NS-ITC.NS,0
2020-10-09,TCS.NS-ITC.NS,-1
2021-01-05,TCS.NS-ITC.NS,0
2021-01-06,TCS.NS-ITC.NS,-1
2021-04-30,TCS.NS-ITC.NS,0
2021-06-07,TCS.NS-ITC.NS,-1
2021-07-13,TCS.NS-ITC.NS,0
2021-07-14,TCS.NS-ITC.NS,-1
2021-07-16,TCS.NS-ITC.NS,0
2021-07-22,TCS.NS-ITC.NS,-1
2021-07-23,TCS.NS-ITC.NS,0
2021-08-03,TCS.NS-ITC.NS,-1
2021-08-17,TCS.NS-ITC.NS,0
2021-08-18,TCS.NS-ITC.NS,-1
2021-10-21,TCS.NS-ITC.NS,1
2021-11-01,TCS.NS-ITC.NS,0
2021-12-28,TCS.NS-ITC.NS,-1
2021-12-29,TCS.NS-ITC.NS,0
2021-12-30,TCS.NS-ITC.NS,-1
2022-01-02,TCS.NS-ITC.NS,0
2022-01-03,TCS.NS-ITC.NS,-1
2022-01-27,TCS.NS-ITC.NS,0
2022-02-01,TCS.NS-ITC.NS,-1
2022-02-08,TCS.NS-ITC.NS,0
2022-02-09,TCS.NS-ITC.NS,-1
2022-02-11,TCS.NS-ITC.NS,0
2022-02-14,TCS.NS-ITC.NS,-1
2022-02-21,TCS.NS-ITC.NS,0
2022-02-22,TCS.NS-ITC.NS,1
2022-02-24,TCS.NS-ITC.NS,0
2022-02-25,TCS.NS-ITC.NS,1
2022-02-28,TCS.NS-ITC.NS,0
2022-04-19,TCS.NS-ITC.NS,1
2022-04-20,TCS.NS-ITC.NS,0
2022-05-04,TCS.NS-ITC.NS,1
2022-05-05,TCS.NS-ITC.NS,0
2022-05-06,TCS.NS-ITC.NS,1
2022-05-10,TCS.NS-ITC.NS,0
2022-05-11,TCS.NS-ITC.NS,1
2022-05-12,TCS.NS-ITC.NS,0
2022-05-16,TCS.NS-ITC.NS,1
2022-05-17,TCS.NS-ITC.NS,0
2022-05-19,TCS.NS-ITC.NS,1
2022-05-30,TCS.NS-ITC.NS,0
2022-06-01,TCS.NS-ITC.NS,1
2022-06-02,TCS.NS-ITC.NS,0
2022-06-11,TCS.NS-ITC.NS,1
2022-08-03,TCS.NS-ITC.NS,0
2022-08-10,TCS.NS-ITC.NS,1
2022-08-11,TCS.NS-ITC.NS,0
2022-08-22,TCS.NS-ITC.NS,1
2022-11-01,TCS.NS-ITC.NS,-1
2022-11-02,TCS.NS-ITC.NS,0
2022-11-11,TCS.NS-ITC.NS,-1
2022-11-18,TCS.NS-ITC.NS,0
2022-12-01,TCS.NS-ITC.NS,-1
2022-12-02,TCS.NS-ITC.NS,0
2023-01-17,TCS.NS-ITC.NS,-1
2023-01-19,TCS.NS-ITC.NS,0
2023-01-24,TCS.NS-ITC.NS,-1
2023-01-25,TCS.NS-ITC.NS,0
2023-02-08,TCS.NS-ITC.NS,-1
2023-02-21,TCS.NS-ITC.NS,0
2023-03-13,TCS.NS-ITC.NS,1
2023-03-25,TCS.NS-ITC.NS,0
2023-06-26,TCS.NS-ITC.NS,1
2023-06-27,TCS.NS-ITC.NS,0
2023-07-12,TCS.NS-ITC.NS,1
2023-07-13,TCS.NS-ITC.NS,0
2023-07-17,TCS.NS-ITC.NS,-1
2023-07-21,TCS.NS-ITC.NS,0
2023-08-01,TCS.NS-ITC.NS,-1
2023-08-03,TCS.NS-ITC.NS,0
2023-08-04,TCS.NS-ITC.NS,-1
2023-08-17,TCS.NS-ITC.NS,0
2023-09-07,TCS.NS-ITC.NS,-1
2023-09-08,TCS.NS-ITC.NS,0
2023-09-11,TCS.NS-ITC.NS,-1
2023-09-12,TCS.NS-ITC.NS,0
2023-09-13,TCS.NS-ITC.NS,-1
2023-09-15,TCS.NS-ITC.NS,0
2023-09-16,TCS.NS-ITC.NS,-1
2023-10-16,TCS.NS-ITC.NS,0
2023-11-16,TCS.NS-ITC.NS,-1
2023-11-24,TCS.NS-ITC.NS,0
2023-11-28,TCS.NS-ITC.NS,-1
2023-12-15,TCS.NS-ITC.NS,0
2023-12-17,TCS.NS-ITC.NS,-1
2024-02-06,TCS.NS-ITC.NS,0
2024-02-07,TCS.NS-ITC.NS,-1
2024-03-27,TCS.NS-ITC.NS,0
2024-03-28,TCS.NS-ITC.NS,-1
2024-04-16,TCS.NS-ITC.NS,0
2024-05-30,TCS.NS-ITC.NS,1
2024-06-04,TCS.NS-ITC.NS,0
2024-07-01,TCS.NS-ITC.NS,-1
2024-07-03,TCS.NS-ITC.NS,0
2024-07-04,TCS.NS-ITC.NS,-1
2024-07-07,TCS.NS-ITC.NS,0
2024-07-14,TCS.NS-ITC.NS,-1
2024-09-18,TCS.NS-ITC.NS,0
2024-10-16,TCS.NS-ITC.NS,1
2024-10-17,TCS.NS-ITC.NS,0
2024-11-25,TCS.NS-ITC.NS,-1
2024-11-28,TCS.NS-ITC.NS,0
2024-12-04,TCS.NS-ITC.NS,-1
2024-12-17,TCS.NS-ITC.NS,0
2025-02-13,TCS.NS-ITC.NS,1
2025-02-14,TCS.NS-ITC.NS,0
2025-02-17,TCS.NS-ITC.NS,1
2025-02-19,TCS.NS-ITC.NS,0
2025-02-20,TCS.NS-ITC.NS,1
2025-02-24,TCS.NS-ITC.NS,0
2025-02-26,TCS.NS-ITC.NS,1
2025-02-28,TCS.NS-ITC.NS,0
2025-03-01,TCS.NS-ITC.NS,1
2025-03-25,TCS.NS-ITC.NS,0
2025-03-28,TCS.NS-ITC.NS,1
2025-05-12,TCS.NS-ITC.NS,0
2025-05-20,TCS.NS-ITC.NS,1
2025-05-21,TCS.NS-ITC.NS,0
2025-05-22,TCS.NS-ITC.NS,1
2025-05-26,TCS.NS-ITC.NS,0
2025-05-27,TCS.NS-ITC.NS,1
2025-07-11,TCS.NS-ITC.NS,0
2025-07-15,TCS.NS-ITC.NS,1
2025-11-11,TCS.NS-ITC.NS,0
2025-11-19,TCS.NS-ITC.NS,-1
2025-11-20,TCS.NS-ITC.NS,0
2025-12-04,TCS.NS-ITC.NS,-1
2025-12-09,TCS.NS-ITC.NS,0
2025-12-18,TCS.NS-ITC.NS,-1
2025-12-19,TCS.NS-ITC.NS,0
2025-12-22,TCS.NS-ITC.NS,-1
2025-12-23,TCS.NS-ITC.NS,0
2026-02-03,TCS.NS-ITC.NS,-1
2026-02-04,TCS.NS-ITC.NS,0
2026-02-05,TCS.NS-ITC.NS,1
2026-02-06,TCS.NS-ITC.NS,0
2026-02-09,TCS.NS-ITC.NS,1
2026-02-12,TCS.NS-ITC.NS,0
2026-02-16,TCS.NS-ITC.NS,1
2016-07-18,RELIANCE.NS-INFY.NS,-1
2016-07-24,RELIANCE.NS-INFY.NS,0
2016-10-06,RELIANCE.NS-INFY.NS,-1
2016-10-10,RELIANCE.NS-INFY.NS,0
2016-11-10,RELIANCE.NS-INFY.NS,-1
2016-11-15,RELIANCE.NS-INFY.NS,0
2016-11-21,RELIANCE.NS-INFY.NS,-1
2016-11-23,RELIANCE.NS-INFY.NS,0
2017-01-04,RELIANCE.NS-INFY.NS,-1
2017-02-10,RELIANCE.NS-INFY.NS,0
2017-02-23,RELIANCE.NS-INFY.NS,-1
2017-03-27,RELIANCE.NS-INFY.NS,0
2017-03-30,RELIANCE.NS-INFY.NS,-1
2017-06-06,RELIANCE.NS-INFY.NS,0
2017-06-07,RELIANCE.NS-INFY.NS,-1
2017-08-21,RELIANCE.NS-INFY.NS,0
2017-08-22,RELIANCE.NS-INFY.NS,-1
2017-12-12,RELIANCE.NS-INFY.NS,0
2018-01-19,RELIANCE.NS-INFY.NS,1
2018-01-22,RELIANCE.NS-INFY.NS,0
2018-01-24,RELIANCE.NS-INFY.NS,1
2018-01-25,RELIANCE.NS-INFY.NS,0
2018-02-02,RELIANCE.NS-INFY.NS,1
2018-02-03,RELIANCE.NS-INFY.NS,0
2018-03-15,RELIANCE.NS-INFY.NS,1
2018-03-19,RELIANCE.NS-INFY.NS,0
2018-03-20,RELIANCE.NS-INFY.NS,1
2018-03-22,RELIANCE.NS-INFY.NS,0
2018-03-23,RELIANCE.NS-INFY.NS,1
2018-03-26,RELIANCE.NS-INFY.NS,0
2018-04-17,RELIANCE.NS-INFY.NS,-1
2018-04-18,RELIANCE.NS-INFY.NS,0
2018-04-20,RELIANCE.NS-INFY.NS,1
2018-04-24,RELIANCE.NS-INFY.NS,-1
2018-04-25,RELIANCE.NS-INFY.NS,0
2018-04-30,RELIANCE.NS-INFY.NS,1
2018-05-07,RELIANCE.NS-INFY.NS,0
2018-05-15,RELIANCE.NS-INFY.NS,1
2018-07-12,RELIANCE.NS-INFY.NS,0
2018-07-16,RELIANCE.NS-INFY.NS,1
2018-07-17,RELIANCE.NS-INFY.NS,0
2018-07-24,RELIANCE.NS-INFY.NS,1
2018-07-26,RELIANCE.NS-INFY.NS,0
2018-07-31,RELIANCE.NS-INFY.NS,-1
2018-08-02,RELIANCE.NS-INFY.NS,0
2018-08-08,RELIANCE.NS-INFY.NS,-1
2018-08-09,RELIANCE.NS-INFY.NS,0
2018-08-24,RELIANCE.NS-INFY.NS,-1
2018-08-27,RELIANCE.NS-INFY.NS,0
2018-08-28,RELIANCE.NS-INFY.NS,-1
2018-08-29,RELIANCE.NS-INFY.NS,0
2018-10-04,RELIANCE.NS-INFY.NS,1
2018-10-05,RELIANCE.NS-INFY.NS,0
2018-10-09,RELIANCE.NS-INFY.NS,1
2018-10-10,RELIANCE.NS-INFY.NS,0
2018-11-21,RELIANCE.NS-INFY.NS,-1
2018-11-22,RELIANCE.NS-INFY.NS,0
2019-01-14,RELIANCE.NS-INFY.NS,1
2019-01-18,RELIANCE.NS-INFY.NS,0
2019-03-07,RELIANCE.NS-INFY.NS,-1
2019-03-11,RELIANCE.NS-INFY.NS,0
2019-03-15,RELIANCE.NS-INFY.NS,-1
2019-03-22,RELIANCE.NS-INFY.NS,0
2019-03-26,RELIANCE.NS-INFY.NS,-1
2019-04-02,RELIANCE.NS-INFY.NS,0
2019-04-15,RELIANCE.NS-INFY.NS,-1
2019-04-30,RELIANCE.NS-INFY.NS,0
2019-05-02,RELIANCE.NS-INFY.NS,-1
2019-05-07,RELIANCE.NS-INFY.NS,0
2019-05-09,RELIANCE.NS-INFY.NS,1
2019-05-10,RELIANCE.NS-INFY.NS,0
2019-05-13,RELIANCE.NS-INFY.NS,1
2019-05-14,RELIANCE.NS-INFY.NS,0
2019-05-21,RELIANCE.NS-INFY.NS,-1
2019-05-27,RELIANCE.NS-INFY.NS,0
2019-06-18,RELIANCE.NS-INFY.NS,1
2019-06-20,RELIANCE.NS-INFY.NS,0
2019-07-15,RELIANCE.NS-INFY.NS,1
2019-08-13,RELIANCE.NS-INFY.NS,0
2019-08-29,RELIANCE.NS-INFY.NS,1
2019-09-20,RELIANCE.NS-INFY.NS,0
2019-10-15,RELIANCE.NS-INFY.NS,-1
2019-10-22,RELIANCE.NS-INFY.NS,0
2019-10-25,RELIANCE.NS-INFY.NS,-1
2019-11-04,RELIANCE.NS-INFY.NS,0
2019-11-13,RELIANCE.NS-INFY.NS,-1
2019-11-14,RELIANCE.NS-INFY.NS,0
2019-11-20,RELIANCE.NS-INFY.NS,-1
2019-11-21,RELIANCE.NS-INFY.NS,0
2019-11-22,RELIANCE.NS-INFY.NS,-1
2019-12-04,RELIANCE.NS-INFY.NS,0
2020-01-13,RELIANCE.NS-INFY.NS,1
2020-01-16,RELIANCE.NS-INFY.NS,0
2020-01-23,RELIANCE.NS-INFY.NS,1
2020-01-26,RELIANCE.NS-INFY.NS,0
2020-01-28,RELIANCE.NS-INFY.NS,1
2020-02-05,RELIANCE.NS-INFY.NS,0
2020-03-09,RELIANCE.NS-INFY.NS,1
2020-03-11,RELIANCE.NS-INFY.NS,0
2020-04-23,RELIANCE.NS-INFY.NS,-1
2020-04-30,RELIANCE.NS-INFY.NS,0
2020-05-04,RELIANCE.NS-INFY.NS,-1
2020-05-19,RELIANCE.NS-INFY.NS,0
2020-06-04,RELIANCE.NS-INFY.NS,-1
2020-06-08,RELIANCE.NS-INFY.NS,0
2020-06-12,RELIANCE.NS-INFY.NS,-1
2020-06-19,RELIANCE.NS-INFY.NS,0
2020-06-21,RELIANCE.NS-INFY.NS,-1
2020-07-15,RELIANCE.NS-INFY.NS,0
2020-07-23,RELIANCE.NS-INFY.NS,-1
2020-07-31,RELIANCE.NS-INFY.NS,0
2020-08-04,RELIANCE.NS-INFY.NS,-1
2020-09-10,RELIANCE.NS-INFY.NS,0
2020-09-11,RELIANCE.NS-INFY.NS,-1
2020-10-05,RELIANCE.NS-INFY.NS,0
2020-10-08,RELIANCE.NS-INFY.NS,1
2020-10-14,RELIANCE.NS-INFY.NS,0
2020-10-15,RELIANCE.NS-INFY.NS,1
2020-10-29,RELIANCE.NS-INFY.NS,0
2020-11-02,RELIANCE.NS-INFY.NS,1
2020-11-10,RELIANCE.NS-INFY.NS,0
2020-11-11,RELIANCE.NS-INFY.NS,1
2020-11-19,RELIANCE.NS-INFY.NS,0
2020-11-20,RELIANCE.NS-INFY.NS,1
2020-11-30,RELIANCE.NS-INFY.NS,0
2020-12-01,RELIANCE.NS-INFY.NS,1
2020-12-23,RELIANCE.NS-INFY.NS,0
2020-12-24,RELIANCE.NS-INFY.NS,1
2021-01-11,RELIANCE.NS-INFY.NS,0
2021-01-12,RELIANCE.NS-INFY.NS,1
2021-02-25,RELIANCE.NS-INFY.NS,0
2021-02-27,RELIANCE.NS-INFY.NS,1
2021-06-01,RELIANCE.NS-INFY.NS,0
2021-06-02,RELIANCE.NS-INFY.NS,-1
2021-06-04,RELIANCE.NS-INFY.NS,0
2021-06-07,RELIANCE.NS-INFY.NS,-1
2021-06-08,RELIANCE.NS-INFY.NS,0
2021-06-16,RELIANCE.NS-INFY.NS,1
2021-06-24,RELIANCE.NS-INFY.NS,0
2021-06-29,RELIANCE.NS-INFY.NS,1
2021-09-07,RELIANCE.NS-INFY.NS,0
2021-09-15,RELIANCE.NS-INFY.NS,1
2021-09-16,RELIANCE.NS-INFY.NS,0
2021-09-28,RELIANCE.NS-INFY.NS,-1
2021-09-29,RELIANCE.NS-INFY.NS,0
2021-09-30,RELIANCE.NS-INFY.NS,-1
2021-10-02,RELIANCE.NS-INFY.NS,0
2021-11-16,RELIANCE.NS-INFY.NS,1
2021-11-19,RELIANCE.NS-INFY.NS,0
2021-11-22,RELIANCE.NS-INFY.NS,1
2021-11-23,RELIANCE.NS-INFY.NS,0
2021-12-17,RELIANCE.NS-INFY.NS,1
2022-01-08,RELIANCE.NS-INFY.NS,0
2022-01-10,RELIANCE.NS-INFY.NS,1
2022-01-19,RELIANCE.NS-INFY.NS,0
2022-03-08,RELIANCE.NS-INFY.NS,1
2022-03-10,RELIANCE.NS-INFY.NS,0
2022-03-14,RELIANCE.NS-INFY.NS,1
2022-03-17,RELIANCE.NS-INFY.NS,0
2022-04-11,RELIANCE.NS-INFY.NS,-1
2022-04-13,RELIANCE.NS-INFY.NS,0
2022-04-23,RELIANCE.NS-INFY.NS,-1
2022-05-09,RELIANCE.NS-INFY.NS,0
2022-05-17,RELIANCE.NS-INFY.NS,-1
2022-06-22,RELIANCE.NS-INFY.NS,0
2022-06-29,RELIANCE.NS-INFY.NS,-1
2022-07-01,RELIANCE.NS-INFY.NS,0
2022-07-08,RELIANCE.NS-INFY.NS,1
2022-07-10,RELIANCE.NS-INFY.NS,0
2022-08-18,RELIANCE.NS-INFY.NS,-1
2022-08-19,RELIANCE.NS-INFY.NS,0
2022-08-23,RELIANCE.NS-INFY.NS,-1
2022-09-12,RELIANCE.NS-INFY.NS,0
2022-09-14,RELIANCE.NS-INFY.NS,-1
2022-09-28,RELIANCE.NS-INFY.NS,0
2022-11-24,RELIANCE.NS-INFY.NS,1
2022-11-26,RELIANCE.NS-INFY.NS,0
2022-12-20,RELIANCE.NS-INFY.NS,-1
2022-12-21,RELIANCE.NS-INFY.NS,0
2023-01-06,RELIANCE.NS-INFY.NS,-1
2023-01-09,RELIANCE.NS-INFY.NS,0
2023-01-23,RELIANCE.NS-INFY.NS,1
2023-02-24,RELIANCE.NS-INFY.NS,0
2023-04-21,RELIANCE.NS-INFY.NS,-1
2023-05-19,RELIANCE.NS-INFY.NS,0
2023-06-15,RELIANCE.NS-INFY.NS,-1
2023-06-30,RELIANCE.NS-INFY.NS,0
2023-07-03,RELIANCE.NS-INFY.NS,-1
2023-07-04,RELIANCE.NS-INFY.NS,0
2023-07-06,RELIANCE.NS-INFY.NS,-1
2023-07-14,RELIANCE.NS-INFY.NS,0
2023-07-17,RELIANCE.NS-INFY.NS,-1
2023-07-18,RELIANCE.NS-INFY.NS,0
2023-07-19,RELIANCE.NS-INFY.NS,-1
2023-08-28,RELIANCE.NS-INFY.NS,0
2023-08-29,RELIANCE.NS-INFY.NS,1
2023-09-07,RELIANCE.NS-INFY.NS,0
2023-09-12,RELIANCE.NS-INFY.NS,1
2023-09-13,RELIANCE.NS-INFY.NS,0
2023-12-18,RELIANCE.NS-INFY.NS,1
2023-12-21,RELIANCE.NS-INFY.NS,0
2023-12-22,RELIANCE.NS-INFY.NS,1
2024-01-02,RELIANCE.NS-INFY.NS,0
2024-01-03,RELIANCE.NS-INFY.NS,-1
2024-01-04,RELIANCE.NS-INFY.NS,0
2024-01-09,RELIANCE.NS-INFY.NS,1
2024-01-10,RELIANCE.NS-INFY.NS,-1
2024-01-11,RELIANCE.NS-INFY.NS,0
2024-01-12,RELIANCE.NS-INFY.NS,1
2024-01-29,RELIANCE.NS-INFY.NS,0
2024-02-06,RELIANCE.NS-INFY.NS,1
2024-02-07,RELIANCE.NS-INFY.NS,0
2024-03-04,RELIANCE.NS-INFY.NS,-1
2024-03-12,RELIANCE.NS-INFY.NS,0
2024-03-20,RELIANCE.NS-INFY.NS,-1
2024-05-07,RELIANCE.NS-INFY.NS,0
2024-05-08,RELIANCE.NS-INFY.NS,-1
2024-05-09,RELIANCE.NS-INFY.NS,0
2024-05-10,RELIANCE.NS-INFY.NS,-1
2024-05-12,RELIANCE.NS-INFY.NS,0
2024-05-14,RELIANCE.NS-INFY.NS,-1
2024-05-16,RELIANCE.NS-INFY.NS,0
2024-05-17,RELIANCE.NS-INFY.NS,-1
2024-06-05,RELIANCE.NS-INFY.NS,0
2024-06-06,RELIANCE.NS-INFY.NS,1
2024-06-10,RELIANCE.NS-INFY.NS,0
2024-06-16,RELIANCE.NS-INFY.NS,-1
2024-06-18,RELIANCE.NS-INFY.NS,0
2024-06-21,RELIANCE.NS-INFY.NS,1
2024-06-26,RELIANCE.NS-INFY.NS,0
2024-06-28,RELIANCE.NS-INFY.NS,-1
2024-07-01,RELIANCE.NS-INFY.NS,0
2024-07-04,RELIANCE.NS-INFY.NS,1
2024-07-05,RELIANCE.NS-INFY.NS,0
2024-07-12,RELIANCE.NS-INFY.NS,1
2024-07-13,RELIANCE.NS-INFY.NS,0
2024-07-16,RELIANCE.NS-INFY.NS,1
2024-07-19,RELIANCE.NS-INFY.NS,0
2024-07-21,RELIANCE.NS-INFY.NS,1
2024-07-22,RELIANCE.NS-INFY.NS,0
2024-07-25,RELIANCE.NS-INFY.NS,1
2024-08-02,RELIANCE.NS-INFY.NS,0
2024-08-14,RELIANCE.NS-INFY.NS,1
2024-08-15,RELIANCE.NS-INFY.NS,0
2024-08-16,RELIANCE.NS-INFY.NS,1
2024-08-19,RELIANCE.NS-INFY.NS,0
2024-08-27,RELIANCE.NS-INFY.NS,1
2024-09-04,RELIANCE.NS-INFY.NS,0
2024-09-05,RELIANCE.NS-INFY.NS,1
2024-09-19,RELIANCE.NS-INFY.NS,0
2024-10-01,RELIANCE.NS-INFY.NS,1
2025-01-17,RELIANCE.NS-INFY.NS,0
2025-01-21,RELIANCE.NS-INFY.NS,1
2025-02-21,RELIANCE.NS-INFY.NS,0
2025-02-28,RELIANCE.NS-INFY.NS,-1
2025-03-03,RELIANCE.NS-INFY.NS,0
2025-03-07,RELIANCE.NS-INFY.NS,-1
2025-03-10,RELIANCE.NS-INFY.NS,0
2025-03-11,RELIANCE.NS-INFY.NS,-1
2025-03-12,RELIANCE.NS-INFY.NS,0
2025-03-13,RELIANCE.NS-INFY.NS,-1
2025-03-20,RELIANCE.NS-INFY.NS,0
2025-03-21,RELIANCE.NS-INFY.NS,-1
2025-03-22,RELIANCE.NS-INFY.NS,0
2025-04-28,RELIANCE.NS-INFY.NS,-1
2025-05-09,RELIANCE.NS-INFY.NS,0
2025-05-19,RELIANCE.NS-INFY.NS,-1
2025-05-20,RELIANCE.NS-INFY.NS,0
2025-06-05,RELIANCE.NS-INFY.NS,-1
2025-06-10,RELIANCE.NS-INFY.NS,0
2025-06-17,RELIANCE.NS-INFY.NS,1
2025-06-19,RELIANCE.NS-INFY.NS,0
2025-06-20,RELIANCE.NS-INFY.NS,-1
2025-10-08,RELIANCE.NS-INFY.NS,0
2025-10-16,RELIANCE.NS-INFY.NS,-1
2025-10-20,RELIANCE.NS-INFY.NS,0
2025-10-21,RELIANCE.NS-INFY.NS,-1
2025-10-23,RELIANCE.NS-INFY.NS,0
2025-10-27,RELIANCE.NS-INFY.NS,-1
2025-11-10,RELIANCE.NS-INFY.NS,0
2025-11-14,RELIANCE.NS-INFY.NS,-1
2025-11-19,RELIANCE.NS-INFY.NS,0
2025-11-20,RELIANCE.NS-INFY.NS,-1
2025-11-24,RELIANCE.NS-INFY.NS,0
2025-11-25,RELIANCE.NS-INFY.NS,-1
2025-11-27,RELIANCE.NS-INFY.NS,0
2025-11-28,RELIANCE.NS-INFY.NS,-1
2025-12-01,RELIANCE.NS-INFY.NS,0
2025-12-18,RELIANCE.NS-INFY.NS,1
2025-12-19,RELIANCE.NS-INFY.NS,0
2025-12-22,RELIANCE.NS-INFY.NS,1
2025-12-26,RELIANCE.NS-INFY.NS,0
2026-01-07,RELIANCE.NS-INFY.NS,1
2026-01-10,RELIANCE.NS-INFY.NS,0
2026-01-17,RELIANCE.NS-INFY.NS,1
2026-01-19,RELIANCE.NS-INFY.NS,0
2026-01-20,RELIANCE.NS-INFY.NS,1
2026-02-02,RELIANCE.NS-INFY.NS,0
2026-02-12,RELIANCE.NS-INFY.NS,-1
2026-02-13,RELIANCE.NS-INFY.NS,0
2026-02-23,RELIANCE.NS-INFY.NS,-1
2026-02-28,RELIANCE.NS-INFY.NS,0
2026-03-09,RELIANCE.NS-INFY.NS,-1
2026-03-25,RELIANCE.NS-INFY.NS,0
2016-07-07,RELIANCE.NS-TCS.NS,-1
2016-07-11,RELIANCE.NS-TCS.NS,0
2016-08-01,RELIANCE.NS-TCS.NS,1
2016-08-02,RELIANCE.NS-TCS.NS,0
2016-09-08,RELIANCE.NS-TCS.NS,-1
2016-09-12,RELIANCE.NS-TCS.NS,0
2016-09-14,RELIANCE.NS-TCS.NS,-1
2016-09-16,RELIANCE.NS-TCS.NS,0
2016-11-07,RELIANCE.NS-TCS.NS,-1
2016-11-08,RELIANCE.NS-TCS.NS,0
2016-11-14,RELIANCE.NS-TCS.NS,-1
2016-11-16,RELIANCE.NS-TCS.NS,0
2016-11-18,RELIANCE.NS-TCS.NS,-1
2016-11-19,RELIANCE.NS-TCS.NS,0
2017-01-04,RELIANCE.NS-TCS.NS,-1
2017-01-25,RELIANCE.NS-TCS.NS,0
2017-01-31,RELIANCE.NS-TCS.NS,-1
2017-02-09,RELIANCE.NS-TCS.NS,0
2017-02-10,RELIANCE.NS-TCS.NS,1
2017-02-14,RELIANCE.NS-TCS.NS,0
2017-02-16,RELIANCE.NS-TCS.NS,1
2017-02-17,RELIANCE.NS-TCS.NS,0
2017-02-20,RELIANCE.NS-TCS.NS,1
2017-02-21,RELIANCE.NS-TCS.NS,0
2017-04-03,RELIANCE.NS-TCS.NS,-1
2017-04-11,RELIANCE.NS-TCS.NS,0
2017-04-12,RELIANCE.NS-TCS.NS,-1
2017-05-08,RELIANCE.NS-TCS.NS,0
2017-05-10,RELIANCE.NS-TCS.NS,-1
2017-05-11,RELIANCE.NS-TCS.NS,0
2017-05-18,RELIANCE.NS-TCS.NS,1
2017-05-19,RELIANCE.NS-TCS.NS,0
2017-05-22,RELIANCE.NS-TCS.NS,1
2017-05-28,RELIANCE.NS-TCS.NS,0
2017-06-06,RELIANCE.NS-TCS.NS,1
2017-06-07,RELIANCE.NS-TCS.NS,0
2017-10-04,RELIANCE.NS-TCS.NS,-1
2017-10-12,RELIANCE.NS-TCS.NS,0
2017-10-18,RELIANCE.NS-TCS.NS,-1
2017-10-30,RELIANCE.NS-TCS.NS,0
2017-11-01,RELIANCE.NS-TCS.NS,-1
2017-11-02,RELIANCE.NS-TCS.NS,0
2017-11-06,RELIANCE.NS-TCS.NS,1
2017-11-07,RELIANCE.NS-TCS.NS,0
2017-11-11,RELIANCE.NS-TCS.NS,1
2017-11-13,RELIANCE.NS-TCS.NS,0
2017-11-14,RELIANCE.NS-TCS.NS,1
2017-11-17,RELIANCE.NS-TCS.NS,0
2018-01-10,RELIANCE.NS-TCS.NS,1
2018-01-14,RELIANCE.NS-TCS.NS,0
2018-01-21,RELIANCE.NS-TCS.NS,1
2018-01-22,RELIANCE.NS-TCS.NS,0
2018-01-25,RELIANCE.NS-TCS.NS,1
2018-02-14,RELIANCE.NS-TCS.NS,0
2018-02-16,RELIANCE.NS-TCS.NS,1
2018-02-19,RELIANCE.NS-TCS.NS,0
2018-02-20,RELIANCE.NS-TCS.NS,1
2018-03-13,RELIANCE.NS-TCS.NS,0
2018-04-11,RELIANCE.NS-TCS.NS,1
2018-04-20,RELIANCE.NS-TCS.NS,0
2018-04-22,RELIANCE.NS-TCS.NS,1
2018-09-24,RELIANCE.NS-TCS.NS,0
2018-09-26,RELIANCE.NS-TCS.NS,1
2018-10-01,RELIANCE.NS-TCS.NS,0
2018-10-03,RELIANCE.NS-TCS.NS,1
2018-10-17,RELIANCE.NS-TCS.NS,0
2018-10-26,RELIANCE.NS-TCS.NS,-1
2018-10-28,RELIANCE.NS-TCS.NS,0
2018-12-12,RELIANCE.NS-TCS.NS,1
2018-12-13,RELIANCE.NS-TCS.NS,0
2019-02-19,RELIANCE.NS-TCS.NS,-1
2019-02-20,RELIANCE.NS-TCS.NS,0
2019-02-21,RELIANCE.NS-TCS.NS,-1
2019-02-22,RELIANCE.NS-TCS.NS,0
2019-03-26,RELIANCE.NS-TCS.NS,-1
2019-03-28,RELIANCE.NS-TCS.NS,0
2019-04-15,RELIANCE.NS-TCS.NS,1
2019-04-20,RELIANCE.NS-TCS.NS,0
2019-04-22,RELIANCE.NS-TCS.NS,1
2019-05-03,RELIANCE.NS-TCS.NS,0
2019-05-08,RELIANCE.NS-TCS.NS,1
2019-05-14,RELIANCE.NS-TCS.NS,0
2019-05-31,RELIANCE.NS-TCS.NS,1
2019-07-05,RELIANCE.NS-TCS.NS,0
2019-07-08,RELIANCE.NS-TCS.NS,1
2019-07-09,RELIANCE.NS-TCS.NS,0
2019-07-30,RELIANCE.NS-TCS.NS,1
2019-08-16,RELIANCE.NS-TCS.NS,0
2019-08-20,RELIANCE.NS-TCS.NS,1
2019-09-11,RELIANCE.NS-TCS.NS,0
2019-09-20,RELIANCE.NS-TCS.NS,-1
2019-09-25,RELIANCE.NS-TCS.NS,0
2019-09-27,RELIANCE.NS-TCS.NS,-1
2019-09-30,RELIANCE.NS-TCS.NS,0
2019-10-10,RELIANCE.NS-TCS.NS,-1
2019-10-13,RELIANCE.NS-TCS.NS,0
2019-11-26,RELIANCE.NS-TCS.NS,-1
2019-11-27,RELIANCE.NS-TCS.NS,0
2019-12-02,RELIANCE.NS-TCS.NS,-1
2019-12-03,RELIANCE.NS-TCS.NS,0
2019-12-10,RELIANCE.NS-TCS.NS,-1
2019-12-13,RELIANCE.NS-TCS.NS,0
2020-02-18,RELIANCE.NS-TCS.NS,1
2020-02-19,RELIANCE.NS-TCS.NS,0
2020-03-01,RELIANCE.NS-TCS.NS,-1
2020-03-03,RELIANCE.NS-TCS.NS,0
2020-03-15,RELIANCE.NS-TCS.NS,-1
2020-03-16,RELIANCE.NS-TCS.NS,0
2020-03-19,RELIANCE.NS-TCS.NS,-1
2020-03-20,RELIANCE.NS-TCS.NS,0
2020-03-23,RELIANCE.NS-TCS.NS,-1
2020-03-27,RELIANCE.NS-TCS.NS,0
2020-03-30,RELIANCE.NS-TCS.NS,-1
2020-04-30,RELIANCE.NS-TCS.NS,0
2020-05-06,RELIANCE.NS-TCS.NS,-1
2020-05-12,RELIANCE.NS-TCS.NS,0
2020-05-14,RELIANCE.NS-TCS.NS,-1
2020-05-18,RELIANCE.NS-TCS.NS,0
2020-06-19,RELIANCE.NS-TCS.NS,-1
2020-06-26,RELIANCE.NS-TCS.NS,0
2020-07-07,RELIANCE.NS-TCS.NS,1
2020-07-08,RELIANCE.NS-TCS.NS,0
2020-07-23,RELIANCE.NS-TCS.NS,-1
2020-07-24,RELIANCE.NS-TCS.NS,0
2020-07-25,RELIANCE.NS-TCS.NS,-1
2020-07-28,RELIANCE.NS-TCS.NS,0
2020-08-04,RELIANCE.NS-TCS.NS,-1
2020-08-05,RELIANCE.NS-TCS.NS,0
2020-08-15,RELIANCE.NS-TCS.NS,-1
2020-08-17,RELIANCE.NS-TCS.NS,0
2020-08-26,RELIANCE.NS-TCS.NS,-1
2020-08-31,RELIANCE.NS-TCS.NS,0
2020-09-10,RELIANCE.NS-TCS.NS,-1
2020-09-11,RELIANCE.NS-TCS.NS,0
2020-09-14,RELIANCE.NS-TCS.NS,1
2020-09-17,RELIANCE.NS-TCS.NS,0
2020-09-21,RELIANCE.NS-TCS.NS,1
2020-09-22,RELIANCE.NS-TCS.NS,0
2020-09-23,RELIANCE.NS-TCS.NS,1
2020-09-24,RELIANCE.NS-TCS.NS,0
2020-09-29,RELIANCE.NS-TCS.NS,1
2020-10-05,RELIANCE.NS-TCS.NS,0
2020-10-10,RELIANCE.NS-TCS.NS,1
2021-01-05,RELIANCE.NS-TCS.NS,0
2021-01-06,RELIANCE.NS-TCS.NS,1
2021-02-26,RELIANCE.NS-TCS.NS,0
2021-02-28,RELIANCE.NS-TCS.NS,-1
2021-03-01,RELIANCE.NS-TCS.NS,1
2021-04-30,RELIANCE.NS-TCS.NS,0
2021-05-05,RELIANCE.NS-TCS.NS,1
2021-05-12,RELIANCE.NS-TCS.NS,0
2021-05-26,RELIANCE.NS-TCS.NS,1
2021-05-28,RELIANCE.NS-TCS.NS,0
2021-06-17,RELIANCE.NS-TCS.NS,1
2021-06-21,RELIANCE.NS-TCS.NS,0
2021-06-22,RELIANCE.NS-TCS.NS,1
2021-06-23,RELIANCE.NS-TCS.NS,0
2021-06-27,RELIANCE.NS-TCS.NS,1
2021-07-09,RELIANCE.NS-TCS.NS,0
2021-08-09,RELIANCE.NS-TCS.NS,1
2021-08-17,RELIANCE.NS-TCS.NS,0
2021-08-18,RELIANCE.NS-TCS.NS,1
2021-10-11,RELIANCE.NS-TCS.NS,-1
2021-10-14,RELIANCE.NS-TCS.NS,0
2021-10-15,RELIANCE.NS-TCS.NS,-1
2021-10-25,RELIANCE.NS-TCS.NS,0
2021-10-26,RELIANCE.NS-TCS.NS,-1
2021-10-27,RELIANCE.NS-TCS.NS,0
2021-10-28,RELIANCE.NS-TCS.NS,-1
2021-10-29,RELIANCE.NS-TCS.NS,0
2021-12-30,RELIANCE.NS-TCS.NS,1
2022-01-01,RELIANCE.NS-TCS.NS,0
2022-01-03,RELIANCE.NS-TCS.NS,1
2022-01-27,RELIANCE.NS-TCS.NS,0
2022-02-01,RELIANCE.NS-TCS.NS,1
2022-02-08,RELIANCE.NS-TCS.NS,0
2022-02-15,RELIANCE.NS-TCS.NS,1
2022-02-17,RELIANCE.NS-TCS.NS,0
2022-02-22,RELIANCE.NS-TCS.NS,-1
2022-02-24,RELIANCE.NS-TCS.NS,0
2022-02-25,RELIANCE.NS-TCS.NS,-1
2022-03-03,RELIANCE.NS-TCS.NS,0
2022-04-18,RELIANCE.NS-TCS.NS,-1
2022-04-19,RELIANCE.NS-TCS.NS,0
2022-04-21,RELIANCE.NS-TCS.NS,-1
2022-05-05,RELIANCE.NS-TCS.NS,0
2022-05-06,RELIANCE.NS-TCS.NS,-1
2022-05-09,RELIANCE.NS-TCS.NS,0
2022-05-19,RELIANCE.NS-TCS.NS,-1
2022-06-02,RELIANCE.NS-TCS.NS,0
2022-06-03,RELIANCE.NS-TCS.NS,-1
2022-06-23,RELIANCE.NS-TCS.NS,0
2022-06-24,RELIANCE.NS-TCS.NS,-1
2022-06-27,RELIANCE.NS-TCS.NS,0
2022-06-28,RELIANCE.NS-TCS.NS,-1
2022-07-01,RELIANCE.NS-TCS.NS,0
2022-07-04,RELIANCE.NS-TCS.NS,-1
2022-07-07,RELIANCE.NS-TCS.NS,0
2022-07-11,RELIANCE.NS-TCS.NS,-1
2022-08-05,RELIANCE.NS-TCS.NS,0
2022-08-10,RELIANCE.NS-TCS.NS,-1
2022-08-11,RELIANCE.NS-TCS.NS,0
2022-08-12,RELIANCE.NS-TCS.NS,-1
2022-10-25,RELIANCE.NS-TCS.NS,0
2022-10-28,RELIANCE.NS-TCS.NS,-1
2022-10-31,RELIANCE.NS-TCS.NS,0
2022-11-01,RELIANCE.NS-TCS.NS,1
2022-11-02,RELIANCE.NS-TCS.NS,0
2022-11-14,RELIANCE.NS-TCS.NS,1
2022-11-15,RELIANCE.NS-TCS.NS,0
2022-11-16,RELIANCE.NS-TCS.NS,1
2022-11-18,RELIANCE.NS-TCS.NS,0
2022-11-24,RELIANCE.NS-TCS.NS,1
2022-11-26,RELIANCE.NS-TCS.NS,0
2022-12-01,RELIANCE.NS-TCS.NS,1
2022-12-02,RELIANCE.NS-TCS.NS,0
2023-01-13,RELIANCE.NS-TCS.NS,1
2023-01-17,RELIANCE.NS-TCS.NS,0
2023-01-18,RELIANCE.NS-TCS.NS,1
2023-02-22,RELIANCE.NS-TCS.NS,0
2023-02-23,RELIANCE.NS-TCS.NS,1
2023-02-24,RELIANCE.NS-TCS.NS,0
2023-03-01,RELIANCE.NS-TCS.NS,1
2023-03-02,RELIANCE.NS-TCS.NS,0
2023-03-20,RELIANCE.NS-TCS.NS,-1
2023-03-24,RELIANCE.NS-TCS.NS,0
2023-04-19,RELIANCE.NS-TCS.NS,-1
2023-04-20,RELIANCE.NS-TCS.NS,0
2023-06-16,RELIANCE.NS-TCS.NS,-1
2023-06-19,RELIANCE.NS-TCS.NS,0
2023-07-10,RELIANCE.NS-TCS.NS,-1
2023-07-13,RELIANCE.NS-TCS.NS,0
2023-07-14,RELIANCE.NS-TCS.NS,1
2023-07-17,RELIANCE.NS-TCS.NS,0
2023-08-07,RELIANCE.NS-TCS.NS,1
2023-08-09,RELIANCE.NS-TCS.NS,0
2023-09-07,RELIANCE.NS-TCS.NS,1
2023-09-08,RELIANCE.NS-TCS.NS,0
2023-09-11,RELIANCE.NS-TCS.NS,1
2023-09-12,RELIANCE.NS-TCS.NS,0
2023-09-14,RELIANCE.NS-TCS.NS,1
2023-09-15,RELIANCE.NS-TCS.NS,0
2023-09-16,RELIANCE.NS-TCS.NS,1
2023-10-17,RELIANCE.NS-TCS.NS,0
2023-10-20,RELIANCE.NS-TCS.NS,1
2023-10-23,RELIANCE.NS-TCS.NS,0
2023-11-16,RELIANCE.NS-TCS.NS,1
2023-11-24,RELIANCE.NS-TCS.NS,0
2023-11-29,RELIANCE.NS-TCS.NS,1
2023-11-30,RELIANCE.NS-TCS.NS,0
2023-12-01,RELIANCE.NS-TCS.NS,1
2023-12-04,RELIANCE.NS-TCS.NS,0
2023-12-05,RELIANCE.NS-TCS.NS,1
2023-12-15,RELIANCE.NS-TCS.NS,0
2023-12-18,RELIANCE.NS-TCS.NS,1
2024-01-04,RELIANCE.NS-TCS.NS,0
2024-01-05,RELIANCE.NS-TCS.NS,1
2024-01-11,RELIANCE.NS-TCS.NS,0
2024-01-12,RELIANCE.NS-TCS.NS,1
2024-01-29,RELIANCE.NS-TCS.NS,0
2024-02-01,RELIANCE.NS-TCS.NS,1
2024-02-06,RELIANCE.NS-TCS.NS,0
2024-02-07,RELIANCE.NS-TCS.NS,1
2024-03-22,RELIANCE.NS-TCS.NS,0
2024-03-27,RELIANCE.NS-TCS.NS,-1
2024-03-28,RELIANCE.NS-TCS.NS,0
2024-05-31,RELIANCE.NS-TCS.NS,-1
2024-06-04,RELIANCE.NS-TCS.NS,0
2024-07-14,RELIANCE.NS-TCS.NS,1
2024-07-18,RELIANCE.NS-TCS.NS,0
2024-07-21,RELIANCE.NS-TCS.NS,1
2024-09-18,RELIANCE.NS-TCS.NS,0
2024-10-07,RELIANCE.NS-TCS.NS,1
2024-10-08,RELIANCE.NS-TCS.NS,0
2024-11-07,RELIANCE.NS-TCS.NS,1
2024-11-18,RELIANCE.NS-TCS.NS,0
2024-11-21,RELIANCE.NS-TCS.NS,1
2024-12-31,RELIANCE.NS-TCS.NS,0
2025-01-02,RELIANCE.NS-TCS.NS,1
2025-01-03,RELIANCE.NS-TCS.NS,0
2025-01-10,RELIANCE.NS-TCS.NS,1
2025-01-17,RELIANCE.NS-TCS.NS,0
2025-01-22,RELIANCE.NS-TCS.NS,1
2025-01-27,RELIANCE.NS-TCS.NS,0
2025-02-17,RELIANCE.NS-TCS.NS,-1
2025-02-19,RELIANCE.NS-TCS.NS,0
2025-02-21,RELIANCE.NS-TCS.NS,-1
2025-02-28,RELIANCE.NS-TCS.NS,0
2025-03-01,RELIANCE.NS-TCS.NS,-1
2025-03-21,RELIANCE.NS-TCS.NS,0
2025-04-03,RELIANCE.NS-TCS.NS,-1
2025-05-12,RELIANCE.NS-TCS.NS,0
2025-05-13,RELIANCE.NS-TCS.NS,-1
2025-09-26,RELIANCE.NS-TCS.NS,0
2025-09-27,RELIANCE.NS-TCS.NS,-1
2025-12-03,RELIANCE.NS-TCS.NS,0
2025-12-04,RELIANCE.NS-TCS.NS,1
2025-12-09,RELIANCE.NS-TCS.NS,0
2025-12-18,RELIANCE.NS-TCS.NS,1
2025-12-19,RELIANCE.NS-TCS.NS,0
2025-12-22,RELIANCE.NS-TCS.NS,1
2025-12-23,RELIANCE.NS-TCS.NS,0
2025-12-24,RELIANCE.NS-TCS.NS,1
2025-12-26,RELIANCE.NS-TCS.NS,0
2026-01-07,RELIANCE.NS-TCS.NS,1
2026-01-08,RELIANCE.NS-TCS.NS,0
2026-01-13,RELIANCE.NS-TCS.NS,1
2026-01-14,RELIANCE.NS-TCS.NS,0
2026-01-16,RELIANCE.NS-TCS.NS,1
2026-01-17,RELIANCE.NS-TCS.NS,0
2026-01-28,RELIANCE.NS-TCS.NS,1
2026-01-29,RELIANCE.NS-TCS.NS,0
2026-02-04,RELIANCE.NS-TCS.NS,-1
2026-02-05,RELIANCE.NS-TCS.NS,0
2026-02-06,RELIANCE.NS-TCS.NS,-1
2026-02-10,RELIANCE.NS-TCS.NS,0
2026-02-11,RELIANCE.NS-TCS.NS,-1
2026-02-12,RELIANCE.NS-TCS.NS,0
2026-02-15,RELIANCE.NS-TCS.NS,-1
2016-07-29,RELIANCE.NS-HDFCBANK.NS,1
2016-07-30,RELIANCE.NS-HDFCBANK.NS,0
2016-08-03,RELIANCE.NS-HDFCBANK.NS,1
2016-08-05,RELIANCE.NS-HDFCBANK.NS,0
2016-09-02,RELIANCE.NS-HDFCBANK.NS,1
2016-09-07,RELIANCE.NS-HDFCBANK.NS,0
2016-11-08,RELIANCE.NS-HDFCBANK.NS,1
2016-11-09,RELIANCE.NS-HDFCBANK.NS,0
2016-11-10,RELIANCE.NS-HDFCBANK.NS,1
2016-11-16,RELIANCE.NS-HDFCBANK.NS,0
2016-12-14,RELIANCE.NS-HDFCBANK.NS,-1
2016-12-18,RELIANCE.NS-HDFCBANK.NS,0
2016-12-19,RELIANCE.NS-HDFCBANK.NS,-1
2016-12-20,RELIANCE.NS-HDFCBANK.NS,0
2017-01-04,RELIANCE.NS-HDFCBANK.NS,-1
2017-01-16,RELIANCE.NS-HDFCBANK.NS,0
2017-01-23,RELIANCE.NS-HDFCBANK.NS,1
2017-02-22,RELIANCE.NS-HDFCBANK.NS,0
2017-03-03,RELIANCE.NS-HDFCBANK.NS,-1
2017-03-11,RELIANCE.NS-HDFCBANK.NS,0
2017-03-15,RELIANCE.NS-HDFCBANK.NS,-1
2017-03-16,RELIANCE.NS-HDFCBANK.NS,0
2017-04-03,RELIANCE.NS-HDFCBANK.NS,-1
2017-04-12,RELIANCE.NS-HDFCBANK.NS,0
2017-04-13,RELIANCE.NS-HDFCBANK.NS,-1
2017-04-16,RELIANCE.NS-HDFCBANK.NS,0
2017-04-17,RELIANCE.NS-HDFCBANK.NS,-1
2017-04-18,RELIANCE.NS-HDFCBANK.NS,0
2017-05-05,RELIANCE.NS-HDFCBANK.NS,1
2017-05-06,RELIANCE.NS-HDFCBANK.NS,0
2017-05-25,RELIANCE.NS-HDFCBANK.NS,1
2017-05-29,RELIANCE.NS-HDFCBANK.NS,0
2017-05-31,RELIANCE.NS-HDFCBANK.NS,1
2017-06-15,RELIANCE.NS-HDFCBANK.NS,0
2017-07-13,RELIANCE.NS-HDFCBANK.NS,-1
2017-07-18,RELIANCE.NS-HDFCBANK.NS,0
2017-07-21,RELIANCE.NS-HDFCBANK.NS,-1
2017-07-24,RELIANCE.NS-HDFCBANK.NS,0
2017-09-06,RELIANCE.NS-HDFCBANK.NS,-1
2017-09-07,RELIANCE.NS-HDFCBANK.NS,0
2017-09-28,RELIANCE.NS-HDFCBANK.NS,1
2017-10-03,RELIANCE.NS-HDFCBANK.NS,0
2017-10-12,RELIANCE.NS-HDFCBANK.NS,-1
2017-10-13,RELIANCE.NS-HDFCBANK.NS,0
2017-10-18,RELIANCE.NS-HDFCBANK.NS,-1
2017-10-25,RELIANCE.NS-HDFCBANK.NS,0
2017-10-27,RELIANCE.NS-HDFCBANK.NS,-1
2017-11-08,RELIANCE.NS-HDFCBANK.NS,0
2017-11-09,RELIANCE.NS-HDFCBANK.NS,-1
2017-11-10,RELIANCE.NS-HDFCBANK.NS,0
2017-11-14,RELIANCE.NS-HDFCBANK.NS,-1
2017-11-15,RELIANCE.NS-HDFCBANK.NS,0
2017-11-16,RELIANCE.NS-HDFCBANK.NS,-1
2017-11-30,RELIANCE.NS-HDFCBANK.NS,0
2017-12-05,RELIANCE.NS-HDFCBANK.NS,-1
2017-12-11,RELIANCE.NS-HDFCBANK.NS,0
2017-12-12,RELIANCE.NS-HDFCBANK.NS,-1
2017-12-15,RELIANCE.NS-HDFCBANK.NS,0
2017-12-26,RELIANCE.NS-HDFCBANK.NS,-1
2017-12-28,RELIANCE.NS-HDFCBANK.NS,0
2018-01-04,RELIANCE.NS-HDFCBANK.NS,-1
2018-01-16,RELIANCE.NS-HDFCBANK.NS,0
2018-01-18,RELIANCE.NS-HDFCBANK.NS,1
2018-01-22,RELIANCE.NS-HDFCBANK.NS,0
2018-01-23,RELIANCE.NS-HDFCBANK.NS,-1
2018-01-24,RELIANCE.NS-HDFCBANK.NS,0
2018-01-30,RELIANCE.NS-HDFCBANK.NS,1
2018-01-31,RELIANCE.NS-HDFCBANK.NS,0
2018-02-01,RELIANCE.NS-HDFCBANK.NS,1
2018-02-05,RELIANCE.NS-HDFCBANK.NS,0
2018-02-15,RELIANCE.NS-HDFCBANK.NS,-1
2018-02-16,RELIANCE.NS-HDFCBANK.NS,0
2018-02-21,RELIANCE.NS-HDFCBANK.NS,-1
2018-02-22,RELIANCE.NS-HDFCBANK.NS,0
2018-02-28,RELIANCE.NS-HDFCBANK.NS,-1
2018-03-05,RELIANCE.NS-HDFCBANK.NS,0
2018-03-13,RELIANCE.NS-HDFCBANK.NS,-1
2018-03-14,RELIANCE.NS-HDFCBANK.NS,0
2018-04-02,RELIANCE.NS-HDFCBANK.NS,1
2018-04-03,RELIANCE.NS-HDFCBANK.NS,0
2018-04-27,RELIANCE.NS-HDFCBANK.NS,-1
2018-04-30,RELIANCE.NS-HDFCBANK.NS,0
2018-05-17,RELIANCE.NS-HDFCBANK.NS,1
2018-05-31,RELIANCE.NS-HDFCBANK.NS,0
2018-06-01,RELIANCE.NS-HDFCBANK.NS,1
2018-06-07,RELIANCE.NS-HDFCBANK.NS,0
2018-06-27,RELIANCE.NS-HDFCBANK.NS,1
2018-07-02,RELIANCE.NS-HDFCBANK.NS,0
2018-07-05,RELIANCE.NS-HDFCBANK.NS,1
2018-07-09,RELIANCE.NS-HDFCBANK.NS,0
2018-07-20,RELIANCE.NS-HDFCBANK.NS,-1
2018-07-21,RELIANCE.NS-HDFCBANK.NS,0
2018-07-23,RELIANCE.NS-HDFCBANK.NS,-1
2018-07-24,RELIANCE.NS-HDFCBANK.NS,0
2018-07-30,RELIANCE.NS-HDFCBANK.NS,-1
2018-10-03,RELIANCE.NS-HDFCBANK.NS,0
2018-10-07,RELIANCE.NS-HDFCBANK.NS,1
2018-10-08,RELIANCE.NS-HDFCBANK.NS,0
2018-10-22,RELIANCE.NS-HDFCBANK.NS,1
2018-10-26,RELIANCE.NS-HDFCBANK.NS,0
2018-12-10,RELIANCE.NS-HDFCBANK.NS,1
2018-12-11,RELIANCE.NS-HDFCBANK.NS,0
2018-12-26,RELIANCE.NS-HDFCBANK.NS,1
2018-12-27,RELIANCE.NS-HDFCBANK.NS,0
2019-01-26,RELIANCE.NS-HDFCBANK.NS,-1
2019-02-14,RELIANCE.NS-HDFCBANK.NS,0
2019-02-15,RELIANCE.NS-HDFCBANK.NS,-1
2019-02-18,RELIANCE.NS-HDFCBANK.NS,0
2019-02-21,RELIANCE.NS-HDFCBANK.NS,-1
2019-02-22,RELIANCE.NS-HDFCBANK.NS,0
2019-02-28,RELIANCE.NS-HDFCBANK.NS,-1
2019-03-01,RELIANCE.NS-HDFCBANK.NS,0
2019-03-06,RELIANCE.NS-HDFCBANK.NS,-1
2019-03-10,RELIANCE.NS-HDFCBANK.NS,0
2019-03-11,RELIANCE.NS-HDFCBANK.NS,-1
2019-03-15,RELIANCE.NS-HDFCBANK.NS,0
2019-03-18,RELIANCE.NS-HDFCBANK.NS,-1
2019-03-22,RELIANCE.NS-HDFCBANK.NS,0
2019-04-01,RELIANCE.NS-HDFCBANK.NS,-1
2019-04-03,RELIANCE.NS-HDFCBANK.NS,0
2019-04-18,RELIANCE.NS-HDFCBANK.NS,-1
2019-04-22,RELIANCE.NS-HDFCBANK.NS,0
2019-04-23,RELIANCE.NS-HDFCBANK.NS,-1
2019-04-30,RELIANCE.NS-HDFCBANK.NS,0
2019-05-01,RELIANCE.NS-HDFCBANK.NS,-1
2019-05-02,RELIANCE.NS-HDFCBANK.NS,0
2019-05-14,RELIANCE.NS-HDFCBANK.NS,1
2019-05-20,RELIANCE.NS-HDFCBANK.NS,0
2019-06-19,RELIANCE.NS-HDFCBANK.NS,1
2019-06-20,RELIANCE.NS-HDFCBANK.NS,0
2019-06-24,RELIANCE.NS-HDFCBANK.NS,1
2019-06-25,RELIANCE.NS-HDFCBANK.NS,0
2019-06-26,RELIANCE.NS-HDFCBANK.NS,1
2019-07-08,RELIANCE.NS-HDFCBANK.NS,0
2019-07-31,RELIANCE.NS-HDFCBANK.NS,1
2019-08-01,RELIANCE.NS-HDFCBANK.NS,0
2019-08-06,RELIANCE.NS-HDFCBANK.NS,1
2019-08-13,RELIANCE.NS-HDFCBANK.NS,0
2019-08-16,RELIANCE.NS-HDFCBANK.NS,-1
2019-08-21,RELIANCE.NS-HDFCBANK.NS,0
2019-08-23,RELIANCE.NS-HDFCBANK.NS,-1
2019-08-26,RELIANCE.NS-HDFCBANK.NS,0
2019-09-20,RELIANCE.NS-HDFCBANK.NS,1
2019-09-30,RELIANCE.NS-HDFCBANK.NS,0
2019-10-01,RELIANCE.NS-HDFCBANK.NS,1
2019-10-03,RELIANCE.NS-HDFCBANK.NS,0
2019-10-29,RELIANCE.NS-HDFCBANK.NS,-1
2019-11-01,RELIANCE.NS-HDFCBANK.NS,0
2019-11-19,RELIANCE.NS-HDFCBANK.NS,-1
2019-12-23,RELIANCE.NS-HDFCBANK.NS,0
2020-01-17,RELIANCE.NS-HDFCBANK.NS,-1
2020-01-20,RELIANCE.NS-HDFCBANK.NS,0
2020-01-21,RELIANCE.NS-HDFCBANK.NS,-1
2020-01-28,RELIANCE.NS-HDFCBANK.NS,0
2020-01-30,RELIANCE.NS-HDFCBANK.NS,1
2020-01-31,RELIANCE.NS-HDFCBANK.NS,0
2020-02-01,RELIANCE.NS-HDFCBANK.NS,1
2020-02-05,RELIANCE.NS-HDFCBANK.NS,0
2020-02-07,RELIANCE.NS-HDFCBANK.NS,1
2020-02-08,RELIANCE.NS-HDFCBANK.NS,0
2020-02-14,RELIANCE.NS-HDFCBANK.NS,-1
2020-02-24,RELIANCE.NS-HDFCBANK.NS,0
2020-02-28,RELIANCE.NS-HDFCBANK.NS,1
2020-03-03,RELIANCE.NS-HDFCBANK.NS,0
2020-03-06,RELIANCE.NS-HDFCBANK.NS,1
2020-03-07,RELIANCE.NS-HDFCBANK.NS,0
2020-03-11,RELIANCE.NS-HDFCBANK.NS,1
2020-03-18,RELIANCE.NS-HDFCBANK.NS,0
2020-03-19,RELIANCE.NS-HDFCBANK.NS,1
2020-03-20,RELIANCE.NS-HDFCBANK.NS,0
2020-04-07,RELIANCE.NS-HDFCBANK.NS,-1
2020-04-09,RELIANCE.NS-HDFCBANK.NS,0
2020-04-17,RELIANCE.NS-HDFCBANK.NS,-1
2020-04-20,RELIANCE.NS-HDFCBANK.NS,0
2020-04-21,RELIANCE.NS-HDFCBANK.NS,-1
2020-07-24,RELIANCE.NS-HDFCBANK.NS,0
2020-07-25,RELIANCE.NS-HDFCBANK.NS,-1
2020-10-25,RELIANCE.NS-HDFCBANK.NS,0
2020-10-26,RELIANCE.NS-HDFCBANK.NS,1
2020-10-29,RELIANCE.NS-HDFCBANK.NS,0
2020-11-02,RELIANCE.NS-HDFCBANK.NS,1
2020-11-06,RELIANCE.NS-HDFCBANK.NS,0
2020-11-11,RELIANCE.NS-HDFCBANK.NS,1
2020-11-12,RELIANCE.NS-HDFCBANK.NS,0
2021-01-11,RELIANCE.NS-HDFCBANK.NS,1
2021-01-12,RELIANCE.NS-HDFCBANK.NS,0
2021-02-01,RELIANCE.NS-HDFCBANK.NS,1
2021-02-11,RELIANCE.NS-HDFCBANK.NS,0
2021-02-12,RELIANCE.NS-HDFCBANK.NS,1
2021-02-18,RELIANCE.NS-HDFCBANK.NS,0
2021-02-22,RELIANCE.NS-HDFCBANK.NS,1
2021-03-03,RELIANCE.NS-HDFCBANK.NS,0
2021-03-05,RELIANCE.NS-HDFCBANK.NS,-1
2021-03-06,RELIANCE.NS-HDFCBANK.NS,0
2021-03-08,RELIANCE.NS-HDFCBANK.NS,-1
2021-03-09,RELIANCE.NS-HDFCBANK.NS,0
2021-03-10,RELIANCE.NS-HDFCBANK.NS,1
2021-04-30,RELIANCE.NS-HDFCBANK.NS,0
2021-05-03,RELIANCE.NS-HDFCBANK.NS,1
2021-05-14,RELIANCE.NS-HDFCBANK.NS,0
2021-05-17,RELIANCE.NS-HDFCBANK.NS,1
2021-05-19,RELIANCE.NS-HDFCBANK.NS,0
2021-05-21,RELIANCE.NS-HDFCBANK.NS,1
2021-05-28,RELIANCE.NS-HDFCBANK.NS,-1
2021-05-30,RELIANCE.NS-HDFCBANK.NS,0
2021-06-04,RELIANCE.NS-HDFCBANK.NS,-1
2021-06-16,RELIANCE.NS-HDFCBANK.NS,0
2021-08-30,RELIANCE.NS-HDFCBANK.NS,-1
2021-08-31,RELIANCE.NS-HDFCBANK.NS,0
2021-09-02,RELIANCE.NS-HDFCBANK.NS,-1
2021-09-03,RELIANCE.NS-HDFCBANK.NS,0
2021-09-08,RELIANCE.NS-HDFCBANK.NS,-1
2021-11-22,RELIANCE.NS-HDFCBANK.NS,1
2021-11-23,RELIANCE.NS-HDFCBANK.NS,0
2021-11-24,RELIANCE.NS-HDFCBANK.NS,1
2021-11-25,RELIANCE.NS-HDFCBANK.NS,-1
2021-12-06,RELIANCE.NS-HDFCBANK.NS,0
2021-12-09,RELIANCE.NS-HDFCBANK.NS,-1
2021-12-14,RELIANCE.NS-HDFCBANK.NS,0
2021-12-16,RELIANCE.NS-HDFCBANK.NS,-1
2021-12-17,RELIANCE.NS-HDFCBANK.NS,0
2021-12-22,RELIANCE.NS-HDFCBANK.NS,-1
2022-01-03,RELIANCE.NS-HDFCBANK.NS,0
2022-01-04,RELIANCE.NS-HDFCBANK.NS,-1
2022-01-06,RELIANCE.NS-HDFCBANK.NS,0
2022-01-12,RELIANCE.NS-HDFCBANK.NS,-1
2022-01-24,RELIANCE.NS-HDFCBANK.NS,0
2022-02-04,RELIANCE.NS-HDFCBANK.NS,1
2022-02-07,RELIANCE.NS-HDFCBANK.NS,0
2022-03-02,RELIANCE.NS-HDFCBANK.NS,-1
2022-03-07,RELIANCE.NS-HDFCBANK.NS,0
2022-03-09,RELIANCE.NS-HDFCBANK.NS,-1
2022-03-15,RELIANCE.NS-HDFCBANK.NS,0
2022-03-17,RELIANCE.NS-HDFCBANK.NS,-1
2022-03-24,RELIANCE.NS-HDFCBANK.NS,0
2022-03-26,RELIANCE.NS-HDFCBANK.NS,-1
2022-04-04,RELIANCE.NS-HDFCBANK.NS,0
2022-04-05,RELIANCE.NS-HDFCBANK.NS,-1
2022-04-21,RELIANCE.NS-HDFCBANK.NS,0
2022-04-22,RELIANCE.NS-HDFCBANK.NS,-1
2022-05-10,RELIANCE.NS-HDFCBANK.NS,0
2022-05-17,RELIANCE.NS-HDFCBANK.NS,-1
2022-05-19,RELIANCE.NS-HDFCBANK.NS,0
2022-05-20,RELIANCE.NS-HDFCBANK.NS,-1
2022-05-27,RELIANCE.NS-HDFCBANK.NS,0
2022-05-30,RELIANCE.NS-HDFCBANK.NS,-1
2022-06-20,RELIANCE.NS-HDFCBANK.NS,0
2022-06-21,RELIANCE.NS-HDFCBANK.NS,-1
2022-06-22,RELIANCE.NS-HDFCBANK.NS,0
2022-06-29,RELIANCE.NS-HDFCBANK.NS,-1
2022-07-01,RELIANCE.NS-HDFCBANK.NS,1
2022-07-03,RELIANCE.NS-HDFCBANK.NS,0
2022-07-07,RELIANCE.NS-HDFCBANK.NS,1
2022-07-10,RELIANCE.NS-HDFCBANK.NS,0
2022-09-16,RELIANCE.NS-HDFCBANK.NS,1
2022-09-22,RELIANCE.NS-HDFCBANK.NS,0
2022-09-26,RELIANCE.NS-HDFCBANK.NS,1
2022-09-27,RELIANCE.NS-HDFCBANK.NS,0
2022-09-28,RELIANCE.NS-HDFCBANK.NS,1
2022-09-30,RELIANCE.NS-HDFCBANK.NS,0
2022-10-14,RELIANCE.NS-HDFCBANK.NS,1
2022-10-17,RELIANCE.NS-HDFCBANK.NS,0
2022-11-11,RELIANCE.NS-HDFCBANK.NS,1
2022-11-13,RELIANCE.NS-HDFCBANK.NS,0
2022-11-14,RELIANCE.NS-HDFCBANK.NS,1
2022-11-28,RELIANCE.NS-HDFCBANK.NS,0
2022-11-29,RELIANCE.NS-HDFCBANK.NS,-1
2022-12-01,RELIANCE.NS-HDFCBANK.NS,0
2022-12-09,RELIANCE.NS-HDFCBANK.NS,1
2023-05-05,RELIANCE.NS-HDFCBANK.NS,0
2023-05-07,RELIANCE.NS-HDFCBANK.NS,-1
2023-05-13,RELIANCE.NS-HDFCBANK.NS,0
2023-05-26,RELIANCE.NS-HDFCBANK.NS,-1
2023-05-28,RELIANCE.NS-HDFCBANK.NS,0
2023-06-14,RELIANCE.NS-HDFCBANK.NS,-1
2023-06-18,RELIANCE.NS-HDFCBANK.NS,0
2023-07-13,RELIANCE.NS-HDFCBANK.NS,-1
2023-07-21,RELIANCE.NS-HDFCBANK.NS,0
2023-07-31,RELIANCE.NS-HDFCBANK.NS,-1
2023-08-01,RELIANCE.NS-HDFCBANK.NS,0
2023-08-10,RELIANCE.NS-HDFCBANK.NS,-1
2023-08-28,RELIANCE.NS-HDFCBANK.NS,0
2023-09-27,RELIANCE.NS-HDFCBANK.NS,-1
2023-09-28,RELIANCE.NS-HDFCBANK.NS,0
2023-10-23,RELIANCE.NS-HDFCBANK.NS,1
2023-10-25,RELIANCE.NS-HDFCBANK.NS,0
2023-10-30,RELIANCE.NS-HDFCBANK.NS,-1
2023-10-31,RELIANCE.NS-HDFCBANK.NS,0
2023-11-02,RELIANCE.NS-HDFCBANK.NS,-1
2023-11-30,RELIANCE.NS-HDFCBANK.NS,0
2023-12-01,RELIANCE.NS-HDFCBANK.NS,-1
2023-12-03,RELIANCE.NS-HDFCBANK.NS,0
2023-12-18,RELIANCE.NS-HDFCBANK.NS,-1
2024-01-10,RELIANCE.NS-HDFCBANK.NS,0
2024-01-16,RELIANCE.NS-HDFCBANK.NS,-1
2024-01-17,RELIANCE.NS-HDFCBANK.NS,0
2024-01-20,RELIANCE.NS-HDFCBANK.NS,-1
2024-04-05,RELIANCE.NS-HDFCBANK.NS,0
2024-04-08,RELIANCE.NS-HDFCBANK.NS,-1
2024-05-06,RELIANCE.NS-HDFCBANK.NS,1
2024-05-08,RELIANCE.NS-HDFCBANK.NS,-1
2024-05-28,RELIANCE.NS-HDFCBANK.NS,0
2024-05-31,RELIANCE.NS-HDFCBANK.NS,1
2024-06-02,RELIANCE.NS-HDFCBANK.NS,0
2024-06-03,RELIANCE.NS-HDFCBANK.NS,-1
2024-06-04,RELIANCE.NS-HDFCBANK.NS,1
2024-06-07,RELIANCE.NS-HDFCBANK.NS,0
2024-06-19,RELIANCE.NS-HDFCBANK.NS,1
2024-06-26,RELIANCE.NS-HDFCBANK.NS,0
2024-07-05,RELIANCE.NS-HDFCBANK.NS,-1
2024-07-22,RELIANCE.NS-HDFCBANK.NS,0
2024-10-03,RELIANCE.NS-HDFCBANK.NS,1
2025-01-16,RELIANCE.NS-HDFCBANK.NS,0
2025-01-17,RELIANCE.NS-HDFCBANK.NS,-1
2025-01-21,RELIANCE.NS-HDFCBANK.NS,1
2025-03-24,RELIANCE.NS-HDFCBANK.NS,0
2025-03-25,RELIANCE.NS-HDFCBANK.NS,1
2025-04-04,RELIANCE.NS-HDFCBANK.NS,0
2025-04-05,RELIANCE.NS-HDFCBANK.NS,1
2025-04-28,RELIANCE.NS-HDFCBANK.NS,0
2025-04-29,RELIANCE.NS-HDFCBANK.NS,-1
2025-05-06,RELIANCE.NS-HDFCBANK.NS,0
2025-06-27,RELIANCE.NS-HDFCBANK.NS,-1
2025-06-30,RELIANCE.NS-HDFCBANK.NS,0
2025-07-01,RELIANCE.NS-HDFCBANK.NS,-1
2025-07-09,RELIANCE.NS-HDFCBANK.NS,0
2025-07-21,RELIANCE.NS-HDFCBANK.NS,1
2025-07-22,RELIANCE.NS-HDFCBANK.NS,0
2025-07-23,RELIANCE.NS-HDFCBANK.NS,1
2025-07-29,RELIANCE.NS-HDFCBANK.NS,0
2025-07-30,RELIANCE.NS-HDFCBANK.NS,1
2025-08-02,RELIANCE.NS-HDFCBANK.NS,0
2025-10-21,RELIANCE.NS-HDFCBANK.NS,-1
2025-10-23,RELIANCE.NS-HDFCBANK.NS,0
2025-10-24,RELIANCE.NS-HDFCBANK.NS,-1
2025-10-26,RELIANCE.NS-HDFCBANK.NS,0
2025-10-27,RELIANCE.NS-HDFCBANK.NS,-1
2025-10-29,RELIANCE.NS-HDFCBANK.NS,0
2025-10-30,RELIANCE.NS-HDFCBANK.NS,-1
2025-11-04,RELIANCE.NS-HDFCBANK.NS,0
2025-11-06,RELIANCE.NS-HDFCBANK.NS,-1
2026-01-06,RELIANCE.NS-HDFCBANK.NS,0
2026-01-07,RELIANCE.NS-HDFCBANK.NS,-1
2026-01-08,RELIANCE.NS-HDFCBANK.NS,0
2026-01-21,RELIANCE.NS-HDFCBANK.NS,1
2026-01-30,RELIANCE.NS-HDFCBANK.NS,0
2026-03-06,RELIANCE.NS-HDFCBANK.NS,-1
2026-03-20,RELIANCE.NS-HDFCBANK.NS,0
2026-03-21,RELIANCE.NS-HDFCBANK.NS,-1
2026-03-23,RELIANCE.NS-HDFCBANK.NS,0
2026-03-24,RELIANCE.NS-HDFCBANK.NS,-1
2016-06-28,ICICIBANK.NS-ITC.NS,1
2016-06-29,ICICIBANK.NS-ITC.NS,0
2016-07-12,ICICIBANK.NS-ITC.NS,-1
2016-07-14,ICICIBANK.NS-ITC.NS,0
2016-07-15,ICICIBANK.NS-ITC.NS,-1
2016-07-18,ICICIBANK.NS-ITC.NS,0
2016-07-19,ICICIBANK.NS-ITC.NS,-1
2016-07-20,ICICIBANK.NS-ITC.NS,0
2016-07-27,ICICIBANK.NS-ITC.NS,-1
2016-07-28,ICICIBANK.NS-ITC.NS,0
2016-10-20,ICICIBANK.NS-ITC.NS,-1
2016-10-25,ICICIBANK.NS-ITC.NS,0
2016-10-26,ICICIBANK.NS-ITC.NS,-1
2016-10-28,ICICIBANK.NS-ITC.NS,0
2016-12-20,ICICIBANK.NS-ITC.NS,1
2016-12-21,ICICIBANK.NS-ITC.NS,0
2016-12-27,ICICIBANK.NS-ITC.NS,1
2017-01-06,ICICIBANK.NS-ITC.NS,-1
2017-01-10,ICICIBANK.NS-ITC.NS,0
2017-01-11,ICICIBANK.NS-ITC.NS,-1
2017-01-20,ICICIBANK.NS-ITC.NS,0
2017-01-23,ICICIBANK.NS-ITC.NS,1
2017-01-27,ICICIBANK.NS-ITC.NS,0
2017-02-06,ICICIBANK.NS-ITC.NS,-1
2017-02-07,ICICIBANK.NS-ITC.NS,0
2017-02-14,ICICIBANK.NS-ITC.NS,-1
2017-02-15,ICICIBANK.NS-ITC.NS,0
2017-02-17,ICICIBANK.NS-ITC.NS,-1
2017-02-27,ICICIBANK.NS-ITC.NS,0
2017-03-14,ICICIBANK.NS-ITC.NS,-1
2017-03-15,ICICIBANK.NS-ITC.NS,0
2017-03-17,ICICIBANK.NS-ITC.NS,1
2017-03-21,ICICIBANK.NS-ITC.NS,0
2017-03-22,ICICIBANK.NS-ITC.NS,1
2017-03-29,ICICIBANK.NS-ITC.NS,0
2017-03-31,ICICIBANK.NS-ITC.NS,1
2017-04-03,ICICIBANK.NS-ITC.NS,0
2017-04-20,ICICIBANK.NS-ITC.NS,1
2017-04-28,ICICIBANK.NS-ITC.NS,0
2017-05-02,ICICIBANK.NS-ITC.NS,1
2017-05-04,ICICIBANK.NS-ITC.NS,-1
2017-05-08,ICICIBANK.NS-ITC.NS,0
2017-05-09,ICICIBANK.NS-ITC.NS,-1
2017-05-12,ICICIBANK.NS-ITC.NS,0
2017-05-17,ICICIBANK.NS-ITC.NS,-1
2017-05-19,ICICIBANK.NS-ITC.NS,0
2017-07-04,ICICIBANK.NS-ITC.NS,1
2017-07-05,ICICIBANK.NS-ITC.NS,0
2017-07-06,ICICIBANK.NS-ITC.NS,1
2017-07-10,ICICIBANK.NS-ITC.NS,0
2017-07-19,ICICIBANK.NS-ITC.NS,-1
2017-09-12,ICICIBANK.NS-ITC.NS,0
2017-09-13,ICICIBANK.NS-ITC.NS,-1
2017-09-21,ICICIBANK.NS-ITC.NS,0
2017-09-22,ICICIBANK.NS-ITC.NS,1
2017-09-25,ICICIBANK.NS-ITC.NS,0
2017-10-04,ICICIBANK.NS-ITC.NS,1
2017-10-13,ICICIBANK.NS-ITC.NS,0
2017-10-18,ICICIBANK.NS-ITC.NS,1
2017-10-19,ICICIBANK.NS-ITC.NS,0
2017-10-20,ICICIBANK.NS-ITC.NS,1
2017-10-23,ICICIBANK.NS-ITC.NS,0
2017-10-25,ICICIBANK.NS-ITC.NS,-1
2018-01-11,ICICIBANK.NS-ITC.NS,0
2018-01-12,ICICIBANK.NS-ITC.NS,-1
2018-01-16,ICICIBANK.NS-ITC.NS,0
2018-01-21,ICICIBANK.NS-ITC.NS,-1
2018-01-23,ICICIBANK.NS-ITC.NS,0
2018-01-24,ICICIBANK.NS-ITC.NS,-1
2018-02-14,ICICIBANK.NS-ITC.NS,0
2018-02-15,ICICIBANK.NS-ITC.NS,-1
2018-02-21,ICICIBANK.NS-ITC.NS,0
2018-02-23,ICICIBANK.NS-ITC.NS,-1
2018-02-28,ICICIBANK.NS-ITC.NS,0
2018-03-07,ICICIBANK.NS-ITC.NS,1
2018-03-08,ICICIBANK.NS-ITC.NS,0
2018-03-23,ICICIBANK.NS-ITC.NS,1
2018-03-24,ICICIBANK.NS-ITC.NS,0
2018-04-02,ICICIBANK.NS-ITC.NS,1
2018-04-03,ICICIBANK.NS-ITC.NS,0
2018-05-02,ICICIBANK.NS-ITC.NS,1
2018-05-03,ICICIBANK.NS-ITC.NS,0
2018-06-27,ICICIBANK.NS-ITC.NS,1
2018-08-06,ICICIBANK.NS-ITC.NS,0
2018-08-09,ICICIBANK.NS-ITC.NS,-1
2018-08-10,ICICIBANK.NS-ITC.NS,0
2018-10-10,ICICIBANK.NS-ITC.NS,-1
2018-10-11,ICICIBANK.NS-ITC.NS,0
2018-11-02,ICICIBANK.NS-ITC.NS,-1
2019-01-08,ICICIBANK.NS-ITC.NS,0
2019-01-09,ICICIBANK.NS-ITC.NS,-1
2019-01-28,ICICIBANK.NS-ITC.NS,1
2019-01-29,ICICIBANK.NS-ITC.NS,0
2019-01-30,ICICIBANK.NS-ITC.NS,-1
2019-02-12,ICICIBANK.NS-ITC.NS,0
2019-02-14,ICICIBANK.NS-ITC.NS,1
2019-02-19,ICICIBANK.NS-ITC.NS,0
2019-02-20,ICICIBANK.NS-ITC.NS,-1
2019-03-15,ICICIBANK.NS-ITC.NS,0
2019-03-16,ICICIBANK.NS-ITC.NS,-1
2019-05-08,ICICIBANK.NS-ITC.NS,0
2019-05-09,ICICIBANK.NS-ITC.NS,1
2019-05-10,ICICIBANK.NS-ITC.NS,-1
2019-05-15,ICICIBANK.NS-ITC.NS,1
2019-05-16,ICICIBANK.NS-ITC.NS,-1
2019-05-24,ICICIBANK.NS-ITC.NS,0
2019-05-28,ICICIBANK.NS-ITC.NS,-1
2019-09-05,ICICIBANK.NS-ITC.NS,0
2019-09-06,ICICIBANK.NS-ITC.NS,-1
2019-09-23,ICICIBANK.NS-ITC.NS,0
2019-09-24,ICICIBANK.NS-ITC.NS,-1
2019-09-26,ICICIBANK.NS-ITC.NS,0
2019-09-27,ICICIBANK.NS-ITC.NS,-1
2020-02-06,ICICIBANK.NS-ITC.NS,0
2020-02-07,ICICIBANK.NS-ITC.NS,-1
2020-03-09,ICICIBANK.NS-ITC.NS,0
2020-03-11,ICICIBANK.NS-ITC.NS,-1
2020-03-12,ICICIBANK.NS-ITC.NS,1
2020-03-13,ICICIBANK.NS-ITC.NS,-1
2020-03-14,ICICIBANK.NS-ITC.NS,0
2020-03-22,ICICIBANK.NS-ITC.NS,1
2020-03-23,ICICIBANK.NS-ITC.NS,0
2020-03-24,ICICIBANK.NS-ITC.NS,1
2020-03-27,ICICIBANK.NS-ITC.NS,0
2020-03-30,ICICIBANK.NS-ITC.NS,1
2020-04-07,ICICIBANK.NS-ITC.NS,0
2020-05-22,ICICIBANK.NS-ITC.NS,1
2020-05-27,ICICIBANK.NS-ITC.NS,0
2020-06-29,ICICIBANK.NS-ITC.NS,1
2020-06-30,ICICIBANK.NS-ITC.NS,0
2020-07-04,ICICIBANK.NS-ITC.NS,1
2020-07-07,ICICIBANK.NS-ITC.NS,0
2020-07-08,ICICIBANK.NS-ITC.NS,1
2020-08-25,ICICIBANK.NS-ITC.NS,-1
2020-08-28,ICICIBANK.NS-ITC.NS,0
2020-08-30,ICICIBANK.NS-ITC.NS,-1
2020-09-01,ICICIBANK.NS-ITC.NS,0
2020-10-08,ICICIBANK.NS-ITC.NS,-1
2020-10-13,ICICIBANK.NS-ITC.NS,0
2020-10-14,ICICIBANK.NS-ITC.NS,-1
2020-10-15,ICICIBANK.NS-ITC.NS,0
2020-10-19,ICICIBANK.NS-ITC.NS,-1
2020-10-22,ICICIBANK.NS-ITC.NS,0
2020-11-03,ICICIBANK.NS-ITC.NS,-1
2021-02-01,ICICIBANK.NS-ITC.NS,0
2021-02-05,ICICIBANK.NS-ITC.NS,-1
2021-04-12,ICICIBANK.NS-ITC.NS,1
2021-04-13,ICICIBANK.NS-ITC.NS,-1
2021-04-21,ICICIBANK.NS-ITC.NS,0
2021-04-22,ICICIBANK.NS-ITC.NS,-1
2021-08-04,ICICIBANK.NS-ITC.NS,0
2021-08-05,ICICIBANK.NS-ITC.NS,-1
2021-10-01,ICICIBANK.NS-ITC.NS,0
2021-10-04,ICICIBANK.NS-ITC.NS,-1
2021-10-25,ICICIBANK.NS-ITC.NS,0
2021-10-28,ICICIBANK.NS-ITC.NS,-1
2021-11-28,ICICIBANK.NS-ITC.NS,0
2021-12-01,ICICIBANK.NS-ITC.NS,-1
2021-12-02,ICICIBANK.NS-ITC.NS,0
2021-12-07,ICICIBANK.NS-ITC.NS,-1
2021-12-17,ICICIBANK.NS-ITC.NS,0
2021-12-22,ICICIBANK.NS-ITC.NS,-1
2021-12-23,ICICIBANK.NS-ITC.NS,0
2022-01-03,ICICIBANK.NS-ITC.NS,-1
2022-02-14,ICICIBANK.NS-ITC.NS,0
2022-02-24,ICICIBANK.NS-ITC.NS,1
2022-02-25,ICICIBANK.NS-ITC.NS,0
2022-03-02,ICICIBANK.NS-ITC.NS,1
2022-03-07,ICICIBANK.NS-ITC.NS,0
2022-03-08,ICICIBANK.NS-ITC.NS,1
2022-03-14,ICICIBANK.NS-ITC.NS,0
2022-05-14,ICICIBANK.NS-ITC.NS,1
2022-05-17,ICICIBANK.NS-ITC.NS,0
2022-05-19,ICICIBANK.NS-ITC.NS,1
2022-05-20,ICICIBANK.NS-ITC.NS,0
2022-06-10,ICICIBANK.NS-ITC.NS,1
2022-07-11,ICICIBANK.NS-ITC.NS,0
2022-07-13,ICICIBANK.NS-ITC.NS,1
2022-07-18,ICICIBANK.NS-ITC.NS,0
2022-07-22,ICICIBANK.NS-ITC.NS,-1
2022-07-25,ICICIBANK.NS-ITC.NS,0
2022-07-28,ICICIBANK.NS-ITC.NS,-1
2022-08-01,ICICIBANK.NS-ITC.NS,0
2022-08-05,ICICIBANK.NS-ITC.NS,-1
2022-08-06,ICICIBANK.NS-ITC.NS,0
2022-08-11,ICICIBANK.NS-ITC.NS,-1
2022-08-20,ICICIBANK.NS-ITC.NS,0
2022-09-14,ICICIBANK.NS-ITC.NS,-1
2022-09-16,ICICIBANK.NS-ITC.NS,0
2022-10-24,ICICIBANK.NS-ITC.NS,-1
2022-11-02,ICICIBANK.NS-ITC.NS,0
2022-11-03,ICICIBANK.NS-ITC.NS,-1
2022-11-04,ICICIBANK.NS-ITC.NS,0
2022-11-05,ICICIBANK.NS-ITC.NS,-1
2023-01-06,ICICIBANK.NS-ITC.NS,1
2023-01-09,ICICIBANK.NS-ITC.NS,0
2023-01-10,ICICIBANK.NS-ITC.NS,1
2023-01-11,ICICIBANK.NS-ITC.NS,0
2023-01-12,ICICIBANK.NS-ITC.NS,1
2023-01-13,ICICIBANK.NS-ITC.NS,0
2023-01-28,ICICIBANK.NS-ITC.NS,1
2023-02-01,ICICIBANK.NS-ITC.NS,0
2023-03-13,ICICIBANK.NS-ITC.NS,1
2023-03-14,ICICIBANK.NS-ITC.NS,0
2023-03-16,ICICIBANK.NS-ITC.NS,1
2023-03-17,ICICIBANK.NS-ITC.NS,0
2023-04-03,ICICIBANK.NS-ITC.NS,-1
2023-04-05,ICICIBANK.NS-ITC.NS,0
2023-05-12,ICICIBANK.NS-ITC.NS,-1
2023-05-13,ICICIBANK.NS-ITC.NS,0
2023-05-19,ICICIBANK.NS-ITC.NS,-1
2023-05-22,ICICIBANK.NS-ITC.NS,0
2023-06-15,ICICIBANK.NS-ITC.NS,1
2023-06-27,ICICIBANK.NS-ITC.NS,0
2023-06-30,ICICIBANK.NS-ITC.NS,1
2023-07-05,ICICIBANK.NS-ITC.NS,0
2023-07-07,ICICIBANK.NS-ITC.NS,1
2023-07-10,ICICIBANK.NS-ITC.NS,0
2023-07-11,ICICIBANK.NS-ITC.NS,1
2023-07-13,ICICIBANK.NS-ITC.NS,0
2023-07-24,ICICIBANK.NS-ITC.NS,-1
2023-07-25,ICICIBANK.NS-ITC.NS,0
2023-07-26,ICICIBANK.NS-ITC.NS,-1
2023-08-02,ICICIBANK.NS-ITC.NS,0
2023-08-28,ICICIBANK.NS-ITC.NS,-1
2023-08-29,ICICIBANK.NS-ITC.NS,0
2023-09-11,ICICIBANK.NS-ITC.NS,-1
2023-09-20,ICICIBANK.NS-ITC.NS,0
2023-09-27,ICICIBANK.NS-ITC.NS,1
2023-09-28,ICICIBANK.NS-ITC.NS,0
2023-10-26,ICICIBANK.NS-ITC.NS,1
2023-10-27,ICICIBANK.NS-ITC.NS,0
2023-12-07,ICICIBANK.NS-ITC.NS,-1
2023-12-08,ICICIBANK.NS-ITC.NS,0
2023-12-10,ICICIBANK.NS-ITC.NS,-1
2023-12-22,ICICIBANK.NS-ITC.NS,0
2023-12-27,ICICIBANK.NS-ITC.NS,-1
2023-12-29,ICICIBANK.NS-ITC.NS,0
2024-01-23,ICICIBANK.NS-ITC.NS,-1
2024-01-24,ICICIBANK.NS-ITC.NS,0
2024-01-25,ICICIBANK.NS-ITC.NS,-1
2024-04-29,ICICIBANK.NS-ITC.NS,0
2024-05-02,ICICIBANK.NS-ITC.NS,-1
2024-06-25,ICICIBANK.NS-ITC.NS,0
2024-06-28,ICICIBANK.NS-ITC.NS,-1
2024-08-05,ICICIBANK.NS-ITC.NS,0
2024-08-27,ICICIBANK.NS-ITC.NS,-1
2024-08-29,ICICIBANK.NS-ITC.NS,0
2024-08-30,ICICIBANK.NS-ITC.NS,-1
2024-09-02,ICICIBANK.NS-ITC.NS,0
2024-09-03,ICICIBANK.NS-ITC.NS,-1
2024-09-06,ICICIBANK.NS-ITC.NS,0
2024-09-12,ICICIBANK.NS-ITC.NS,-1
2024-09-20,ICICIBANK.NS-ITC.NS,0
2024-09-22,ICICIBANK.NS-ITC.NS,-1
2024-10-03,ICICIBANK.NS-ITC.NS,0
2024-10-18,ICICIBANK.NS-ITC.NS,-1
2025-01-03,ICICIBANK.NS-ITC.NS,0
2025-01-06,ICICIBANK.NS-ITC.NS,-1
2025-01-09,ICICIBANK.NS-ITC.NS,0
2025-01-21,ICICIBANK.NS-ITC.NS,1
2025-01-24,ICICIBANK.NS-ITC.NS,0
2025-02-14,ICICIBANK.NS-ITC.NS,-1
2025-02-17,ICICIBANK.NS-ITC.NS,0
2025-02-19,ICICIBANK.NS-ITC.NS,-1
2025-02-20,ICICIBANK.NS-ITC.NS,0
2025-03-17,ICICIBANK.NS-ITC.NS,-1
2025-03-18,ICICIBANK.NS-ITC.NS,0
2025-03-23,ICICIBANK.NS-ITC.NS,-1
2025-03-24,ICICIBANK.NS-ITC.NS,0
2025-03-25,ICICIBANK.NS-ITC.NS,-1
2025-04-07,ICICIBANK.NS-ITC.NS,0
2025-04-08,ICICIBANK.NS-ITC.NS,-1
2025-07-23,ICICIBANK.NS-ITC.NS,0
2025-07-24,ICICIBANK.NS-ITC.NS,-1
2025-09-11,ICICIBANK.NS-ITC.NS,0
2025-09-12,ICICIBANK.NS-ITC.NS,-1
2025-09-19,ICICIBANK.NS-ITC.NS,0
2025-09-26,ICICIBANK.NS-ITC.NS,1
2025-10-01,ICICIBANK.NS-ITC.NS,0
2025-10-31,ICICIBANK.NS-ITC.NS,1
2025-11-03,ICICIBANK.NS-ITC.NS,0
2025-11-06,ICICIBANK.NS-ITC.NS,1
2025-11-07,ICICIBANK.NS-ITC.NS,0
2026-01-02,ICICIBANK.NS-ITC.NS,-1
2026-01-06,ICICIBANK.NS-ITC.NS,0
2026-01-09,ICICIBANK.NS-ITC.NS,-1
2026-01-19,ICICIBANK.NS-ITC.NS,0
2026-01-29,ICICIBANK.NS-ITC.NS,-1
2026-01-30,ICICIBANK.NS-ITC.NS,0
2026-02-03,ICICIBANK.NS-ITC.NS,-1
2026-02-18,ICICIBANK.NS-ITC.NS,0
2026-02-26,ICICIBANK.NS-ITC.NS,-1
2026-02-27,ICICIBANK.NS-ITC.NS,0
2026-03-06,ICICIBANK.NS-ITC.NS,1
2026-03-09,ICICIBANK.NS-ITC.NS,0
2026-03-10,ICICIBANK.NS-ITC.NS,1
2026-03-17,ICICIBANK.NS-ITC.NS,0
2026-03-19,ICICIBANK.NS-ITC.NS,1
2026-03-22,ICICIBANK.NS-ITC.NS,0
2026-03-23,ICICIBANK.NS-ITC.NS,1
2026-03-24,ICICIBANK.NS-ITC.NS,0
2026-03-30,ICICIBANK.NS-ITC.NS,1
2016-07-07,INFY.NS-ICICIBANK.NS,1
2016-07-08,INFY.NS-ICICIBANK.NS,0
2016-07-12,INFY.NS-ICICIBANK.NS,1
2016-07-13,INFY.NS-ICICIBANK.NS,0
2016-07-14,INFY.NS-ICICIBANK.NS,1
2016-07-15,INFY.NS-ICICIBANK.NS,0
2016-07-18,INFY.NS-ICICIBANK.NS,1
2016-07-24,INFY.NS-ICICIBANK.NS,0
2016-10-13,INFY.NS-ICICIBANK.NS,-1
2016-10-14,INFY.NS-ICICIBANK.NS,0
2016-10-20,INFY.NS-ICICIBANK.NS,1
2016-10-21,INFY.NS-ICICIBANK.NS,0
2016-10-24,INFY.NS-ICICIBANK.NS,1
2016-10-25,INFY.NS-ICICIBANK.NS,0
2016-10-26,INFY.NS-ICICIBANK.NS,1
2016-10-31,INFY.NS-ICICIBANK.NS,0
2016-11-01,INFY.NS-ICICIBANK.NS,1
2016-11-02,INFY.NS-ICICIBANK.NS,0
2016-11-03,INFY.NS-ICICIBANK.NS,1
2016-11-04,INFY.NS-ICICIBANK.NS,0
2016-11-07,INFY.NS-ICICIBANK.NS,1
2016-11-10,INFY.NS-ICICIBANK.NS,0
2016-11-11,INFY.NS-ICICIBANK.NS,1
2016-11-15,INFY.NS-ICICIBANK.NS,0
2016-12-20,INFY.NS-ICICIBANK.NS,-1
2016-12-21,INFY.NS-ICICIBANK.NS,0
2017-01-04,INFY.NS-ICICIBANK.NS,1
2017-02-16,INFY.NS-ICICIBANK.NS,0
2017-04-10,INFY.NS-ICICIBANK.NS,1
2017-04-12,INFY.NS-ICICIBANK.NS,0
2017-04-14,INFY.NS-ICICIBANK.NS,1
2017-04-20,INFY.NS-ICICIBANK.NS,0
2017-04-26,INFY.NS-ICICIBANK.NS,1
2017-04-27,INFY.NS-ICICIBANK.NS,0
2017-04-28,INFY.NS-ICICIBANK.NS,1
2017-05-03,INFY.NS-ICICIBANK.NS,0
2017-05-04,INFY.NS-ICICIBANK.NS,1
2017-07-28,INFY.NS-ICICIBANK.NS,0
2017-07-30,INFY.NS-ICICIBANK.NS,1
2017-08-11,INFY.NS-ICICIBANK.NS,0
2017-08-14,INFY.NS-ICICIBANK.NS,1
2017-08-17,INFY.NS-ICICIBANK.NS,-1
2017-08-18,INFY.NS-ICICIBANK.NS,1
2017-08-21,INFY.NS-ICICIBANK.NS,0
2017-08-23,INFY.NS-ICICIBANK.NS,1
2017-10-06,INFY.NS-ICICIBANK.NS,0
2017-10-19,INFY.NS-ICICIBANK.NS,-1
2017-10-22,INFY.NS-ICICIBANK.NS,0
2017-10-25,INFY.NS-ICICIBANK.NS,1
2017-10-26,INFY.NS-ICICIBANK.NS,0
2017-10-27,INFY.NS-ICICIBANK.NS,1
2017-11-08,INFY.NS-ICICIBANK.NS,0
2017-11-10,INFY.NS-ICICIBANK.NS,1
2017-11-16,INFY.NS-ICICIBANK.NS,0
2017-11-17,INFY.NS-ICICIBANK.NS,1
2017-11-21,INFY.NS-ICICIBANK.NS,0
2018-01-11,INFY.NS-ICICIBANK.NS,-1
2018-01-12,INFY.NS-ICICIBANK.NS,0
2018-01-16,INFY.NS-ICICIBANK.NS,-1
2018-01-19,INFY.NS-ICICIBANK.NS,0
2018-01-24,INFY.NS-ICICIBANK.NS,-1
2018-01-25,INFY.NS-ICICIBANK.NS,0
2018-01-29,INFY.NS-ICICIBANK.NS,-1
2018-01-31,INFY.NS-ICICIBANK.NS,0
2018-02-02,INFY.NS-ICICIBANK.NS,-1
2018-02-06,INFY.NS-ICICIBANK.NS,0
2018-02-08,INFY.NS-ICICIBANK.NS,-1
2018-02-09,INFY.NS-ICICIBANK.NS,0
2018-02-14,INFY.NS-ICICIBANK.NS,-1
2018-02-15,INFY.NS-ICICIBANK.NS,0
2018-02-16,INFY.NS-ICICIBANK.NS,-1
2018-10-11,INFY.NS-ICICIBANK.NS,0
2018-10-15,INFY.NS-ICICIBANK.NS,-1
2018-10-16,INFY.NS-ICICIBANK.NS,0
2018-10-17,INFY.NS-ICICIBANK.NS,-1
2018-10-19,INFY.NS-ICICIBANK.NS,0
2018-10-23,INFY.NS-ICICIBANK.NS,1
2018-10-31,INFY.NS-ICICIBANK.NS,0
2018-11-01,INFY.NS-ICICIBANK.NS,1
2018-11-04,INFY.NS-ICICIBANK.NS,0
2019-01-15,INFY.NS-ICICIBANK.NS,-1
2019-01-17,INFY.NS-ICICIBANK.NS,0
2019-01-21,INFY.NS-ICICIBANK.NS,-1
2019-01-23,INFY.NS-ICICIBANK.NS,0
2019-01-25,INFY.NS-ICICIBANK.NS,-1
2019-01-27,INFY.NS-ICICIBANK.NS,0
2019-01-28,INFY.NS-ICICIBANK.NS,-1
2019-01-30,INFY.NS-ICICIBANK.NS,0
2019-02-01,INFY.NS-ICICIBANK.NS,-1
2019-02-04,INFY.NS-ICICIBANK.NS,0
2019-02-11,INFY.NS-ICICIBANK.NS,-1
2019-02-12,INFY.NS-ICICIBANK.NS,0
2019-03-12,INFY.NS-ICICIBANK.NS,1
2019-03-19,INFY.NS-ICICIBANK.NS,0
2019-05-23,INFY.NS-ICICIBANK.NS,1
2019-05-24,INFY.NS-ICICIBANK.NS,0
2019-05-25,INFY.NS-ICICIBANK.NS,1
2019-05-29,INFY.NS-ICICIBANK.NS,0
2019-06-27,INFY.NS-ICICIBANK.NS,1
2019-07-02,INFY.NS-ICICIBANK.NS,0
2019-07-03,INFY.NS-ICICIBANK.NS,1
2019-07-12,INFY.NS-ICICIBANK.NS,0
2019-07-15,INFY.NS-ICICIBANK.NS,-1
2019-07-27,INFY.NS-ICICIBANK.NS,0
2019-08-21,INFY.NS-ICICIBANK.NS,-1
2019-08-27,INFY.NS-ICICIBANK.NS,0
2019-08-29,INFY.NS-ICICIBANK.NS,-1
2019-09-15,INFY.NS-ICICIBANK.NS,0
2019-09-17,INFY.NS-ICICIBANK.NS,-1
2019-09-20,INFY.NS-ICICIBANK.NS,0
2019-09-23,INFY.NS-ICICIBANK.NS,1
2019-09-24,INFY.NS-ICICIBANK.NS,0
2019-10-26,INFY.NS-ICICIBANK.NS,1
2019-11-04,INFY.NS-ICICIBANK.NS,0
2019-11-05,INFY.NS-ICICIBANK.NS,1
2019-11-07,INFY.NS-ICICIBANK.NS,0
2019-11-08,INFY.NS-ICICIBANK.NS,1
2019-11-19,INFY.NS-ICICIBANK.NS,0
2019-11-22,INFY.NS-ICICIBANK.NS,1
2019-12-17,INFY.NS-ICICIBANK.NS,0
2020-01-09,INFY.NS-ICICIBANK.NS,1
2020-01-10,INFY.NS-ICICIBANK.NS,0
2020-01-15,INFY.NS-ICICIBANK.NS,-1
2020-01-21,INFY.NS-ICICIBANK.NS,0
2020-01-22,INFY.NS-ICICIBANK.NS,-1
2020-01-27,INFY.NS-ICICIBANK.NS,0
2020-01-29,INFY.NS-ICICIBANK.NS,-1
2020-01-30,INFY.NS-ICICIBANK.NS,0
2020-03-12,INFY.NS-ICICIBANK.NS,1
2020-03-13,INFY.NS-ICICIBANK.NS,0
2020-03-15,INFY.NS-ICICIBANK.NS,1
2020-03-16,INFY.NS-ICICIBANK.NS,0
2020-03-17,INFY.NS-ICICIBANK.NS,1
2020-03-19,INFY.NS-ICICIBANK.NS,0
2020-03-28,INFY.NS-ICICIBANK.NS,-1
2020-04-01,INFY.NS-ICICIBANK.NS,0
2020-05-05,INFY.NS-ICICIBANK.NS,-1
2020-05-06,INFY.NS-ICICIBANK.NS,0
2020-05-08,INFY.NS-ICICIBANK.NS,-1
2020-05-10,INFY.NS-ICICIBANK.NS,0
2020-05-11,INFY.NS-ICICIBANK.NS,-1
2020-05-14,INFY.NS-ICICIBANK.NS,0
2020-05-18,INFY.NS-ICICIBANK.NS,-1
2020-06-19,INFY.NS-ICICIBANK.NS,0
2020-06-23,INFY.NS-ICICIBANK.NS,-1
2020-07-15,INFY.NS-ICICIBANK.NS,0
2020-07-21,INFY.NS-ICICIBANK.NS,-1
2020-12-23,INFY.NS-ICICIBANK.NS,0
2020-12-24,INFY.NS-ICICIBANK.NS,-1
2021-01-11,INFY.NS-ICICIBANK.NS,0
2021-01-12,INFY.NS-ICICIBANK.NS,-1
2021-02-01,INFY.NS-ICICIBANK.NS,0
2021-03-12,INFY.NS-ICICIBANK.NS,-1
2021-03-14,INFY.NS-ICICIBANK.NS,0
2021-03-15,INFY.NS-ICICIBANK.NS,-1
2021-03-18,INFY.NS-ICICIBANK.NS,0
2021-03-22,INFY.NS-ICICIBANK.NS,-1
2021-03-25,INFY.NS-ICICIBANK.NS,0
2021-03-30,INFY.NS-ICICIBANK.NS,-1
2021-04-15,INFY.NS-ICICIBANK.NS,0
2021-04-19,INFY.NS-ICICIBANK.NS,-1
2021-04-20,INFY.NS-ICICIBANK.NS,0
2021-06-11,INFY.NS-ICICIBANK.NS,-1
2021-06-17,INFY.NS-ICICIBANK.NS,0
2021-06-19,INFY.NS-ICICIBANK.NS,-1
2021-08-17,INFY.NS-ICICIBANK.NS,0
2021-08-19,INFY.NS-ICICIBANK.NS,-1
2021-10-25,INFY.NS-ICICIBANK.NS,0
2021-10-27,INFY.NS-ICICIBANK.NS,1
2021-10-28,INFY.NS-ICICIBANK.NS,0
2021-10-29,INFY.NS-ICICIBANK.NS,1
2021-11-01,INFY.NS-ICICIBANK.NS,0
2021-11-08,INFY.NS-ICICIBANK.NS,-1
2021-11-24,INFY.NS-ICICIBANK.NS,0
2021-11-29,INFY.NS-ICICIBANK.NS,-1
2021-12-07,INFY.NS-ICICIBANK.NS,0
2021-12-08,INFY.NS-ICICIBANK.NS,-1
2021-12-13,INFY.NS-ICICIBANK.NS,0
2021-12-14,INFY.NS-ICICIBANK.NS,-1
2021-12-15,INFY.NS-ICICIBANK.NS,0
2021-12-16,INFY.NS-ICICIBANK.NS,-1
2022-01-20,INFY.NS-ICICIBANK.NS,0
2022-01-25,INFY.NS-ICICIBANK.NS,1
2022-01-29,INFY.NS-ICICIBANK.NS,0
2022-03-08,INFY.NS-ICICIBANK.NS,-1
2022-04-04,INFY.NS-ICICIBANK.NS,0
2022-04-18,INFY.NS-ICICIBANK.NS,1
2022-04-28,INFY.NS-ICICIBANK.NS,0
2022-04-29,INFY.NS-ICICIBANK.NS,1
2022-05-05,INFY.NS-ICICIBANK.NS,0
2022-05-11,INFY.NS-ICICIBANK.NS,1
2022-05-12,INFY.NS-ICICIBANK.NS,0
2022-05-19,INFY.NS-ICICIBANK.NS,1
2022-05-30,INFY.NS-ICICIBANK.NS,0
2022-05-31,INFY.NS-ICICIBANK.NS,1
2022-06-02,INFY.NS-ICICIBANK.NS,0
2022-06-16,INFY.NS-ICICIBANK.NS,1
2022-06-20,INFY.NS-ICICIBANK.NS,0
2022-07-12,INFY.NS-ICICIBANK.NS,1
2022-07-18,INFY.NS-ICICIBANK.NS,0
2022-07-19,INFY.NS-ICICIBANK.NS,1
2022-07-20,INFY.NS-ICICIBANK.NS,0
2022-07-22,INFY.NS-ICICIBANK.NS,1
2022-08-04,INFY.NS-ICICIBANK.NS,0
2022-08-05,INFY.NS-ICICIBANK.NS,1
2022-11-01,INFY.NS-ICICIBANK.NS,0
2022-11-02,INFY.NS-ICICIBANK.NS,1
2022-11-11,INFY.NS-ICICIBANK.NS,0
2022-11-14,INFY.NS-ICICIBANK.NS,-1
2022-11-15,INFY.NS-ICICIBANK.NS,0
2022-11-25,INFY.NS-ICICIBANK.NS,-1
2022-11-26,INFY.NS-ICICIBANK.NS,0
2023-01-30,INFY.NS-ICICIBANK.NS,-1
2023-01-31,INFY.NS-ICICIBANK.NS,0
2023-02-02,INFY.NS-ICICIBANK.NS,-1
2023-02-06,INFY.NS-ICICIBANK.NS,0
2023-02-09,INFY.NS-ICICIBANK.NS,-1
2023-02-11,INFY.NS-ICICIBANK.NS,0
2023-03-14,INFY.NS-ICICIBANK.NS,1
2023-03-15,INFY.NS-ICICIBANK.NS,0
2023-03-16,INFY.NS-ICICIBANK.NS,1
2023-03-17,INFY.NS-ICICIBANK.NS,0
2023-03-21,INFY.NS-ICICIBANK.NS,1
2023-03-31,INFY.NS-ICICIBANK.NS,0
2023-04-03,INFY.NS-ICICIBANK.NS,1
2023-04-05,INFY.NS-ICICIBANK.NS,0
2023-04-11,INFY.NS-ICICIBANK.NS,1
2023-04-12,INFY.NS-ICICIBANK.NS,0
2023-04-13,INFY.NS-ICICIBANK.NS,1
2023-04-17,INFY.NS-ICICIBANK.NS,0
2023-04-18,INFY.NS-ICICIBANK.NS,1
2023-06-01,INFY.NS-ICICIBANK.NS,0
2023-06-05,INFY.NS-ICICIBANK.NS,1
2023-06-20,INFY.NS-ICICIBANK.NS,0
2023-06-21,INFY.NS-ICICIBANK.NS,1
2023-06-30,INFY.NS-ICICIBANK.NS,-1
2023-07-03,INFY.NS-ICICIBANK.NS,1
2023-07-14,INFY.NS-ICICIBANK.NS,0
2023-07-16,INFY.NS-ICICIBANK.NS,-1
2023-07-18,INFY.NS-ICICIBANK.NS,0
2023-07-21,INFY.NS-ICICIBANK.NS,1
2023-08-04,INFY.NS-ICICIBANK.NS,0
2023-11-22,INFY.NS-ICICIBANK.NS,-1
2023-11-24,INFY.NS-ICICIBANK.NS,0
2023-11-28,INFY.NS-ICICIBANK.NS,-1
2023-12-01,INFY.NS-ICICIBANK.NS,0
2023-12-03,INFY.NS-ICICIBANK.NS,-1
2023-12-04,INFY.NS-ICICIBANK.NS,0
2023-12-15,INFY.NS-ICICIBANK.NS,-1
2024-03-01,INFY.NS-ICICIBANK.NS,0
2024-03-05,INFY.NS-ICICIBANK.NS,1
2024-03-09,INFY.NS-ICICIBANK.NS,0
2024-03-11,INFY.NS-ICICIBANK.NS,1
2024-03-12,INFY.NS-ICICIBANK.NS,0
2024-03-19,INFY.NS-ICICIBANK.NS,1
2024-03-29,INFY.NS-ICICIBANK.NS,0
2024-04-29,INFY.NS-ICICIBANK.NS,1
2024-05-07,INFY.NS-ICICIBANK.NS,0
2024-06-08,INFY.NS-ICICIBANK.NS,-1
2024-06-10,INFY.NS-ICICIBANK.NS,0
2024-07-02,INFY.NS-ICICIBANK.NS,-1
2024-07-03,INFY.NS-ICICIBANK.NS,0
2024-07-12,INFY.NS-ICICIBANK.NS,-1
2024-07-17,INFY.NS-ICICIBANK.NS,0
2024-07-18,INFY.NS-ICICIBANK.NS,-1
2024-08-02,INFY.NS-ICICIBANK.NS,0
2024-08-21,INFY.NS-ICICIBANK.NS,-1
2024-08-22,INFY.NS-ICICIBANK.NS,0
2024-08-28,INFY.NS-ICICIBANK.NS,-1
2024-08-29,INFY.NS-ICICIBANK.NS,0
2024-09-02,INFY.NS-ICICIBANK.NS,-1
2024-09-03,INFY.NS-ICICIBANK.NS,0
2024-09-20,INFY.NS-ICICIBANK.NS,1
2024-09-24,INFY.NS-ICICIBANK.NS,0
2024-10-05,INFY.NS-ICICIBANK.NS,-1
2024-10-18,INFY.NS-ICICIBANK.NS,0
2024-10-29,INFY.NS-ICICIBANK.NS,1
2024-11-04,INFY.NS-ICICIBANK.NS,0
2024-11-05,INFY.NS-ICICIBANK.NS,1
2024-11-06,INFY.NS-ICICIBANK.NS,0
2024-11-11,INFY.NS-ICICIBANK.NS,-1
2024-11-18,INFY.NS-ICICIBANK.NS,0
2024-11-19,INFY.NS-ICICIBANK.NS,-1
2024-11-28,INFY.NS-ICICIBANK.NS,0
2024-12-03,INFY.NS-ICICIBANK.NS,-1
2024-12-04,INFY.NS-ICICIBANK.NS,0
2024-12-05,INFY.NS-ICICIBANK.NS,-1
2024-12-31,INFY.NS-ICICIBANK.NS,0
2025-01-02,INFY.NS-ICICIBANK.NS,-1
2025-01-17,INFY.NS-ICICIBANK.NS,0
2025-01-22,INFY.NS-ICICIBANK.NS,-1
2025-01-27,INFY.NS-ICICIBANK.NS,0
2025-02-19,INFY.NS-ICICIBANK.NS,1
2025-02-20,INFY.NS-ICICIBANK.NS,0
2025-02-28,INFY.NS-ICICIBANK.NS,1
2025-03-03,INFY.NS-ICICIBANK.NS,0
2025-03-04,INFY.NS-ICICIBANK.NS,1
2025-03-05,INFY.NS-ICICIBANK.NS,0
2025-03-07,INFY.NS-ICICIBANK.NS,1
2025-03-10,INFY.NS-ICICIBANK.NS,0
2025-03-11,INFY.NS-ICICIBANK.NS,1
2025-03-12,INFY.NS-ICICIBANK.NS,0
2025-03-14,INFY.NS-ICICIBANK.NS,1
2025-05-12,INFY.NS-ICICIBANK.NS,0
2025-05-13,INFY.NS-ICICIBANK.NS,1
2025-05-14,INFY.NS-ICICIBANK.NS,0
2025-05-16,INFY.NS-ICICIBANK.NS,1
2025-06-10,INFY.NS-ICICIBANK.NS,-1
2025-06-14,INFY.NS-ICICIBANK.NS,0
2025-06-16,INFY.NS-ICICIBANK.NS,-1
2025-06-19,INFY.NS-ICICIBANK.NS,0
2025-06-23,INFY.NS-ICICIBANK.NS,1
2025-06-25,INFY.NS-ICICIBANK.NS,0
2025-06-26,INFY.NS-ICICIBANK.NS,1
2025-09-19,INFY.NS-ICICIBANK.NS,-1
2025-09-20,INFY.NS-ICICIBANK.NS,0
2025-09-22,INFY.NS-ICICIBANK.NS,1
2025-10-06,INFY.NS-ICICIBANK.NS,0
2025-10-07,INFY.NS-ICICIBANK.NS,1
2025-10-08,INFY.NS-ICICIBANK.NS,0
2025-10-16,INFY.NS-ICICIBANK.NS,1
2025-10-20,INFY.NS-ICICIBANK.NS,0
2025-10-23,INFY.NS-ICICIBANK.NS,-1
2025-10-24,INFY.NS-ICICIBANK.NS,0
2025-11-12,INFY.NS-ICICIBANK.NS,-1
2025-11-13,INFY.NS-ICICIBANK.NS,0
2025-12-18,INFY.NS-ICICIBANK.NS,-1
2025-12-30,INFY.NS-ICICIBANK.NS,0
2026-01-19,INFY.NS-ICICIBANK.NS,-1
2026-01-20,INFY.NS-ICICIBANK.NS,0
2026-01-21,INFY.NS-ICICIBANK.NS,-1
2026-01-29,INFY.NS-ICICIBANK.NS,0
2026-02-04,INFY.NS-ICICIBANK.NS,1
2026-02-12,INFY.NS-ICICIBANK.NS,0
2026-02-14,INFY.NS-ICICIBANK.NS,1
2026-02-19,INFY.NS-ICICIBANK.NS,0
2026-02-20,INFY.NS-ICICIBANK.NS,1
2026-03-04,INFY.NS-ICICIBANK.NS,0
2016-06-27,INFY.NS-ITC.NS,1
2016-06-29,INFY.NS-ITC.NS,0
2016-06-30,INFY.NS-ITC.NS,1
2016-07-04,INFY.NS-ITC.NS,0
2016-07-17,INFY.NS-ITC.NS,1
2016-07-24,INFY.NS-ITC.NS,0
2016-10-13,INFY.NS-ITC.NS,-1
2016-10-14,INFY.NS-ITC.NS,0
2016-11-03,INFY.NS-ITC.NS,1
2016-11-04,INFY.NS-ITC.NS,0
2016-11-06,INFY.NS-ITC.NS,1
2016-11-10,INFY.NS-ITC.NS,0
2016-11-12,INFY.NS-ITC.NS,1
2016-11-16,INFY.NS-ITC.NS,0
2017-01-04,INFY.NS-ITC.NS,1
2017-02-13,INFY.NS-ITC.NS,0
2017-02-15,INFY.NS-ITC.NS,1
2017-02-16,INFY.NS-ITC.NS,0
2017-04-10,INFY.NS-ITC.NS,1
2017-04-13,INFY.NS-ITC.NS,0
2017-04-15,INFY.NS-ITC.NS,1
2017-05-12,INFY.NS-ITC.NS,0
2017-05-15,INFY.NS-ITC.NS,1
2017-05-18,INFY.NS-ITC.NS,0
2017-05-19,INFY.NS-ITC.NS,1
2017-07-18,INFY.NS-ITC.NS,-1
2017-07-20,INFY.NS-ITC.NS,0
2017-07-21,INFY.NS-ITC.NS,-1
2017-07-23,INFY.NS-ITC.NS,0
2017-07-25,INFY.NS-ITC.NS,-1
2017-07-26,INFY.NS-ITC.NS,0
2017-07-31,INFY.NS-ITC.NS,-1
2017-08-01,INFY.NS-ITC.NS,0
2017-08-21,INFY.NS-ITC.NS,1
2017-08-24,INFY.NS-ITC.NS,0
2017-11-07,INFY.NS-ITC.NS,-1
2017-11-16,INFY.NS-ITC.NS,0
2017-11-17,INFY.NS-ITC.NS,-1
2017-12-03,INFY.NS-ITC.NS,0
2017-12-04,INFY.NS-ITC.NS,-1
2018-01-16,INFY.NS-ITC.NS,0
2018-01-19,INFY.NS-ITC.NS,-1
2018-04-18,INFY.NS-ITC.NS,0
2018-04-20,INFY.NS-ITC.NS,-1
2018-06-15,INFY.NS-ITC.NS,0
2018-06-16,INFY.NS-ITC.NS,-1
2018-09-04,INFY.NS-ITC.NS,0
2018-09-05,INFY.NS-ITC.NS,-1
2018-10-23,INFY.NS-ITC.NS,1
2018-10-29,INFY.NS-ITC.NS,0
2018-10-31,INFY.NS-ITC.NS,-1
2018-11-02,INFY.NS-ITC.NS,0
2018-11-07,INFY.NS-ITC.NS,-1
2018-11-09,INFY.NS-ITC.NS,0
2018-11-21,INFY.NS-ITC.NS,1
2018-11-22,INFY.NS-ITC.NS,0
2018-12-13,INFY.NS-ITC.NS,-1
2018-12-17,INFY.NS-ITC.NS,0
2019-01-15,INFY.NS-ITC.NS,-1
2019-03-06,INFY.NS-ITC.NS,0
2019-04-01,INFY.NS-ITC.NS,-1
2019-04-11,INFY.NS-ITC.NS,0
2019-06-10,INFY.NS-ITC.NS,-1
2019-07-05,INFY.NS-ITC.NS,0
2019-07-12,INFY.NS-ITC.NS,-1
2019-07-13,INFY.NS-ITC.NS,0
2019-07-15,INFY.NS-ITC.NS,-1
2019-09-23,INFY.NS-ITC.NS,0
2019-09-24,INFY.NS-ITC.NS,-1
2019-10-03,INFY.NS-ITC.NS,0
2019-10-04,INFY.NS-ITC.NS,-1
2019-10-15,INFY.NS-ITC.NS,0
2019-10-26,INFY.NS-ITC.NS,1
2019-10-31,INFY.NS-ITC.NS,0
2020-01-13,INFY.NS-ITC.NS,-1
2020-01-16,INFY.NS-ITC.NS,0
2020-01-23,INFY.NS-ITC.NS,-1
2020-01-25,INFY.NS-ITC.NS,0
2020-02-04,INFY.NS-ITC.NS,-1
2020-02-06,INFY.NS-ITC.NS,0
2020-02-07,INFY.NS-ITC.NS,-1
2020-02-10,INFY.NS-ITC.NS,0
2020-02-12,INFY.NS-ITC.NS,-1
2020-02-28,INFY.NS-ITC.NS,0
2020-03-11,INFY.NS-ITC.NS,1
2020-03-12,INFY.NS-ITC.NS,0
2020-03-14,INFY.NS-ITC.NS,1
2020-03-16,INFY.NS-ITC.NS,0
2020-03-20,INFY.NS-ITC.NS,1
2020-03-25,INFY.NS-ITC.NS,0
2020-04-01,INFY.NS-ITC.NS,1
2020-04-07,INFY.NS-ITC.NS,0
2020-06-26,INFY.NS-ITC.NS,-1
2020-06-29,INFY.NS-ITC.NS,0
2020-07-02,INFY.NS-ITC.NS,-1
2020-07-06,INFY.NS-ITC.NS,0
2020-07-08,INFY.NS-ITC.NS,-1
2020-07-14,INFY.NS-ITC.NS,0
2020-07-15,INFY.NS-ITC.NS,-1
2020-07-16,INFY.NS-ITC.NS,0
2020-07-19,INFY.NS-ITC.NS,-1
2020-07-20,INFY.NS-ITC.NS,0
2020-07-21,INFY.NS-ITC.NS,-1
2020-09-16,INFY.NS-ITC.NS,0
2020-09-18,INFY.NS-ITC.NS,-1
2020-12-22,INFY.NS-ITC.NS,0
2020-12-24,INFY.NS-ITC.NS,-1
2021-05-14,INFY.NS-ITC.NS,0
2021-05-18,INFY.NS-ITC.NS,-1
2021-10-19,INFY.NS-ITC.NS,0
2021-10-20,INFY.NS-ITC.NS,-1
2022-01-25,INFY.NS-ITC.NS,0
2022-02-01,INFY.NS-ITC.NS,-1
2022-02-03,INFY.NS-ITC.NS,0
2022-03-14,INFY.NS-ITC.NS,-1
2022-03-15,INFY.NS-ITC.NS,0
2022-03-16,INFY.NS-ITC.NS,-1
2022-03-17,INFY.NS-ITC.NS,0
2022-03-22,INFY.NS-ITC.NS,-1
2022-03-23,INFY.NS-ITC.NS,0
2022-03-31,INFY.NS-ITC.NS,-1
2022-04-01,INFY.NS-ITC.NS,0
2022-04-18,INFY.NS-ITC.NS,1
2022-04-19,INFY.NS-ITC.NS,0
2022-04-20,INFY.NS-ITC.NS,1
2022-05-05,INFY.NS-ITC.NS,0
2022-05-06,INFY.NS-ITC.NS,1
2022-06-03,INFY.NS-ITC.NS,0
2022-06-07,INFY.NS-ITC.NS,1
2022-06-09,INFY.NS-ITC.NS,0
2022-06-10,INFY.NS-ITC.NS,1
2022-06-27,INFY.NS-ITC.NS,0
2022-06-29,INFY.NS-ITC.NS,1
2022-07-04,INFY.NS-ITC.NS,0
2022-07-05,INFY.NS-ITC.NS,1
2022-07-06,INFY.NS-ITC.NS,0
2022-07-11,INFY.NS-ITC.NS,1
2022-07-20,INFY.NS-ITC.NS,0
2022-07-23,INFY.NS-ITC.NS,1
2022-07-29,INFY.NS-ITC.NS,0
2022-08-02,INFY.NS-ITC.NS,1
2022-08-03,INFY.NS-ITC.NS,0
2022-08-04,INFY.NS-ITC.NS,-1
2022-08-10,INFY.NS-ITC.NS,0
2022-08-11,INFY.NS-ITC.NS,-1
2022-08-12,INFY.NS-ITC.NS,0
2022-08-14,INFY.NS-ITC.NS,1
2022-08-17,INFY.NS-ITC.NS,0
2022-08-18,INFY.NS-ITC.NS,1
2022-10-25,INFY.NS-ITC.NS,0
2022-11-01,INFY.NS-ITC.NS,-1
2022-11-02,INFY.NS-ITC.NS,0
2022-11-15,INFY.NS-ITC.NS,-1
2022-11-17,INFY.NS-ITC.NS,0
2022-11-24,INFY.NS-ITC.NS,-1
2022-11-27,INFY.NS-ITC.NS,0
2022-12-01,INFY.NS-ITC.NS,-1
2022-12-02,INFY.NS-ITC.NS,0
2023-01-06,INFY.NS-ITC.NS,1
2023-01-08,INFY.NS-ITC.NS,0
2023-02-09,INFY.NS-ITC.NS,-1
2023-02-10,INFY.NS-ITC.NS,0
2023-02-28,INFY.NS-ITC.NS,1
2023-03-06,INFY.NS-ITC.NS,0
2023-03-08,INFY.NS-ITC.NS,1
2023-06-30,INFY.NS-ITC.NS,0
2023-07-03,INFY.NS-ITC.NS,1
2023-07-13,INFY.NS-ITC.NS,0
2023-07-20,INFY.NS-ITC.NS,-1
2023-07-21,INFY.NS-ITC.NS,1
2023-08-04,INFY.NS-ITC.NS,0
2023-09-04,INFY.NS-ITC.NS,-1
2023-09-06,INFY.NS-ITC.NS,0
2023-10-25,INFY.NS-ITC.NS,1
2023-10-27,INFY.NS-ITC.NS,0
2023-11-01,INFY.NS-ITC.NS,1
2023-11-02,INFY.NS-ITC.NS,0
2023-11-29,INFY.NS-ITC.NS,-1
2023-12-01,INFY.NS-ITC.NS,0
2023-12-02,INFY.NS-ITC.NS,-1
2023-12-15,INFY.NS-ITC.NS,0
2023-12-17,INFY.NS-ITC.NS,-1
2024-03-19,INFY.NS-ITC.NS,1
2024-03-22,INFY.NS-ITC.NS,0
2024-03-24,INFY.NS-ITC.NS,1
2024-03-31,INFY.NS-ITC.NS,0
2024-06-10,INFY.NS-ITC.NS,-1
2024-06-12,INFY.NS-ITC.NS,0
2024-06-13,INFY.NS-ITC.NS,-1
2024-06-14,INFY.NS-ITC.NS,0
2024-06-19,INFY.NS-ITC.NS,-1
2024-06-24,INFY.NS-ITC.NS,0
2024-06-25,INFY.NS-ITC.NS,-1
2024-06-26,INFY.NS-ITC.NS,0
2024-06-27,INFY.NS-ITC.NS,-1
2024-06-30,INFY.NS-ITC.NS,0
2024-07-01,INFY.NS-ITC.NS,-1
2024-07-10,INFY.NS-ITC.NS,0
2024-07-12,INFY.NS-ITC.NS,-1
2024-08-05,INFY.NS-ITC.NS,0
2024-08-07,INFY.NS-ITC.NS,-1
2024-08-08,INFY.NS-ITC.NS,0
2024-08-12,INFY.NS-ITC.NS,-1
2024-10-30,INFY.NS-ITC.NS,0
2024-11-06,INFY.NS-ITC.NS,-1
2025-01-17,INFY.NS-ITC.NS,1
2025-01-22,INFY.NS-ITC.NS,-1
2025-01-27,INFY.NS-ITC.NS,0
2025-01-29,INFY.NS-ITC.NS,-1
2025-01-30,INFY.NS-ITC.NS,0
2025-01-31,INFY.NS-ITC.NS,-1
2025-02-01,INFY.NS-ITC.NS,0
2025-02-04,INFY.NS-ITC.NS,-1
2025-02-10,INFY.NS-ITC.NS,0
2025-02-24,INFY.NS-ITC.NS,1
2025-02-25,INFY.NS-ITC.NS,0
2025-02-28,INFY.NS-ITC.NS,1
2025-03-05,INFY.NS-ITC.NS,0
2025-03-07,INFY.NS-ITC.NS,1
2025-03-09,INFY.NS-ITC.NS,0
2025-03-11,INFY.NS-ITC.NS,1
2025-03-20,INFY.NS-ITC.NS,0
2025-03-21,INFY.NS-ITC.NS,1
2025-03-22,INFY.NS-ITC.NS,0
2025-03-28,INFY.NS-ITC.NS,1
2025-03-29,INFY.NS-ITC.NS,0
2025-04-01,INFY.NS-ITC.NS,1
2025-04-29,INFY.NS-ITC.NS,0
2025-07-25,INFY.NS-ITC.NS,1
2025-07-30,INFY.NS-ITC.NS,0
2025-07-31,INFY.NS-ITC.NS,1
2025-08-01,INFY.NS-ITC.NS,0
2025-08-02,INFY.NS-ITC.NS,1
2025-08-25,INFY.NS-ITC.NS,0
2025-08-28,INFY.NS-ITC.NS,1
2025-09-10,INFY.NS-ITC.NS,0
2025-09-11,INFY.NS-ITC.NS,1
2025-09-12,INFY.NS-ITC.NS,0
2025-09-15,INFY.NS-ITC.NS,1
2025-09-17,INFY.NS-ITC.NS,0
2025-09-22,INFY.NS-ITC.NS,1
2025-09-23,INFY.NS-ITC.NS,0
2025-09-25,INFY.NS-ITC.NS,1
2025-10-08,INFY.NS-ITC.NS,0
2025-10-17,INFY.NS-ITC.NS,1
2025-10-21,INFY.NS-ITC.NS,0
2025-11-11,INFY.NS-ITC.NS,-1
2025-11-14,INFY.NS-ITC.NS,0
2025-11-19,INFY.NS-ITC.NS,-1
2025-11-20,INFY.NS-ITC.NS,0
2025-11-26,INFY.NS-ITC.NS,-1
2025-11-28,INFY.NS-ITC.NS,0
2025-12-03,INFY.NS-ITC.NS,-1
2025-12-09,INFY.NS-ITC.NS,0
2025-12-18,INFY.NS-ITC.NS,-1
2025-12-29,INFY.NS-ITC.NS,0
2026-01-01,INFY.NS-ITC.NS,-1
2026-01-12,INFY.NS-ITC.NS,0
2026-01-13,INFY.NS-ITC.NS,-1
2026-02-04,INFY.NS-ITC.NS,0
2026-02-11,INFY.NS-ITC.NS,1
2026-02-12,INFY.NS-ITC.NS,0
2026-02-14,INFY.NS-ITC.NS,1
2026-02-27,INFY.NS-ITC.NS,0
2016-08-12,RELIANCE.NS-SBIN.NS,1
2016-08-16,RELIANCE.NS-SBIN.NS,0
2016-08-22,RELIANCE.NS-SBIN.NS,1
2016-08-25,RELIANCE.NS-SBIN.NS,0
2016-09-07,RELIANCE.NS-SBIN.NS,1
2016-09-09,RELIANCE.NS-SBIN.NS,0
2016-11-07,RELIANCE.NS-SBIN.NS,1
2016-11-08,RELIANCE.NS-SBIN.NS,0
2016-11-09,RELIANCE.NS-SBIN.NS,1
2016-11-10,RELIANCE.NS-SBIN.NS,0
2016-11-13,RELIANCE.NS-SBIN.NS,1
2016-11-15,RELIANCE.NS-SBIN.NS,0
2016-11-16,RELIANCE.NS-SBIN.NS,1
2016-11-21,RELIANCE.NS-SBIN.NS,0
2017-01-02,RELIANCE.NS-SBIN.NS,-1
2017-01-03,RELIANCE.NS-SBIN.NS,0
2017-01-04,RELIANCE.NS-SBIN.NS,-1
2017-01-11,RELIANCE.NS-SBIN.NS,0
2017-01-13,RELIANCE.NS-SBIN.NS,-1
2017-01-16,RELIANCE.NS-SBIN.NS,1
2017-02-16,RELIANCE.NS-SBIN.NS,0
2017-02-22,RELIANCE.NS-SBIN.NS,-1
2017-02-23,RELIANCE.NS-SBIN.NS,0
2017-02-27,RELIANCE.NS-SBIN.NS,-1
2017-03-27,RELIANCE.NS-SBIN.NS,0
2017-04-03,RELIANCE.NS-SBIN.NS,-1
2017-04-11,RELIANCE.NS-SBIN.NS,0
2017-04-17,RELIANCE.NS-SBIN.NS,-1
2017-05-02,RELIANCE.NS-SBIN.NS,0
2017-05-19,RELIANCE.NS-SBIN.NS,1
2017-05-20,RELIANCE.NS-SBIN.NS,0
2017-06-14,RELIANCE.NS-SBIN.NS,-1
2017-11-10,RELIANCE.NS-SBIN.NS,1
2017-11-13,RELIANCE.NS-SBIN.NS,0
2017-11-23,RELIANCE.NS-SBIN.NS,-1
2017-11-28,RELIANCE.NS-SBIN.NS,0
2017-11-29,RELIANCE.NS-SBIN.NS,-1
2017-11-30,RELIANCE.NS-SBIN.NS,0
2017-12-01,RELIANCE.NS-SBIN.NS,-1
2017-12-04,RELIANCE.NS-SBIN.NS,0
2017-12-06,RELIANCE.NS-SBIN.NS,-1
2017-12-11,RELIANCE.NS-SBIN.NS,0
2018-01-09,RELIANCE.NS-SBIN.NS,-1
2018-01-17,RELIANCE.NS-SBIN.NS,0
2018-01-22,RELIANCE.NS-SBIN.NS,-1
2018-01-24,RELIANCE.NS-SBIN.NS,0
2018-01-25,RELIANCE.NS-SBIN.NS,-1
2018-01-30,RELIANCE.NS-SBIN.NS,0
2018-02-15,RELIANCE.NS-SBIN.NS,-1
2018-04-24,RELIANCE.NS-SBIN.NS,0
2018-04-28,RELIANCE.NS-SBIN.NS,-1
2018-05-23,RELIANCE.NS-SBIN.NS,0
2018-06-04,RELIANCE.NS-SBIN.NS,-1
2018-06-06,RELIANCE.NS-SBIN.NS,0
2018-06-07,RELIANCE.NS-SBIN.NS,-1
2018-07-12,RELIANCE.NS-SBIN.NS,0
2018-07-15,RELIANCE.NS-SBIN.NS,-1
2018-10-05,RELIANCE.NS-SBIN.NS,1
2018-10-08,RELIANCE.NS-SBIN.NS,0
2018-10-10,RELIANCE.NS-SBIN.NS,1
2018-10-11,RELIANCE.NS-SBIN.NS,0
2018-10-12,RELIANCE.NS-SBIN.NS,-1
2018-10-19,RELIANCE.NS-SBIN.NS,0
2018-11-01,RELIANCE.NS-SBIN.NS,1
2018-11-02,RELIANCE.NS-SBIN.NS,0
2019-01-22,RELIANCE.NS-SBIN.NS,-1
2019-01-29,RELIANCE.NS-SBIN.NS,0
2019-02-01,RELIANCE.NS-SBIN.NS,-1
2019-03-01,RELIANCE.NS-SBIN.NS,0
2019-03-06,RELIANCE.NS-SBIN.NS,-1
2019-04-04,RELIANCE.NS-SBIN.NS,0
2019-04-18,RELIANCE.NS-SBIN.NS,-1
2019-04-22,RELIANCE.NS-SBIN.NS,0
2019-04-23,RELIANCE.NS-SBIN.NS,-1
2019-05-08,RELIANCE.NS-SBIN.NS,0
2019-05-12,RELIANCE.NS-SBIN.NS,1
2019-05-19,RELIANCE.NS-SBIN.NS,0
2019-05-27,RELIANCE.NS-SBIN.NS,1
2019-05-28,RELIANCE.NS-SBIN.NS,0
2019-06-28,RELIANCE.NS-SBIN.NS,1
2019-06-29,RELIANCE.NS-SBIN.NS,0
2019-07-05,RELIANCE.NS-SBIN.NS,1
2019-07-08,RELIANCE.NS-SBIN.NS,0
2019-07-31,RELIANCE.NS-SBIN.NS,1
2019-08-01,RELIANCE.NS-SBIN.NS,0
2019-08-17,RELIANCE.NS-SBIN.NS,-1
2019-08-26,RELIANCE.NS-SBIN.NS,0
2019-09-30,RELIANCE.NS-SBIN.NS,-1
2019-10-31,RELIANCE.NS-SBIN.NS,0
2019-11-13,RELIANCE.NS-SBIN.NS,-1
2019-11-15,RELIANCE.NS-SBIN.NS,0
2019-11-19,RELIANCE.NS-SBIN.NS,-1
2020-01-30,RELIANCE.NS-SBIN.NS,0
2020-02-02,RELIANCE.NS-SBIN.NS,1
2020-02-04,RELIANCE.NS-SBIN.NS,-1
2020-02-07,RELIANCE.NS-SBIN.NS,0
2020-02-12,RELIANCE.NS-SBIN.NS,-1
2020-02-13,RELIANCE.NS-SBIN.NS,0
2020-02-14,RELIANCE.NS-SBIN.NS,-1
2020-02-20,RELIANCE.NS-SBIN.NS,0
2020-02-25,RELIANCE.NS-SBIN.NS,1
2020-03-02,RELIANCE.NS-SBIN.NS,0
2020-03-10,RELIANCE.NS-SBIN.NS,1
2020-03-20,RELIANCE.NS-SBIN.NS,0
2020-03-23,RELIANCE.NS-SBIN.NS,1
2020-03-24,RELIANCE.NS-SBIN.NS,0
2020-04-22,RELIANCE.NS-SBIN.NS,-1
2020-11-02,RELIANCE.NS-SBIN.NS,0
2020-11-04,RELIANCE.NS-SBIN.NS,1
2020-11-06,RELIANCE.NS-SBIN.NS,-1
2020-11-11,RELIANCE.NS-SBIN.NS,0
2020-11-20,RELIANCE.NS-SBIN.NS,1
2020-11-21,RELIANCE.NS-SBIN.NS,0
2021-01-06,RELIANCE.NS-SBIN.NS,1
2021-01-08,RELIANCE.NS-SBIN.NS,0
2021-01-09,RELIANCE.NS-SBIN.NS,1
2021-01-10,RELIANCE.NS-SBIN.NS,0
2021-01-11,RELIANCE.NS-SBIN.NS,1
2021-01-12,RELIANCE.NS-SBIN.NS,0
2021-01-13,RELIANCE.NS-SBIN.NS,1
2021-01-18,RELIANCE.NS-SBIN.NS,0
2021-01-28,RELIANCE.NS-SBIN.NS,1
2021-02-05,RELIANCE.NS-SBIN.NS,0
2021-02-07,RELIANCE.NS-SBIN.NS,1
2021-02-10,RELIANCE.NS-SBIN.NS,0
2021-02-22,RELIANCE.NS-SBIN.NS,1
2021-02-25,RELIANCE.NS-SBIN.NS,0
2021-03-17,RELIANCE.NS-SBIN.NS,1
2021-06-05,RELIANCE.NS-SBIN.NS,0
2021-06-07,RELIANCE.NS-SBIN.NS,-1
2021-06-09,RELIANCE.NS-SBIN.NS,0
2021-06-11,RELIANCE.NS-SBIN.NS,-1
2021-06-12,RELIANCE.NS-SBIN.NS,0
2021-06-14,RELIANCE.NS-SBIN.NS,-1
2021-06-16,RELIANCE.NS-SBIN.NS,0
2021-06-18,RELIANCE.NS-SBIN.NS,-1
2021-06-19,RELIANCE.NS-SBIN.NS,0
2021-07-29,RELIANCE.NS-SBIN.NS,1
2021-08-02,RELIANCE.NS-SBIN.NS,0
2021-08-23,RELIANCE.NS-SBIN.NS,-1
2021-09-01,RELIANCE.NS-SBIN.NS,0
2021-09-02,RELIANCE.NS-SBIN.NS,-1
2021-09-03,RELIANCE.NS-SBIN.NS,0
2021-09-04,RELIANCE.NS-SBIN.NS,-1
2021-09-14,RELIANCE.NS-SBIN.NS,0
2021-09-20,RELIANCE.NS-SBIN.NS,-1
2021-10-21,RELIANCE.NS-SBIN.NS,0
2021-11-03,RELIANCE.NS-SBIN.NS,1
2021-11-04,RELIANCE.NS-SBIN.NS,0
2021-11-24,RELIANCE.NS-SBIN.NS,1
2021-11-25,RELIANCE.NS-SBIN.NS,0
2022-01-24,RELIANCE.NS-SBIN.NS,1
2022-01-25,RELIANCE.NS-SBIN.NS,0
2022-01-26,RELIANCE.NS-SBIN.NS,1
2022-01-27,RELIANCE.NS-SBIN.NS,0
2022-01-29,RELIANCE.NS-SBIN.NS,1
2022-02-08,RELIANCE.NS-SBIN.NS,0
2022-03-22,RELIANCE.NS-SBIN.NS,-1
2022-04-06,RELIANCE.NS-SBIN.NS,0
2022-04-20,RELIANCE.NS-SBIN.NS,-1
2022-05-05,RELIANCE.NS-SBIN.NS,0
2022-06-02,RELIANCE.NS-SBIN.NS,-1
2022-06-15,RELIANCE.NS-SBIN.NS,0
2022-07-01,RELIANCE.NS-SBIN.NS,1
2022-07-02,RELIANCE.NS-SBIN.NS,0
2022-07-07,RELIANCE.NS-SBIN.NS,1
2022-07-09,RELIANCE.NS-SBIN.NS,0
2022-09-19,RELIANCE.NS-SBIN.NS,1
2022-09-20,RELIANCE.NS-SBIN.NS,0
2022-09-23,RELIANCE.NS-SBIN.NS,1
2022-09-25,RELIANCE.NS-SBIN.NS,0
2022-09-26,RELIANCE.NS-SBIN.NS,1
2022-10-03,RELIANCE.NS-SBIN.NS,0
2022-10-11,RELIANCE.NS-SBIN.NS,1
2022-10-19,RELIANCE.NS-SBIN.NS,0
2022-10-21,RELIANCE.NS-SBIN.NS,1
2022-10-31,RELIANCE.NS-SBIN.NS,0
2022-11-01,RELIANCE.NS-SBIN.NS,1
2022-11-02,RELIANCE.NS-SBIN.NS,0
2022-11-03,RELIANCE.NS-SBIN.NS,1
2022-11-04,RELIANCE.NS-SBIN.NS,0
2022-11-07,RELIANCE.NS-SBIN.NS,1
2022-11-11,RELIANCE.NS-SBIN.NS,0
2022-11-14,RELIANCE.NS-SBIN.NS,-1
2022-11-15,RELIANCE.NS-SBIN.NS,0
2022-11-16,RELIANCE.NS-SBIN.NS,1
2022-11-17,RELIANCE.NS-SBIN.NS,0
2022-11-18,RELIANCE.NS-SBIN.NS,1
2022-11-25,RELIANCE.NS-SBIN.NS,0
2022-11-29,RELIANCE.NS-SBIN.NS,-1
2022-11-30,RELIANCE.NS-SBIN.NS,0
2022-12-01,RELIANCE.NS-SBIN.NS,-1
2022-12-05,RELIANCE.NS-SBIN.NS,0
2022-12-09,RELIANCE.NS-SBIN.NS,1
2022-12-12,RELIANCE.NS-SBIN.NS,0
2022-12-14,RELIANCE.NS-SBIN.NS,1
2022-12-19,RELIANCE.NS-SBIN.NS,0
2022-12-23,RELIANCE.NS-SBIN.NS,1
2023-02-15,RELIANCE.NS-SBIN.NS,0
2023-02-28,RELIANCE.NS-SBIN.NS,1
2023-03-31,RELIANCE.NS-SBIN.NS,0
2023-04-10,RELIANCE.NS-SBIN.NS,1
2023-04-12,RELIANCE.NS-SBIN.NS,0
2023-04-18,RELIANCE.NS-SBIN.NS,1
2023-04-19,RELIANCE.NS-SBIN.NS,0
2023-04-20,RELIANCE.NS-SBIN.NS,1
2023-04-28,RELIANCE.NS-SBIN.NS,0
2023-05-10,RELIANCE.NS-SBIN.NS,-1
2023-05-11,RELIANCE.NS-SBIN.NS,0
2023-06-14,RELIANCE.NS-SBIN.NS,-1
2023-06-15,RELIANCE.NS-SBIN.NS,0
2023-06-17,RELIANCE.NS-SBIN.NS,-1
2023-06-22,RELIANCE.NS-SBIN.NS,0
2023-07-13,RELIANCE.NS-SBIN.NS,-1
2023-07-24,RELIANCE.NS-SBIN.NS,0
2023-07-31,RELIANCE.NS-SBIN.NS,-1
2023-08-01,RELIANCE.NS-SBIN.NS,0
2023-08-04,RELIANCE.NS-SBIN.NS,-1
2023-08-24,RELIANCE.NS-SBIN.NS,0
2023-08-25,RELIANCE.NS-SBIN.NS,-1
2023-08-28,RELIANCE.NS-SBIN.NS,0
2023-09-20,RELIANCE.NS-SBIN.NS,1
2023-09-27,RELIANCE.NS-SBIN.NS,0
2023-11-17,RELIANCE.NS-SBIN.NS,-1
2023-11-21,RELIANCE.NS-SBIN.NS,0
2023-11-24,RELIANCE.NS-SBIN.NS,-1
2023-11-28,RELIANCE.NS-SBIN.NS,0
2023-12-26,RELIANCE.NS-SBIN.NS,-1
2023-12-27,RELIANCE.NS-SBIN.NS,0
2023-12-28,RELIANCE.NS-SBIN.NS,-1
2024-01-03,RELIANCE.NS-SBIN.NS,0
2024-01-04,RELIANCE.NS-SBIN.NS,-1
2024-01-11,RELIANCE.NS-SBIN.NS,0
2024-01-14,RELIANCE.NS-SBIN.NS,-1
2024-01-15,RELIANCE.NS-SBIN.NS,0
2024-01-16,RELIANCE.NS-SBIN.NS,-1
2024-02-15,RELIANCE.NS-SBIN.NS,0
2024-02-23,RELIANCE.NS-SBIN.NS,-1
2024-02-28,RELIANCE.NS-SBIN.NS,0
2024-03-04,RELIANCE.NS-SBIN.NS,-1
2024-03-05,RELIANCE.NS-SBIN.NS,0
2024-03-27,RELIANCE.NS-SBIN.NS,-1
2024-04-02,RELIANCE.NS-SBIN.NS,0
2024-04-18,RELIANCE.NS-SBIN.NS,-1
2024-04-22,RELIANCE.NS-SBIN.NS,0
2024-04-26,RELIANCE.NS-SBIN.NS,1
2024-05-03,RELIANCE.NS-SBIN.NS,0
2024-05-04,RELIANCE.NS-SBIN.NS,1
2024-05-13,RELIANCE.NS-SBIN.NS,0
2024-06-26,RELIANCE.NS-SBIN.NS,-1
2024-06-27,RELIANCE.NS-SBIN.NS,0
2024-07-03,RELIANCE.NS-SBIN.NS,-1
2024-07-09,RELIANCE.NS-SBIN.NS,0
2024-09-27,RELIANCE.NS-SBIN.NS,-1
2024-09-30,RELIANCE.NS-SBIN.NS,0
2024-10-03,RELIANCE.NS-SBIN.NS,1
2024-10-04,RELIANCE.NS-SBIN.NS,0
2024-10-07,RELIANCE.NS-SBIN.NS,1
2025-01-08,RELIANCE.NS-SBIN.NS,-1
2025-01-14,RELIANCE.NS-SBIN.NS,0
2025-01-17,RELIANCE.NS-SBIN.NS,-1
2025-01-21,RELIANCE.NS-SBIN.NS,0
2025-01-27,RELIANCE.NS-SBIN.NS,1
2025-01-30,RELIANCE.NS-SBIN.NS,0
2025-02-03,RELIANCE.NS-SBIN.NS,1
2025-02-04,RELIANCE.NS-SBIN.NS,0
2025-02-12,RELIANCE.NS-SBIN.NS,1
2025-02-14,RELIANCE.NS-SBIN.NS,0
2025-03-03,RELIANCE.NS-SBIN.NS,1
2025-03-06,RELIANCE.NS-SBIN.NS,0
2025-04-05,RELIANCE.NS-SBIN.NS,1
2025-04-07,RELIANCE.NS-SBIN.NS,0
2025-04-09,RELIANCE.NS-SBIN.NS,1
2025-04-11,RELIANCE.NS-SBIN.NS,0
2025-04-28,RELIANCE.NS-SBIN.NS,-1
2025-04-30,RELIANCE.NS-SBIN.NS,0
2025-05-02,RELIANCE.NS-SBIN.NS,-1
2025-05-09,RELIANCE.NS-SBIN.NS,0
2025-05-12,RELIANCE.NS-SBIN.NS,-1
2025-05-22,RELIANCE.NS-SBIN.NS,0
2025-06-20,RELIANCE.NS-SBIN.NS,-1
2025-06-27,RELIANCE.NS-SBIN.NS,0
2025-06-28,RELIANCE.NS-SBIN.NS,-1
2025-07-15,RELIANCE.NS-SBIN.NS,0
2025-09-23,RELIANCE.NS-SBIN.NS,1
2025-09-27,RELIANCE.NS-SBIN.NS,0
2025-09-29,RELIANCE.NS-SBIN.NS,1
2025-10-06,RELIANCE.NS-SBIN.NS,0
2025-11-26,RELIANCE.NS-SBIN.NS,-1
2025-11-28,RELIANCE.NS-SBIN.NS,0
2026-01-11,RELIANCE.NS-SBIN.NS,1
2026-01-13,RELIANCE.NS-SBIN.NS,0
2026-01-15,RELIANCE.NS-SBIN.NS,1
2026-03-09,RELIANCE.NS-SBIN.NS,0
2026-03-10,RELIANCE.NS-SBIN.NS,1
2026-03-13,RELIANCE.NS-SBIN.NS,0
2016-08-29,RELIANCE.NS-ITC.NS,-1
2016-08-31,RELIANCE.NS-ITC.NS,0
2016-09-02,RELIANCE.NS-ITC.NS,1
2016-09-06,RELIANCE.NS-ITC.NS,0
2016-09-19,RELIANCE.NS-ITC.NS,-1
2016-09-20,RELIANCE.NS-ITC.NS,0
2016-09-21,RELIANCE.NS-ITC.NS,-1
2016-09-23,RELIANCE.NS-ITC.NS,0
2016-09-24,RELIANCE.NS-ITC.NS,-1
2016-09-27,RELIANCE.NS-ITC.NS,0
2016-09-28,RELIANCE.NS-ITC.NS,-1
2016-09-29,RELIANCE.NS-ITC.NS,0
2016-09-30,RELIANCE.NS-ITC.NS,-1
2016-10-05,RELIANCE.NS-ITC.NS,0
2016-10-06,RELIANCE.NS-ITC.NS,-1
2016-10-09,RELIANCE.NS-ITC.NS,0
2016-11-07,RELIANCE.NS-ITC.NS,1
2016-11-09,RELIANCE.NS-ITC.NS,0
2016-12-16,RELIANCE.NS-ITC.NS,-1
2016-12-20,RELIANCE.NS-ITC.NS,0
2016-12-21,RELIANCE.NS-ITC.NS,-1
2016-12-22,RELIANCE.NS-ITC.NS,0
2017-01-04,RELIANCE.NS-ITC.NS,-1
2017-01-17,RELIANCE.NS-ITC.NS,0
2017-01-18,RELIANCE.NS-ITC.NS,1
2017-01-30,RELIANCE.NS-ITC.NS,0
2017-02-01,RELIANCE.NS-ITC.NS,1
2017-02-16,RELIANCE.NS-ITC.NS,0
2017-02-22,RELIANCE.NS-ITC.NS,-1
2017-03-20,RELIANCE.NS-ITC.NS,0
2017-03-23,RELIANCE.NS-ITC.NS,-1
2017-03-26,RELIANCE.NS-ITC.NS,0
2017-03-31,RELIANCE.NS-ITC.NS,-1
2017-05-04,RELIANCE.NS-ITC.NS,0
2017-05-10,RELIANCE.NS-ITC.NS,-1
2017-05-11,RELIANCE.NS-ITC.NS,0
2017-05-22,RELIANCE.NS-ITC.NS,1
2017-05-26,RELIANCE.NS-ITC.NS,0
2017-06-01,RELIANCE.NS-ITC.NS,1
2017-06-06,RELIANCE.NS-ITC.NS,0
2017-07-03,RELIANCE.NS-ITC.NS,1
2017-07-04,RELIANCE.NS-ITC.NS,0
2017-07-17,RELIANCE.NS-ITC.NS,-1
2017-07-18,RELIANCE.NS-ITC.NS,0
2017-07-23,RELIANCE.NS-ITC.NS,-1
2018-02-02,RELIANCE.NS-ITC.NS,0
2018-02-07,RELIANCE.NS-ITC.NS,1
2018-02-08,RELIANCE.NS-ITC.NS,-1
2018-02-11,RELIANCE.NS-ITC.NS,0
2018-02-12,RELIANCE.NS-ITC.NS,-1
2018-03-07,RELIANCE.NS-ITC.NS,0
2018-04-25,RELIANCE.NS-ITC.NS,-1
2018-04-26,RELIANCE.NS-ITC.NS,0
2018-04-27,RELIANCE.NS-ITC.NS,-1
2018-04-30,RELIANCE.NS-ITC.NS,0
2018-06-08,RELIANCE.NS-ITC.NS,-1
2018-06-11,RELIANCE.NS-ITC.NS,0
2018-06-12,RELIANCE.NS-ITC.NS,-1
2018-06-26,RELIANCE.NS-ITC.NS,0
2018-07-04,RELIANCE.NS-ITC.NS,-1
2018-07-05,RELIANCE.NS-ITC.NS,0
2018-07-09,RELIANCE.NS-ITC.NS,-1
2018-10-04,RELIANCE.NS-ITC.NS,1
2018-10-05,RELIANCE.NS-ITC.NS,0
2018-10-12,RELIANCE.NS-ITC.NS,-1
2018-10-19,RELIANCE.NS-ITC.NS,0
2018-10-22,RELIANCE.NS-ITC.NS,1
2018-10-26,RELIANCE.NS-ITC.NS,0
2019-01-11,RELIANCE.NS-ITC.NS,1
2019-01-14,RELIANCE.NS-ITC.NS,0
2019-01-18,RELIANCE.NS-ITC.NS,-1
2019-01-20,RELIANCE.NS-ITC.NS,0
2019-01-25,RELIANCE.NS-ITC.NS,-1
2019-05-08,RELIANCE.NS-ITC.NS,1
2019-05-09,RELIANCE.NS-ITC.NS,0
2019-05-12,RELIANCE.NS-ITC.NS,1
2019-05-16,RELIANCE.NS-ITC.NS,0
2019-05-20,RELIANCE.NS-ITC.NS,-1
2019-06-19,RELIANCE.NS-ITC.NS,0
2019-06-20,RELIANCE.NS-ITC.NS,-1
2019-06-22,RELIANCE.NS-ITC.NS,0
2019-06-25,RELIANCE.NS-ITC.NS,-1
2019-06-27,RELIANCE.NS-ITC.NS,0
2019-07-26,RELIANCE.NS-ITC.NS,1
2019-07-29,RELIANCE.NS-ITC.NS,0
2019-07-30,RELIANCE.NS-ITC.NS,1
2019-07-31,RELIANCE.NS-ITC.NS,0
2019-08-01,RELIANCE.NS-ITC.NS,1
2019-08-02,RELIANCE.NS-ITC.NS,0
2019-08-05,RELIANCE.NS-ITC.NS,1
2019-08-08,RELIANCE.NS-ITC.NS,0
2019-08-14,RELIANCE.NS-ITC.NS,-1
2019-08-16,RELIANCE.NS-ITC.NS,0
2019-09-30,RELIANCE.NS-ITC.NS,-1
2019-10-01,RELIANCE.NS-ITC.NS,0
2019-10-09,RELIANCE.NS-ITC.NS,-1
2020-01-28,RELIANCE.NS-ITC.NS,0
2020-02-03,RELIANCE.NS-ITC.NS,1
2020-02-04,RELIANCE.NS-ITC.NS,-1
2020-02-26,RELIANCE.NS-ITC.NS,0
2020-02-28,RELIANCE.NS-ITC.NS,1
2020-03-03,RELIANCE.NS-ITC.NS,0
2020-03-05,RELIANCE.NS-ITC.NS,1
2020-03-09,RELIANCE.NS-ITC.NS,0
2020-03-11,RELIANCE.NS-ITC.NS,1
2020-03-12,RELIANCE.NS-ITC.NS,0
2020-03-13,RELIANCE.NS-ITC.NS,1
2020-03-19,RELIANCE.NS-ITC.NS,0
2020-03-20,RELIANCE.NS-ITC.NS,1
2020-03-25,RELIANCE.NS-ITC.NS,0
2020-04-24,RELIANCE.NS-ITC.NS,-1
2020-04-29,RELIANCE.NS-ITC.NS,0
2020-04-30,RELIANCE.NS-ITC.NS,-1
2020-05-02,RELIANCE.NS-ITC.NS,0
2020-05-07,RELIANCE.NS-ITC.NS,-1
2020-05-12,RELIANCE.NS-ITC.NS,0
2020-06-15,RELIANCE.NS-ITC.NS,-1
2020-06-19,RELIANCE.NS-ITC.NS,0
2020-06-21,RELIANCE.NS-ITC.NS,-1
2020-11-02,RELIANCE.NS-ITC.NS,0
2020-11-06,RELIANCE.NS-ITC.NS,-1
2020-11-17,RELIANCE.NS-ITC.NS,0
2020-11-20,RELIANCE.NS-ITC.NS,1
2020-11-21,RELIANCE.NS-ITC.NS,0
2021-01-11,RELIANCE.NS-ITC.NS,1
2021-01-12,RELIANCE.NS-ITC.NS,0
2021-01-20,RELIANCE.NS-ITC.NS,-1
2021-01-21,RELIANCE.NS-ITC.NS,0
2021-01-22,RELIANCE.NS-ITC.NS,-1
2021-01-25,RELIANCE.NS-ITC.NS,0
2021-01-27,RELIANCE.NS-ITC.NS,1
2021-02-01,RELIANCE.NS-ITC.NS,0
2021-02-25,RELIANCE.NS-ITC.NS,-1
2021-02-26,RELIANCE.NS-ITC.NS,0
2021-03-03,RELIANCE.NS-ITC.NS,-1
2021-03-06,RELIANCE.NS-ITC.NS,0
2021-04-12,RELIANCE.NS-ITC.NS,1
2021-04-27,RELIANCE.NS-ITC.NS,0
2021-05-04,RELIANCE.NS-ITC.NS,1
2021-05-17,RELIANCE.NS-ITC.NS,0
2021-05-30,RELIANCE.NS-ITC.NS,-1
2021-05-31,RELIANCE.NS-ITC.NS,0
2021-06-04,RELIANCE.NS-ITC.NS,-1
2021-06-09,RELIANCE.NS-ITC.NS,0
2021-06-11,RELIANCE.NS-ITC.NS,-1
2021-06-24,RELIANCE.NS-ITC.NS,0
2021-08-24,RELIANCE.NS-ITC.NS,-1
2021-08-26,RELIANCE.NS-ITC.NS,0
2021-08-27,RELIANCE.NS-ITC.NS,-1
2021-09-03,RELIANCE.NS-ITC.NS,0
2021-09-05,RELIANCE.NS-ITC.NS,-1
2021-09-06,RELIANCE.NS-ITC.NS,0
2021-09-07,RELIANCE.NS-ITC.NS,-1
2021-11-17,RELIANCE.NS-ITC.NS,0
2021-11-22,RELIANCE.NS-ITC.NS,1
2021-11-25,RELIANCE.NS-ITC.NS,-1
2021-11-26,RELIANCE.NS-ITC.NS,0
2021-12-01,RELIANCE.NS-ITC.NS,-1
2021-12-03,RELIANCE.NS-ITC.NS,0
2021-12-20,RELIANCE.NS-ITC.NS,1
2021-12-21,RELIANCE.NS-ITC.NS,0
2022-01-12,RELIANCE.NS-ITC.NS,-1
2022-01-20,RELIANCE.NS-ITC.NS,0
2022-02-24,RELIANCE.NS-ITC.NS,1
2022-02-25,RELIANCE.NS-ITC.NS,0
2022-03-07,RELIANCE.NS-ITC.NS,1
2022-03-09,RELIANCE.NS-ITC.NS,0
2022-03-23,RELIANCE.NS-ITC.NS,-1
2022-04-07,RELIANCE.NS-ITC.NS,0
2022-04-19,RELIANCE.NS-ITC.NS,-1
2022-05-05,RELIANCE.NS-ITC.NS,0
2022-06-03,RELIANCE.NS-ITC.NS,-1
2022-06-08,RELIANCE.NS-ITC.NS,0
2022-06-09,RELIANCE.NS-ITC.NS,-1
2022-06-10,RELIANCE.NS-ITC.NS,0
2022-07-01,RELIANCE.NS-ITC.NS,1
2022-07-05,RELIANCE.NS-ITC.NS,0
2022-07-06,RELIANCE.NS-ITC.NS,1
2022-07-11,RELIANCE.NS-ITC.NS,0
2022-07-13,RELIANCE.NS-ITC.NS,1
2022-07-15,RELIANCE.NS-ITC.NS,0
2022-09-22,RELIANCE.NS-ITC.NS,1
2022-10-28,RELIANCE.NS-ITC.NS,0
2022-11-28,RELIANCE.NS-ITC.NS,-1
2022-12-04,RELIANCE.NS-ITC.NS,0
2023-01-23,RELIANCE.NS-ITC.NS,1
2023-05-09,RELIANCE.NS-ITC.NS,-1
2023-05-12,RELIANCE.NS-ITC.NS,0
2023-05-16,RELIANCE.NS-ITC.NS,1
2023-05-26,RELIANCE.NS-ITC.NS,0
2023-05-31,RELIANCE.NS-ITC.NS,1
2023-06-08,RELIANCE.NS-ITC.NS,0
2023-06-09,RELIANCE.NS-ITC.NS,1
2023-06-12,RELIANCE.NS-ITC.NS,0
2023-07-03,RELIANCE.NS-ITC.NS,-1
2023-07-04,RELIANCE.NS-ITC.NS,0
2023-07-06,RELIANCE.NS-ITC.NS,-1
2023-07-10,RELIANCE.NS-ITC.NS,0
2023-07-13,RELIANCE.NS-ITC.NS,-1
2023-07-21,RELIANCE.NS-ITC.NS,0
2023-08-14,RELIANCE.NS-ITC.NS,-1
2023-08-17,RELIANCE.NS-ITC.NS,0
2023-08-18,RELIANCE.NS-ITC.NS,-1
2023-08-21,RELIANCE.NS-ITC.NS,0
2023-09-20,RELIANCE.NS-ITC.NS,1
2023-09-27,RELIANCE.NS-ITC.NS,0
2023-10-26,RELIANCE.NS-ITC.NS,1
2023-10-27,RELIANCE.NS-ITC.NS,0
2023-11-21,RELIANCE.NS-ITC.NS,-1
2023-11-30,RELIANCE.NS-ITC.NS,0
2023-12-08,RELIANCE.NS-ITC.NS,-1
2023-12-10,RELIANCE.NS-ITC.NS,0
2023-12-15,RELIANCE.NS-ITC.NS,-1
2024-05-06,RELIANCE.NS-ITC.NS,0
2024-05-14,RELIANCE.NS-ITC.NS,-1
2024-06-04,RELIANCE.NS-ITC.NS,0
2024-06-07,RELIANCE.NS-ITC.NS,-1
2024-06-24,RELIANCE.NS-ITC.NS,0
2024-06-25,RELIANCE.NS-ITC.NS,-1
2024-06-28,RELIANCE.NS-ITC.NS,0
2024-06-30,RELIANCE.NS-ITC.NS,-1
2024-07-22,RELIANCE.NS-ITC.NS,0
2024-10-06,RELIANCE.NS-ITC.NS,1
2024-10-07,RELIANCE.NS-ITC.NS,0
2024-10-08,RELIANCE.NS-ITC.NS,1
2024-10-12,RELIANCE.NS-ITC.NS,0
2024-10-15,RELIANCE.NS-ITC.NS,1
2024-10-18,RELIANCE.NS-ITC.NS,0
2024-10-22,RELIANCE.NS-ITC.NS,1
2024-10-24,RELIANCE.NS-ITC.NS,0
2024-10-25,RELIANCE.NS-ITC.NS,1
2024-10-29,RELIANCE.NS-ITC.NS,0
2024-10-31,RELIANCE.NS-ITC.NS,1
2025-03-19,RELIANCE.NS-ITC.NS,0
2025-03-20,RELIANCE.NS-ITC.NS,-1
2025-03-26,RELIANCE.NS-ITC.NS,0
2025-04-04,RELIANCE.NS-ITC.NS,1
2025-04-11,RELIANCE.NS-ITC.NS,0
2025-04-28,RELIANCE.NS-ITC.NS,-1
2025-04-29,RELIANCE.NS-ITC.NS,0
2025-05-01,RELIANCE.NS-ITC.NS,-1
2025-05-09,RELIANCE.NS-ITC.NS,0
2025-05-12,RELIANCE.NS-ITC.NS,-1
2025-05-20,RELIANCE.NS-ITC.NS,0
2025-06-05,RELIANCE.NS-ITC.NS,-1
2025-06-07,RELIANCE.NS-ITC.NS,0
2025-06-09,RELIANCE.NS-ITC.NS,-1
2025-06-10,RELIANCE.NS-ITC.NS,0
2025-06-20,RELIANCE.NS-ITC.NS,-1
2025-06-27,RELIANCE.NS-ITC.NS,0
2025-06-29,RELIANCE.NS-ITC.NS,-1
2025-07-21,RELIANCE.NS-ITC.NS,0
2025-08-19,RELIANCE.NS-ITC.NS,-1
2025-08-26,RELIANCE.NS-ITC.NS,0
2025-10-23,RELIANCE.NS-ITC.NS,-1
2025-10-26,RELIANCE.NS-ITC.NS,0
2025-10-27,RELIANCE.NS-ITC.NS,-1
2026-01-02,RELIANCE.NS-ITC.NS,0
2026-01-03,RELIANCE.NS-ITC.NS,-1
2026-01-19,RELIANCE.NS-ITC.NS,1
2026-01-27,RELIANCE.NS-ITC.NS,0
2026-02-04,RELIANCE.NS-ITC.NS,-1
2026-02-05,RELIANCE.NS-ITC.NS,0
2026-02-09,RELIANCE.NS-ITC.NS,-1
2026-02-10,RELIANCE.NS-ITC.NS,0
2026-02-11,RELIANCE.NS-ITC.NS,-1
2026-02-12,RELIANCE.NS-ITC.NS,0
2016-07-12,RELIANCE.NS-ICICIBANK.NS,1
2016-07-13,RELIANCE.NS-ICICIBANK.NS,0
2016-07-14,RELIANCE.NS-ICICIBANK.NS,1
2016-07-16,RELIANCE.NS-ICICIBANK.NS,0
2016-07-19,RELIANCE.NS-ICICIBANK.NS,1
2016-07-20,RELIANCE.NS-ICICIBANK.NS,0
2016-07-27,RELIANCE.NS-ICICIBANK.NS,1
2016-07-28,RELIANCE.NS-ICICIBANK.NS,0
2016-09-07,RELIANCE.NS-ICICIBANK.NS,1
2016-09-08,RELIANCE.NS-ICICIBANK.NS,0
2016-10-06,RELIANCE.NS-ICICIBANK.NS,-1
2016-10-08,RELIANCE.NS-ICICIBANK.NS,0
2016-11-08,RELIANCE.NS-ICICIBANK.NS,1
2016-11-09,RELIANCE.NS-ICICIBANK.NS,0
2016-11-10,RELIANCE.NS-ICICIBANK.NS,1
2016-11-11,RELIANCE.NS-ICICIBANK.NS,0
2016-12-16,RELIANCE.NS-ICICIBANK.NS,-1
2016-12-25,RELIANCE.NS-ICICIBANK.NS,0
2017-01-04,RELIANCE.NS-ICICIBANK.NS,-1
2017-01-12,RELIANCE.NS-ICICIBANK.NS,0
2017-01-17,RELIANCE.NS-ICICIBANK.NS,1
2017-01-23,RELIANCE.NS-ICICIBANK.NS,0
2017-01-25,RELIANCE.NS-ICICIBANK.NS,1
2017-02-16,RELIANCE.NS-ICICIBANK.NS,0
2017-02-22,RELIANCE.NS-ICICIBANK.NS,-1
2017-03-28,RELIANCE.NS-ICICIBANK.NS,0
2017-03-31,RELIANCE.NS-ICICIBANK.NS,-1
2017-05-04,RELIANCE.NS-ICICIBANK.NS,0
2017-05-25,RELIANCE.NS-ICICIBANK.NS,1
2017-05-26,RELIANCE.NS-ICICIBANK.NS,0
2017-07-07,RELIANCE.NS-ICICIBANK.NS,-1
2017-07-18,RELIANCE.NS-ICICIBANK.NS,0
2017-07-21,RELIANCE.NS-ICICIBANK.NS,-1
2017-08-28,RELIANCE.NS-ICICIBANK.NS,0
2017-08-31,RELIANCE.NS-ICICIBANK.NS,-1
2017-11-10,RELIANCE.NS-ICICIBANK.NS,0
2017-11-16,RELIANCE.NS-ICICIBANK.NS,-1
2017-11-17,RELIANCE.NS-ICICIBANK.NS,0
2017-11-20,RELIANCE.NS-ICICIBANK.NS,-1
2017-12-21,RELIANCE.NS-ICICIBANK.NS,0
2017-12-22,RELIANCE.NS-ICICIBANK.NS,-1
2018-01-03,RELIANCE.NS-ICICIBANK.NS,0
2018-01-04,RELIANCE.NS-ICICIBANK.NS,-1
2018-01-15,RELIANCE.NS-ICICIBANK.NS,0
2018-02-28,RELIANCE.NS-ICICIBANK.NS,-1
2018-03-14,RELIANCE.NS-ICICIBANK.NS,0
2018-03-22,RELIANCE.NS-ICICIBANK.NS,-1
2018-05-08,RELIANCE.NS-ICICIBANK.NS,0
2018-05-09,RELIANCE.NS-ICICIBANK.NS,-1
2018-05-17,RELIANCE.NS-ICICIBANK.NS,0
2018-05-18,RELIANCE.NS-ICICIBANK.NS,-1
2018-05-21,RELIANCE.NS-ICICIBANK.NS,0
2018-06-04,RELIANCE.NS-ICICIBANK.NS,-1
2018-07-12,RELIANCE.NS-ICICIBANK.NS,0
2018-07-14,RELIANCE.NS-ICICIBANK.NS,-1
2018-10-04,RELIANCE.NS-ICICIBANK.NS,1
2018-10-05,RELIANCE.NS-ICICIBANK.NS,0
2018-10-07,RELIANCE.NS-ICICIBANK.NS,1
2018-10-08,RELIANCE.NS-ICICIBANK.NS,0
2018-10-10,RELIANCE.NS-ICICIBANK.NS,1
2018-10-11,RELIANCE.NS-ICICIBANK.NS,0
2018-10-22,RELIANCE.NS-ICICIBANK.NS,1
2018-10-26,RELIANCE.NS-ICICIBANK.NS,0
2018-10-30,RELIANCE.NS-ICICIBANK.NS,1
2018-11-02,RELIANCE.NS-ICICIBANK.NS,0
2019-01-08,RELIANCE.NS-ICICIBANK.NS,1
2019-01-14,RELIANCE.NS-ICICIBANK.NS,0
2019-01-21,RELIANCE.NS-ICICIBANK.NS,-1
2019-01-29,RELIANCE.NS-ICICIBANK.NS,0
2019-02-01,RELIANCE.NS-ICICIBANK.NS,-1
2019-02-08,RELIANCE.NS-ICICIBANK.NS,0
2019-05-02,RELIANCE.NS-ICICIBANK.NS,-1
2019-05-06,RELIANCE.NS-ICICIBANK.NS,0
2019-05-12,RELIANCE.NS-ICICIBANK.NS,1
2019-05-14,RELIANCE.NS-ICICIBANK.NS,0
2019-05-17,RELIANCE.NS-ICICIBANK.NS,1
2019-05-18,RELIANCE.NS-ICICIBANK.NS,0
2019-05-24,RELIANCE.NS-ICICIBANK.NS,1
2019-05-26,RELIANCE.NS-ICICIBANK.NS,0
2019-05-27,RELIANCE.NS-ICICIBANK.NS,1
2019-05-29,RELIANCE.NS-ICICIBANK.NS,0
2019-06-20,RELIANCE.NS-ICICIBANK.NS,1
2019-06-25,RELIANCE.NS-ICICIBANK.NS,0
2019-06-26,RELIANCE.NS-ICICIBANK.NS,1
2019-07-03,RELIANCE.NS-ICICIBANK.NS,0
2019-07-05,RELIANCE.NS-ICICIBANK.NS,1
2019-07-09,RELIANCE.NS-ICICIBANK.NS,0
2019-07-26,RELIANCE.NS-ICICIBANK.NS,1
2019-08-13,RELIANCE.NS-ICICIBANK.NS,0
2019-08-23,RELIANCE.NS-ICICIBANK.NS,-1
2019-08-24,RELIANCE.NS-ICICIBANK.NS,0
2019-09-12,RELIANCE.NS-ICICIBANK.NS,1
2019-09-18,RELIANCE.NS-ICICIBANK.NS,0
2019-09-23,RELIANCE.NS-ICICIBANK.NS,1
2019-09-30,RELIANCE.NS-ICICIBANK.NS,0
2019-10-10,RELIANCE.NS-ICICIBANK.NS,-1
2019-10-11,RELIANCE.NS-ICICIBANK.NS,0
2019-10-18,RELIANCE.NS-ICICIBANK.NS,-1
2019-10-22,RELIANCE.NS-ICICIBANK.NS,0
2019-12-26,RELIANCE.NS-ICICIBANK.NS,1
2019-12-27,RELIANCE.NS-ICICIBANK.NS,0
2020-01-30,RELIANCE.NS-ICICIBANK.NS,1
2020-01-31,RELIANCE.NS-ICICIBANK.NS,0
2020-02-01,RELIANCE.NS-ICICIBANK.NS,1
2020-02-13,RELIANCE.NS-ICICIBANK.NS,0
2020-02-18,RELIANCE.NS-ICICIBANK.NS,1
2020-02-19,RELIANCE.NS-ICICIBANK.NS,0
2020-02-25,RELIANCE.NS-ICICIBANK.NS,1
2020-03-20,RELIANCE.NS-ICICIBANK.NS,0
2020-03-25,RELIANCE.NS-ICICIBANK.NS,-1
2020-03-26,RELIANCE.NS-ICICIBANK.NS,0
2020-03-31,RELIANCE.NS-ICICIBANK.NS,-1
2020-04-10,RELIANCE.NS-ICICIBANK.NS,0
2020-04-21,RELIANCE.NS-ICICIBANK.NS,-1
2020-10-26,RELIANCE.NS-ICICIBANK.NS,0
2020-10-28,RELIANCE.NS-ICICIBANK.NS,-1
2020-11-02,RELIANCE.NS-ICICIBANK.NS,0
2020-11-04,RELIANCE.NS-ICICIBANK.NS,1
2020-11-06,RELIANCE.NS-ICICIBANK.NS,0
2020-11-11,RELIANCE.NS-ICICIBANK.NS,1
2020-11-12,RELIANCE.NS-ICICIBANK.NS,0
2021-01-06,RELIANCE.NS-ICICIBANK.NS,1
2021-01-12,RELIANCE.NS-ICICIBANK.NS,0
2021-01-13,RELIANCE.NS-ICICIBANK.NS,1
2021-01-14,RELIANCE.NS-ICICIBANK.NS,0
2021-01-29,RELIANCE.NS-ICICIBANK.NS,1
2021-02-01,RELIANCE.NS-ICICIBANK.NS,0
2021-02-02,RELIANCE.NS-ICICIBANK.NS,1
2021-02-11,RELIANCE.NS-ICICIBANK.NS,0
2021-02-12,RELIANCE.NS-ICICIBANK.NS,1
2021-02-19,RELIANCE.NS-ICICIBANK.NS,0
2021-02-21,RELIANCE.NS-ICICIBANK.NS,1
2021-02-25,RELIANCE.NS-ICICIBANK.NS,0
2021-03-02,RELIANCE.NS-ICICIBANK.NS,1
2021-03-03,RELIANCE.NS-ICICIBANK.NS,0
2021-03-10,RELIANCE.NS-ICICIBANK.NS,1
2021-06-01,RELIANCE.NS-ICICIBANK.NS,0
2021-06-02,RELIANCE.NS-ICICIBANK.NS,-1
2021-06-06,RELIANCE.NS-ICICIBANK.NS,0
2021-06-07,RELIANCE.NS-ICICIBANK.NS,-1
2021-06-09,RELIANCE.NS-ICICIBANK.NS,0
2021-06-11,RELIANCE.NS-ICICIBANK.NS,-1
2021-06-16,RELIANCE.NS-ICICIBANK.NS,0
2021-07-27,RELIANCE.NS-ICICIBANK.NS,1
2021-08-02,RELIANCE.NS-ICICIBANK.NS,0
2021-08-04,RELIANCE.NS-ICICIBANK.NS,1
2021-08-05,RELIANCE.NS-ICICIBANK.NS,0
2021-09-03,RELIANCE.NS-ICICIBANK.NS,-1
2021-09-12,RELIANCE.NS-ICICIBANK.NS,0
2021-09-22,RELIANCE.NS-ICICIBANK.NS,-1
2021-10-21,RELIANCE.NS-ICICIBANK.NS,0
2022-01-10,RELIANCE.NS-ICICIBANK.NS,1
2022-01-11,RELIANCE.NS-ICICIBANK.NS,0
2022-01-24,RELIANCE.NS-ICICIBANK.NS,1
2022-01-29,RELIANCE.NS-ICICIBANK.NS,0
2022-02-01,RELIANCE.NS-ICICIBANK.NS,1
2022-02-07,RELIANCE.NS-ICICIBANK.NS,0
2022-03-02,RELIANCE.NS-ICICIBANK.NS,-1
2022-03-04,RELIANCE.NS-ICICIBANK.NS,0
2022-03-09,RELIANCE.NS-ICICIBANK.NS,-1
2022-03-14,RELIANCE.NS-ICICIBANK.NS,0
2022-03-17,RELIANCE.NS-ICICIBANK.NS,-1
2022-03-18,RELIANCE.NS-ICICIBANK.NS,0
2022-03-21,RELIANCE.NS-ICICIBANK.NS,-1
2022-04-07,RELIANCE.NS-ICICIBANK.NS,0
2022-04-20,RELIANCE.NS-ICICIBANK.NS,-1
2022-05-05,RELIANCE.NS-ICICIBANK.NS,0
2022-06-02,RELIANCE.NS-ICICIBANK.NS,-1
2022-06-22,RELIANCE.NS-ICICIBANK.NS,0
2022-06-29,RELIANCE.NS-ICICIBANK.NS,-1
2022-07-01,RELIANCE.NS-ICICIBANK.NS,0
2022-07-04,RELIANCE.NS-ICICIBANK.NS,1
2022-07-05,RELIANCE.NS-ICICIBANK.NS,0
2022-07-06,RELIANCE.NS-ICICIBANK.NS,1
2022-07-12,RELIANCE.NS-ICICIBANK.NS,0
2022-07-13,RELIANCE.NS-ICICIBANK.NS,1
2022-07-14,RELIANCE.NS-ICICIBANK.NS,0
2022-09-01,RELIANCE.NS-ICICIBANK.NS,1
2022-09-06,RELIANCE.NS-ICICIBANK.NS,0
2022-09-08,RELIANCE.NS-ICICIBANK.NS,1
2022-09-12,RELIANCE.NS-ICICIBANK.NS,0
2022-09-14,RELIANCE.NS-ICICIBANK.NS,1
2022-09-16,RELIANCE.NS-ICICIBANK.NS,0
2022-09-17,RELIANCE.NS-ICICIBANK.NS,1
2022-11-11,RELIANCE.NS-ICICIBANK.NS,0
2022-11-15,RELIANCE.NS-ICICIBANK.NS,1
2022-11-28,RELIANCE.NS-ICICIBANK.NS,0
2022-11-29,RELIANCE.NS-ICICIBANK.NS,1
2022-12-01,RELIANCE.NS-ICICIBANK.NS,0
2022-12-02,RELIANCE.NS-ICICIBANK.NS,-1
2022-12-03,RELIANCE.NS-ICICIBANK.NS,0
2022-12-05,RELIANCE.NS-ICICIBANK.NS,1
2022-12-06,RELIANCE.NS-ICICIBANK.NS,0
2022-12-07,RELIANCE.NS-ICICIBANK.NS,1
2022-12-20,RELIANCE.NS-ICICIBANK.NS,0
2022-12-23,RELIANCE.NS-ICICIBANK.NS,1
2023-01-06,RELIANCE.NS-ICICIBANK.NS,0
2023-01-13,RELIANCE.NS-ICICIBANK.NS,1
2023-01-17,RELIANCE.NS-ICICIBANK.NS,0
2023-01-20,RELIANCE.NS-ICICIBANK.NS,1
2023-01-30,RELIANCE.NS-ICICIBANK.NS,0
2023-01-31,RELIANCE.NS-ICICIBANK.NS,1
2023-02-17,RELIANCE.NS-ICICIBANK.NS,0
2023-02-27,RELIANCE.NS-ICICIBANK.NS,1
2023-05-10,RELIANCE.NS-ICICIBANK.NS,0
2023-05-11,RELIANCE.NS-ICICIBANK.NS,1
2023-05-29,RELIANCE.NS-ICICIBANK.NS,0
2023-05-31,RELIANCE.NS-ICICIBANK.NS,1
2023-06-07,RELIANCE.NS-ICICIBANK.NS,0
2023-06-18,RELIANCE.NS-ICICIBANK.NS,-1
2023-06-22,RELIANCE.NS-ICICIBANK.NS,0
2023-07-03,RELIANCE.NS-ICICIBANK.NS,-1
2023-07-04,RELIANCE.NS-ICICIBANK.NS,0
2023-07-12,RELIANCE.NS-ICICIBANK.NS,-1
2023-07-21,RELIANCE.NS-ICICIBANK.NS,0
2023-08-11,RELIANCE.NS-ICICIBANK.NS,-1
2023-08-17,RELIANCE.NS-ICICIBANK.NS,0
2023-08-18,RELIANCE.NS-ICICIBANK.NS,-1
2023-08-21,RELIANCE.NS-ICICIBANK.NS,0
2023-09-20,RELIANCE.NS-ICICIBANK.NS,1
2023-09-21,RELIANCE.NS-ICICIBANK.NS,0
2023-11-16,RELIANCE.NS-ICICIBANK.NS,-1
2023-11-17,RELIANCE.NS-ICICIBANK.NS,0
2023-11-19,RELIANCE.NS-ICICIBANK.NS,-1
2023-11-21,RELIANCE.NS-ICICIBANK.NS,0
2023-11-24,RELIANCE.NS-ICICIBANK.NS,-1
2023-11-29,RELIANCE.NS-ICICIBANK.NS,0
2023-12-21,RELIANCE.NS-ICICIBANK.NS,-1
2024-01-23,RELIANCE.NS-ICICIBANK.NS,0
2024-01-24,RELIANCE.NS-ICICIBANK.NS,-1
2024-03-11,RELIANCE.NS-ICICIBANK.NS,0
2024-03-12,RELIANCE.NS-ICICIBANK.NS,-1
2024-03-13,RELIANCE.NS-ICICIBANK.NS,0
2024-03-27,RELIANCE.NS-ICICIBANK.NS,-1
2024-04-01,RELIANCE.NS-ICICIBANK.NS,0
2024-04-02,RELIANCE.NS-ICICIBANK.NS,-1
2024-04-04,RELIANCE.NS-ICICIBANK.NS,0
2024-04-08,RELIANCE.NS-ICICIBANK.NS,-1
2024-04-09,RELIANCE.NS-ICICIBANK.NS,0
2024-04-15,RELIANCE.NS-ICICIBANK.NS,-1
2024-04-24,RELIANCE.NS-ICICIBANK.NS,0
2024-04-29,RELIANCE.NS-ICICIBANK.NS,1
2024-05-02,RELIANCE.NS-ICICIBANK.NS,0
2024-05-03,RELIANCE.NS-ICICIBANK.NS,1
2024-05-08,RELIANCE.NS-ICICIBANK.NS,0
2024-05-09,RELIANCE.NS-ICICIBANK.NS,1
2024-05-10,RELIANCE.NS-ICICIBANK.NS,0
2024-06-25,RELIANCE.NS-ICICIBANK.NS,1
2024-06-26,RELIANCE.NS-ICICIBANK.NS,0
2024-07-22,RELIANCE.NS-ICICIBANK.NS,1
2024-07-24,RELIANCE.NS-ICICIBANK.NS,0
2024-08-05,RELIANCE.NS-ICICIBANK.NS,1
2024-08-06,RELIANCE.NS-ICICIBANK.NS,0
2024-08-12,RELIANCE.NS-ICICIBANK.NS,1
2024-08-13,RELIANCE.NS-ICICIBANK.NS,0
2024-08-27,RELIANCE.NS-ICICIBANK.NS,1
2024-08-29,RELIANCE.NS-ICICIBANK.NS,0
2024-08-30,RELIANCE.NS-ICICIBANK.NS,1
2024-09-18,RELIANCE.NS-ICICIBANK.NS,0
2024-09-19,RELIANCE.NS-ICICIBANK.NS,1
2024-09-20,RELIANCE.NS-ICICIBANK.NS,0
2024-09-21,RELIANCE.NS-ICICIBANK.NS,1
2025-01-17,RELIANCE.NS-ICICIBANK.NS,0
2025-01-23,RELIANCE.NS-ICICIBANK.NS,1
2025-03-07,RELIANCE.NS-ICICIBANK.NS,0
2025-03-11,RELIANCE.NS-ICICIBANK.NS,1
2025-03-12,RELIANCE.NS-ICICIBANK.NS,0
2025-03-13,RELIANCE.NS-ICICIBANK.NS,1
2025-03-15,RELIANCE.NS-ICICIBANK.NS,0
2025-03-17,RELIANCE.NS-ICICIBANK.NS,1
2025-04-04,RELIANCE.NS-ICICIBANK.NS,0
2025-04-05,RELIANCE.NS-ICICIBANK.NS,1
2025-04-29,RELIANCE.NS-ICICIBANK.NS,0
2025-06-26,RELIANCE.NS-ICICIBANK.NS,-1
2025-07-01,RELIANCE.NS-ICICIBANK.NS,0
2025-07-02,RELIANCE.NS-ICICIBANK.NS,-1
2025-07-09,RELIANCE.NS-ICICIBANK.NS,0
2025-07-22,RELIANCE.NS-ICICIBANK.NS,1
2025-07-29,RELIANCE.NS-ICICIBANK.NS,0
2025-09-19,RELIANCE.NS-ICICIBANK.NS,-1
2025-09-21,RELIANCE.NS-ICICIBANK.NS,0
2025-09-26,RELIANCE.NS-ICICIBANK.NS,-1
2025-09-30,RELIANCE.NS-ICICIBANK.NS,0
2025-10-24,RELIANCE.NS-ICICIBANK.NS,-1
2025-10-28,RELIANCE.NS-ICICIBANK.NS,0
2025-10-30,RELIANCE.NS-ICICIBANK.NS,-1
2026-01-06,RELIANCE.NS-ICICIBANK.NS,1
2026-01-08,RELIANCE.NS-ICICIBANK.NS,0
2026-01-09,RELIANCE.NS-ICICIBANK.NS,1
2026-01-13,RELIANCE.NS-ICICIBANK.NS,0
2026-01-14,RELIANCE.NS-ICICIBANK.NS,1
2026-01-17,RELIANCE.NS-ICICIBANK.NS,0
2026-01-19,RELIANCE.NS-ICICIBANK.NS,1
2026-01-21,RELIANCE.NS-ICICIBANK.NS,0
2026-03-06,RELIANCE.NS-ICICIBANK.NS,-1
2026-03-09,RELIANCE.NS-ICICIBANK.NS,0
2026-03-10,RELIANCE.NS-ICICIBANK.NS,-1
2026-03-11,RELIANCE.NS-ICICIBANK.NS,0
2026-03-12,RELIANCE.NS-ICICIBANK.NS,-1
2026-03-17,RELIANCE.NS-ICICIBANK.NS,0
2026-03-19,RELIANCE.NS-ICICIBANK.NS,-1
2026-03-24,RELIANCE.NS-ICICIBANK.NS,0
2016-06-27,INFY.NS-SBIN.NS,1
2016-06-29,INFY.NS-SBIN.NS,0
2016-07-15,INFY.NS-SBIN.NS,1
2016-07-21,INFY.NS-SBIN.NS,0
2016-08-19,INFY.NS-SBIN.NS,1
2016-08-22,INFY.NS-SBIN.NS,0
2016-10-28,INFY.NS-SBIN.NS,1
2016-10-29,INFY.NS-SBIN.NS,0
2016-11-01,INFY.NS-SBIN.NS,1
2016-11-02,INFY.NS-SBIN.NS,0
2016-11-14,INFY.NS-SBIN.NS,1
2016-11-21,INFY.NS-SBIN.NS,0
2017-01-04,INFY.NS-SBIN.NS,1
2017-02-13,INFY.NS-SBIN.NS,0
2017-04-05,INFY.NS-SBIN.NS,1
2017-04-06,INFY.NS-SBIN.NS,0
2017-04-07,INFY.NS-SBIN.NS,1
2017-04-13,INFY.NS-SBIN.NS,0
2017-04-14,INFY.NS-SBIN.NS,1
2017-05-24,INFY.NS-SBIN.NS,0
2017-06-16,INFY.NS-SBIN.NS,1
2017-06-27,INFY.NS-SBIN.NS,0
2017-08-07,INFY.NS-SBIN.NS,1
2017-08-09,INFY.NS-SBIN.NS,0
2017-08-11,INFY.NS-SBIN.NS,-1
2017-08-16,INFY.NS-SBIN.NS,0
2017-08-21,INFY.NS-SBIN.NS,1
2017-08-24,INFY.NS-SBIN.NS,0
2017-09-04,INFY.NS-SBIN.NS,1
2017-09-05,INFY.NS-SBIN.NS,0
2017-09-06,INFY.NS-SBIN.NS,1
2017-09-15,INFY.NS-SBIN.NS,0
2017-10-11,INFY.NS-SBIN.NS,-1
2017-10-12,INFY.NS-SBIN.NS,0
2017-10-16,INFY.NS-SBIN.NS,-1
2017-10-17,INFY.NS-SBIN.NS,0
2017-10-18,INFY.NS-SBIN.NS,-1
2017-10-24,INFY.NS-SBIN.NS,0
2017-10-26,INFY.NS-SBIN.NS,1
2017-11-07,INFY.NS-SBIN.NS,0
2017-11-10,INFY.NS-SBIN.NS,1
2017-11-16,INFY.NS-SBIN.NS,0
2017-11-17,INFY.NS-SBIN.NS,1
2017-11-23,INFY.NS-SBIN.NS,0
2018-01-10,INFY.NS-SBIN.NS,-1
2018-06-28,INFY.NS-SBIN.NS,0
2018-07-01,INFY.NS-SBIN.NS,-1
2018-07-02,INFY.NS-SBIN.NS,0
2018-07-04,INFY.NS-SBIN.NS,-1
2018-10-24,INFY.NS-SBIN.NS,0
2018-10-25,INFY.NS-SBIN.NS,-1
2018-10-26,INFY.NS-SBIN.NS,0
2018-10-29,INFY.NS-SBIN.NS,1
2018-10-30,INFY.NS-SBIN.NS,0
2018-11-01,INFY.NS-SBIN.NS,1
2018-11-04,INFY.NS-SBIN.NS,0
2018-11-05,INFY.NS-SBIN.NS,1
2018-11-06,INFY.NS-SBIN.NS,0
2018-11-21,INFY.NS-SBIN.NS,1
2018-11-22,INFY.NS-SBIN.NS,0
2019-01-15,INFY.NS-SBIN.NS,-1
2019-01-20,INFY.NS-SBIN.NS,0
2019-01-21,INFY.NS-SBIN.NS,-1
2019-01-23,INFY.NS-SBIN.NS,0
2019-01-31,INFY.NS-SBIN.NS,-1
2019-03-05,INFY.NS-SBIN.NS,0
2019-03-18,INFY.NS-SBIN.NS,1
2019-03-19,INFY.NS-SBIN.NS,0
2019-05-25,INFY.NS-SBIN.NS,1
2019-05-28,INFY.NS-SBIN.NS,0
2019-07-05,INFY.NS-SBIN.NS,1
2019-07-15,INFY.NS-SBIN.NS,-1
2019-07-16,INFY.NS-SBIN.NS,0
2019-07-18,INFY.NS-SBIN.NS,-1
2019-07-21,INFY.NS-SBIN.NS,0
2019-07-22,INFY.NS-SBIN.NS,-1
2019-07-26,INFY.NS-SBIN.NS,0
2019-07-29,INFY.NS-SBIN.NS,-1
2019-09-20,INFY.NS-SBIN.NS,0
2019-09-30,INFY.NS-SBIN.NS,-1
2019-10-09,INFY.NS-SBIN.NS,0
2019-10-10,INFY.NS-SBIN.NS,-1
2019-10-15,INFY.NS-SBIN.NS,0
2019-10-27,INFY.NS-SBIN.NS,1
2019-11-01,INFY.NS-SBIN.NS,0
2020-01-13,INFY.NS-SBIN.NS,-1
2020-01-21,INFY.NS-SBIN.NS,0
2020-01-23,INFY.NS-SBIN.NS,-1
2020-01-24,INFY.NS-SBIN.NS,0
2020-01-29,INFY.NS-SBIN.NS,-1
2020-01-30,INFY.NS-SBIN.NS,0
2020-02-04,INFY.NS-SBIN.NS,-1
2020-02-05,INFY.NS-SBIN.NS,0
2020-03-12,INFY.NS-SBIN.NS,1
2020-03-13,INFY.NS-SBIN.NS,0
2020-03-20,INFY.NS-SBIN.NS,1
2020-03-24,INFY.NS-SBIN.NS,0
2020-04-23,INFY.NS-SBIN.NS,-1
2020-04-24,INFY.NS-SBIN.NS,0
2020-04-30,INFY.NS-SBIN.NS,-1
2020-05-14,INFY.NS-SBIN.NS,0
2020-05-18,INFY.NS-SBIN.NS,-1
2020-07-15,INFY.NS-SBIN.NS,0
2020-07-21,INFY.NS-SBIN.NS,-1
2020-12-22,INFY.NS-SBIN.NS,0
2020-12-24,INFY.NS-SBIN.NS,-1
2021-01-11,INFY.NS-SBIN.NS,0
2021-01-12,INFY.NS-SBIN.NS,-1
2021-02-05,INFY.NS-SBIN.NS,0
2021-02-08,INFY.NS-SBIN.NS,-1
2021-02-10,INFY.NS-SBIN.NS,0
2021-02-12,INFY.NS-SBIN.NS,-1
2021-02-13,INFY.NS-SBIN.NS,0
2021-03-12,INFY.NS-SBIN.NS,-1
2021-03-18,INFY.NS-SBIN.NS,0
2021-03-22,INFY.NS-SBIN.NS,-1
2021-03-24,INFY.NS-SBIN.NS,0
2021-03-30,INFY.NS-SBIN.NS,-1
2021-03-31,INFY.NS-SBIN.NS,0
2021-04-01,INFY.NS-SBIN.NS,-1
2021-04-15,INFY.NS-SBIN.NS,0
2021-04-19,INFY.NS-SBIN.NS,-1
2021-04-20,INFY.NS-SBIN.NS,0
2021-06-11,INFY.NS-SBIN.NS,-1
2021-06-12,INFY.NS-SBIN.NS,0
2021-06-14,INFY.NS-SBIN.NS,-1
2021-06-17,INFY.NS-SBIN.NS,0
2021-06-20,INFY.NS-SBIN.NS,-1
2021-06-24,INFY.NS-SBIN.NS,0
2021-06-25,INFY.NS-SBIN.NS,-1
2021-10-29,INFY.NS-SBIN.NS,1
2021-10-30,INFY.NS-SBIN.NS,0
2021-11-01,INFY.NS-SBIN.NS,-1
2021-11-02,INFY.NS-SBIN.NS,0
2021-11-08,INFY.NS-SBIN.NS,-1
2021-11-24,INFY.NS-SBIN.NS,0
2021-11-25,INFY.NS-SBIN.NS,-1
2021-11-28,INFY.NS-SBIN.NS,0
2021-11-29,INFY.NS-SBIN.NS,-1
2021-12-06,INFY.NS-SBIN.NS,0
2021-12-08,INFY.NS-SBIN.NS,-1
2022-01-21,INFY.NS-SBIN.NS,0
2022-01-27,INFY.NS-SBIN.NS,1
2022-01-31,INFY.NS-SBIN.NS,0
2022-03-14,INFY.NS-SBIN.NS,-1
2022-03-15,INFY.NS-SBIN.NS,0
2022-03-16,INFY.NS-SBIN.NS,-1
2022-03-17,INFY.NS-SBIN.NS,0
2022-03-22,INFY.NS-SBIN.NS,-1
2022-03-23,INFY.NS-SBIN.NS,0
2022-03-30,INFY.NS-SBIN.NS,-1
2022-04-01,INFY.NS-SBIN.NS,0
2022-04-18,INFY.NS-SBIN.NS,1
2022-04-19,INFY.NS-SBIN.NS,0
2022-04-20,INFY.NS-SBIN.NS,1
2022-05-05,INFY.NS-SBIN.NS,0
2022-05-06,INFY.NS-SBIN.NS,1
2022-05-09,INFY.NS-SBIN.NS,0
2022-05-11,INFY.NS-SBIN.NS,1
2022-05-30,INFY.NS-SBIN.NS,0
2022-06-01,INFY.NS-SBIN.NS,1
2022-06-02,INFY.NS-SBIN.NS,0
2022-06-10,INFY.NS-SBIN.NS,1
2022-06-21,INFY.NS-SBIN.NS,0
2022-06-22,INFY.NS-SBIN.NS,1
2022-06-23,INFY.NS-SBIN.NS,0
2022-06-24,INFY.NS-SBIN.NS,1
2022-06-27,INFY.NS-SBIN.NS,0
2022-07-12,INFY.NS-SBIN.NS,1
2022-07-18,INFY.NS-SBIN.NS,0
2022-07-19,INFY.NS-SBIN.NS,1
2022-07-20,INFY.NS-SBIN.NS,0
2022-07-22,INFY.NS-SBIN.NS,1
2022-07-29,INFY.NS-SBIN.NS,0
2022-07-31,INFY.NS-SBIN.NS,1
2022-08-04,INFY.NS-SBIN.NS,-1
2022-08-12,INFY.NS-SBIN.NS,1
2022-10-31,INFY.NS-SBIN.NS,0
2022-11-03,INFY.NS-SBIN.NS,1
2022-11-11,INFY.NS-SBIN.NS,0
2022-11-24,INFY.NS-SBIN.NS,-1
2022-11-28,INFY.NS-SBIN.NS,0
2022-12-01,INFY.NS-SBIN.NS,-1
2022-12-02,INFY.NS-SBIN.NS,0
2023-01-06,INFY.NS-SBIN.NS,1
2023-01-08,INFY.NS-SBIN.NS,0
2023-02-01,INFY.NS-SBIN.NS,-1
2023-02-06,INFY.NS-SBIN.NS,0
2023-02-09,INFY.NS-SBIN.NS,-1
2023-02-10,INFY.NS-SBIN.NS,0
2023-02-16,INFY.NS-SBIN.NS,-1
2023-02-17,INFY.NS-SBIN.NS,0
2023-02-20,INFY.NS-SBIN.NS,-1
2023-02-21,INFY.NS-SBIN.NS,0
2023-04-18,INFY.NS-SBIN.NS,1
2023-05-23,INFY.NS-SBIN.NS,0
2023-05-24,INFY.NS-SBIN.NS,1
2023-05-25,INFY.NS-SBIN.NS,0
2023-06-06,INFY.NS-SBIN.NS,1
2023-06-12,INFY.NS-SBIN.NS,0
2023-06-22,INFY.NS-SBIN.NS,1
2023-06-30,INFY.NS-SBIN.NS,-1
2023-07-03,INFY.NS-SBIN.NS,1
2023-07-04,INFY.NS-SBIN.NS,0
2023-07-06,INFY.NS-SBIN.NS,1
2023-07-11,INFY.NS-SBIN.NS,0
2023-07-12,INFY.NS-SBIN.NS,1
2023-07-13,INFY.NS-SBIN.NS,-1
2023-07-14,INFY.NS-SBIN.NS,0
2023-07-17,INFY.NS-SBIN.NS,-1
2023-07-18,INFY.NS-SBIN.NS,0
2023-07-20,INFY.NS-SBIN.NS,-1
2023-07-21,INFY.NS-SBIN.NS,1
2023-08-01,INFY.NS-SBIN.NS,0
2023-11-01,INFY.NS-SBIN.NS,1
2023-11-02,INFY.NS-SBIN.NS,0
2023-11-17,INFY.NS-SBIN.NS,-1
2023-12-13,INFY.NS-SBIN.NS,0
2023-12-14,INFY.NS-SBIN.NS,-1
2024-01-03,INFY.NS-SBIN.NS,0
2024-01-04,INFY.NS-SBIN.NS,-1
2024-01-12,INFY.NS-SBIN.NS,0
2024-01-14,INFY.NS-SBIN.NS,-1
2024-01-15,INFY.NS-SBIN.NS,0
2024-01-16,INFY.NS-SBIN.NS,-1
2024-01-17,INFY.NS-SBIN.NS,0
2024-01-18,INFY.NS-SBIN.NS,-1
2024-02-11,INFY.NS-SBIN.NS,0
2024-02-12,INFY.NS-SBIN.NS,-1
2024-02-14,INFY.NS-SBIN.NS,0
2024-03-05,INFY.NS-SBIN.NS,1
2024-03-08,INFY.NS-SBIN.NS,0
2024-03-22,INFY.NS-SBIN.NS,1
2024-03-24,INFY.NS-SBIN.NS,0
2024-04-02,INFY.NS-SBIN.NS,1
2024-04-04,INFY.NS-SBIN.NS,0
2024-04-05,INFY.NS-SBIN.NS,1
2024-04-06,INFY.NS-SBIN.NS,0
2024-04-16,INFY.NS-SBIN.NS,1
2024-04-23,INFY.NS-SBIN.NS,0
2024-04-24,INFY.NS-SBIN.NS,1
2024-05-07,INFY.NS-SBIN.NS,0
2024-05-08,INFY.NS-SBIN.NS,1
2024-05-09,INFY.NS-SBIN.NS,0
2024-05-10,INFY.NS-SBIN.NS,1
2024-05-13,INFY.NS-SBIN.NS,0
2024-05-15,INFY.NS-SBIN.NS,1
2024-05-16,INFY.NS-SBIN.NS,0
2024-05-30,INFY.NS-SBIN.NS,1
2024-06-04,INFY.NS-SBIN.NS,0
2024-06-21,INFY.NS-SBIN.NS,-1
2024-06-22,INFY.NS-SBIN.NS,0
2024-06-27,INFY.NS-SBIN.NS,-1
2024-06-28,INFY.NS-SBIN.NS,0
2024-07-01,INFY.NS-SBIN.NS,-1
2024-07-07,INFY.NS-SBIN.NS,0
2024-07-08,INFY.NS-SBIN.NS,-1
2024-07-09,INFY.NS-SBIN.NS,0
2024-07-12,INFY.NS-SBIN.NS,-1
2024-07-15,INFY.NS-SBIN.NS,0
2024-07-19,INFY.NS-SBIN.NS,-1
2024-07-21,INFY.NS-SBIN.NS,0
2024-07-22,INFY.NS-SBIN.NS,-1
2024-07-31,INFY.NS-SBIN.NS,0
2024-08-28,INFY.NS-SBIN.NS,-1
2024-09-04,INFY.NS-SBIN.NS,0
2024-09-05,INFY.NS-SBIN.NS,-1
2024-09-09,INFY.NS-SBIN.NS,0
2024-09-10,INFY.NS-SBIN.NS,-1
2024-09-18,INFY.NS-SBIN.NS,0
2024-09-22,INFY.NS-SBIN.NS,-1
2024-09-23,INFY.NS-SBIN.NS,0
2024-10-02,INFY.NS-SBIN.NS,-1
2024-10-03,INFY.NS-SBIN.NS,0
2024-10-04,INFY.NS-SBIN.NS,-1
2024-10-18,INFY.NS-SBIN.NS,0
2024-10-20,INFY.NS-SBIN.NS,-1
2024-10-21,INFY.NS-SBIN.NS,1
2024-10-22,INFY.NS-SBIN.NS,-1
2024-10-29,INFY.NS-SBIN.NS,0
2024-11-02,INFY.NS-SBIN.NS,1
2024-11-06,INFY.NS-SBIN.NS,0
2024-11-07,INFY.NS-SBIN.NS,1
2024-11-08,INFY.NS-SBIN.NS,-1
2025-01-20,INFY.NS-SBIN.NS,0
2025-01-22,INFY.NS-SBIN.NS,-1
2025-02-19,INFY.NS-SBIN.NS,0
2025-02-28,INFY.NS-SBIN.NS,1
2025-03-03,INFY.NS-SBIN.NS,0
2025-03-04,INFY.NS-SBIN.NS,1
2025-03-06,INFY.NS-SBIN.NS,0
2025-03-07,INFY.NS-SBIN.NS,1
2025-03-10,INFY.NS-SBIN.NS,0
2025-03-11,INFY.NS-SBIN.NS,1
2025-03-20,INFY.NS-SBIN.NS,0
2025-03-21,INFY.NS-SBIN.NS,1
2025-03-25,INFY.NS-SBIN.NS,0
2025-03-27,INFY.NS-SBIN.NS,1
2025-04-27,INFY.NS-SBIN.NS,0
2025-04-28,INFY.NS-SBIN.NS,1
2025-04-29,INFY.NS-SBIN.NS,0
2025-06-17,INFY.NS-SBIN.NS,-1
2025-06-18,INFY.NS-SBIN.NS,0
2025-07-14,INFY.NS-SBIN.NS,1
2025-12-01,INFY.NS-SBIN.NS,0
2025-12-03,INFY.NS-SBIN.NS,-1
2025-12-09,INFY.NS-SBIN.NS,0
2025-12-22,INFY.NS-SBIN.NS,-1
2025-12-25,INFY.NS-SBIN.NS,0
2026-01-30,INFY.NS-SBIN.NS,1
2026-02-02,INFY.NS-SBIN.NS,0
2026-02-08,INFY.NS-SBIN.NS,1
2026-02-09,INFY.NS-SBIN.NS,0
2026-02-15,INFY.NS-SBIN.NS,1
2026-03-27,INFY.NS-SBIN.NS,0
2016-06-27,ICICIBANK.NS-SBIN.NS,1
2016-06-29,ICICIBANK.NS-SBIN.NS,0
2016-08-10,ICICIBANK.NS-SBIN.NS,1
2016-08-11,ICICIBANK.NS-SBIN.NS,0
2016-08-12,ICICIBANK.NS-SBIN.NS,1
2016-08-18,ICICIBANK.NS-SBIN.NS,0
2016-08-19,ICICIBANK.NS-SBIN.NS,1
2016-08-22,ICICIBANK.NS-SBIN.NS,0
2016-10-25,ICICIBANK.NS-SBIN.NS,-1
2016-10-26,ICICIBANK.NS-SBIN.NS,0
2016-10-27,ICICIBANK.NS-SBIN.NS,-1
2016-10-28,ICICIBANK.NS-SBIN.NS,0
2017-01-04,ICICIBANK.NS-SBIN.NS,1
2017-01-12,ICICIBANK.NS-SBIN.NS,-1
2017-01-14,ICICIBANK.NS-SBIN.NS,0
2017-01-16,ICICIBANK.NS-SBIN.NS,1
2017-02-01,ICICIBANK.NS-SBIN.NS,0
2017-02-03,ICICIBANK.NS-SBIN.NS,1
2017-02-06,ICICIBANK.NS-SBIN.NS,0
2017-02-08,ICICIBANK.NS-SBIN.NS,1
2017-02-09,ICICIBANK.NS-SBIN.NS,0
2017-02-10,ICICIBANK.NS-SBIN.NS,1
2017-02-13,ICICIBANK.NS-SBIN.NS,0
2017-03-08,ICICIBANK.NS-SBIN.NS,1
2017-03-14,ICICIBANK.NS-SBIN.NS,0
2017-03-20,ICICIBANK.NS-SBIN.NS,1
2017-03-31,ICICIBANK.NS-SBIN.NS,0
2017-04-01,ICICIBANK.NS-SBIN.NS,1
2017-04-19,ICICIBANK.NS-SBIN.NS,0
2017-04-20,ICICIBANK.NS-SBIN.NS,1
2017-05-04,ICICIBANK.NS-SBIN.NS,0
2017-05-16,ICICIBANK.NS-SBIN.NS,1
2017-05-17,ICICIBANK.NS-SBIN.NS,0
2017-05-22,ICICIBANK.NS-SBIN.NS,-1
2017-05-23,ICICIBANK.NS-SBIN.NS,0
2017-05-28,ICICIBANK.NS-SBIN.NS,-1
2017-06-16,ICICIBANK.NS-SBIN.NS,0
2017-06-20,ICICIBANK.NS-SBIN.NS,-1
2017-06-21,ICICIBANK.NS-SBIN.NS,0
2017-06-23,ICICIBANK.NS-SBIN.NS,-1
2017-06-24,ICICIBANK.NS-SBIN.NS,0
2017-06-27,ICICIBANK.NS-SBIN.NS,-1
2017-07-09,ICICIBANK.NS-SBIN.NS,0
2017-07-17,ICICIBANK.NS-SBIN.NS,-1
2017-07-19,ICICIBANK.NS-SBIN.NS,0
2017-07-21,ICICIBANK.NS-SBIN.NS,-1
2017-07-22,ICICIBANK.NS-SBIN.NS,0
2017-07-26,ICICIBANK.NS-SBIN.NS,-1
2017-07-27,ICICIBANK.NS-SBIN.NS,0
2017-07-31,ICICIBANK.NS-SBIN.NS,1
2017-08-01,ICICIBANK.NS-SBIN.NS,0
2017-08-04,ICICIBANK.NS-SBIN.NS,1
2017-08-05,ICICIBANK.NS-SBIN.NS,0
2017-08-07,ICICIBANK.NS-SBIN.NS,1
2017-08-08,ICICIBANK.NS-SBIN.NS,0
2017-08-14,ICICIBANK.NS-SBIN.NS,-1
2017-10-24,ICICIBANK.NS-SBIN.NS,0
2017-10-28,ICICIBANK.NS-SBIN.NS,1
2017-10-31,ICICIBANK.NS-SBIN.NS,0
2017-12-26,ICICIBANK.NS-SBIN.NS,-1
2017-12-27,ICICIBANK.NS-SBIN.NS,0
2017-12-28,ICICIBANK.NS-SBIN.NS,-1
2018-01-01,ICICIBANK.NS-SBIN.NS,0
2018-01-02,ICICIBANK.NS-SBIN.NS,-1
2018-01-04,ICICIBANK.NS-SBIN.NS,0
2018-01-12,ICICIBANK.NS-SBIN.NS,-1
2018-01-15,ICICIBANK.NS-SBIN.NS,0
2018-01-20,ICICIBANK.NS-SBIN.NS,-1
2018-01-24,ICICIBANK.NS-SBIN.NS,0
2018-01-25,ICICIBANK.NS-SBIN.NS,-1
2018-02-05,ICICIBANK.NS-SBIN.NS,0
2018-02-06,ICICIBANK.NS-SBIN.NS,-1
2018-02-08,ICICIBANK.NS-SBIN.NS,0
2018-02-12,ICICIBANK.NS-SBIN.NS,-1
2018-03-05,ICICIBANK.NS-SBIN.NS,0
2018-03-12,ICICIBANK.NS-SBIN.NS,-1
2018-03-20,ICICIBANK.NS-SBIN.NS,0
2018-03-27,ICICIBANK.NS-SBIN.NS,1
2018-04-01,ICICIBANK.NS-SBIN.NS,0
2018-04-03,ICICIBANK.NS-SBIN.NS,1
2018-04-07,ICICIBANK.NS-SBIN.NS,0
2018-04-17,ICICIBANK.NS-SBIN.NS,-1
2018-04-20,ICICIBANK.NS-SBIN.NS,0
2018-04-22,ICICIBANK.NS-SBIN.NS,-1
2018-04-23,ICICIBANK.NS-SBIN.NS,0
2018-04-24,ICICIBANK.NS-SBIN.NS,-1
2018-04-30,ICICIBANK.NS-SBIN.NS,0
2018-05-03,ICICIBANK.NS-SBIN.NS,-1
2018-05-22,ICICIBANK.NS-SBIN.NS,0
2018-06-12,ICICIBANK.NS-SBIN.NS,1
2018-06-15,ICICIBANK.NS-SBIN.NS,0
2018-07-26,ICICIBANK.NS-SBIN.NS,1
2018-07-27,ICICIBANK.NS-SBIN.NS,0
2018-08-13,ICICIBANK.NS-SBIN.NS,-1
2018-08-14,ICICIBANK.NS-SBIN.NS,0
2018-08-15,ICICIBANK.NS-SBIN.NS,-1
2018-08-20,ICICIBANK.NS-SBIN.NS,0
2018-09-19,ICICIBANK.NS-SBIN.NS,-1
2018-09-21,ICICIBANK.NS-SBIN.NS,0
2018-09-26,ICICIBANK.NS-SBIN.NS,-1
2018-09-27,ICICIBANK.NS-SBIN.NS,0
2018-10-12,ICICIBANK.NS-SBIN.NS,-1
2018-10-15,ICICIBANK.NS-SBIN.NS,0
2018-10-17,ICICIBANK.NS-SBIN.NS,-1
2018-10-29,ICICIBANK.NS-SBIN.NS,0
2018-10-30,ICICIBANK.NS-SBIN.NS,-1
2018-11-05,ICICIBANK.NS-SBIN.NS,0
2018-11-06,ICICIBANK.NS-SBIN.NS,-1
2019-03-06,ICICIBANK.NS-SBIN.NS,0
2019-03-07,ICICIBANK.NS-SBIN.NS,-1
2019-03-12,ICICIBANK.NS-SBIN.NS,0
2019-03-13,ICICIBANK.NS-SBIN.NS,-1
2019-04-02,ICICIBANK.NS-SBIN.NS,0
2019-04-03,ICICIBANK.NS-SBIN.NS,-1
2019-04-04,ICICIBANK.NS-SBIN.NS,0
2019-04-05,ICICIBANK.NS-SBIN.NS,-1
2019-05-10,ICICIBANK.NS-SBIN.NS,0
2019-05-14,ICICIBANK.NS-SBIN.NS,1
2019-05-16,ICICIBANK.NS-SBIN.NS,0
2019-07-18,ICICIBANK.NS-SBIN.NS,1
2019-07-22,ICICIBANK.NS-SBIN.NS,0
2019-07-31,ICICIBANK.NS-SBIN.NS,-1
2019-08-07,ICICIBANK.NS-SBIN.NS,0
2019-08-08,ICICIBANK.NS-SBIN.NS,-1
2019-08-09,ICICIBANK.NS-SBIN.NS,0
2019-08-10,ICICIBANK.NS-SBIN.NS,-1
2019-09-05,ICICIBANK.NS-SBIN.NS,0
2019-09-13,ICICIBANK.NS-SBIN.NS,-1
2019-09-18,ICICIBANK.NS-SBIN.NS,0
2019-09-23,ICICIBANK.NS-SBIN.NS,-1
2019-09-26,ICICIBANK.NS-SBIN.NS,0
2019-09-28,ICICIBANK.NS-SBIN.NS,-1
2019-11-01,ICICIBANK.NS-SBIN.NS,0
2019-11-04,ICICIBANK.NS-SBIN.NS,-1
2019-11-05,ICICIBANK.NS-SBIN.NS,0
2019-11-06,ICICIBANK.NS-SBIN.NS,-1
2020-02-05,ICICIBANK.NS-SBIN.NS,0
2020-02-06,ICICIBANK.NS-SBIN.NS,-1
2020-02-12,ICICIBANK.NS-SBIN.NS,0
2020-02-13,ICICIBANK.NS-SBIN.NS,-1
2020-02-26,ICICIBANK.NS-SBIN.NS,0
2020-03-02,ICICIBANK.NS-SBIN.NS,-1
2020-03-16,ICICIBANK.NS-SBIN.NS,0
2020-03-22,ICICIBANK.NS-SBIN.NS,1
2020-03-23,ICICIBANK.NS-SBIN.NS,0
2020-03-24,ICICIBANK.NS-SBIN.NS,1
2020-03-26,ICICIBANK.NS-SBIN.NS,0
2020-04-03,ICICIBANK.NS-SBIN.NS,1
2020-04-04,ICICIBANK.NS-SBIN.NS,0
2020-07-22,ICICIBANK.NS-SBIN.NS,-1
2020-07-27,ICICIBANK.NS-SBIN.NS,0
2020-07-30,ICICIBANK.NS-SBIN.NS,1
2020-08-05,ICICIBANK.NS-SBIN.NS,0
2020-08-12,ICICIBANK.NS-SBIN.NS,1
2020-08-13,ICICIBANK.NS-SBIN.NS,0
2020-09-24,ICICIBANK.NS-SBIN.NS,1
2020-09-25,ICICIBANK.NS-SBIN.NS,0
2020-10-06,ICICIBANK.NS-SBIN.NS,-1
2020-10-09,ICICIBANK.NS-SBIN.NS,0
2020-10-11,ICICIBANK.NS-SBIN.NS,-1
2021-02-01,ICICIBANK.NS-SBIN.NS,0
2021-02-04,ICICIBANK.NS-SBIN.NS,-1
2021-02-05,ICICIBANK.NS-SBIN.NS,1
2021-02-06,ICICIBANK.NS-SBIN.NS,0
2021-02-07,ICICIBANK.NS-SBIN.NS,-1
2021-02-22,ICICIBANK.NS-SBIN.NS,0
2021-02-24,ICICIBANK.NS-SBIN.NS,-1
2021-02-25,ICICIBANK.NS-SBIN.NS,0
2021-02-26,ICICIBANK.NS-SBIN.NS,1
2021-03-01,ICICIBANK.NS-SBIN.NS,0
2021-03-09,ICICIBANK.NS-SBIN.NS,-1
2021-03-12,ICICIBANK.NS-SBIN.NS,0
2021-04-22,ICICIBANK.NS-SBIN.NS,-1
2021-04-23,ICICIBANK.NS-SBIN.NS,0
2021-04-26,ICICIBANK.NS-SBIN.NS,-1
2021-04-28,ICICIBANK.NS-SBIN.NS,0
2021-06-11,ICICIBANK.NS-SBIN.NS,1
2021-06-12,ICICIBANK.NS-SBIN.NS,0
2021-06-23,ICICIBANK.NS-SBIN.NS,1
2021-06-24,ICICIBANK.NS-SBIN.NS,0
2021-07-23,ICICIBANK.NS-SBIN.NS,-1
2021-07-28,ICICIBANK.NS-SBIN.NS,0
2021-07-29,ICICIBANK.NS-SBIN.NS,-1
2021-08-02,ICICIBANK.NS-SBIN.NS,0
2021-08-04,ICICIBANK.NS-SBIN.NS,-1
2021-09-13,ICICIBANK.NS-SBIN.NS,0
2021-09-24,ICICIBANK.NS-SBIN.NS,-1
2021-09-28,ICICIBANK.NS-SBIN.NS,0
2021-09-29,ICICIBANK.NS-SBIN.NS,1
2021-10-07,ICICIBANK.NS-SBIN.NS,0
2021-10-12,ICICIBANK.NS-SBIN.NS,1
2021-10-14,ICICIBANK.NS-SBIN.NS,0
2021-10-26,ICICIBANK.NS-SBIN.NS,-1
2021-11-03,ICICIBANK.NS-SBIN.NS,0
2021-12-30,ICICIBANK.NS-SBIN.NS,-1
2021-12-31,ICICIBANK.NS-SBIN.NS,0
2022-01-03,ICICIBANK.NS-SBIN.NS,-1
2022-01-27,ICICIBANK.NS-SBIN.NS,0
2022-02-17,ICICIBANK.NS-SBIN.NS,1
2022-02-21,ICICIBANK.NS-SBIN.NS,0
2022-03-04,ICICIBANK.NS-SBIN.NS,1
2022-03-17,ICICIBANK.NS-SBIN.NS,0
2022-03-25,ICICIBANK.NS-SBIN.NS,1
2022-03-28,ICICIBANK.NS-SBIN.NS,0
2022-05-27,ICICIBANK.NS-SBIN.NS,-1
2022-05-31,ICICIBANK.NS-SBIN.NS,0
2022-06-01,ICICIBANK.NS-SBIN.NS,-1
2022-06-07,ICICIBANK.NS-SBIN.NS,0
2022-06-15,ICICIBANK.NS-SBIN.NS,1
2022-06-16,ICICIBANK.NS-SBIN.NS,0
2022-07-29,ICICIBANK.NS-SBIN.NS,-1
2022-08-02,ICICIBANK.NS-SBIN.NS,0
2022-08-05,ICICIBANK.NS-SBIN.NS,-1
2022-09-19,ICICIBANK.NS-SBIN.NS,0
2022-09-20,ICICIBANK.NS-SBIN.NS,-1
2022-09-26,ICICIBANK.NS-SBIN.NS,0
2022-09-30,ICICIBANK.NS-SBIN.NS,-1
2022-10-03,ICICIBANK.NS-SBIN.NS,0
2022-10-04,ICICIBANK.NS-SBIN.NS,-1
2022-10-13,ICICIBANK.NS-SBIN.NS,0
2022-10-14,ICICIBANK.NS-SBIN.NS,-1
2022-11-03,ICICIBANK.NS-SBIN.NS,0
2022-11-04,ICICIBANK.NS-SBIN.NS,1
2022-11-11,ICICIBANK.NS-SBIN.NS,0
2022-11-17,ICICIBANK.NS-SBIN.NS,-1
2022-11-18,ICICIBANK.NS-SBIN.NS,0
2022-11-21,ICICIBANK.NS-SBIN.NS,-1
2022-12-05,ICICIBANK.NS-SBIN.NS,0
2022-12-15,ICICIBANK.NS-SBIN.NS,1
2022-12-16,ICICIBANK.NS-SBIN.NS,0
2022-12-30,ICICIBANK.NS-SBIN.NS,1
2023-01-02,ICICIBANK.NS-SBIN.NS,0
2023-01-05,ICICIBANK.NS-SBIN.NS,1
2023-01-11,ICICIBANK.NS-SBIN.NS,0
2023-02-02,ICICIBANK.NS-SBIN.NS,-1
2023-02-03,ICICIBANK.NS-SBIN.NS,0
2023-02-15,ICICIBANK.NS-SBIN.NS,-1
2023-02-18,ICICIBANK.NS-SBIN.NS,0
2023-03-24,ICICIBANK.NS-SBIN.NS,-1
2023-03-26,ICICIBANK.NS-SBIN.NS,0
2023-03-31,ICICIBANK.NS-SBIN.NS,-1
2023-04-06,ICICIBANK.NS-SBIN.NS,0
2023-04-12,ICICIBANK.NS-SBIN.NS,-1
2023-04-18,ICICIBANK.NS-SBIN.NS,0
2023-05-09,ICICIBANK.NS-SBIN.NS,-1
2023-05-17,ICICIBANK.NS-SBIN.NS,0
2023-05-18,ICICIBANK.NS-SBIN.NS,-1
2023-05-29,ICICIBANK.NS-SBIN.NS,0
2023-05-30,ICICIBANK.NS-SBIN.NS,-1
2023-06-01,ICICIBANK.NS-SBIN.NS,0
2023-06-13,ICICIBANK.NS-SBIN.NS,-1
2023-06-15,ICICIBANK.NS-SBIN.NS,0
2023-06-16,ICICIBANK.NS-SBIN.NS,-1
2023-06-19,ICICIBANK.NS-SBIN.NS,0
2023-06-22,ICICIBANK.NS-SBIN.NS,-1
2023-07-03,ICICIBANK.NS-SBIN.NS,0
2023-07-05,ICICIBANK.NS-SBIN.NS,-1
2023-07-07,ICICIBANK.NS-SBIN.NS,0
2023-07-13,ICICIBANK.NS-SBIN.NS,-1
2023-09-22,ICICIBANK.NS-SBIN.NS,0
2023-09-23,ICICIBANK.NS-SBIN.NS,1
2023-09-25,ICICIBANK.NS-SBIN.NS,0
2023-09-26,ICICIBANK.NS-SBIN.NS,1
2023-10-01,ICICIBANK.NS-SBIN.NS,0
2023-10-03,ICICIBANK.NS-SBIN.NS,1
2023-10-05,ICICIBANK.NS-SBIN.NS,0
2023-12-06,ICICIBANK.NS-SBIN.NS,-1
2023-12-07,ICICIBANK.NS-SBIN.NS,0
2023-12-08,ICICIBANK.NS-SBIN.NS,-1
2023-12-13,ICICIBANK.NS-SBIN.NS,0
2023-12-14,ICICIBANK.NS-SBIN.NS,-1
2023-12-15,ICICIBANK.NS-SBIN.NS,0
2024-01-23,ICICIBANK.NS-SBIN.NS,-1
2024-01-24,ICICIBANK.NS-SBIN.NS,0
2024-01-25,ICICIBANK.NS-SBIN.NS,-1
2024-01-30,ICICIBANK.NS-SBIN.NS,0
2024-02-11,ICICIBANK.NS-SBIN.NS,1
2024-02-15,ICICIBANK.NS-SBIN.NS,0
2024-02-16,ICICIBANK.NS-SBIN.NS,1
2024-03-01,ICICIBANK.NS-SBIN.NS,0
2024-03-05,ICICIBANK.NS-SBIN.NS,1
2024-03-06,ICICIBANK.NS-SBIN.NS,0
2024-03-07,ICICIBANK.NS-SBIN.NS,1
2024-03-11,ICICIBANK.NS-SBIN.NS,0
2024-04-25,ICICIBANK.NS-SBIN.NS,1
2024-04-26,ICICIBANK.NS-SBIN.NS,0
2024-05-09,ICICIBANK.NS-SBIN.NS,1
2024-05-13,ICICIBANK.NS-SBIN.NS,0
2024-05-21,ICICIBANK.NS-SBIN.NS,1
2024-06-03,ICICIBANK.NS-SBIN.NS,0
2024-06-04,ICICIBANK.NS-SBIN.NS,1
2024-06-05,ICICIBANK.NS-SBIN.NS,0
2024-06-06,ICICIBANK.NS-SBIN.NS,1
2024-06-21,ICICIBANK.NS-SBIN.NS,0
2024-06-25,ICICIBANK.NS-SBIN.NS,-1
2024-06-28,ICICIBANK.NS-SBIN.NS,0
2024-07-01,ICICIBANK.NS-SBIN.NS,-1
2024-07-02,ICICIBANK.NS-SBIN.NS,0
2024-07-04,ICICIBANK.NS-SBIN.NS,-1
2024-07-05,ICICIBANK.NS-SBIN.NS,0
2024-07-10,ICICIBANK.NS-SBIN.NS,-1
2024-07-11,ICICIBANK.NS-SBIN.NS,0
2024-08-23,ICICIBANK.NS-SBIN.NS,-1
2024-09-20,ICICIBANK.NS-SBIN.NS,0
2024-09-21,ICICIBANK.NS-SBIN.NS,-1
2024-10-04,ICICIBANK.NS-SBIN.NS,0
2024-10-07,ICICIBANK.NS-SBIN.NS,-1
2024-10-09,ICICIBANK.NS-SBIN.NS,0
2024-10-15,ICICIBANK.NS-SBIN.NS,-1
2024-10-16,ICICIBANK.NS-SBIN.NS,0
2024-10-20,ICICIBANK.NS-SBIN.NS,-1
2024-11-07,ICICIBANK.NS-SBIN.NS,0
2024-11-14,ICICIBANK.NS-SBIN.NS,-1
2024-11-18,ICICIBANK.NS-SBIN.NS,0
2024-11-21,ICICIBANK.NS-SBIN.NS,-1
2024-11-28,ICICIBANK.NS-SBIN.NS,0
2024-11-29,ICICIBANK.NS-SBIN.NS,-1
2025-01-20,ICICIBANK.NS-SBIN.NS,0
2025-01-21,ICICIBANK.NS-SBIN.NS,1
2025-01-22,ICICIBANK.NS-SBIN.NS,0
2025-01-24,ICICIBANK.NS-SBIN.NS,-1
2025-07-16,ICICIBANK.NS-SBIN.NS,1
2025-07-18,ICICIBANK.NS-SBIN.NS,-1
2025-07-19,ICICIBANK.NS-SBIN.NS,0
2025-07-21,ICICIBANK.NS-SBIN.NS,-1
2025-08-11,ICICIBANK.NS-SBIN.NS,0
2025-09-19,ICICIBANK.NS-SBIN.NS,1
2025-09-22,ICICIBANK.NS-SBIN.NS,0
2025-09-23,ICICIBANK.NS-SBIN.NS,1
2025-10-01,ICICIBANK.NS-SBIN.NS,0
2025-10-03,ICICIBANK.NS-SBIN.NS,1
2025-10-07,ICICIBANK.NS-SBIN.NS,0
2025-10-20,ICICIBANK.NS-SBIN.NS,1
2025-12-03,ICICIBANK.NS-SBIN.NS,0
2025-12-05,ICICIBANK.NS-SBIN.NS,1
2026-01-22,ICICIBANK.NS-SBIN.NS,0
2026-01-23,ICICIBANK.NS-SBIN.NS,1
2016-06-27,TCS.NS-SBIN.NS,1
2016-06-30,TCS.NS-SBIN.NS,0
2016-07-01,TCS.NS-SBIN.NS,1
2016-07-02,TCS.NS-SBIN.NS,0
2016-07-04,TCS.NS-SBIN.NS,1
2016-07-11,TCS.NS-SBIN.NS,0
2016-07-15,TCS.NS-SBIN.NS,1
2016-07-16,TCS.NS-SBIN.NS,0
2016-09-07,TCS.NS-SBIN.NS,1
2016-09-08,TCS.NS-SBIN.NS,0
2016-09-09,TCS.NS-SBIN.NS,1
2016-09-12,TCS.NS-SBIN.NS,0
2016-09-14,TCS.NS-SBIN.NS,1
2016-09-15,TCS.NS-SBIN.NS,0
2016-11-07,TCS.NS-SBIN.NS,1
2016-11-09,TCS.NS-SBIN.NS,0
2016-11-15,TCS.NS-SBIN.NS,1
2016-11-16,TCS.NS-SBIN.NS,0
2016-11-17,TCS.NS-SBIN.NS,1
2016-11-20,TCS.NS-SBIN.NS,0
2017-01-04,TCS.NS-SBIN.NS,1
2017-02-10,TCS.NS-SBIN.NS,0
2017-02-20,TCS.NS-SBIN.NS,-1
2017-02-21,TCS.NS-SBIN.NS,0
2017-04-13,TCS.NS-SBIN.NS,1
2017-04-20,TCS.NS-SBIN.NS,0
2017-05-22,TCS.NS-SBIN.NS,-1
2017-05-25,TCS.NS-SBIN.NS,0
2017-05-26,TCS.NS-SBIN.NS,-1
2017-05-30,TCS.NS-SBIN.NS,0
2017-06-02,TCS.NS-SBIN.NS,-1
2017-06-04,TCS.NS-SBIN.NS,0
2017-06-05,TCS.NS-SBIN.NS,-1
2017-06-08,TCS.NS-SBIN.NS,0
2017-07-24,TCS.NS-SBIN.NS,-1
2017-07-27,TCS.NS-SBIN.NS,0
2017-08-21,TCS.NS-SBIN.NS,-1
2017-08-22,TCS.NS-SBIN.NS,0
2017-09-12,TCS.NS-SBIN.NS,-1
2017-09-29,TCS.NS-SBIN.NS,0
2017-10-03,TCS.NS-SBIN.NS,-1
2017-10-05,TCS.NS-SBIN.NS,0
2017-10-06,TCS.NS-SBIN.NS,-1
2017-10-12,TCS.NS-SBIN.NS,0
2017-10-15,TCS.NS-SBIN.NS,-1
2017-10-16,TCS.NS-SBIN.NS,0
2017-10-19,TCS.NS-SBIN.NS,-1
2017-10-25,TCS.NS-SBIN.NS,0
2017-10-30,TCS.NS-SBIN.NS,-1
2017-11-01,TCS.NS-SBIN.NS,0
2017-11-02,TCS.NS-SBIN.NS,-1
2017-11-03,TCS.NS-SBIN.NS,0
2017-11-06,TCS.NS-SBIN.NS,-1
2017-12-14,TCS.NS-SBIN.NS,0
2017-12-22,TCS.NS-SBIN.NS,-1
2017-12-27,TCS.NS-SBIN.NS,0
2017-12-28,TCS.NS-SBIN.NS,-1
2018-01-10,TCS.NS-SBIN.NS,0
2018-01-12,TCS.NS-SBIN.NS,-1
2018-01-16,TCS.NS-SBIN.NS,0
2018-01-20,TCS.NS-SBIN.NS,-1
2018-01-22,TCS.NS-SBIN.NS,0
2018-01-23,TCS.NS-SBIN.NS,-1
2018-01-24,TCS.NS-SBIN.NS,0
2018-01-25,TCS.NS-SBIN.NS,-1
2018-03-16,TCS.NS-SBIN.NS,0
2018-03-20,TCS.NS-SBIN.NS,-1
2018-03-26,TCS.NS-SBIN.NS,0
2018-04-02,TCS.NS-SBIN.NS,-1
2018-04-20,TCS.NS-SBIN.NS,0
2018-04-22,TCS.NS-SBIN.NS,-1
2018-07-11,TCS.NS-SBIN.NS,0
2018-07-12,TCS.NS-SBIN.NS,-1
2018-09-24,TCS.NS-SBIN.NS,0
2018-09-25,TCS.NS-SBIN.NS,-1
2018-10-22,TCS.NS-SBIN.NS,0
2018-10-23,TCS.NS-SBIN.NS,1
2018-10-25,TCS.NS-SBIN.NS,0
2018-10-26,TCS.NS-SBIN.NS,1
2018-10-29,TCS.NS-SBIN.NS,0
2019-02-04,TCS.NS-SBIN.NS,-1
2019-02-05,TCS.NS-SBIN.NS,0
2019-02-06,TCS.NS-SBIN.NS,-1
2019-02-08,TCS.NS-SBIN.NS,0
2019-02-27,TCS.NS-SBIN.NS,-1
2019-02-28,TCS.NS-SBIN.NS,0
2019-04-15,TCS.NS-SBIN.NS,-1
2019-04-26,TCS.NS-SBIN.NS,0
2019-04-27,TCS.NS-SBIN.NS,-1
2019-05-03,TCS.NS-SBIN.NS,0
2019-05-06,TCS.NS-SBIN.NS,-1
2019-05-10,TCS.NS-SBIN.NS,0
2019-05-31,TCS.NS-SBIN.NS,-1
2019-07-05,TCS.NS-SBIN.NS,0
2019-07-30,TCS.NS-SBIN.NS,-1
2019-09-11,TCS.NS-SBIN.NS,0
2019-09-23,TCS.NS-SBIN.NS,1
2019-09-25,TCS.NS-SBIN.NS,0
2019-10-29,TCS.NS-SBIN.NS,-1
2019-11-01,TCS.NS-SBIN.NS,0
2020-01-08,TCS.NS-SBIN.NS,-1
2020-01-09,TCS.NS-SBIN.NS,0
2020-01-15,TCS.NS-SBIN.NS,-1
2020-01-20,TCS.NS-SBIN.NS,0
2020-03-01,TCS.NS-SBIN.NS,1
2020-03-03,TCS.NS-SBIN.NS,0
2020-03-09,TCS.NS-SBIN.NS,1
2020-03-10,TCS.NS-SBIN.NS,0
2020-03-11,TCS.NS-SBIN.NS,1
2020-03-12,TCS.NS-SBIN.NS,0
2020-03-15,TCS.NS-SBIN.NS,1
2020-03-16,TCS.NS-SBIN.NS,0
2020-03-19,TCS.NS-SBIN.NS,1
2020-03-27,TCS.NS-SBIN.NS,0
2020-03-30,TCS.NS-SBIN.NS,1
2020-03-31,TCS.NS-SBIN.NS,0
2020-04-01,TCS.NS-SBIN.NS,1
2020-04-07,TCS.NS-SBIN.NS,0
2020-04-08,TCS.NS-SBIN.NS,1
2020-04-09,TCS.NS-SBIN.NS,0
2020-04-15,TCS.NS-SBIN.NS,1
2020-04-17,TCS.NS-SBIN.NS,0
2020-04-21,TCS.NS-SBIN.NS,1
2020-04-22,TCS.NS-SBIN.NS,0
2020-04-30,TCS.NS-SBIN.NS,-1
2020-05-04,TCS.NS-SBIN.NS,0
2020-05-22,TCS.NS-SBIN.NS,-1
2020-05-23,TCS.NS-SBIN.NS,0
2020-07-02,TCS.NS-SBIN.NS,-1
2020-07-09,TCS.NS-SBIN.NS,0
2020-07-10,TCS.NS-SBIN.NS,-1
2020-07-14,TCS.NS-SBIN.NS,0
2020-07-15,TCS.NS-SBIN.NS,-1
2020-07-17,TCS.NS-SBIN.NS,0
2020-07-21,TCS.NS-SBIN.NS,-1
2020-07-22,TCS.NS-SBIN.NS,0
2020-07-27,TCS.NS-SBIN.NS,-1
2020-09-14,TCS.NS-SBIN.NS,0
2020-09-17,TCS.NS-SBIN.NS,-1
2020-10-05,TCS.NS-SBIN.NS,0
2020-10-06,TCS.NS-SBIN.NS,-1
2020-10-08,TCS.NS-SBIN.NS,0
2020-10-09,TCS.NS-SBIN.NS,-1
2020-12-23,TCS.NS-SBIN.NS,0
2020-12-24,TCS.NS-SBIN.NS,-1
2021-01-05,TCS.NS-SBIN.NS,0
2021-01-06,TCS.NS-SBIN.NS,-1
2021-02-24,TCS.NS-SBIN.NS,1
2021-02-25,TCS.NS-SBIN.NS,-1
2021-02-26,TCS.NS-SBIN.NS,1
2021-03-01,TCS.NS-SBIN.NS,0
2021-03-03,TCS.NS-SBIN.NS,-1
2021-03-05,TCS.NS-SBIN.NS,0
2021-03-09,TCS.NS-SBIN.NS,-1
2021-03-18,TCS.NS-SBIN.NS,0
2021-03-22,TCS.NS-SBIN.NS,-1
2021-03-25,TCS.NS-SBIN.NS,0
2021-03-30,TCS.NS-SBIN.NS,-1
2021-04-13,TCS.NS-SBIN.NS,0
2021-04-15,TCS.NS-SBIN.NS,-1
2021-04-22,TCS.NS-SBIN.NS,0
2021-06-11,TCS.NS-SBIN.NS,-1
2021-06-15,TCS.NS-SBIN.NS,0
2021-06-16,TCS.NS-SBIN.NS,-1
2021-07-06,TCS.NS-SBIN.NS,0
2021-08-10,TCS.NS-SBIN.NS,-1
2021-08-17,TCS.NS-SBIN.NS,0
2021-08-18,TCS.NS-SBIN.NS,-1
2021-10-12,TCS.NS-SBIN.NS,0
2021-10-20,TCS.NS-SBIN.NS,1
2021-11-01,TCS.NS-SBIN.NS,0
2021-12-24,TCS.NS-SBIN.NS,-1
2021-12-25,TCS.NS-SBIN.NS,0
2021-12-30,TCS.NS-SBIN.NS,-1
2022-01-01,TCS.NS-SBIN.NS,0
2022-01-03,TCS.NS-SBIN.NS,-1
2022-01-06,TCS.NS-SBIN.NS,0
2022-01-07,TCS.NS-SBIN.NS,-1
2022-01-24,TCS.NS-SBIN.NS,0
2022-02-02,TCS.NS-SBIN.NS,-1
2022-02-03,TCS.NS-SBIN.NS,0
2022-02-15,TCS.NS-SBIN.NS,-1
2022-02-17,TCS.NS-SBIN.NS,0
2022-02-22,TCS.NS-SBIN.NS,1
2022-02-24,TCS.NS-SBIN.NS,0
2022-02-25,TCS.NS-SBIN.NS,1
2022-02-28,TCS.NS-SBIN.NS,0
2022-04-19,TCS.NS-SBIN.NS,1
2022-04-20,TCS.NS-SBIN.NS,0
2022-05-06,TCS.NS-SBIN.NS,1
2022-05-09,TCS.NS-SBIN.NS,0
2022-05-11,TCS.NS-SBIN.NS,1
2022-05-12,TCS.NS-SBIN.NS,0
2022-05-19,TCS.NS-SBIN.NS,1
2022-05-30,TCS.NS-SBIN.NS,0
2022-06-01,TCS.NS-SBIN.NS,1
2022-06-02,TCS.NS-SBIN.NS,0
2022-06-13,TCS.NS-SBIN.NS,1
2022-06-23,TCS.NS-SBIN.NS,0
2022-06-24,TCS.NS-SBIN.NS,1
2022-08-04,TCS.NS-SBIN.NS,0
2022-08-22,TCS.NS-SBIN.NS,1
2022-11-01,TCS.NS-SBIN.NS,0
2022-11-03,TCS.NS-SBIN.NS,1
2022-11-11,TCS.NS-SBIN.NS,-1
2022-11-18,TCS.NS-SBIN.NS,0
2022-11-25,TCS.NS-SBIN.NS,-1
2022-11-26,TCS.NS-SBIN.NS,0
2022-12-01,TCS.NS-SBIN.NS,-1
2022-12-03,TCS.NS-SBIN.NS,0
2023-01-17,TCS.NS-SBIN.NS,-1
2023-01-19,TCS.NS-SBIN.NS,0
2023-01-23,TCS.NS-SBIN.NS,-1
2023-01-31,TCS.NS-SBIN.NS,0
2023-02-01,TCS.NS-SBIN.NS,-1
2023-02-22,TCS.NS-SBIN.NS,0
2023-03-15,TCS.NS-SBIN.NS,1
2023-03-24,TCS.NS-SBIN.NS,0
2023-07-17,TCS.NS-SBIN.NS,-1
2023-07-21,TCS.NS-SBIN.NS,0
2023-07-25,TCS.NS-SBIN.NS,-1
2023-07-26,TCS.NS-SBIN.NS,0
2023-07-31,TCS.NS-SBIN.NS,-1
2023-08-18,TCS.NS-SBIN.NS,0
2023-09-04,TCS.NS-SBIN.NS,-1
2023-10-19,TCS.NS-SBIN.NS,0
2023-10-20,TCS.NS-SBIN.NS,-1
2023-10-23,TCS.NS-SBIN.NS,0
2023-11-01,TCS.NS-SBIN.NS,1
2023-11-02,TCS.NS-SBIN.NS,0
2023-11-16,TCS.NS-SBIN.NS,-1
2023-12-15,TCS.NS-SBIN.NS,0
2023-12-17,TCS.NS-SBIN.NS,-1
2024-02-06,TCS.NS-SBIN.NS,0
2024-02-07,TCS.NS-SBIN.NS,-1
2024-03-22,TCS.NS-SBIN.NS,0
2024-03-27,TCS.NS-SBIN.NS,1
2024-03-28,TCS.NS-SBIN.NS,0
2024-04-04,TCS.NS-SBIN.NS,-1
2024-04-06,TCS.NS-SBIN.NS,0
2024-04-12,TCS.NS-SBIN.NS,-1
2024-04-15,TCS.NS-SBIN.NS,0
2024-05-30,TCS.NS-SBIN.NS,1
2024-06-04,TCS.NS-SBIN.NS,0
2024-07-02,TCS.NS-SBIN.NS,-1
2024-07-03,TCS.NS-SBIN.NS,0
2024-07-04,TCS.NS-SBIN.NS,-1
2024-07-05,TCS.NS-SBIN.NS,0
2024-07-14,TCS.NS-SBIN.NS,-1
2024-08-05,TCS.NS-SBIN.NS,0
2024-08-07,TCS.NS-SBIN.NS,-1
2024-08-08,TCS.NS-SBIN.NS,0
2024-08-09,TCS.NS-SBIN.NS,-1
2024-08-12,TCS.NS-SBIN.NS,0
2024-08-14,TCS.NS-SBIN.NS,-1
2024-09-18,TCS.NS-SBIN.NS,0
2024-10-11,TCS.NS-SBIN.NS,1
2024-10-18,TCS.NS-SBIN.NS,0
2024-12-05,TCS.NS-SBIN.NS,-1
2024-12-10,TCS.NS-SBIN.NS,0
2024-12-12,TCS.NS-SBIN.NS,-1
2024-12-16,TCS.NS-SBIN.NS,0
2025-01-13,TCS.NS-SBIN.NS,-1
2025-01-14,TCS.NS-SBIN.NS,0
2025-02-18,TCS.NS-SBIN.NS,1
2025-02-28,TCS.NS-SBIN.NS,0
2025-03-01,TCS.NS-SBIN.NS,1
2025-05-12,TCS.NS-SBIN.NS,0
2025-05-20,TCS.NS-SBIN.NS,1
2025-05-21,TCS.NS-SBIN.NS,0
2025-05-22,TCS.NS-SBIN.NS,1
2025-05-23,TCS.NS-SBIN.NS,0
2025-05-24,TCS.NS-SBIN.NS,1
2025-05-26,TCS.NS-SBIN.NS,0
2025-05-27,TCS.NS-SBIN.NS,1
2025-07-11,TCS.NS-SBIN.NS,0
2025-07-13,TCS.NS-SBIN.NS,1
2025-07-14,TCS.NS-SBIN.NS,0
2025-07-15,TCS.NS-SBIN.NS,1
2025-09-25,TCS.NS-SBIN.NS,0
2025-09-28,TCS.NS-SBIN.NS,1
2025-12-03,TCS.NS-SBIN.NS,-1
2025-12-04,TCS.NS-SBIN.NS,0
2025-12-05,TCS.NS-SBIN.NS,-1
2025-12-09,TCS.NS-SBIN.NS,0
2025-12-18,TCS.NS-SBIN.NS,-1
2025-12-19,TCS.NS-SBIN.NS,0
2025-12-22,TCS.NS-SBIN.NS,-1
2025-12-23,TCS.NS-SBIN.NS,0
2025-12-24,TCS.NS-SBIN.NS,-1
2025-12-25,TCS.NS-SBIN.NS,0
2026-01-20,TCS.NS-SBIN.NS,1
2026-01-21,TCS.NS-SBIN.NS,0
2026-01-30,TCS.NS-SBIN.NS,1
2026-02-02,TCS.NS-SBIN.NS,0
2026-02-08,TCS.NS-SBIN.NS,1
2026-02-09,TCS.NS-SBIN.NS,0
2026-02-10,TCS.NS-SBIN.NS,1
2026-02-11,TCS.NS-SBIN.NS,0
2026-02-15,TCS.NS-SBIN.NS,1
2016-08-12,HDFCBANK.NS-SBIN.NS,1
2016-08-18,HDFCBANK.NS-SBIN.NS,0
2016-08-20,HDFCBANK.NS-SBIN.NS,1
2016-08-23,HDFCBANK.NS-SBIN.NS,0
2016-10-20,HDFCBANK.NS-SBIN.NS,1
2016-10-21,HDFCBANK.NS-SBIN.NS,0
2016-10-24,HDFCBANK.NS-SBIN.NS,1
2016-10-27,HDFCBANK.NS-SBIN.NS,0
2016-11-11,HDFCBANK.NS-SBIN.NS,1
2016-11-14,HDFCBANK.NS-SBIN.NS,0
2016-11-15,HDFCBANK.NS-SBIN.NS,1
2016-11-17,HDFCBANK.NS-SBIN.NS,0
2016-11-19,HDFCBANK.NS-SBIN.NS,1
2016-11-21,HDFCBANK.NS-SBIN.NS,0
2016-11-24,HDFCBANK.NS-SBIN.NS,1
2016-11-25,HDFCBANK.NS-SBIN.NS,0
2017-01-04,HDFCBANK.NS-SBIN.NS,1
2017-01-24,HDFCBANK.NS-SBIN.NS,0
2017-01-27,HDFCBANK.NS-SBIN.NS,1
2017-01-30,HDFCBANK.NS-SBIN.NS,0
2017-02-01,HDFCBANK.NS-SBIN.NS,1
2017-02-13,HDFCBANK.NS-SBIN.NS,0
2017-02-22,HDFCBANK.NS-SBIN.NS,-1
2017-03-16,HDFCBANK.NS-SBIN.NS,0
2017-03-17,HDFCBANK.NS-SBIN.NS,-1
2017-03-27,HDFCBANK.NS-SBIN.NS,0
2017-04-19,HDFCBANK.NS-SBIN.NS,-1
2017-04-27,HDFCBANK.NS-SBIN.NS,0
2017-04-28,HDFCBANK.NS-SBIN.NS,-1
2017-05-04,HDFCBANK.NS-SBIN.NS,0
2017-05-05,HDFCBANK.NS-SBIN.NS,-1
2017-05-08,HDFCBANK.NS-SBIN.NS,0
2017-05-09,HDFCBANK.NS-SBIN.NS,-1
2017-05-16,HDFCBANK.NS-SBIN.NS,0
2017-05-18,HDFCBANK.NS-SBIN.NS,-1
2017-05-19,HDFCBANK.NS-SBIN.NS,0
2017-05-22,HDFCBANK.NS-SBIN.NS,-1
2017-08-11,HDFCBANK.NS-SBIN.NS,0
2017-08-12,HDFCBANK.NS-SBIN.NS,-1
2017-10-25,HDFCBANK.NS-SBIN.NS,0
2017-10-26,HDFCBANK.NS-SBIN.NS,1
2017-10-30,HDFCBANK.NS-SBIN.NS,0
2017-11-01,HDFCBANK.NS-SBIN.NS,1
2017-11-02,HDFCBANK.NS-SBIN.NS,0
2017-11-03,HDFCBANK.NS-SBIN.NS,1
2017-11-04,HDFCBANK.NS-SBIN.NS,0
2018-01-16,HDFCBANK.NS-SBIN.NS,-1
2018-01-17,HDFCBANK.NS-SBIN.NS,0
2018-01-18,HDFCBANK.NS-SBIN.NS,-1
2018-01-21,HDFCBANK.NS-SBIN.NS,0
2018-01-22,HDFCBANK.NS-SBIN.NS,-1
2018-01-23,HDFCBANK.NS-SBIN.NS,0
2018-01-29,HDFCBANK.NS-SBIN.NS,-1
2018-01-30,HDFCBANK.NS-SBIN.NS,0
2018-01-31,HDFCBANK.NS-SBIN.NS,-1
2018-02-02,HDFCBANK.NS-SBIN.NS,0
2018-02-16,HDFCBANK.NS-SBIN.NS,-1
2018-02-21,HDFCBANK.NS-SBIN.NS,0
2018-02-22,HDFCBANK.NS-SBIN.NS,-1
2018-06-13,HDFCBANK.NS-SBIN.NS,0
2018-06-14,HDFCBANK.NS-SBIN.NS,-1
2018-08-03,HDFCBANK.NS-SBIN.NS,0
2018-08-09,HDFCBANK.NS-SBIN.NS,1
2018-08-10,HDFCBANK.NS-SBIN.NS,0
2018-09-30,HDFCBANK.NS-SBIN.NS,-1
2018-10-01,HDFCBANK.NS-SBIN.NS,0
2018-10-03,HDFCBANK.NS-SBIN.NS,-1
2018-10-04,HDFCBANK.NS-SBIN.NS,0
2018-10-15,HDFCBANK.NS-SBIN.NS,-1
2018-10-16,HDFCBANK.NS-SBIN.NS,0
2018-10-30,HDFCBANK.NS-SBIN.NS,1
2018-11-01,HDFCBANK.NS-SBIN.NS,0
2018-11-02,HDFCBANK.NS-SBIN.NS,1
2018-11-03,HDFCBANK.NS-SBIN.NS,0
2018-11-05,HDFCBANK.NS-SBIN.NS,1
2018-11-06,HDFCBANK.NS-SBIN.NS,0
2019-01-30,HDFCBANK.NS-SBIN.NS,1
2019-01-31,HDFCBANK.NS-SBIN.NS,0
2019-02-11,HDFCBANK.NS-SBIN.NS,-1
2019-02-19,HDFCBANK.NS-SBIN.NS,0
2019-02-20,HDFCBANK.NS-SBIN.NS,-1
2019-02-22,HDFCBANK.NS-SBIN.NS,0
2019-02-25,HDFCBANK.NS-SBIN.NS,-1
2019-02-27,HDFCBANK.NS-SBIN.NS,0
2019-03-13,HDFCBANK.NS-SBIN.NS,-1
2019-04-02,HDFCBANK.NS-SBIN.NS,0
2019-04-05,HDFCBANK.NS-SBIN.NS,-1
2019-04-10,HDFCBANK.NS-SBIN.NS,0
2019-04-15,HDFCBANK.NS-SBIN.NS,-1
2019-05-14,HDFCBANK.NS-SBIN.NS,0
2019-05-16,HDFCBANK.NS-SBIN.NS,-1
2019-05-23,HDFCBANK.NS-SBIN.NS,1
2019-05-27,HDFCBANK.NS-SBIN.NS,0
2019-06-03,HDFCBANK.NS-SBIN.NS,-1
2019-06-21,HDFCBANK.NS-SBIN.NS,0
2019-06-26,HDFCBANK.NS-SBIN.NS,-1
2019-06-27,HDFCBANK.NS-SBIN.NS,0
2019-07-01,HDFCBANK.NS-SBIN.NS,-1
2019-07-03,HDFCBANK.NS-SBIN.NS,0
2019-07-09,HDFCBANK.NS-SBIN.NS,1
2019-07-10,HDFCBANK.NS-SBIN.NS,0
2019-07-12,HDFCBANK.NS-SBIN.NS,1
2019-07-13,HDFCBANK.NS-SBIN.NS,0
2019-07-17,HDFCBANK.NS-SBIN.NS,1
2019-07-18,HDFCBANK.NS-SBIN.NS,0
2019-07-22,HDFCBANK.NS-SBIN.NS,1
2019-07-24,HDFCBANK.NS-SBIN.NS,0
2019-07-29,HDFCBANK.NS-SBIN.NS,1
2019-07-30,HDFCBANK.NS-SBIN.NS,0
2019-08-09,HDFCBANK.NS-SBIN.NS,-1
2019-08-14,HDFCBANK.NS-SBIN.NS,0
2019-08-21,HDFCBANK.NS-SBIN.NS,-1
2019-08-23,HDFCBANK.NS-SBIN.NS,0
2019-08-26,HDFCBANK.NS-SBIN.NS,-1
2019-09-13,HDFCBANK.NS-SBIN.NS,0
2019-09-17,HDFCBANK.NS-SBIN.NS,-1
2019-09-18,HDFCBANK.NS-SBIN.NS,0
2019-09-20,HDFCBANK.NS-SBIN.NS,-1
2019-09-25,HDFCBANK.NS-SBIN.NS,0
2019-09-26,HDFCBANK.NS-SBIN.NS,-1
2019-10-01,HDFCBANK.NS-SBIN.NS,0
2019-10-02,HDFCBANK.NS-SBIN.NS,-1
2019-10-31,HDFCBANK.NS-SBIN.NS,0
2019-11-14,HDFCBANK.NS-SBIN.NS,-1
2019-11-15,HDFCBANK.NS-SBIN.NS,0
2019-11-28,HDFCBANK.NS-SBIN.NS,1
2019-11-29,HDFCBANK.NS-SBIN.NS,0
2019-12-18,HDFCBANK.NS-SBIN.NS,-1
2019-12-19,HDFCBANK.NS-SBIN.NS,0
2019-12-23,HDFCBANK.NS-SBIN.NS,-1
2019-12-24,HDFCBANK.NS-SBIN.NS,0
2020-01-16,HDFCBANK.NS-SBIN.NS,-1
2020-01-17,HDFCBANK.NS-SBIN.NS,0
2020-02-20,HDFCBANK.NS-SBIN.NS,1
2020-02-24,HDFCBANK.NS-SBIN.NS,0
2020-02-25,HDFCBANK.NS-SBIN.NS,1
2020-02-27,HDFCBANK.NS-SBIN.NS,0
2020-03-17,HDFCBANK.NS-SBIN.NS,1
2020-03-18,HDFCBANK.NS-SBIN.NS,0
2020-03-22,HDFCBANK.NS-SBIN.NS,1
2020-03-23,HDFCBANK.NS-SBIN.NS,0
2020-03-25,HDFCBANK.NS-SBIN.NS,1
2020-04-07,HDFCBANK.NS-SBIN.NS,0
2020-04-15,HDFCBANK.NS-SBIN.NS,1
2020-04-16,HDFCBANK.NS-SBIN.NS,0
2020-06-01,HDFCBANK.NS-SBIN.NS,-1
2020-06-04,HDFCBANK.NS-SBIN.NS,0
2020-06-05,HDFCBANK.NS-SBIN.NS,-1
2020-06-06,HDFCBANK.NS-SBIN.NS,0
2020-06-29,HDFCBANK.NS-SBIN.NS,-1
2020-07-12,HDFCBANK.NS-SBIN.NS,0
2020-07-17,HDFCBANK.NS-SBIN.NS,-1
2020-07-18,HDFCBANK.NS-SBIN.NS,0
2020-07-20,HDFCBANK.NS-SBIN.NS,-1
2020-07-27,HDFCBANK.NS-SBIN.NS,0
2020-08-24,HDFCBANK.NS-SBIN.NS,-1
2020-08-27,HDFCBANK.NS-SBIN.NS,0
2020-09-02,HDFCBANK.NS-SBIN.NS,-1
2020-09-07,HDFCBANK.NS-SBIN.NS,0
2020-09-08,HDFCBANK.NS-SBIN.NS,-1
2020-09-10,HDFCBANK.NS-SBIN.NS,0
2020-09-16,HDFCBANK.NS-SBIN.NS,-1
2020-09-17,HDFCBANK.NS-SBIN.NS,0
2020-09-26,HDFCBANK.NS-SBIN.NS,-1
2020-10-06,HDFCBANK.NS-SBIN.NS,0
2020-10-12,HDFCBANK.NS-SBIN.NS,-1
2021-01-28,HDFCBANK.NS-SBIN.NS,1
2021-01-29,HDFCBANK.NS-SBIN.NS,0
2021-02-01,HDFCBANK.NS-SBIN.NS,-1
2021-02-05,HDFCBANK.NS-SBIN.NS,1
2021-02-06,HDFCBANK.NS-SBIN.NS,0
2021-02-10,HDFCBANK.NS-SBIN.NS,1
2021-02-14,HDFCBANK.NS-SBIN.NS,0
2021-02-17,HDFCBANK.NS-SBIN.NS,1
2021-02-18,HDFCBANK.NS-SBIN.NS,0
2021-02-19,HDFCBANK.NS-SBIN.NS,1
2021-02-22,HDFCBANK.NS-SBIN.NS,0
2021-02-23,HDFCBANK.NS-SBIN.NS,1
2021-02-24,HDFCBANK.NS-SBIN.NS,0
2021-04-09,HDFCBANK.NS-SBIN.NS,1
2021-04-10,HDFCBANK.NS-SBIN.NS,0
2021-04-12,HDFCBANK.NS-SBIN.NS,1
2021-04-13,HDFCBANK.NS-SBIN.NS,0
2021-05-04,HDFCBANK.NS-SBIN.NS,1
2021-05-05,HDFCBANK.NS-SBIN.NS,0
2021-05-11,HDFCBANK.NS-SBIN.NS,1
2021-05-18,HDFCBANK.NS-SBIN.NS,0
2021-05-20,HDFCBANK.NS-SBIN.NS,1
2021-05-21,HDFCBANK.NS-SBIN.NS,0
2021-05-24,HDFCBANK.NS-SBIN.NS,1
2021-07-29,HDFCBANK.NS-SBIN.NS,0
2021-07-30,HDFCBANK.NS-SBIN.NS,1
2021-08-16,HDFCBANK.NS-SBIN.NS,0
2021-08-24,HDFCBANK.NS-SBIN.NS,-1
2021-08-25,HDFCBANK.NS-SBIN.NS,0
2021-08-26,HDFCBANK.NS-SBIN.NS,-1
2021-08-27,HDFCBANK.NS-SBIN.NS,0
2021-10-25,HDFCBANK.NS-SBIN.NS,1
2021-10-27,HDFCBANK.NS-SBIN.NS,0
2021-10-31,HDFCBANK.NS-SBIN.NS,1
2021-11-03,HDFCBANK.NS-SBIN.NS,0
2021-11-04,HDFCBANK.NS-SBIN.NS,1
2021-11-29,HDFCBANK.NS-SBIN.NS,0
2021-12-01,HDFCBANK.NS-SBIN.NS,1
2021-12-02,HDFCBANK.NS-SBIN.NS,0
2021-12-09,HDFCBANK.NS-SBIN.NS,1
2021-12-30,HDFCBANK.NS-SBIN.NS,0
2022-01-03,HDFCBANK.NS-SBIN.NS,-1
2022-01-04,HDFCBANK.NS-SBIN.NS,0
2022-01-05,HDFCBANK.NS-SBIN.NS,-1
2022-01-06,HDFCBANK.NS-SBIN.NS,0
2022-01-12,HDFCBANK.NS-SBIN.NS,1
2022-01-25,HDFCBANK.NS-SBIN.NS,0
2022-01-26,HDFCBANK.NS-SBIN.NS,1
2022-01-27,HDFCBANK.NS-SBIN.NS,0
2022-01-30,HDFCBANK.NS-SBIN.NS,1
2022-04-04,HDFCBANK.NS-SBIN.NS,0
2022-04-07,HDFCBANK.NS-SBIN.NS,1
2022-04-19,HDFCBANK.NS-SBIN.NS,0
2022-04-20,HDFCBANK.NS-SBIN.NS,1
2022-05-27,HDFCBANK.NS-SBIN.NS,0
2022-06-08,HDFCBANK.NS-SBIN.NS,1
2022-06-09,HDFCBANK.NS-SBIN.NS,0
2022-06-10,HDFCBANK.NS-SBIN.NS,1
2022-06-13,HDFCBANK.NS-SBIN.NS,0
2022-06-14,HDFCBANK.NS-SBIN.NS,1
2022-06-20,HDFCBANK.NS-SBIN.NS,0
2022-07-13,HDFCBANK.NS-SBIN.NS,1
2022-07-15,HDFCBANK.NS-SBIN.NS,0
2022-07-18,HDFCBANK.NS-SBIN.NS,1
2022-07-19,HDFCBANK.NS-SBIN.NS,0
2022-07-22,HDFCBANK.NS-SBIN.NS,1
2022-08-08,HDFCBANK.NS-SBIN.NS,0
2022-09-15,HDFCBANK.NS-SBIN.NS,1
2022-09-21,HDFCBANK.NS-SBIN.NS,0
2022-09-22,HDFCBANK.NS-SBIN.NS,1
2022-10-04,HDFCBANK.NS-SBIN.NS,0
2022-10-06,HDFCBANK.NS-SBIN.NS,1
2022-10-14,HDFCBANK.NS-SBIN.NS,0
2022-10-17,HDFCBANK.NS-SBIN.NS,1
2022-11-01,HDFCBANK.NS-SBIN.NS,0
2022-11-03,HDFCBANK.NS-SBIN.NS,1
2022-11-11,HDFCBANK.NS-SBIN.NS,-1
2022-11-17,HDFCBANK.NS-SBIN.NS,0
2023-01-18,HDFCBANK.NS-SBIN.NS,-1
2023-01-20,HDFCBANK.NS-SBIN.NS,0
2023-01-21,HDFCBANK.NS-SBIN.NS,-1
2023-01-24,HDFCBANK.NS-SBIN.NS,0
2023-01-26,HDFCBANK.NS-SBIN.NS,-1
2023-01-27,HDFCBANK.NS-SBIN.NS,0
2023-01-28,HDFCBANK.NS-SBIN.NS,-1
2023-02-27,HDFCBANK.NS-SBIN.NS,0
2023-02-28,HDFCBANK.NS-SBIN.NS,-1
2023-03-01,HDFCBANK.NS-SBIN.NS,0
2023-03-20,HDFCBANK.NS-SBIN.NS,-1
2023-04-28,HDFCBANK.NS-SBIN.NS,0
2023-05-02,HDFCBANK.NS-SBIN.NS,-1
2023-05-05,HDFCBANK.NS-SBIN.NS,1
2023-05-06,HDFCBANK.NS-SBIN.NS,0
2023-08-25,HDFCBANK.NS-SBIN.NS,1
2023-08-28,HDFCBANK.NS-SBIN.NS,0
2023-09-05,HDFCBANK.NS-SBIN.NS,1
2023-09-06,HDFCBANK.NS-SBIN.NS,0
2023-09-18,HDFCBANK.NS-SBIN.NS,1
2023-09-20,HDFCBANK.NS-SBIN.NS,0
2023-09-21,HDFCBANK.NS-SBIN.NS,1
2023-09-22,HDFCBANK.NS-SBIN.NS,0
2023-09-24,HDFCBANK.NS-SBIN.NS,1
2023-10-20,HDFCBANK.NS-SBIN.NS,0
2023-10-25,HDFCBANK.NS-SBIN.NS,1
2023-11-21,HDFCBANK.NS-SBIN.NS,0
2023-11-24,HDFCBANK.NS-SBIN.NS,-1
2023-11-25,HDFCBANK.NS-SBIN.NS,0
2023-11-29,HDFCBANK.NS-SBIN.NS,-1
2023-12-01,HDFCBANK.NS-SBIN.NS,0
2023-12-15,HDFCBANK.NS-SBIN.NS,1
2023-12-20,HDFCBANK.NS-SBIN.NS,0
2024-01-23,HDFCBANK.NS-SBIN.NS,1
2024-04-05,HDFCBANK.NS-SBIN.NS,0
2024-04-07,HDFCBANK.NS-SBIN.NS,-1
2024-04-08,HDFCBANK.NS-SBIN.NS,1
2024-04-09,HDFCBANK.NS-SBIN.NS,0
2024-04-10,HDFCBANK.NS-SBIN.NS,1
2024-04-19,HDFCBANK.NS-SBIN.NS,0
2024-04-22,HDFCBANK.NS-SBIN.NS,1
2024-06-20,HDFCBANK.NS-SBIN.NS,0
2024-06-23,HDFCBANK.NS-SBIN.NS,-1
2024-06-28,HDFCBANK.NS-SBIN.NS,0
2024-07-02,HDFCBANK.NS-SBIN.NS,-1
2024-07-04,HDFCBANK.NS-SBIN.NS,0
2024-07-05,HDFCBANK.NS-SBIN.NS,1
2024-08-02,HDFCBANK.NS-SBIN.NS,0
2024-09-20,HDFCBANK.NS-SBIN.NS,-1
2024-09-23,HDFCBANK.NS-SBIN.NS,0
2024-09-24,HDFCBANK.NS-SBIN.NS,-1
2024-09-27,HDFCBANK.NS-SBIN.NS,0
2024-10-23,HDFCBANK.NS-SBIN.NS,-1
2024-10-24,HDFCBANK.NS-SBIN.NS,0
2024-10-25,HDFCBANK.NS-SBIN.NS,-1
2024-10-28,HDFCBANK.NS-SBIN.NS,0
2024-11-21,HDFCBANK.NS-SBIN.NS,-1
2024-11-22,HDFCBANK.NS-SBIN.NS,0
2024-11-27,HDFCBANK.NS-SBIN.NS,-1
2024-11-28,HDFCBANK.NS-SBIN.NS,0
2024-12-02,HDFCBANK.NS-SBIN.NS,-1
2025-01-20,HDFCBANK.NS-SBIN.NS,0
2025-01-21,HDFCBANK.NS-SBIN.NS,-1
2025-02-06,HDFCBANK.NS-SBIN.NS,0
2025-02-09,HDFCBANK.NS-SBIN.NS,-1
2025-08-19,HDFCBANK.NS-SBIN.NS,0
2025-08-21,HDFCBANK.NS-SBIN.NS,-1
2025-08-22,HDFCBANK.NS-SBIN.NS,0
2025-09-02,HDFCBANK.NS-SBIN.NS,1
2025-09-03,HDFCBANK.NS-SBIN.NS,0
2025-09-17,HDFCBANK.NS-SBIN.NS,1
2025-09-18,HDFCBANK.NS-SBIN.NS,0
2025-09-19,HDFCBANK.NS-SBIN.NS,1
2025-09-22,HDFCBANK.NS-SBIN.NS,0
2025-09-23,HDFCBANK.NS-SBIN.NS,1
2025-10-01,HDFCBANK.NS-SBIN.NS,0
2025-10-28,HDFCBANK.NS-SBIN.NS,1
2025-12-03,HDFCBANK.NS-SBIN.NS,0
2025-12-05,HDFCBANK.NS-SBIN.NS,1
2026-01-05,HDFCBANK.NS-SBIN.NS,0
2026-01-10,HDFCBANK.NS-SBIN.NS,1
2026-01-12,HDFCBANK.NS-SBIN.NS,0
2026-01-15,HDFCBANK.NS-SBIN.NS,1
2016-08-09,SBIN.NS-ITC.NS,-1
2016-08-10,SBIN.NS-ITC.NS,0
2016-08-12,SBIN.NS-ITC.NS,-1
2016-08-19,SBIN.NS-ITC.NS,0
2016-08-22,SBIN.NS-ITC.NS,-1
2016-08-25,SBIN.NS-ITC.NS,0
2016-10-04,SBIN.NS-ITC.NS,-1
2016-10-08,SBIN.NS-ITC.NS,0
2016-11-04,SBIN.NS-ITC.NS,1
2016-11-07,SBIN.NS-ITC.NS,0
2016-11-10,SBIN.NS-ITC.NS,-1
2016-11-14,SBIN.NS-ITC.NS,0
2016-11-15,SBIN.NS-ITC.NS,-1
2016-11-21,SBIN.NS-ITC.NS,0
2017-01-06,SBIN.NS-ITC.NS,-1
2017-01-20,SBIN.NS-ITC.NS,0
2017-01-27,SBIN.NS-ITC.NS,-1
2017-02-09,SBIN.NS-ITC.NS,0
2017-02-10,SBIN.NS-ITC.NS,-1
2017-02-13,SBIN.NS-ITC.NS,0
2017-02-16,SBIN.NS-ITC.NS,-1
2017-02-17,SBIN.NS-ITC.NS,0
2017-02-21,SBIN.NS-ITC.NS,-1
2017-02-25,SBIN.NS-ITC.NS,0
2017-02-28,SBIN.NS-ITC.NS,-1
2017-03-01,SBIN.NS-ITC.NS,0
2017-03-09,SBIN.NS-ITC.NS,-1
2017-03-17,SBIN.NS-ITC.NS,0
2017-03-21,SBIN.NS-ITC.NS,1
2017-03-24,SBIN.NS-ITC.NS,0
2017-03-30,SBIN.NS-ITC.NS,-1
2017-04-12,SBIN.NS-ITC.NS,0
2017-04-13,SBIN.NS-ITC.NS,-1
2017-04-17,SBIN.NS-ITC.NS,0
2017-05-04,SBIN.NS-ITC.NS,-1
2017-05-22,SBIN.NS-ITC.NS,0
2017-05-23,SBIN.NS-ITC.NS,1
2017-05-29,SBIN.NS-ITC.NS,0
2017-05-30,SBIN.NS-ITC.NS,1
2017-06-09,SBIN.NS-ITC.NS,0
2017-06-12,SBIN.NS-ITC.NS,1
2017-06-14,SBIN.NS-ITC.NS,0
2017-06-16,SBIN.NS-ITC.NS,1
2017-06-20,SBIN.NS-ITC.NS,0
2017-06-27,SBIN.NS-ITC.NS,1
2017-07-17,SBIN.NS-ITC.NS,0
2017-07-31,SBIN.NS-ITC.NS,-1
2017-08-03,SBIN.NS-ITC.NS,0
2017-10-11,SBIN.NS-ITC.NS,1
2017-10-13,SBIN.NS-ITC.NS,0
2017-10-19,SBIN.NS-ITC.NS,1
2017-10-23,SBIN.NS-ITC.NS,0
2017-10-28,SBIN.NS-ITC.NS,-1
2017-12-01,SBIN.NS-ITC.NS,0
2017-12-05,SBIN.NS-ITC.NS,-1
2017-12-08,SBIN.NS-ITC.NS,0
2018-01-10,SBIN.NS-ITC.NS,1
2018-01-11,SBIN.NS-ITC.NS,0
2018-02-02,SBIN.NS-ITC.NS,1
2018-02-08,SBIN.NS-ITC.NS,0
2018-02-14,SBIN.NS-ITC.NS,1
2018-02-22,SBIN.NS-ITC.NS,0
2018-03-01,SBIN.NS-ITC.NS,1
2018-03-02,SBIN.NS-ITC.NS,0
2018-03-07,SBIN.NS-ITC.NS,1
2018-03-08,SBIN.NS-ITC.NS,0
2018-04-18,SBIN.NS-ITC.NS,1
2018-05-22,SBIN.NS-ITC.NS,0
2018-06-12,SBIN.NS-ITC.NS,-1
2018-06-15,SBIN.NS-ITC.NS,0
2018-06-28,SBIN.NS-ITC.NS,1
2018-07-26,SBIN.NS-ITC.NS,0
2018-08-09,SBIN.NS-ITC.NS,-1
2018-08-10,SBIN.NS-ITC.NS,0
2018-09-18,SBIN.NS-ITC.NS,1
2018-10-01,SBIN.NS-ITC.NS,0
2018-10-19,SBIN.NS-ITC.NS,1
2018-10-21,SBIN.NS-ITC.NS,0
2018-10-23,SBIN.NS-ITC.NS,1
2018-10-29,SBIN.NS-ITC.NS,0
2018-10-31,SBIN.NS-ITC.NS,-1
2018-11-03,SBIN.NS-ITC.NS,0
2018-11-05,SBIN.NS-ITC.NS,-1
2018-11-07,SBIN.NS-ITC.NS,0
2018-11-15,SBIN.NS-ITC.NS,-1
2018-11-19,SBIN.NS-ITC.NS,0
2018-12-13,SBIN.NS-ITC.NS,-1
2018-12-17,SBIN.NS-ITC.NS,0
2018-12-18,SBIN.NS-ITC.NS,-1
2018-12-20,SBIN.NS-ITC.NS,0
2018-12-21,SBIN.NS-ITC.NS,-1
2018-12-27,SBIN.NS-ITC.NS,0
2019-01-01,SBIN.NS-ITC.NS,-1
2019-01-02,SBIN.NS-ITC.NS,0
2019-01-08,SBIN.NS-ITC.NS,-1
2019-01-09,SBIN.NS-ITC.NS,0
2019-02-12,SBIN.NS-ITC.NS,1
2019-02-14,SBIN.NS-ITC.NS,0
2019-02-18,SBIN.NS-ITC.NS,1
2019-02-20,SBIN.NS-ITC.NS,0
2019-03-27,SBIN.NS-ITC.NS,-1
2019-04-12,SBIN.NS-ITC.NS,0
2019-05-13,SBIN.NS-ITC.NS,-1
2019-05-20,SBIN.NS-ITC.NS,0
2019-05-21,SBIN.NS-ITC.NS,-1
2019-05-23,SBIN.NS-ITC.NS,0
2019-05-28,SBIN.NS-ITC.NS,-1
2019-07-30,SBIN.NS-ITC.NS,1
2019-07-31,SBIN.NS-ITC.NS,0
2019-08-01,SBIN.NS-ITC.NS,1
2019-08-12,SBIN.NS-ITC.NS,0
2019-09-30,SBIN.NS-ITC.NS,1
2019-10-01,SBIN.NS-ITC.NS,0
2019-10-04,SBIN.NS-ITC.NS,1
2019-10-09,SBIN.NS-ITC.NS,0
2019-11-21,SBIN.NS-ITC.NS,-1
2019-12-06,SBIN.NS-ITC.NS,0
2019-12-13,SBIN.NS-ITC.NS,-1
2019-12-18,SBIN.NS-ITC.NS,0
2019-12-20,SBIN.NS-ITC.NS,-1
2019-12-23,SBIN.NS-ITC.NS,0
2019-12-27,SBIN.NS-ITC.NS,-1
2019-12-30,SBIN.NS-ITC.NS,0
2020-01-02,SBIN.NS-ITC.NS,-1
2020-01-03,SBIN.NS-ITC.NS,0
2020-01-20,SBIN.NS-ITC.NS,1
2020-01-21,SBIN.NS-ITC.NS,0
2020-02-06,SBIN.NS-ITC.NS,-1
2020-03-02,SBIN.NS-ITC.NS,0
2020-03-03,SBIN.NS-ITC.NS,-1
2020-03-06,SBIN.NS-ITC.NS,0
2020-03-09,SBIN.NS-ITC.NS,1
2020-03-12,SBIN.NS-ITC.NS,0
2020-03-17,SBIN.NS-ITC.NS,1
2020-04-20,SBIN.NS-ITC.NS,0
2020-04-21,SBIN.NS-ITC.NS,1
2020-04-28,SBIN.NS-ITC.NS,0
2020-05-05,SBIN.NS-ITC.NS,1
2020-05-06,SBIN.NS-ITC.NS,0
2020-05-12,SBIN.NS-ITC.NS,1
2020-05-13,SBIN.NS-ITC.NS,0
2020-05-15,SBIN.NS-ITC.NS,1
2020-05-21,SBIN.NS-ITC.NS,0
2020-05-22,SBIN.NS-ITC.NS,1
2020-06-05,SBIN.NS-ITC.NS,0
2020-06-11,SBIN.NS-ITC.NS,1
2020-06-17,SBIN.NS-ITC.NS,0
2020-06-24,SBIN.NS-ITC.NS,1
2020-08-24,SBIN.NS-ITC.NS,0
2020-08-31,SBIN.NS-ITC.NS,-1
2020-09-03,SBIN.NS-ITC.NS,0
2020-11-05,SBIN.NS-ITC.NS,-1
2020-11-12,SBIN.NS-ITC.NS,0
2020-11-17,SBIN.NS-ITC.NS,-1
2020-11-18,SBIN.NS-ITC.NS,0
2020-12-03,SBIN.NS-ITC.NS,-1
2020-12-21,SBIN.NS-ITC.NS,0
2020-12-23,SBIN.NS-ITC.NS,-1
2021-02-02,SBIN.NS-ITC.NS,0
2021-02-09,SBIN.NS-ITC.NS,-1
2021-04-12,SBIN.NS-ITC.NS,1
2021-04-13,SBIN.NS-ITC.NS,-1
2021-04-16,SBIN.NS-ITC.NS,0
2021-04-26,SBIN.NS-ITC.NS,-1
2021-05-21,SBIN.NS-ITC.NS,0
2021-05-23,SBIN.NS-ITC.NS,-1
2021-05-24,SBIN.NS-ITC.NS,0
2021-05-25,SBIN.NS-ITC.NS,-1
2021-08-04,SBIN.NS-ITC.NS,0
2021-08-05,SBIN.NS-ITC.NS,-1
2021-08-20,SBIN.NS-ITC.NS,0
2021-08-24,SBIN.NS-ITC.NS,-1
2021-09-20,SBIN.NS-ITC.NS,0
2021-10-05,SBIN.NS-ITC.NS,-1
2021-10-06,SBIN.NS-ITC.NS,0
2021-10-11,SBIN.NS-ITC.NS,-1
2021-10-22,SBIN.NS-ITC.NS,0
2021-10-23,SBIN.NS-ITC.NS,-1
2021-11-30,SBIN.NS-ITC.NS,0
2021-12-01,SBIN.NS-ITC.NS,-1
2021-12-19,SBIN.NS-ITC.NS,0
2022-01-04,SBIN.NS-ITC.NS,-1
2022-02-22,SBIN.NS-ITC.NS,0
2022-03-03,SBIN.NS-ITC.NS,1
2022-03-04,SBIN.NS-ITC.NS,0
2022-03-05,SBIN.NS-ITC.NS,1
2022-03-07,SBIN.NS-ITC.NS,0
2022-03-09,SBIN.NS-ITC.NS,1
2022-03-10,SBIN.NS-ITC.NS,0
2022-05-04,SBIN.NS-ITC.NS,1
2022-05-11,SBIN.NS-ITC.NS,0
2022-05-12,SBIN.NS-ITC.NS,1
2022-05-13,SBIN.NS-ITC.NS,0
2022-05-16,SBIN.NS-ITC.NS,1
2022-05-17,SBIN.NS-ITC.NS,0
2022-05-18,SBIN.NS-ITC.NS,1
2022-05-26,SBIN.NS-ITC.NS,0
2022-06-03,SBIN.NS-ITC.NS,1
2022-06-08,SBIN.NS-ITC.NS,0
2022-06-09,SBIN.NS-ITC.NS,1
2022-07-19,SBIN.NS-ITC.NS,-1
2022-07-28,SBIN.NS-ITC.NS,0
2022-07-29,SBIN.NS-ITC.NS,-1
2022-08-04,SBIN.NS-ITC.NS,0
2022-09-14,SBIN.NS-ITC.NS,-1
2022-09-16,SBIN.NS-ITC.NS,0
2022-09-19,SBIN.NS-ITC.NS,-1
2022-09-21,SBIN.NS-ITC.NS,0
2022-09-29,SBIN.NS-ITC.NS,1
2022-09-30,SBIN.NS-ITC.NS,0
2022-11-04,SBIN.NS-ITC.NS,-1
2022-12-21,SBIN.NS-ITC.NS,0
2022-12-26,SBIN.NS-ITC.NS,-1
2023-01-10,SBIN.NS-ITC.NS,0
2023-01-11,SBIN.NS-ITC.NS,-1
2023-01-17,SBIN.NS-ITC.NS,0
2023-01-31,SBIN.NS-ITC.NS,1
2023-02-01,SBIN.NS-ITC.NS,0
2023-02-03,SBIN.NS-ITC.NS,1
2023-02-07,SBIN.NS-ITC.NS,0
2023-02-13,SBIN.NS-ITC.NS,1
2023-03-01,SBIN.NS-ITC.NS,0
2023-03-15,SBIN.NS-ITC.NS,1
2023-03-16,SBIN.NS-ITC.NS,0
2023-03-23,SBIN.NS-ITC.NS,1
2023-03-29,SBIN.NS-ITC.NS,0
2023-05-16,SBIN.NS-ITC.NS,-1
2023-05-17,SBIN.NS-ITC.NS,0
2023-05-22,SBIN.NS-ITC.NS,1
2023-06-15,SBIN.NS-ITC.NS,0
2023-06-17,SBIN.NS-ITC.NS,1
2023-07-27,SBIN.NS-ITC.NS,-1
2023-07-28,SBIN.NS-ITC.NS,1
2023-07-31,SBIN.NS-ITC.NS,-1
2023-08-01,SBIN.NS-ITC.NS,1
2023-09-04,SBIN.NS-ITC.NS,0
2023-09-05,SBIN.NS-ITC.NS,1
2023-09-07,SBIN.NS-ITC.NS,0
2023-10-03,SBIN.NS-ITC.NS,-1
2023-10-04,SBIN.NS-ITC.NS,0
2023-10-26,SBIN.NS-ITC.NS,1
2023-10-27,SBIN.NS-ITC.NS,0
2023-12-05,SBIN.NS-ITC.NS,-1
2023-12-06,SBIN.NS-ITC.NS,0
2023-12-07,SBIN.NS-ITC.NS,-1
2023-12-12,SBIN.NS-ITC.NS,0
2023-12-13,SBIN.NS-ITC.NS,-1
2023-12-15,SBIN.NS-ITC.NS,0
2023-12-17,SBIN.NS-ITC.NS,-1
2024-01-02,SBIN.NS-ITC.NS,0
2024-01-15,SBIN.NS-ITC.NS,-1
2024-01-16,SBIN.NS-ITC.NS,0
2024-01-29,SBIN.NS-ITC.NS,-1
2024-02-07,SBIN.NS-ITC.NS,0
2024-02-12,SBIN.NS-ITC.NS,-1
2024-02-14,SBIN.NS-ITC.NS,0
2024-02-16,SBIN.NS-ITC.NS,-1
2024-06-03,SBIN.NS-ITC.NS,0
2024-06-04,SBIN.NS-ITC.NS,-1
2024-07-24,SBIN.NS-ITC.NS,0
2024-07-28,SBIN.NS-ITC.NS,-1
2024-08-05,SBIN.NS-ITC.NS,0
2024-08-07,SBIN.NS-ITC.NS,1
2024-08-11,SBIN.NS-ITC.NS,0
2024-08-12,SBIN.NS-ITC.NS,1
2024-08-15,SBIN.NS-ITC.NS,0
2024-10-18,SBIN.NS-ITC.NS,-1
2024-10-20,SBIN.NS-ITC.NS,0
2024-10-29,SBIN.NS-ITC.NS,-1
2024-10-30,SBIN.NS-ITC.NS,0
2024-11-04,SBIN.NS-ITC.NS,-1
2024-11-10,SBIN.NS-ITC.NS,0
2024-11-11,SBIN.NS-ITC.NS,-1
2024-11-12,SBIN.NS-ITC.NS,0
2024-12-04,SBIN.NS-ITC.NS,-1
2024-12-06,SBIN.NS-ITC.NS,0
2024-12-10,SBIN.NS-ITC.NS,-1
2024-12-11,SBIN.NS-ITC.NS,0
2025-01-09,SBIN.NS-ITC.NS,1
2025-01-15,SBIN.NS-ITC.NS,0
2025-01-23,SBIN.NS-ITC.NS,1
2025-01-28,SBIN.NS-ITC.NS,0
2025-02-01,SBIN.NS-ITC.NS,1
2025-02-04,SBIN.NS-ITC.NS,0
2025-02-07,SBIN.NS-ITC.NS,1
2025-02-10,SBIN.NS-ITC.NS,0
2025-02-14,SBIN.NS-ITC.NS,1
2025-02-17,SBIN.NS-ITC.NS,0
2025-02-25,SBIN.NS-ITC.NS,1
2025-03-04,SBIN.NS-ITC.NS,0
2025-03-19,SBIN.NS-ITC.NS,-1
2025-03-24,SBIN.NS-ITC.NS,0
2025-03-25,SBIN.NS-ITC.NS,-1
2025-03-31,SBIN.NS-ITC.NS,0
2025-04-01,SBIN.NS-ITC.NS,-1
2025-04-04,SBIN.NS-ITC.NS,0
2025-04-21,SBIN.NS-ITC.NS,-1
2025-04-23,SBIN.NS-ITC.NS,0
2025-05-30,SBIN.NS-ITC.NS,-1
2025-06-04,SBIN.NS-ITC.NS,0
2025-06-09,SBIN.NS-ITC.NS,-1
2025-06-10,SBIN.NS-ITC.NS,0
2025-06-30,SBIN.NS-ITC.NS,-1
2025-08-01,SBIN.NS-ITC.NS,0
2025-08-05,SBIN.NS-ITC.NS,-1
2025-09-17,SBIN.NS-ITC.NS,0
2025-09-18,SBIN.NS-ITC.NS,-1
2025-09-19,SBIN.NS-ITC.NS,0
2025-09-20,SBIN.NS-ITC.NS,-1
2026-01-01,SBIN.NS-ITC.NS,0
2026-01-08,SBIN.NS-ITC.NS,-1
2026-03-30,SBIN.NS-ITC.NS,0
