Date,equity_net
2016-04-28,100000.0
2016-04-29,100000.0
2016-04-30,100000.0
2016-05-01,100000.0
2016-05-02,100000.0
2016-05-03,100000.0
2016-05-04,100000.0
2016-05-05,100000.0
2016-05-06,100000.0
2016-05-07,100000.0
2016-05-08,100000.0
2016-05-09,100000.0
2016-05-10,100000.0
2016-05-11,100000.0
2016-05-12,100000.0
2016-05-13,100000.0
2016-05-14,100000.0
2016-05-15,100000.0
2016-05-16,100000.0
2016-05-17,100000.0
2016-05-18,100000.0
2016-05-19,100000.0
2016-05-20,100000.0
2016-05-21,100000.0
2016-05-22,100000.0
2016-05-23,100000.0
2016-05-24,100000.0
2016-05-25,100000.0
2016-05-26,100000.0
2016-05-27,100000.0
2016-05-28,100000.0
2016-05-29,100000.0
2016-05-30,100000.0
2016-05-31,100000.0
2016-06-01,100000.0
2016-06-02,100000.0
2016-06-03,100000.0
2016-06-04,100000.0
2016-06-05,100000.0
2016-06-06,100000.0
2016-06-07,100000.0
2016-06-08,100000.0
2016-06-09,100000.0
2016-06-10,100000.0
2016-06-11,100000.0
2016-06-12,100000.0
2016-06-13,100000.0
2016-06-14,100000.0
2016-06-15,100000.0
2016-06-16,100000.0
2016-06-17,100000.0
2016-06-18,100000.0
2016-06-19,100000.0
2016-06-20,100000.0
2016-06-21,100000.0
2016-06-22,100000.0
2016-06-23,100000.0
2016-06-24,100000.0
2016-06-25,100000.0
2016-06-26,100000.0
2016-06-27,99887.4632
2016-06-28,99157.56996388746
2016-06-29,100947.192307162
2016-06-30,101116.60778515681
2016-07-01,100598.4771289781
2016-07-02,100570.3429289781
2016-07-03,100570.3429289781
2016-07-04,101301.555139726
2016-07-05,101185.34471504603
2016-07-06,101185.34471504603
2016-07-07,100878.63364566397
2016-07-08,102006.12783448304
2016-07-09,102006.12783448304
2016-07-10,102006.12783448304
2016-07-11,101192.95999440874
2016-07-12,101080.42319440875
2016-07-13,101687.75359805158
2016-07-14,101134.16878502312
2016-07-15,100373.10439258916
2016-07-16,100316.83599258917
2016-07-17,100288.70179258917
2016-07-18,101020.7193386591
2016-07-19,100626.75816104253
2016-07-20,100221.7411754049
2016-07-21,101148.68017225633
2016-07-22,100333.53511082123
2016-07-23,100333.53511082123
2016-07-24,100249.13251082123
2016-07-25,100087.08603994553
2016-07-26,100604.27461061331
2016-07-27,100491.73781061331
2016-07-28,100923.40608491603
2016-07-29,100827.13654623798
2016-07-30,100799.00234623798
2016-07-31,100799.00234623798
2016-08-01,100191.4590469527
2016-08-02,100497.56565026095
2016-08-03,100621.36657523988
2016-08-04,100230.82755892834
2016-08-05,100793.87451191079
2016-08-06,100793.87451191079
2016-08-07,100793.87451191079
2016-08-08,100731.34538512463
2016-08-09,100721.64310408749
2016-08-10,100882.9403978194
2016-08-11,101510.54392190599
2016-08-12,101341.73872190599
2016-08-13,101313.60452190599
2016-08-14,101313.60452190599
2016-08-15,101285.47032190599
2016-08-16,100179.82045539579
2016-08-17,100239.04336322608
2016-08-18,100249.87433218597
2016-08-19,99257.08321825639
2016-08-20,99228.94901825639
2016-08-21,99228.94901825639
2016-08-22,99781.99849529468
2016-08-23,99543.85204916132
2016-08-24,99706.238814076
2016-08-25,100421.0864125596
2016-08-26,100421.0864125596
2016-08-27,100421.0864125596
2016-08-28,100421.0864125596
2016-08-29,100392.9522125596
2016-08-30,100579.69372684893
2016-08-31,100885.35050371572
2016-09-01,100885.35050371572
2016-09-02,100829.08210371571
2016-09-03,100829.08210371571
2016-09-04,100829.08210371571
2016-09-05,100829.08210371571
2016-09-06,100844.19573254818
2016-09-07,100897.47475390366
2016-09-08,100245.97856761639
2016-09-09,102444.25640570991
2016-09-10,102416.12220570992
2016-09-11,102416.12220570992
2016-09-12,104411.73372598882
2016-09-13,104411.73372598882
2016-09-14,104374.51382099839
2016-09-15,103898.02349217389
2016-09-16,103970.43998859152
2016-09-17,103970.43998859152
2016-09-18,103970.43998859152
2016-09-19,103942.30578859152
2016-09-20,103918.8791655589
2016-09-21,103862.6107655589
2016-09-22,103588.43100581967
2016-09-23,102935.07717925611
2016-09-24,102906.94297925611
2016-09-25,102906.94297925611
2016-09-26,102227.06270034143
2016-09-27,101755.24049443712
2016-09-28,101859.7348894786
2016-09-29,102208.80760936448
2016-09-30,102180.67340936448
2016-10-01,102180.67340936448
2016-10-02,102180.67340936448
2016-10-03,102130.20721476687
2016-10-04,101879.538277419
2016-10-05,101670.11879881102
2016-10-06,101663.10120206542
2016-10-07,101532.69271150476
2016-10-08,101476.42431150476
2016-10-09,101448.29011150476
2016-10-10,101991.97380212492
2016-10-11,101991.97380212492
2016-10-12,101991.97380212492
2016-10-13,101935.70540212492
2016-10-14,102966.56221924745
2016-10-15,102966.56221924745
2016-10-16,102966.56221924745
2016-10-17,102966.56221924745
2016-10-18,102938.42801924745
2016-10-19,103310.3243370354
2016-10-20,103197.7875370354
2016-10-21,104113.20963435914
2016-10-22,104085.07543435914
2016-10-23,104085.07543435914
2016-10-24,103585.11344462853
2016-10-25,101767.94030051175
2016-10-26,102229.66426267661
2016-10-27,101727.30353726982
2016-10-28,103906.18378549287
2016-10-29,103878.04958549287
2016-10-30,103878.04958549287
2016-10-31,103849.91538549287
2016-11-01,103793.64698549287
2016-11-02,104230.40472496237
2016-11-03,104437.82426502762
2016-11-04,103736.88888132706
2016-11-05,103736.88888132706
2016-11-06,103680.62048132706
2016-11-07,102679.4036529063
2016-11-08,102716.8551157348
2016-11-09,99709.76998224037
2016-11-10,95315.94749959248
2016-11-11,95775.45305548755
2016-11-12,95747.31885548755
2016-11-13,95719.18465548755
2016-11-14,95494.11105548755
2016-11-15,97995.75751570759
2016-11-16,103767.64421133579
2016-11-17,103021.30374871581
2016-11-18,103098.44779824516
2016-11-19,103042.17939824516
2016-11-20,103014.04519824516
2016-11-21,107582.53993946967
2016-11-22,107449.88780644524
2016-11-23,107403.32983601165
2016-11-24,107347.06143601165
2016-11-25,107694.46549950102
2016-11-26,107694.46549950102
2016-11-27,107694.46549950102
2016-11-28,107666.33129950102
2016-11-29,107796.86689322173
2016-11-30,107996.98515546968
2016-12-01,107996.98515546968
2016-12-02,107996.98515546968
2016-12-03,107996.98515546968
2016-12-04,107996.98515546968
2016-12-05,107996.98515546968
2016-12-06,107996.98515546968
2016-12-07,107996.98515546968
2016-12-08,107996.98515546968
2016-12-09,107996.98515546968
2016-12-10,107996.98515546968
2016-12-11,107996.98515546968
2016-12-12,107996.98515546968
2016-12-13,107996.98515546968
2016-12-14,107968.85095546968
2016-12-15,108107.80435174744
2016-12-16,108068.65264438392
2016-12-17,108068.65264438392
2016-12-18,108040.51844438392
2016-12-19,107982.8690863454
2016-12-20,108052.50280944337
2016-12-21,108787.3642492508
2016-12-22,109218.4571485018
2016-12-23,109056.48452533886
2016-12-24,109056.48452533886
2016-12-25,109028.35032533886
2016-12-26,109028.35032533886
2016-12-27,109000.21612533886
2016-12-28,108738.60040583262
2016-12-29,108612.11172406646
2016-12-30,108757.62434808962
2016-12-31,108757.62434808962
2017-01-01,108757.62434808962
2017-01-02,108524.98150175405
2017-01-03,108491.46597842479
2017-01-04,107306.47921033141
2017-01-05,103489.4888676973
2017-01-06,100135.65588967835
2017-01-07,100135.65588967835
2017-01-08,100135.65588967835
2017-01-09,100437.86963868477
2017-01-10,99684.40007690835
2017-01-11,99513.29227559335
2017-01-12,103293.16293699798
2017-01-13,96499.09951775629
2017-01-14,96470.96531775629
2017-01-15,96470.96531775629
2017-01-16,95142.48447074369
2017-01-17,97775.78568840062
2017-01-18,97078.87857323526
2017-01-19,96975.16371343525
2017-01-20,100728.4095492205
2017-01-21,100728.4095492205
2017-01-22,100728.4095492205
2017-01-23,100528.30755074773
2017-01-24,99283.72061981099
2017-01-25,95316.36512064683
2017-01-26,95288.23092064683
2017-01-27,96542.8542828115
2017-01-28,96542.8542828115
2017-01-29,96542.8542828115
2017-01-30,99798.00411330257
2017-01-31,95567.15423029773
2017-02-01,84235.55985390094
2017-02-02,85363.13273242513
2017-02-03,86179.76846471791
2017-02-04,86179.76846471791
2017-02-05,86179.76846471791
2017-02-06,85103.7577251144
2017-02-07,85974.69708367405
2017-02-08,87976.26238281015
2017-02-09,91675.76778909189
2017-02-10,98405.14326363691
2017-02-11,98405.14326363691
2017-02-12,98405.14326363691
2017-02-13,101418.13773937823
2017-02-14,103246.09384889739
2017-02-15,103720.40094826343
2017-02-16,107864.42537425504
2017-02-17,107210.8338905832
2017-02-18,107210.8338905832
2017-02-19,107210.8338905832
2017-02-20,105690.07164343075
2017-02-21,107061.50706914467
2017-02-22,109219.28059464035
2017-02-23,111172.07392842678
2017-02-24,111172.07392842678
2017-02-25,111143.93972842678
2017-02-26,111143.93972842678
2017-02-27,107628.63663412315
2017-02-28,107466.11793663453
2017-03-01,110226.96411211815
2017-03-02,109052.11036931285
2017-03-03,106908.82021190133
2017-03-04,106908.82021190133
2017-03-05,106908.82021190133
2017-03-06,104561.08427490338
2017-03-07,103743.38321678687
2017-03-08,104064.42428177522
2017-03-09,104602.33997442841
2017-03-10,104014.99044557984
2017-03-11,103986.85624557984
2017-03-12,103986.85624557984
2017-03-13,103986.85624557984
2017-03-14,108915.6793424331
2017-03-15,108250.76355928289
2017-03-16,109620.46858526208
2017-03-17,111827.36643986063
2017-03-18,111827.36643986063
2017-03-19,111827.36643986063
2017-03-20,110969.85784167505
2017-03-21,110842.19592626068
2017-03-22,109451.87282012257
2017-03-23,109923.12509794848
2017-03-24,112651.81353896874
2017-03-25,112651.81353896874
2017-03-26,112623.67933896874
2017-03-27,114264.14252943786
2017-03-28,115190.7688720891
2017-03-29,115527.98907221161
2017-03-30,114588.30790645776
2017-03-31,113216.5420741299
2017-04-01,113188.4078741299
2017-04-02,113188.4078741299
2017-04-03,113499.44830483853
2017-04-04,113499.44830483853
2017-04-05,108382.47890993228
2017-04-06,105119.1633917624
2017-04-07,106400.7066899052
2017-04-08,106372.5724899052
2017-04-09,106372.5724899052
2017-04-10,107072.99247165123
2017-04-11,110192.4772734214
2017-04-12,111712.63143526002
2017-04-13,107369.6806352004
2017-04-14,107313.4122352004
2017-04-15,107257.1438352004
2017-04-16,107229.0096352004
2017-04-17,104883.86206847051
2017-04-18,105794.81178931134
2017-04-19,105614.92439327545
2017-04-20,106511.0682636331
2017-04-21,100073.47494663138
2017-04-22,100073.47494663138
2017-04-23,100045.34074663138
2017-04-24,97229.11593708176
2017-04-25,96445.48719338472
2017-04-26,96111.96133240778
2017-04-27,95806.4663222882
2017-04-28,97138.60129722909
2017-04-29,97138.60129722909
2017-04-30,97138.60129722909
2017-05-01,97138.60129722909
2017-05-02,99592.36308013856
2017-05-03,100721.98484922132
2017-05-04,108694.10211540743
2017-05-05,108609.0174535811
2017-05-06,108580.8832535811
2017-05-07,108580.8832535811
2017-05-08,109255.6194893634
2017-05-09,109642.80207670595
2017-05-10,108912.7998106695
2017-05-11,109735.35964390462
2017-05-12,111686.48976570783
2017-05-13,111686.48976570783
2017-05-14,111686.48976570783
2017-05-15,110809.94026898615
2017-05-16,110575.67074380195
2017-05-17,110427.30413320388
2017-05-18,111946.94368282502
2017-05-19,113905.02083061555
2017-05-20,113876.88663061555
2017-05-21,113848.75243061555
2017-05-22,116245.14122846228
2017-05-23,115292.6128635124
2017-05-24,113219.16357773411
2017-05-25,113128.34536566994
2017-05-26,116049.59125088195
2017-05-27,116049.59125088195
2017-05-28,115993.32285088194
2017-05-29,113341.09647134888
2017-05-30,115460.02667625954
2017-05-31,113017.1719245957
2017-06-01,114402.43678878738
2017-06-02,113087.2154967112
2017-06-03,113087.2154967112
2017-06-04,113059.0812967112
2017-06-05,111120.62372951422
2017-06-06,111371.04963412021
2017-06-07,115019.3522944003
2017-06-08,116517.53050192095
2017-06-09,114671.03099909984
2017-06-10,114671.03099909984
2017-06-11,114671.03099909984
2017-06-12,116189.78446651809
2017-06-13,114921.49678205556
2017-06-14,115285.64591456552
2017-06-15,115151.1258717002
2017-06-16,114123.07323020782
2017-06-17,114123.07323020782
2017-06-18,114123.07323020782
2017-06-19,111376.65634281574
2017-06-20,113107.93550367569
2017-06-21,112695.76937637218
2017-06-22,112337.44870978408
2017-06-23,113056.3221819268
2017-06-24,113028.18798192679
2017-06-25,113028.18798192679
2017-06-26,113028.18798192679
2017-06-27,111042.0548466329
2017-06-28,111204.59914109293
2017-06-29,109690.44388245513
2017-06-30,111216.5381970567
2017-07-01,111188.4039970567
2017-07-02,111188.4039970567
2017-07-03,111375.49666770239
2017-07-04,112169.3108848155
2017-07-05,112705.97880162197
2017-07-06,113160.21453593567
2017-07-07,110696.1508491137
2017-07-08,110696.1508491137
2017-07-09,110668.0166491137
2017-07-10,114258.24165035963
2017-07-11,115136.48675137777
2017-07-12,115529.25910838031
2017-07-13,114868.19113229602
2017-07-14,114684.9719993555
2017-07-15,114684.9719993555
2017-07-16,114684.9719993555
2017-07-17,115915.5575462933
2017-07-18,114975.60923974178
2017-07-19,115070.34375676242
2017-07-20,113203.18527328654
2017-07-21,112321.91404603649
2017-07-22,112293.77984603649
2017-07-23,112237.51144603649
2017-07-24,111034.20100589897
2017-07-25,110527.20759430184
2017-07-26,110664.21579972345
2017-07-27,109370.55292416632
2017-07-28,112934.51531864186
2017-07-29,112934.51531864186
2017-07-30,112906.38111864186
2017-07-31,112446.82486671969
2017-08-01,113079.2137465731
2017-08-02,110570.0466291359
2017-08-03,107873.50447955541
2017-08-04,109152.92351256471
2017-08-05,109124.78931256471
2017-08-06,109124.78931256471
2017-08-07,108971.95137948044
2017-08-08,108120.03856199328
2017-08-09,108981.8470462086
2017-08-10,110209.45688256557
2017-08-11,110581.84613737988
2017-08-12,110553.71193737988
2017-08-13,110553.71193737988
2017-08-14,108476.704236038
2017-08-15,108476.704236038
2017-08-16,110404.07031142255
2017-08-17,113634.33723583847
2017-08-18,111723.50440747249
2017-08-19,111695.37020747249
2017-08-20,111695.37020747249
2017-08-21,107105.89638758845
2017-08-22,107738.20293477154
2017-08-23,108030.01319714748
2017-08-24,111765.06972346765
2017-08-25,111765.06972346765
2017-08-26,111765.06972346765
2017-08-27,111765.06972346765
2017-08-28,114224.4502542024
2017-08-29,114467.19454392201
2017-08-30,112191.0265211245
2017-08-31,110136.6527549926
2017-09-01,110773.0791065237
2017-09-02,110773.0791065237
2017-09-03,110773.0791065237
2017-09-04,109976.1020923529
2017-09-05,108490.27169940661
2017-09-06,105426.84787775882
2017-09-07,104713.75587816427
2017-09-08,102638.92848711029
2017-09-09,102638.92848711029
2017-09-10,102638.92848711029
2017-09-11,100645.20529406253
2017-09-12,101177.25655700304
2017-09-13,97464.07844013639
2017-09-14,99240.32997799572
2017-09-15,99388.55219860311
2017-09-16,99388.55219860311
2017-09-17,99388.55219860311
2017-09-18,97645.52487255646
2017-09-19,98364.4817501551
2017-09-20,99479.61481452742
2017-09-21,99070.174510626
2017-09-22,98851.86216029453
2017-09-23,98851.86216029453
2017-09-24,98851.86216029453
2017-09-25,97932.58481413023
2017-09-26,100073.32883389363
2017-09-27,98892.68492596938
2017-09-28,100764.21640968173
2017-09-29,101441.08859973421
2017-09-30,101441.08859973421
2017-10-01,101441.08859973421
2017-10-02,101441.08859973421
2017-10-03,100058.04107201989
2017-10-04,99863.33613331338
2017-10-05,98247.20634283686
2017-10-06,99266.1605973176
2017-10-07,99266.1605973176
2017-10-08,99266.1605973176
2017-10-09,100651.00154428849
2017-10-10,98890.9485602972
2017-10-11,97934.04189627033
2017-10-12,91419.65558128474
2017-10-13,90614.06072085955
2017-10-14,90585.92652085955
2017-10-15,90529.65812085955
2017-10-16,90675.05164638335
2017-10-17,90203.1770676721
2017-10-18,82715.2052923039
2017-10-19,82365.75788515405
2017-10-20,82337.62368515405
2017-10-21,82337.62368515405
2017-10-22,82309.48948515404
2017-10-23,80764.2147124112
2017-10-24,85008.85133545763
2017-10-25,113140.58949919116
2017-10-26,113485.4784480602
2017-10-27,115703.65770737035
2017-10-28,115647.38930737035
2017-10-29,115647.38930737035
2017-10-30,111982.55970266601
2017-10-31,111412.82786912896
2017-11-01,112960.61538069473
2017-11-02,111866.82500036054
2017-11-03,112434.20530045929
2017-11-04,112377.93690045929
2017-11-05,112377.93690045929
2017-11-06,112416.46734208836
2017-11-07,115550.68650292147
2017-11-08,116083.7555961916
2017-11-09,113160.48553567051
2017-11-10,118628.84779911244
2017-11-11,118600.71359911244
2017-11-12,118572.57939911244
2017-11-13,114552.96937885416
2017-11-14,114779.2607384339
2017-11-15,114139.9232944415
2017-11-16,114102.01247453877
2017-11-17,116682.31955594738
2017-11-18,116682.31955594738
2017-11-19,116682.31955594738
2017-11-20,116930.70056789559
2017-11-21,115997.4072492699
2017-11-22,116682.0919160698
2017-11-23,116299.35507016665
2017-11-24,116891.92431554617
2017-11-25,116863.79011554617
2017-11-26,116863.79011554617
2017-11-27,116433.89322305616
2017-11-28,115483.00399355704
2017-11-29,116594.03507317718
2017-11-30,117710.84427205326
2017-12-01,117770.86730792077
2017-12-02,117770.86730792077
2017-12-03,117742.73310792077
2017-12-04,119632.67482028846
2017-12-05,118729.01418195697
2017-12-06,116315.84968409306
2017-12-07,117949.7747021626
2017-12-08,124098.02487897326
2017-12-09,124098.02487897326
2017-12-10,124098.02487897326
2017-12-11,125817.46750088094
2017-12-12,125593.66074584832
2017-12-13,124185.9829513504
2017-12-14,127908.93350693744
2017-12-15,127562.10646442992
2017-12-16,127505.83806442992
2017-12-17,127505.83806442992
2017-12-18,127433.73838931136
2017-12-19,127847.78921328267
2017-12-20,127655.6817611712
2017-12-21,127583.32669725298
2017-12-22,126460.54430821045
2017-12-23,126460.54430821045
2017-12-24,126460.54430821045
2017-12-25,126460.54430821045
2017-12-26,126423.33909910012
2017-12-27,126377.36380834262
2017-12-28,126114.8193030692
2017-12-29,125765.80865410191
2017-12-30,125765.80865410191
2017-12-31,125765.80865410191
2018-01-01,127315.8530277506
2018-01-02,126526.3082592913
2018-01-03,126356.61891369775
2018-01-04,126818.93926873316
2018-01-05,126202.98715382014
2018-01-06,126202.98715382014
2018-01-07,126202.98715382014
2018-01-08,126151.72375489445
2018-01-09,127193.4075831121
2018-01-10,123139.23120373786
2018-01-11,123730.3024289441
2018-01-12,124031.51461937626
2018-01-13,124031.51461937626
2018-01-14,124003.38041937626
2018-01-15,125674.79999735238
2018-01-16,119024.99069245937
2018-01-17,120980.26879157778
2018-01-18,121256.92804832116
2018-01-19,121954.17525815952
2018-01-20,121813.50425815952
2018-01-21,121729.10165815952
2018-01-22,115623.3037556419
2018-01-23,116962.84645913512
2018-01-24,121497.59071936758
2018-01-25,120964.69267423652
2018-01-26,120964.69267423652
2018-01-27,120936.55847423652
2018-01-28,120936.55847423652
2018-01-29,115677.46410163732
2018-01-30,118331.14975081412
2018-01-31,119146.05695737281
2018-02-01,117869.23305000877
2018-02-02,115591.85287767398
2018-02-03,115563.71867767398
2018-02-04,115563.71867767398
2018-02-05,118895.29595637678
2018-02-06,121340.360416067
2018-02-07,123567.84884661013
2018-02-08,124767.95271700082
2018-02-09,123633.64881140212
2018-02-10,123633.64881140212
2018-02-11,123577.38041140212
2018-02-12,123107.80283522105
2018-02-13,123107.80283522105
2018-02-14,121929.6318931369
2018-02-15,122375.78757741873
2018-02-16,120098.76886203658
2018-02-17,120098.76886203658
2018-02-18,120098.76886203658
2018-02-19,118109.55585403217
2018-02-20,117816.86891834409
2018-02-21,116127.12034498485
2018-02-22,114639.10937193486
2018-02-23,115900.30274841377
2018-02-24,115900.30274841377
2018-02-25,115900.30274841377
2018-02-26,116873.8530315751
2018-02-27,113307.25992088154
2018-02-28,111899.82253119771
2018-03-01,109067.47479567592
2018-03-02,109039.34059567592
2018-03-03,109039.34059567592
2018-03-04,109011.20639567592
2018-03-05,107172.64733664478
2018-03-06,105457.67768238844
2018-03-07,102727.21561383376
2018-03-08,110146.75076902754
2018-03-09,106366.91349008976
2018-03-10,106366.91349008976
2018-03-11,106366.91349008976
2018-03-12,107787.95756561197
2018-03-13,115294.4445850893
2018-03-14,116603.07244349546
2018-03-15,115155.37391038999
2018-03-16,115214.16628191392
2018-03-17,115214.16628191392
2018-03-18,115214.16628191392
2018-03-19,116500.36379564965
2018-03-20,115492.55758106653
2018-03-21,114218.03841232488
2018-03-22,111524.01505891116
2018-03-23,108093.38161053183
2018-03-24,108008.97901053184
2018-03-25,108008.97901053184
2018-03-26,113772.52869135652
2018-03-27,116321.56213233173
2018-03-28,115733.7202995164
2018-03-29,115733.7202995164
2018-03-30,115733.7202995164
2018-03-31,115733.7202995164
2018-04-01,115705.5860995164
2018-04-02,108008.3163263881
2018-04-03,111768.05036113097
2018-04-04,112569.61976613311
2018-04-05,115954.21698469526
2018-04-06,118174.28103156516
2018-04-07,118146.14683156516
2018-04-08,118146.14683156516
2018-04-09,120273.93476509607
2018-04-10,123845.228668814
2018-04-11,117743.61375473542
2018-04-12,110409.14233852978
2018-04-13,108481.47237344785
2018-04-14,108481.47237344785
2018-04-15,108481.47237344785
2018-04-16,109015.2613220872
2018-04-17,111316.13732398719
2018-04-18,112917.04390417243
2018-04-19,111179.98505205219
2018-04-20,98322.49748274847
2018-04-21,98238.09488274847
2018-04-22,98125.55808274847
2018-04-23,97237.24985329615
2018-04-24,100789.64735136475
2018-04-25,94873.82833402061
2018-04-26,90435.82362302302
2018-04-27,98954.02642227607
2018-04-28,98925.89222227607
2018-04-29,98925.89222227607
2018-04-30,98909.88860054866
2018-05-01,98909.88860054866
2018-05-02,96309.92731174655
2018-05-03,100015.6002175344
2018-05-04,100340.77542086784
2018-05-05,100340.77542086784
2018-05-06,100340.77542086784
2018-05-07,106249.6662790568
2018-05-08,112245.79618824732
2018-05-09,109216.87808059892
2018-05-10,110491.02916893704
2018-05-11,111695.61075479559
2018-05-12,111695.61075479559
2018-05-13,111695.61075479559
2018-05-14,113754.87752208993
2018-05-15,108550.64576007143
2018-05-16,104696.49876681797
2018-05-17,103699.37660369668
2018-05-18,100517.75705878298
2018-05-19,100517.75705878298
2018-05-20,100517.75705878298
2018-05-21,102754.28282084459
2018-05-22,107667.29605579843
2018-05-23,110658.31586768468
2018-05-24,107058.53341217522
2018-05-25,107245.01256734174
2018-05-26,107245.01256734174
2018-05-27,107245.01256734174
2018-05-28,112797.8088761149
2018-05-29,108050.70156602855
2018-05-30,107414.60688054407
2018-05-31,104358.55713392948
2018-06-01,105526.5222337745
2018-06-02,105498.3880337745
2018-06-03,105470.2538337745
2018-06-04,104554.59043868935
2018-06-05,106202.09498826391
2018-06-06,107990.57745446912
2018-06-07,109072.10992636511
2018-06-08,107452.42538576161
2018-06-09,107452.42538576161
2018-06-10,107452.42538576161
2018-06-11,107382.54642354012
2018-06-12,108469.5531037939
2018-06-13,105478.75565297765
2018-06-14,105399.96060585087
2018-06-15,96486.22703564705
2018-06-16,96429.95863564705
2018-06-17,96429.95863564705
2018-06-18,100907.25937370646
2018-06-19,102342.83526830621
2018-06-20,101212.42070586383
2018-06-21,99989.69096563541
2018-06-22,104016.81132300466
2018-06-23,104016.81132300466
2018-06-24,104016.81132300466
2018-06-25,96829.97777078181
2018-06-26,94737.2189862906
2018-06-27,89920.32071775057
2018-06-28,84318.50098690802
2018-06-29,86816.25615311964
2018-06-30,86816.25615311964
2018-07-01,86788.12195311964
2018-07-02,85535.89101236046
2018-07-03,81380.62261125307
2018-07-04,81920.5655844505
2018-07-05,85133.88388896966
2018-07-06,83190.19146863621
2018-07-07,83162.05726863621
2018-07-08,83162.05726863621
2018-07-09,86521.98418377862
2018-07-10,88138.11426373073
2018-07-11,76279.79314007783
2018-07-12,80116.15700018236
2018-07-13,74380.34745321875
2018-07-14,74352.21325321875
2018-07-15,74324.07905321875
2018-07-16,68687.41259944782
2018-07-17,73039.35674571992
2018-07-18,71985.61537043778
2018-07-19,73227.51213159996
2018-07-20,72322.49655585655
2018-07-21,72294.36235585655
2018-07-22,72294.36235585655
2018-07-23,78971.32295724264
2018-07-24,78838.96976689431
2018-07-25,81385.3774853543
2018-07-26,92783.42520918632
2018-07-27,99427.96778707253
2018-07-28,99427.96778707253
2018-07-29,99427.96778707253
2018-07-30,107357.86652633578
2018-07-31,102446.65153273559
2018-08-01,99692.12543868113
2018-08-02,101910.61848351653
2018-08-03,103236.83140890213
2018-08-04,103236.83140890213
2018-08-05,103236.83140890213
2018-08-06,107515.50777265991
2018-08-07,107209.39991477165
2018-08-08,107410.95224511443
2018-08-09,110918.5570834029
2018-08-10,109593.5648720467
2018-08-11,109593.5648720467
2018-08-12,109593.5648720467
2018-08-13,105799.76984310575
2018-08-14,105692.7394432264
2018-08-15,105636.4710432264
2018-08-16,103946.4253118125
2018-08-17,107320.86323263605
2018-08-18,107320.86323263605
2018-08-19,107320.86323263605
2018-08-20,110013.09801180742
2018-08-21,108832.02039807427
2018-08-22,108832.02039807427
2018-08-23,104324.34698961572
2018-08-24,102283.67752149596
2018-08-25,102283.67752149596
2018-08-26,102283.67752149596
2018-08-27,104004.95526395061
2018-08-28,100621.77683949257
2018-08-29,103263.00103215348
2018-08-30,104749.7405189002
2018-08-31,105216.67455491822
2018-09-01,105216.67455491822
2018-09-02,105216.67455491822
2018-09-03,104624.20627508614
2018-09-04,95281.7313517412
2018-09-05,97643.11481572503
2018-09-06,96505.31308758461
2018-09-07,95235.21805551709
2018-09-08,95235.21805551709
2018-09-09,95235.21805551709
2018-09-10,93403.05016171499
2018-09-11,91330.32248783793
2018-09-12,92229.1252802347
2018-09-13,92229.1252802347
2018-09-14,94417.35835586554
2018-09-15,94417.35835586554
2018-09-16,94417.35835586554
2018-09-17,92147.16897981134
2018-09-18,89787.70527588323
2018-09-19,88014.75697296791
2018-09-20,88014.75697296791
2018-09-21,87433.4709997495
2018-09-22,87433.4709997495
2018-09-23,87433.4709997495
2018-09-24,74434.38868094995
2018-09-25,76091.0268627232
2018-09-26,74446.70580664971
2018-09-27,71116.26265629359
2018-09-28,72107.71849531014
2018-09-29,72107.71849531014
2018-09-30,72079.58429531014
2018-10-01,73181.47396600874
2018-10-02,73125.20556600874
2018-10-03,77387.2399112494
2018-10-04,87219.420837637
2018-10-05,74946.40697843567
2018-10-06,74946.40697843567
2018-10-07,74890.13857843567
2018-10-08,81816.98915347438
2018-10-09,78547.83105926412
2018-10-10,88520.99043371274
2018-10-11,90814.190248215
2018-10-12,97903.4530701446
2018-10-13,97903.4530701446
2018-10-14,97875.3188701446
2018-10-15,96796.48444171794
2018-10-16,98804.46228496448
2018-10-17,98355.83488888477
2018-10-18,98355.83488888477
2018-10-19,104034.25015474389
2018-10-20,104034.25015474389
2018-10-21,103977.98175474389
2018-10-22,104023.1438024594
2018-10-23,105034.61314179352
2018-10-24,104000.30909755499
2018-10-25,104570.22154347584
2018-10-26,106084.15812423572
2018-10-27,106084.15812423572
2018-10-28,106027.88972423572
2018-10-29,105364.94442359306
2018-10-30,105965.4221608239
2018-10-31,104298.27433267685
2018-11-01,104691.36277502174
2018-11-02,106411.6899302591
2018-11-03,106355.4215302591
2018-11-04,106299.1531302591
2018-11-05,107407.29397070926
2018-11-06,108304.23699092357
2018-11-07,108103.40702156795
2018-11-08,108103.40702156795
2018-11-09,108129.37348181356
2018-11-10,108129.37348181356
2018-11-11,108129.37348181356
2018-11-12,107958.02041274105
2018-11-13,106822.71688294035
2018-11-14,107215.29672841051
2018-11-15,106794.32006912085
2018-11-16,107729.23853842389
2018-11-17,107701.10433842389
2018-11-18,107701.10433842389
2018-11-19,109383.3289667854
2018-11-20,109508.09776736089
2018-11-21,109630.13782260414
2018-11-22,110597.80002497807
2018-11-23,110597.80002497807
2018-11-24,110597.80002497807
2018-11-25,110569.66582497807
2018-11-26,110653.79116779669
2018-11-27,111198.44840828548
2018-11-28,109727.72356054562
2018-11-29,109880.3723154831
2018-11-30,110415.02177702455
2018-12-01,110386.88757702455
2018-12-02,110386.88757702455
2018-12-03,110241.99429384575
2018-12-04,109748.93932775817
2018-12-05,109821.63246968723
2018-12-06,109613.61006609637
2018-12-07,109117.82461361848
2018-12-08,109117.82461361848
2018-12-09,109117.82461361848
2018-12-10,109320.37429906888
2018-12-11,111510.00388172026
2018-12-12,111030.2821685538
2018-12-13,111449.08095145255
2018-12-14,111126.33286395759
2018-12-15,111126.33286395759
2018-12-16,111098.19866395759
2018-12-17,111491.37019645501
2018-12-18,110971.43523206188
2018-12-19,111701.55390350179
2018-12-20,112348.24902807189
2018-12-21,112463.10116608745
2018-12-22,112434.96696608745
2018-12-23,112434.96696608745
2018-12-24,112490.31663712456
2018-12-25,112490.31663712456
2018-12-26,112176.7354599552
2018-12-27,113727.927288529
2018-12-28,113442.60353865082
2018-12-29,113442.60353865082
2018-12-30,113442.60353865082
2018-12-31,113541.24388578445
2019-01-01,113409.78599036418
2019-01-02,112996.84520940886
2019-01-03,112801.54401252411
2019-01-04,113133.58811801608
2019-01-05,113133.58811801608
2019-01-06,113133.58811801608
2019-01-07,112712.20075158929
2019-01-08,111221.90901770454
2019-01-09,111508.61040201777
2019-01-10,111908.47566872179
2019-01-11,112127.89389745661
2019-01-12,112127.89389745661
2019-01-13,112127.89389745661
2019-01-14,111988.15102990987
2019-01-15,112193.96172887503
2019-01-16,110173.10965961512
2019-01-17,110249.55398865089
2019-01-18,111043.09324711167
2019-01-19,111043.09324711167
2019-01-20,110986.82484711167
2019-01-21,110107.66673784221
2019-01-22,109647.02458659827
2019-01-23,108543.50308201407
2019-01-24,108385.24456502729
2019-01-25,108798.81397680487
2019-01-26,108770.67977680487
2019-01-27,108742.54557680487
2019-01-28,108942.34860910545
2019-01-29,110290.89565212395
2019-01-30,110445.73156681113
2019-01-31,110925.0663635279
2019-02-01,110598.97135677928
2019-02-02,110598.97135677928
2019-02-03,110598.97135677928
2019-02-04,107339.35075106625
2019-02-05,107126.75585774517
2019-02-06,106665.50233395645
2019-02-07,107649.82465779367
2019-02-08,107759.08408911091
2019-02-09,107730.94988911091
2019-02-10,107730.94988911091
2019-02-11,108773.07971055046
2019-02-12,107960.39127832477
2019-02-13,107960.39127832477
2019-02-14,107965.04424772412
2019-02-15,106036.56309802117
2019-02-16,106036.56309802117
2019-02-17,106036.56309802117
2019-02-18,105826.42920769771
2019-02-19,108307.92834415173
2019-02-20,107460.61465455985
2019-02-21,106955.61030386877
2019-02-22,108524.72868997668
2019-02-23,108524.72868997668
2019-02-24,108524.72868997668
2019-02-25,107328.75763785416
2019-02-26,108152.35175945603
2019-02-27,109126.91591344145
2019-02-28,110432.30721129137
2019-03-01,110979.05354295287
2019-03-02,110979.05354295287
2019-03-03,110979.05354295287
2019-03-04,110979.05354295287
2019-03-05,112156.6422301511
2019-03-06,111418.1046970675
2019-03-07,112493.20255490777
2019-03-08,112619.79565873923
2019-03-09,112619.79565873923
2019-03-10,112591.66145873923
2019-03-11,111190.78817249121
2019-03-12,109030.87379852477
2019-03-13,108201.562645242
2019-03-14,108864.60592560083
2019-03-15,108885.11699977334
2019-03-16,108856.98279977334
2019-03-17,108856.98279977334
2019-03-18,106707.48531724031
2019-03-19,108028.56548083204
2019-03-20,109028.55148602492
2019-03-21,109028.55148602492
2019-03-22,110079.3262580107
2019-03-23,110079.3262580107
2019-03-24,110079.3262580107
2019-03-25,109902.82611646134
2019-03-26,108524.69101806503
2019-03-27,110738.2803510283
2019-03-28,113022.63547848913
2019-03-29,113022.63547848913
2019-03-30,113022.63547848913
2019-03-31,113022.63547848913
2019-04-01,111840.4150105816
2019-04-02,113101.83404109137
2019-04-03,113381.65992977079
2019-04-04,114660.77874289936
2019-04-05,114215.30850511906
2019-04-06,114215.30850511906
2019-04-07,114215.30850511906
2019-04-08,114125.25932550702
2019-04-09,114528.6392068329
2019-04-10,115493.01039471556
2019-04-11,116317.10145962244
2019-04-12,118332.25503343495
2019-04-13,118332.25503343495
2019-04-14,118332.25503343495
2019-04-15,118103.85719331935
2019-04-16,116390.58985261456
2019-04-17,116362.45565261456
2019-04-18,112818.27047793278
2019-04-19,112818.27047793278
2019-04-20,112790.13627793278
2019-04-21,112790.13627793278
2019-04-22,114355.42728873824
2019-04-23,114376.21265389107
2019-04-24,114133.19695930014
2019-04-25,112320.14458300227
2019-04-26,110636.16773900404
2019-04-27,110551.76513900404
2019-04-28,110551.76513900404
2019-04-29,110551.76513900404
2019-04-30,108542.37413191934
2019-05-01,108514.23993191934
2019-05-02,110980.14348565822
2019-05-03,115165.64944297294
2019-05-04,115137.51524297294
2019-05-05,115137.51524297294
2019-05-06,117361.94016570249
2019-05-07,119001.72610175885
2019-05-08,118371.4409840547
2019-05-09,116580.67977862382
2019-05-10,119975.90482722422
2019-05-11,119975.90482722422
2019-05-12,119891.50222722422
2019-05-13,118658.70546163361
2019-05-14,121891.32397737405
2019-05-15,122540.17647587373
2019-05-16,122260.42716098797
2019-05-17,121688.50571281053
2019-05-18,121660.37151281053
2019-05-19,121632.23731281052
2019-05-20,121122.1103088457
2019-05-21,120833.15724421776
2019-05-22,120696.62462647544
2019-05-23,118742.52480886194
2019-05-24,116699.741334234
2019-05-25,116643.472934234
2019-05-26,116615.338734234
2019-05-27,116332.10907126845
2019-05-28,117980.17533677848
2019-05-29,119813.13490623608
2019-05-30,118748.26021480914
2019-05-31,114601.78606736282
2019-06-01,114601.78606736282
2019-06-02,114601.78606736282
2019-06-03,112261.34100505341
2019-06-04,114351.7100026775
2019-06-05,114351.7100026775
2019-06-06,113369.26548803403
2019-06-07,112566.10060208557
2019-06-08,112566.10060208557
2019-06-09,112566.10060208557
2019-06-10,111900.19470735568
2019-06-11,111043.56090769019
2019-06-12,110650.71671823219
2019-06-13,111290.14336976538
2019-06-14,110100.9995949414
2019-06-15,110100.9995949414
2019-06-16,110100.9995949414
2019-06-17,108828.28364890521
2019-06-18,108925.2360289729
2019-06-19,109036.44702853124
2019-06-20,108881.11757884562
2019-06-21,109342.3005469692
2019-06-22,109314.1663469692
2019-06-23,109314.1663469692
2019-06-24,108175.30228127283
2019-06-25,110616.75325610077
2019-06-26,110778.02589808444
2019-06-27,108657.33782045139
2019-06-28,109818.23953609004
2019-06-29,109790.10533609004
2019-06-30,109790.10533609004
2019-07-01,109689.09764262491
2019-07-02,109660.74544958434
2019-07-03,111597.75079119975
2019-07-04,111937.44009009925
2019-07-05,115289.3801228519
2019-07-06,115289.3801228519
2019-07-07,115289.3801228519
2019-07-08,119269.49269532038
2019-07-09,119362.72413483019
2019-07-10,120072.1416949603
2019-07-11,120056.13160522367
2019-07-12,120406.95520151492
2019-07-13,120350.68680151492
2019-07-14,120350.68680151492
2019-07-15,122753.2313319532
2019-07-16,123120.16836235713
2019-07-17,121993.90002610341
2019-07-18,122619.89304280303
2019-07-19,122272.34850549555
2019-07-20,122272.34850549555
2019-07-21,122216.08010549555
2019-07-22,122233.06688487959
2019-07-23,122671.7174330852
2019-07-24,123383.2567659555
2019-07-25,121521.09749560332
2019-07-26,122531.63564945772
2019-07-27,122503.50144945772
2019-07-28,122503.50144945772
2019-07-29,118812.60750900343
2019-07-30,119170.87672966727
2019-07-31,117817.24575163134
2019-08-01,120738.50792663767
2019-08-02,118587.53927278628
2019-08-03,118587.53927278628
2019-08-04,118587.53927278628
2019-08-05,111788.73590277057
2019-08-06,112159.06535450259
2019-08-07,107070.26316957684
2019-08-08,109092.94654833552
2019-08-09,108851.39691638423
2019-08-10,108823.26271638423
2019-08-11,108823.26271638423
2019-08-12,108795.12851638423
2019-08-13,117520.92495766007
2019-08-14,118957.72923853318
2019-08-15,118957.72923853318
2019-08-16,122056.29118529143
2019-08-17,122028.15698529143
2019-08-18,122028.15698529143
2019-08-19,118812.79878675712
2019-08-20,117020.04946271525
2019-08-21,114152.63047727964
2019-08-22,109161.56177616808
2019-08-23,106822.41888995939
2019-08-24,106794.28468995939
2019-08-25,106794.28468995939
2019-08-26,112174.8906858036
2019-08-27,117576.7017507772
2019-08-28,116920.75510180474
2019-08-29,112867.36755752531
2019-08-30,111828.73351043991
2019-08-31,111828.73351043991
2019-09-01,111828.73351043991
2019-09-02,111828.73351043991
2019-09-03,108192.78516047329
2019-09-04,110180.44670065184
2019-09-05,109438.43920868332
2019-09-06,110703.26712445228
2019-09-07,110703.26712445228
2019-09-08,110703.26712445228
2019-09-09,114170.32468859195
2019-09-10,114170.32468859195
2019-09-11,117665.8641036762
2019-09-12,117195.3993008211
2019-09-13,116472.40011140895
2019-09-14,116472.40011140895
2019-09-15,116444.26591140895
2019-09-16,115213.52511982773
2019-09-17,114228.59255447419
2019-09-18,116476.33089039286
2019-09-19,116388.80013257517
2019-09-20,123305.73889302382
2019-09-21,123277.60469302382
2019-09-22,123277.60469302382
2019-09-23,119654.59822418084
2019-09-24,121117.85972141128
2019-09-25,123436.07424021323
2019-09-26,122770.41617274904
2019-09-27,122929.07609456683
2019-09-28,122900.94189456683
2019-09-29,122872.80769456683
2019-09-30,128469.06258692361
2019-10-01,123498.0437303684
2019-10-02,123469.9095303684
2019-10-03,126062.16662403192
2019-10-04,126217.36080190784
2019-10-05,126217.36080190784
2019-10-06,126217.36080190784
2019-10-07,125092.98984787578
2019-10-08,125092.98984787578
2019-10-09,125708.2984493555
2019-10-10,123755.30053383416
2019-10-11,122643.14852951452
2019-10-12,122615.01432951452
2019-10-13,122586.88012951452
2019-10-14,125275.0330256513
2019-10-15,127102.58776562919
2019-10-16,125053.7940969399
2019-10-17,126240.85370350015
2019-10-18,126384.06336908686
2019-10-19,126384.06336908686
2019-10-20,126384.06336908686
2019-10-21,126384.06336908686
2019-10-22,123042.63349542368
2019-10-23,124821.52511835078
2019-10-24,120056.8693730649
2019-10-25,122977.86001814046
2019-10-26,122921.59161814046
2019-10-27,124742.28436111024
2019-10-28,124742.28436111024
2019-10-29,121898.55263081138
2019-10-30,125823.88505808589
2019-10-31,135798.38319316687
2019-11-01,140094.81664082574
2019-11-02,140094.81664082574
2019-11-03,140094.81664082574
2019-11-04,141104.7663687985
2019-11-05,141701.06407175935
2019-11-06,141183.0795612088
2019-11-07,142270.65523531075
2019-11-08,140268.52190945798
2019-11-09,140268.52190945798
2019-11-10,140268.52190945798
2019-11-11,139106.72275506883
2019-11-12,139106.72275506883
2019-11-13,137793.2350782392
2019-11-14,136952.71349293715
2019-11-15,138865.18507017937
2019-11-16,138865.18507017937
2019-11-17,138865.18507017937
2019-11-18,139523.3720976855
2019-11-19,139720.7448962097
2019-11-20,138170.05996161856
2019-11-21,137516.99607582806
2019-11-22,137509.3831374984
2019-11-23,137509.3831374984
2019-11-24,137509.3831374984
2019-11-25,137398.25874398588
2019-11-26,135384.24262181937
2019-11-27,136004.75677258841
2019-11-28,133683.33408147475
2019-11-29,136034.568880113
2019-11-30,136034.568880113
2019-12-01,136034.568880113
2019-12-02,133399.67958400553
2019-12-03,134454.43505118685
2019-12-04,133207.99586857506
2019-12-05,134445.65703811834
2019-12-06,132644.99142812128
2019-12-07,132644.99142812128
2019-12-08,132644.99142812128
2019-12-09,130832.25924041017
2019-12-10,129007.6283388007
2019-12-11,129247.21666497285
2019-12-12,129310.92919760715
2019-12-13,131518.60512898082
2019-12-14,131518.60512898082
2019-12-15,131518.60512898082
2019-12-16,130183.41619841359
2019-12-17,132145.98257749467
2019-12-18,132894.7066972143
2019-12-19,131697.5010855626
2019-12-20,131730.8847321253
2019-12-21,131730.8847321253
2019-12-22,131730.8847321253
2019-12-23,131966.28916176228
2019-12-24,132693.34750935537
2019-12-25,132693.34750935537
2019-12-26,133045.7526403687
2019-12-27,131975.10234569263
2019-12-28,131975.10234569263
2019-12-29,131975.10234569263
2019-12-30,132764.1651426901
2019-12-31,133898.4973244052
2020-01-01,134440.32529345457
2020-01-02,134321.88150696695
2020-01-03,133631.27199767024
2020-01-04,133631.27199767024
2020-01-05,133631.27199767024
2020-01-06,133136.4984097551
2020-01-07,133386.40012569746
2020-01-08,132589.5072210572
2020-01-09,133667.49834953103
2020-01-10,135827.69495844358
2020-01-11,135827.69495844358
2020-01-12,135827.69495844358
2020-01-13,136421.56831634892
2020-01-14,137365.9813561567
2020-01-15,137142.85812365753
2020-01-16,135725.90496169866
2020-01-17,133450.29852146236
2020-01-18,133422.16432146233
2020-01-19,133422.16432146233
2020-01-20,135044.82373024523
2020-01-21,134825.52144054533
2020-01-22,135642.65117869957
2020-01-23,135689.7720599829
2020-01-24,135770.55345124885
2020-01-25,135742.41925124882
2020-01-26,135714.28505124885
2020-01-27,133333.29936269837
2020-01-28,134789.0497230034
2020-01-29,135713.96018159785
2020-01-30,134371.36801124224
2020-01-31,134811.50125595645
2020-02-01,134755.23285595645
2020-02-02,134727.09865595645
2020-02-03,131834.07491873013
2020-02-04,131844.92668641105
2020-02-05,132055.8026768884
2020-02-06,131505.46761081385
2020-02-07,132165.657252733
2020-02-08,132137.523052733
2020-02-09,132137.523052733
2020-02-10,131252.17366812655
2020-02-11,131162.07697017517
2020-02-12,129831.55615760662
2020-02-13,129746.67231698683
2020-02-14,126814.23239052767
2020-02-15,126814.23239052767
2020-02-16,126814.23239052767
2020-02-17,125365.1523174355
2020-02-18,125036.7548401347
2020-02-19,126693.15046999503
2020-02-20,128251.58089085371
2020-02-21,128251.58089085371
2020-02-22,128251.58089085371
2020-02-23,128251.58089085371
2020-02-24,129115.79443830198
2020-02-25,128646.79844846317
2020-02-26,127955.84716788969
2020-02-27,129567.27059813973
2020-02-28,133441.01147736303
2020-02-29,133412.87727736303
2020-03-01,133300.34047736303
2020-03-02,133836.1214135644
2020-03-03,134570.82034505485
2020-03-04,134207.15487154122
2020-03-05,134519.54855742987
2020-03-06,135160.6952631936
2020-03-07,135132.5610631936
2020-03-08,135132.5610631936
2020-03-09,132872.3662739416
2020-03-10,132816.0978739416
2020-03-11,133634.78854346278
2020-03-12,134638.73384850775
2020-03-13,130876.38089282445
2020-03-14,130820.11249282445
2020-03-15,130651.30729282445
2020-03-16,134676.2336010747
2020-03-17,137409.45111802628
2020-03-18,135647.9812806691
2020-03-19,132813.03358423378
2020-03-20,143707.9364500085
2020-03-21,143707.9364500085
2020-03-22,143623.5338500085
2020-03-23,148216.3263774394
2020-03-24,155452.98143359603
2020-03-25,161152.13796392694
2020-03-26,160247.58891905175
2020-03-27,158563.3476852856
2020-03-28,158507.0792852856
2020-03-29,158507.0792852856
2020-03-30,155645.6641398208
2020-03-31,150700.7002256544
2020-04-01,149380.9843173842
2020-04-02,149380.9843173842
2020-04-03,137922.84867808412
2020-04-04,137866.58027808412
2020-04-05,137866.58027808412
2020-04-06,137866.58027808412
2020-04-07,143179.2072700899
2020-04-08,141177.43669257994
2020-04-09,142414.40807032536
2020-04-10,142386.27387032536
2020-04-11,142386.27387032536
2020-04-12,142386.27387032536
2020-04-13,144088.8869319568
2020-04-14,144088.8869319568
2020-04-15,140315.52836386356
2020-04-16,140289.53796159037
2020-04-17,142756.04201625235
2020-04-18,142756.04201625235
2020-04-19,142756.04201625235
2020-04-20,146017.31986488833
2020-04-21,145005.18719363827
2020-04-22,140106.788429361
2020-04-23,142388.50577535824
2020-04-24,135021.0978914575
2020-04-25,135021.0978914575
2020-04-26,135021.0978914575
2020-04-27,135169.6780284656
2020-04-28,137032.20107612392
2020-04-29,141060.21428601764
2020-04-30,141463.17500936062
2020-05-01,141435.04080936062
2020-05-02,141406.90660936062
2020-05-03,141406.90660936062
2020-05-04,135342.40124546364
2020-05-05,131051.15480287734
2020-05-06,135630.26439161572
2020-05-07,131083.6516017064
2020-05-08,125357.50226125764
2020-05-09,125357.50226125764
2020-05-10,125329.36806125764
2020-05-11,122460.60846160812
2020-05-12,130361.02320660569
2020-05-13,134059.80455104582
2020-05-14,135147.13662872592
2020-05-15,132666.48126272543
2020-05-16,132666.48126272543
2020-05-17,132666.48126272543
2020-05-18,127860.86590429116
2020-05-19,126531.62471628966
2020-05-20,127635.57713709111
2020-05-21,123434.2496302968
2020-05-22,116769.03746530449
2020-05-23,116740.90326530449
2020-05-24,116712.76906530448
2020-05-25,116712.76906530448
2020-05-26,119766.82827074977
2020-05-27,128317.97179047625
2020-05-28,130942.43388000349
2020-05-29,133223.38568822134
2020-05-30,133223.38568822134
2020-05-31,133223.38568822134
2020-06-01,135455.62550488464
2020-06-02,136129.8608474756
2020-06-03,140031.63295664964
2020-06-04,136201.9206320713
2020-06-05,144248.06614599918
2020-06-06,144219.93194599915
2020-06-07,144191.79774599918
2020-06-08,144001.2182462058
2020-06-09,142628.43277524257
2020-06-10,142780.27186929918
2020-06-11,140242.9185665038
2020-06-12,140878.74724023713
2020-06-13,140878.74724023713
2020-06-14,140878.74724023713
2020-06-15,135818.44889582595
2020-06-16,137692.11336544133
2020-06-17,137119.87747629365
2020-06-18,139010.64015215365
2020-06-19,135760.41452874604
2020-06-20,135760.41452874604
2020-06-21,135704.14612874604
2020-06-22,137359.11347706523
2020-06-23,140946.11985700423
2020-06-24,136488.98060741395
2020-06-25,138299.28956714345
2020-06-26,135649.85298541596
2020-06-27,135621.71878541596
2020-06-28,135621.71878541596
2020-06-29,135673.40775807248
2020-06-30,137946.5454378698
2020-07-01,141170.52469654783
2020-07-02,138656.5674806692
2020-07-03,135355.32641090098
2020-07-04,135327.19221090095
2020-07-05,135327.19221090095
2020-07-06,131613.1776353824
2020-07-07,135500.05349331145
2020-07-08,140206.3834250617
2020-07-09,142586.2771433888
2020-07-10,135327.68137937906
2020-07-11,135327.68137937906
2020-07-12,135299.5471793791
2020-07-13,127633.97904789528
2020-07-14,124950.85555107851
2020-07-15,125036.55113484907
2020-07-16,123662.51450726732
2020-07-17,124934.04855316467
2020-07-18,124905.91435316467
2020-07-19,124849.64595316467
2020-07-20,126257.86765155949
2020-07-21,128462.21200599911
2020-07-22,128656.55682324771
2020-07-23,132330.43146238948
2020-07-24,121205.90055353717
2020-07-25,121121.49795353717
2020-07-26,121121.49795353717
2020-07-27,113050.19448935956
2020-07-28,108483.2657985819
2020-07-29,113676.56964159172
2020-07-30,107938.25419096225
2020-07-31,111161.97172721528
2020-08-01,111161.97172721528
2020-08-02,111161.97172721528
2020-08-03,112733.24829816533
2020-08-04,112147.28049397025
2020-08-05,113383.32300017789
2020-08-06,112090.7353273125
2020-08-07,113107.95730865726
2020-08-08,113107.95730865726
2020-08-09,113107.95730865726
2020-08-10,118160.55759481431
2020-08-11,120447.22877314297
2020-08-12,124311.8819385044
2020-08-13,124633.66253257912
2020-08-14,120219.56571647973
2020-08-15,120191.43151647973
2020-08-16,120191.43151647973
2020-08-17,119243.23066961348
2020-08-18,121134.43587744955
2020-08-19,123919.72394607768
2020-08-20,122870.97948843901
2020-08-21,127940.36169367426
2020-08-22,127912.22749367426
2020-08-23,127912.22749367426
2020-08-24,132150.0102998819
2020-08-25,137469.85697604078
2020-08-26,134581.47182438188
2020-08-27,138674.344343156
2020-08-28,145143.48449899608
2020-08-29,145143.48449899608
2020-08-30,145087.21609899608
2020-08-31,140287.44209717482
2020-09-01,141799.9117767709
2020-09-02,139178.01272614673
2020-09-03,135162.9563047278
2020-09-04,131907.12562693967
2020-09-05,131907.12562693967
2020-09-06,131907.12562693967
2020-09-07,131168.72201824156
2020-09-08,127592.05811994032
2020-09-09,119378.74474410556
2020-09-10,113831.05898068423
2020-09-11,112281.54347079656
2020-09-12,112281.54347079656
2020-09-13,112281.54347079656
2020-09-14,102855.44119460788
2020-09-15,103567.37290206888
2020-09-16,102284.84250937501
2020-09-17,101699.417509001
2020-09-18,100350.42730969124
2020-09-19,100350.42730969124
2020-09-20,100350.42730969124
2020-09-21,94763.12118851367
2020-09-22,93523.2593210941
2020-09-23,92843.20213794363
2020-09-24,94035.15794163321
2020-09-25,94958.16159141905
2020-09-26,94930.02739141905
2020-09-27,94930.02739141905
2020-09-28,100747.06289868713
2020-09-29,93472.3930617795
2020-09-30,94448.035167521
2020-10-01,98474.63383817559
2020-10-02,98474.63383817559
2020-10-03,98474.63383817559
2020-10-04,98474.63383817559
2020-10-05,88355.44249907974
2020-10-06,90362.75409587374
2020-10-07,87321.10868085951
2020-10-08,83486.7771960482
2020-10-09,87712.44145040552
2020-10-10,87656.17305040552
2020-10-11,87628.03885040552
2020-10-12,86794.6727826531
2020-10-13,80843.74344121048
2020-10-14,85031.79063588349
2020-10-15,84772.80257911539
2020-10-16,85650.93484650584
2020-10-17,85650.93484650584
2020-10-18,85650.93484650584
2020-10-19,96496.62071584359
2020-10-20,93649.8395908451
2020-10-21,97268.01345661184
2020-10-22,98719.09522248534
2020-10-23,98896.63996544218
2020-10-24,98896.63996544218
2020-10-25,98868.50576544218
2020-10-26,94826.13910786975
2020-10-27,97151.6522614387
2020-10-28,94743.29630719431
2020-10-29,93942.6736296402
2020-10-30,92666.94897724778
2020-10-31,92666.94897724778
2020-11-01,92666.94897724778
2020-11-02,105605.94701995277
2020-11-03,110313.46638708888
2020-11-04,109167.35850482166
2020-11-05,114450.48051234821
2020-11-06,114927.80838658802
2020-11-07,114927.80838658802
2020-11-08,114927.80838658802
2020-11-09,112079.72003361046
2020-11-10,127037.56153795596
2020-11-11,130609.12142654414
2020-11-12,131472.2731305086
2020-11-13,132801.46021271573
2020-11-14,132296.27931872875
2020-11-15,132296.27931872875
2020-11-16,132296.27931872875
2020-11-17,135568.72594783915
2020-11-18,139474.81965060788
2020-11-19,137768.13258820103
2020-11-20,137489.2220871103
2020-11-21,137432.9536871103
2020-11-22,137432.9536871103
2020-11-23,131681.97221409914
2020-11-24,135534.42479586563
2020-11-25,137118.38491925574
2020-11-26,137475.70624568916
2020-11-27,138154.61182114872
2020-11-28,138154.61182114872
2020-11-29,138154.61182114872
2020-11-30,138098.34342114872
2020-12-01,137103.05099386195
2020-12-02,136806.1444451191
2020-12-03,143274.06178098926
2020-12-04,144959.06730702188
2020-12-05,144959.06730702188
2020-12-06,144959.06730702188
2020-12-07,148481.32496460245
2020-12-08,146184.4816566829
2020-12-09,145870.9812892574
2020-12-10,150492.25519410963
2020-12-11,153148.2758297331
2020-12-12,153148.2758297331
2020-12-13,153148.2758297331
2020-12-14,152330.75639403984
2020-12-15,152904.8756541618
2020-12-16,149826.1273824455
2020-12-17,148553.16382693526
2020-12-18,148699.26884730352
2020-12-19,148699.26884730352
2020-12-20,148699.26884730352
2020-12-21,141096.65427402177
2020-12-22,136856.58489946622
2020-12-23,136887.22644461622
2020-12-24,137468.3930687401
2020-12-25,137468.3930687401
2020-12-26,137468.3930687401
2020-12-27,137468.3930687401
2020-12-28,138858.75593821344
2020-12-29,139471.36274175046
2020-12-30,140267.88099667945
2020-12-31,139965.2632686945
2021-01-01,140259.44126520562
2021-01-02,140259.44126520562
2021-01-03,140259.44126520562
2021-01-04,134149.30339407228
2021-01-05,130288.15996756955
2021-01-06,128564.20361180967
2021-01-07,129725.75929328111
2021-01-08,123077.12383872093
2021-01-09,123048.98963872093
2021-01-10,123020.85543872093
2021-01-11,115341.1530084219
2021-01-12,120040.1904301754
2021-01-13,124572.11581801675
2021-01-14,124229.8772084916
2021-01-15,126938.43197814721
2021-01-16,126938.43197814721
2021-01-17,126938.43197814721
2021-01-18,130372.52819485022
2021-01-19,129731.64079688482
2021-01-20,127553.17990857633
2021-01-21,125507.86577516592
2021-01-22,119717.29516085809
2021-01-23,119717.29516085809
2021-01-24,119717.29516085809
2021-01-25,117764.5759752956
2021-01-26,117764.5759752956
2021-01-27,119586.05955997398
2021-01-28,122736.2052015476
2021-01-29,125962.37490739467
2021-01-30,125962.37490739467
2021-01-31,125962.37490739467
2021-02-01,130674.78327070133
2021-02-02,130496.28597352834
2021-02-03,130347.64757862364
2021-02-04,135223.9992955402
2021-02-05,143923.6093633823
2021-02-06,143867.3409633823
2021-02-07,143811.0725633823
2021-02-08,141266.94365476235
2021-02-09,140852.90241469757
2021-02-10,140285.61104434732
2021-02-11,143471.23867946008
2021-02-12,138998.09121169377
2021-02-13,138969.95701169374
2021-02-14,138941.82281169377
2021-02-15,139297.16305668873
2021-02-16,142811.06585538446
2021-02-17,145988.96703466625
2021-02-18,147034.9782716573
2021-02-19,146407.66080431952
2021-02-20,146407.66080431952
2021-02-21,146379.52660431952
2021-02-22,148257.3430900775
2021-02-23,148419.676340905
2021-02-24,149503.5365637399
2021-02-25,154531.5690481925
2021-02-26,155951.26810214247
2021-02-27,155923.13390214246
2021-02-28,155866.86550214246
2021-03-01,155795.49940828336
2021-03-02,154733.00595258476
2021-03-03,153756.67601791437
2021-03-04,153698.50647232297
2021-03-05,154719.1846357922
2021-03-06,154662.9162357922
2021-03-07,154662.9162357922
2021-03-08,153351.0951142099
2021-03-09,152525.725618487
2021-03-10,150004.1580938103
2021-03-11,150004.1580938103
2021-03-12,148268.40650597692
2021-03-13,148240.27230597692
2021-03-14,148212.13810597692
2021-03-15,147819.0101179061
2021-03-16,146204.67568151248
2021-03-17,144916.85331313964
2021-03-18,151955.233113561
2021-03-19,156420.48019378082
2021-03-20,156420.48019378082
2021-03-21,156420.48019378082
2021-03-22,155314.89328317918
2021-03-23,154310.19785826097
2021-03-24,151402.73558512368
2021-03-25,149881.3704528664
2021-03-26,149082.231765957
2021-03-27,149054.097565957
2021-03-28,149054.097565957
2021-03-29,149054.097565957
2021-03-30,147058.27445801438
2021-03-31,148271.72640963554
2021-04-01,149273.46735829304
2021-04-02,149273.46735829304
2021-04-03,149273.46735829304
2021-04-04,149273.46735829304
2021-04-05,140190.08454889053
2021-04-06,138743.19152078105
2021-04-07,138807.277869656
2021-04-08,136107.74066479254
2021-04-09,134532.95719321677
2021-04-10,134504.82299321677
2021-04-11,134476.68879321677
2021-04-12,130795.89042559371
2021-04-13,141555.25832912515
2021-04-14,141555.25832912515
2021-04-15,141708.73286779126
2021-04-16,143080.0408706922
2021-04-17,143080.0408706922
2021-04-18,143080.0408706922
2021-04-19,141701.003753918
2021-04-20,141907.60999896037
2021-04-21,141879.47579896037
2021-04-22,143334.27938113984
2021-04-23,145060.24727095643
2021-04-24,145060.24727095643
2021-04-25,145060.24727095643
2021-04-26,143848.72511384496
2021-04-27,145340.49758222356
2021-04-28,143029.13266271536
2021-04-29,144371.51618717948
2021-04-30,145133.69118613045
2021-05-01,145133.69118613045
2021-05-02,145133.69118613045
2021-05-03,144416.1020635416
2021-05-04,143279.48378525948
2021-05-05,141824.22700268353
2021-05-06,141194.20284520756
2021-05-07,142017.1534596015
2021-05-08,142017.1534596015
2021-05-09,142017.1534596015
2021-05-10,141286.69093147048
2021-05-11,141710.9734472168
2021-05-12,141551.36537224118
2021-05-13,141551.36537224118
2021-05-14,145572.14484232513
2021-05-15,145572.14484232513
2021-05-16,145572.14484232513
2021-05-17,141975.63075629226
2021-05-18,142122.06000420183
2021-05-19,142402.08543532208
2021-05-20,142003.53396791068
2021-05-21,140112.41132577433
2021-05-22,140112.41132577433
2021-05-23,140084.27712577436
2021-05-24,138707.13335443928
2021-05-25,136515.6881945867
2021-05-26,134683.4410969768
2021-05-27,133280.80496792946
2021-05-28,141661.543888403
2021-05-29,141661.543888403
2021-05-30,141605.275488403
2021-05-31,142388.22983258744
2021-06-01,142300.3845775411
2021-06-02,140196.91522888848
2021-06-03,139662.5602487066
2021-06-04,140208.37672947432
2021-06-05,140180.24252947432
2021-06-06,140152.10832947431
2021-06-07,139980.480223047
2021-06-08,140311.60459314488
2021-06-09,141331.57950748262
2021-06-10,140625.5748636648
2021-06-11,139043.48872591497
2021-06-12,138930.95192591497
2021-06-13,138930.95192591497
2021-06-14,136500.54323912426
2021-06-15,136869.60034072713
2021-06-16,137530.1356579312
2021-06-17,133785.00238273037
2021-06-18,134707.1975482159
2021-06-19,134622.7949482159
2021-06-20,134594.6607482159
2021-06-21,136036.53643802507
2021-06-22,134606.3500123858
2021-06-23,135678.78438862454
2021-06-24,130209.46400937805
2021-06-25,130381.75799430787
2021-06-26,130381.75799430787
2021-06-27,130353.62379430787
2021-06-28,130681.06597801793
2021-06-29,130885.40675820825
2021-06-30,129555.67996077408
2021-07-01,130374.54290697722
2021-07-02,130395.43409674715
2021-07-03,130395.43409674715
2021-07-04,130395.43409674715
2021-07-05,131522.8143817122
2021-07-06,135414.08637733178
2021-07-07,135249.77546864512
2021-07-08,134193.5528671252
2021-07-09,133200.3457085677
2021-07-10,133200.3457085677
2021-07-11,133172.21150856768
2021-07-12,133203.9545351612
2021-07-13,133791.96606925485
2021-07-14,131781.09727500507
2021-07-15,133319.0939998611
2021-07-16,136502.0113063551
2021-07-17,136473.8771063551
2021-07-18,136473.8771063551
2021-07-19,135394.3501871932
2021-07-20,134091.13303949294
2021-07-21,134091.13303949294
2021-07-22,131566.5955446527
2021-07-23,132308.73339886178
2021-07-24,132308.73339886178
2021-07-25,132308.73339886178
2021-07-26,130563.09632669644
2021-07-27,130136.83412693848
2021-07-28,128066.41847237918
2021-07-29,126027.61297466893
2021-07-30,126297.20509112527
2021-07-31,126297.20509112527
2021-08-01,126297.20509112527
2021-08-02,126493.9769520489
2021-08-03,125389.1064760233
2021-08-04,125962.8643138122
2021-08-05,128439.95197302452
2021-08-06,128226.03827103261
2021-08-07,128226.03827103261
2021-08-08,128226.03827103261
2021-08-09,127271.00351671789
2021-08-10,125244.28083691956
2021-08-11,124902.70947135464
2021-08-12,123824.40916366377
2021-08-13,122750.83500532342
2021-08-14,122750.83500532342
2021-08-15,122750.83500532342
2021-08-16,123210.74253693451
2021-08-17,116863.67914128453
2021-08-18,117726.55100264266
2021-08-19,117670.28260264266
2021-08-20,116283.39339692147
2021-08-21,116283.39339692147
2021-08-22,116283.39339692147
2021-08-23,113964.1528439151
2021-08-24,118097.1821432368
2021-08-25,116064.31566641179
2021-08-26,113818.09213620749
2021-08-27,113860.64488861417
2021-08-28,113832.51068861417
2021-08-29,113832.51068861417
2021-08-30,117744.84840116328
2021-08-31,117398.04656884301
2021-09-01,120419.50909012245
2021-09-02,116362.67477813373
2021-09-03,114968.15363925618
2021-09-04,114940.01943925618
2021-09-05,114911.88523925618
2021-09-06,111810.7670740724
2021-09-07,114966.96921115076
2021-09-08,117092.88285401766
2021-09-09,117375.28879768483
2021-09-10,117375.28879768483
2021-09-11,117375.28879768483
2021-09-12,117347.15459768483
2021-09-13,117244.46233059703
2021-09-14,116771.56152283464
2021-09-15,114004.45667288508
2021-09-16,124364.76673720572
2021-09-17,128278.19455384328
2021-09-18,128278.19455384328
2021-09-19,128278.19455384328
2021-09-20,127712.84071415586
2021-09-21,127646.44045704148
2021-09-22,126996.70896112017
2021-09-23,127863.49039781926
2021-09-24,126442.2567516292
2021-09-25,126442.2567516292
2021-09-26,126442.2567516292
2021-09-27,130244.44836933211
2021-09-28,131520.23579420688
2021-09-29,132774.95088097168
2021-09-30,132090.7813056199
2021-10-01,131935.00152564654
2021-10-02,131906.86732564657
2021-10-03,131906.86732564657
2021-10-04,131750.61414486083
2021-10-05,127631.60867888629
2021-10-06,127888.27188245236
2021-10-07,126122.70196370172
2021-10-08,120787.15166085148
2021-10-09,120787.15166085148
2021-10-10,120787.15166085148
2021-10-11,135416.50449453972
2021-10-12,138040.673183361
2021-10-13,140110.96633897035
2021-10-14,145972.53315967944
2021-10-15,145944.3989596794
2021-10-16,145944.3989596794
2021-10-17,145916.26475967944
2021-10-18,145461.73615349917
2021-10-19,135729.38687062016
2021-10-20,138079.34471014776
2021-10-21,142014.51372976103
2021-10-22,139912.69025059466
2021-10-23,139884.55605059466
2021-10-24,139884.55605059466
2021-10-25,137473.0015312513
2021-10-26,136294.00857746022
2021-10-27,135796.50886387934
2021-10-28,134024.52019930663
2021-10-29,135098.91686259484
2021-10-30,135042.64846259484
2021-10-31,134986.38006259484
2021-11-01,136600.45564220854
2021-11-02,136954.75208675582
2021-11-03,135563.4701190738
2021-11-04,137171.16420562714
2021-11-05,137171.16420562714
2021-11-06,137171.16420562714
2021-11-07,137171.16420562714
2021-11-08,138497.5657155395
2021-11-09,135796.6806325679
2021-11-10,135649.8868934508
2021-11-11,136046.28502324809
2021-11-12,134327.34956837608
2021-11-13,134327.34956837608
2021-11-14,134327.34956837608
2021-11-15,136528.85736556258
2021-11-16,136525.39990279832
2021-11-17,137603.8619548448
2021-11-18,137984.9731577845
2021-11-19,137956.83895778452
2021-11-20,137956.83895778452
2021-11-21,137956.83895778452
2021-11-22,137660.49402869865
2021-11-23,139215.0138927507
2021-11-24,139896.72681800596
2021-11-25,144355.52526394243
2021-11-26,144598.80130742327
2021-11-27,144570.66710742327
2021-11-28,144514.39870742327
2021-11-29,144778.4758519421
2021-11-30,143896.23669229692
2021-12-01,144517.69797028712
2021-12-02,145096.37326981875
2021-12-03,145351.19830692594
2021-12-04,145351.19830692594
2021-12-05,145351.19830692594
2021-12-06,146406.47258129527
2021-12-07,146756.97966826765
2021-12-08,145988.29087324202
2021-12-09,147522.20096636887
2021-12-10,147318.41785183805
2021-12-11,147318.41785183805
2021-12-12,147318.41785183805
2021-12-13,147759.4897694336
2021-12-14,145417.6156295912
2021-12-15,145239.2081202553
2021-12-16,144325.8064600263
2021-12-17,140671.99726556864
2021-12-18,140671.99726556864
2021-12-19,140643.86306556864
2021-12-20,138813.8625771513
2021-12-21,139543.88167231294
2021-12-22,139333.5633696424
2021-12-23,138454.3107749828
2021-12-24,137739.98547293773
2021-12-25,137683.71707293772
2021-12-26,137683.71707293772
2021-12-27,138312.2911017218
2021-12-28,137975.82638881583
2021-12-29,137129.72295898586
2021-12-30,136819.37802817652
2021-12-31,139507.79001556418
2022-01-01,139451.52161556418
2022-01-02,139423.38741556415
2022-01-03,140929.1412054285
2022-01-04,142421.57107660142
2022-01-05,147869.68080253975
2022-01-06,148511.78124392353
2022-01-07,147867.8801452818
2022-01-08,147839.7459452818
2022-01-09,147839.7459452818
2022-01-10,148137.3965283366
2022-01-11,147152.15765377512
2022-01-12,148966.06408856256
2022-01-13,145786.8110235214
2022-01-14,142418.11959881446
2022-01-15,142418.11959881446
2022-01-16,142418.11959881446
2022-01-17,140185.88512075113
2022-01-18,140205.87300885248
2022-01-19,144524.4310160522
2022-01-20,147338.31131031134
2022-01-21,148713.926815336
2022-01-22,148713.926815336
2022-01-23,148713.926815336
2022-01-24,147212.97999240036
2022-01-25,146355.01994719612
2022-01-26,146298.75154719612
2022-01-27,145945.16154294545
2022-01-28,148282.5570058836
2022-01-29,148198.1544058836
2022-01-30,148170.0202058836
2022-01-31,147571.69814416475
2022-02-01,148426.41763809032
2022-02-02,149548.19001450256
2022-02-03,150347.4278463569
2022-02-04,151686.5682849428
2022-02-05,151686.5682849428
2022-02-06,151686.5682849428
2022-02-07,150136.4278557002
2022-02-08,151367.2750374341
2022-02-09,152267.46355473448
2022-02-10,153281.85682579436
2022-02-11,155371.56573282086
2022-02-12,155371.56573282086
2022-02-13,155371.56573282086
2022-02-14,156746.43780433323
2022-02-15,155960.4906008033
2022-02-16,156192.68867795568
2022-02-17,156905.84135627557
2022-02-18,156162.20995369257
2022-02-19,156162.20995369257
2022-02-20,156162.20995369257
2022-02-21,158123.76010780243
2022-02-22,158567.2614395937
2022-02-23,158086.00773111556
2022-02-24,157890.5693462783
2022-02-25,157585.95630090853
2022-02-26,157585.95630090853
2022-02-27,157585.95630090853
2022-02-28,155872.44727048557
2022-03-01,155872.44727048557
2022-03-02,154367.85584078607
2022-03-03,154111.3692236253
2022-03-04,153283.39176928892
2022-03-05,153227.12336928892
2022-03-06,153170.85496928892
2022-03-07,150972.19876342575
2022-03-08,150835.3294300479
2022-03-09,152153.6139829327
2022-03-10,152171.2713177761
2022-03-11,151639.74674622426
2022-03-12,151639.74674622426
2022-03-13,151639.74674622426
2022-03-14,152729.26152153476
2022-03-15,154374.78697326145
2022-03-16,153682.7920075832
2022-03-17,157641.7546836002
2022-03-18,157613.62048360019
2022-03-19,157613.62048360019
2022-03-20,157613.62048360019
2022-03-21,158306.07812125026
2022-03-22,156721.87327508107
2022-03-23,156166.68423784914
2022-03-24,151797.44757054624
2022-03-25,150871.85195841748
2022-03-26,150843.71775841748
2022-03-27,150843.71775841748
2022-03-28,150849.2282757509
2022-03-29,151912.23643322074
2022-03-30,152224.19859560067
2022-03-31,152827.2990691479
2022-04-01,155311.36320468358
2022-04-02,155311.36320468358
2022-04-03,155311.36320468358
2022-04-04,162107.14603642415
2022-04-05,163809.41812964878
2022-04-06,164423.96587853372
2022-04-07,164918.35526425086
2022-04-08,164457.47369550366
2022-04-09,164457.47369550366
2022-04-10,164457.47369550366
2022-04-11,163807.07840214498
2022-04-12,164462.65497099303
2022-04-13,162956.46652012042
2022-04-14,162956.46652012042
2022-04-15,162956.46652012042
2022-04-16,162956.46652012042
2022-04-17,162956.46652012042
2022-04-18,160306.40405015877
2022-04-19,153568.36453946956
2022-04-20,155256.4157426687
2022-04-21,155205.68373419577
2022-04-22,154320.90502450574
2022-04-23,154292.77082450571
2022-04-24,154292.77082450571
2022-04-25,156634.8966168466
2022-04-26,153790.78503731007
2022-04-27,153222.97973557014
2022-04-28,152395.06376896222
2022-04-29,154179.2652423711
2022-04-30,154179.2652423711
2022-05-01,154179.2652423711
2022-05-02,154266.86055631883
2022-05-03,154238.72635631886
2022-05-04,155945.6778405168
2022-05-05,160557.38070782114
2022-05-06,157603.1117063924
2022-05-07,157603.1117063924
2022-05-08,157603.1117063924
2022-05-09,163584.0883983468
2022-05-10,165792.19639854121
2022-05-11,166189.42611562676
2022-05-12,168239.96861673117
2022-05-13,167349.9650916636
2022-05-14,167321.8308916636
2022-05-15,167321.8308916636
2022-05-16,167536.3665788236
2022-05-17,165256.77102243074
2022-05-18,165191.78121017458
2022-05-19,159840.59442417623
2022-05-20,156898.06140265887
2022-05-21,156898.06140265887
2022-05-22,156898.06140265887
2022-05-23,160386.67018162657
2022-05-24,159633.75290908178
2022-05-25,153946.45843364595
2022-05-26,155744.12153100237
2022-05-27,158810.69346268437
2022-05-28,158810.69346268437
2022-05-29,158810.69346268437
2022-05-30,164115.38739166246
2022-05-31,163483.90958432818
2022-06-01,162280.79336501026
2022-06-02,163228.2768197853
2022-06-03,161381.09103689797
2022-06-04,161381.09103689797
2022-06-05,161381.09103689797
2022-06-06,161614.1580110145
2022-06-07,160245.99500203587
2022-06-08,163880.55375226113
2022-06-09,161661.1931043418
2022-06-10,162741.6090587933
2022-06-11,162713.4748587933
2022-06-12,162713.4748587933
2022-06-13,159839.68246478957
2022-06-14,161307.43115117247
2022-06-15,162304.20053907117
2022-06-16,161261.93691103323
2022-06-17,156918.47829284964
2022-06-18,156918.47829284964
2022-06-19,156918.47829284964
2022-06-20,161487.44653585766
2022-06-21,162954.8794927211
2022-06-22,166575.07329015917
2022-06-23,169866.45952598954
2022-06-24,170213.75857522548
2022-06-25,170213.75857522548
2022-06-26,170213.75857522548
2022-06-27,169809.22453848255
2022-06-28,168910.4912602987
2022-06-29,166993.99302214885
2022-06-30,166568.0734618659
2022-07-01,170049.70813996464
2022-07-02,170021.57393996464
2022-07-03,169993.43973996464
2022-07-04,166318.68765665253
2022-07-05,167593.71197806962
2022-07-06,168507.08755420794
2022-07-07,167742.22473871458
2022-07-08,166412.8083464632
2022-07-09,166384.67414646322
2022-07-10,166328.40574646322
2022-07-11,161602.0691310487
2022-07-12,161508.07917691677
2022-07-13,160557.84445319767
2022-07-14,160752.77344040648
2022-07-15,159868.7690681061
2022-07-16,159840.6348681061
2022-07-17,159840.6348681061
2022-07-18,162589.25906930614
2022-07-19,162407.97523414687
2022-07-20,164231.0637651097
2022-07-21,164005.0389087001
2022-07-22,164208.03026177146
2022-07-23,164179.89606177146
2022-07-24,164179.89606177146
2022-07-25,163937.6879706607
2022-07-26,161218.07400986052
2022-07-27,162274.61540066364
2022-07-28,165185.1041225546
2022-07-29,167796.05752951183
2022-07-30,167796.05752951183
2022-07-31,167767.92332951183
2022-08-01,166478.64955209306
2022-08-02,164775.64795437778
2022-08-03,166625.29915541713
2022-08-04,169217.59180716774
2022-08-05,167717.56708578457
2022-08-06,167661.29868578457
2022-08-07,167661.29868578457
2022-08-08,168765.6696446985
2022-08-09,168709.4012446985
2022-08-10,167447.93708568148
2022-08-11,168210.4187279477
2022-08-12,167303.1138864637
2022-08-13,167303.1138864637
2022-08-14,167274.97968646366
2022-08-15,167246.8454864637
2022-08-16,166467.75855104014
2022-08-17,166495.94650020238
2022-08-18,165463.03508455286
2022-08-19,168743.39195434737
2022-08-20,168715.2577543474
2022-08-21,168715.2577543474
2022-08-22,168785.780284277
2022-08-23,163365.62373304096
2022-08-24,161624.87129717533
2022-08-25,159689.8211608315
2022-08-26,160164.7233118228
2022-08-27,160164.7233118228
2022-08-28,160164.7233118228
2022-08-29,155980.19489075107
2022-08-30,154965.7898573004
2022-08-31,154965.7898573004
2022-09-01,153244.0705699873
2022-09-02,152030.98696152677
2022-09-03,152030.98696152677
2022-09-04,152030.98696152677
2022-09-05,150224.26578655012
2022-09-06,149590.88424494938
2022-09-07,151910.62949747342
2022-09-08,150412.55629676086
2022-09-09,153613.96267889225
2022-09-10,153613.96267889225
2022-09-11,153613.96267889225
2022-09-12,154879.491120883
2022-09-13,153507.40764523062
2022-09-14,145360.94066946977
2022-09-15,142745.2676815277
2022-09-16,138515.09837200012
2022-09-17,138486.96417200012
2022-09-18,138486.96417200012
2022-09-19,139667.8115428501
2022-09-20,137828.9814146758
2022-09-21,135932.92140081298
2022-09-22,137306.48210674827
2022-09-23,139404.54836109182
2022-09-24,139404.54836109182
2022-09-25,139348.27996109182
2022-09-26,146478.6205918886
2022-09-27,149712.92447545577
2022-09-28,153958.8015207315
2022-09-29,151378.31941701856
2022-09-30,150450.6384366107
2022-10-01,150450.6384366107
2022-10-02,150450.6384366107
2022-10-03,153210.6900472288
2022-10-04,154463.6727404709
2022-10-05,154463.6727404709
2022-10-06,153292.3412034584
2022-10-07,153156.61741413455
2022-10-08,153156.61741413455
2022-10-09,153156.61741413455
2022-10-10,156837.10169334227
2022-10-11,154624.01822622283
2022-10-12,155073.89115245853
2022-10-13,158110.3852113329
2022-10-14,157300.00894339266
2022-10-15,157300.00894339266
2022-10-16,157300.00894339266
2022-10-17,156442.46395172863
2022-10-18,154094.15579872718
2022-10-19,154015.33714773884
2022-10-20,155689.46541183852
2022-10-21,152951.71076909587
2022-10-22,152951.71076909587
2022-10-23,152951.71076909587
2022-10-24,151415.66690498174
2022-10-25,150288.8002429892
2022-10-26,150288.8002429892
2022-10-27,150659.82999100484
2022-10-28,155613.1135048853
2022-10-29,155613.1135048853
2022-10-30,155613.1135048853
2022-10-31,157259.14952626548
2022-11-01,159033.35343796026
2022-11-02,161034.4517801979
2022-11-03,160266.84505001112
2022-11-04,159544.4794527351
2022-11-05,159516.34525273507
2022-11-06,159516.34525273507
2022-11-07,155417.3887912851
2022-11-08,155417.3887912851
2022-11-09,156529.04743600864
2022-11-10,157477.587535565
2022-11-11,164720.98406563018
2022-11-12,164720.98406563018
2022-11-13,164636.58146563018
2022-11-14,161443.38490151256
2022-11-15,161743.4648251123
2022-11-16,160091.47946951102
2022-11-17,160767.63795812105
2022-11-18,160365.89297126347
2022-11-19,160365.89297126347
2022-11-20,160365.89297126347
2022-11-21,159222.34506450917
2022-11-22,159866.0118950382
2022-11-23,158987.644034204
2022-11-24,158195.78256876773
2022-11-25,160019.6084626783
2022-11-26,159907.0716626783
2022-11-27,159878.9374626783
2022-11-28,161202.24361766502
2022-11-29,160852.0380006506
2022-11-30,159655.38922127767
2022-12-01,160474.45980271557
2022-12-02,161181.20982507875
2022-12-03,161096.80722507875
2022-12-04,161040.53882507875
2022-12-05,161295.84367557667
2022-12-06,162185.4816170286
2022-12-07,162709.22740265945
2022-12-08,161897.23748432653
2022-12-09,161854.40314810438
2022-12-10,161854.40314810438
2022-12-11,161854.40314810438
2022-12-12,162101.65651616533
2022-12-13,162597.0438518897
2022-12-14,162247.34681346035
2022-12-15,162106.46887980582
2022-12-16,161968.41348370406
2022-12-17,161968.41348370406
2022-12-18,161968.41348370406
2022-12-19,163043.27375040116
2022-12-20,163541.55386959287
2022-12-21,163936.4055851932
2022-12-22,163827.92055093244
2022-12-23,163281.69303868283
2022-12-24,163281.69303868283
2022-12-25,163281.69303868283
2022-12-26,162407.34632761913
2022-12-27,162021.3162975335
2022-12-28,162376.27705053153
2022-12-29,161173.20561402128
2022-12-30,161482.9696843545
2022-12-31,161482.9696843545
2023-01-01,161482.9696843545
2023-01-02,162167.183184842
2023-01-03,161394.5780484097
2023-01-04,160977.00609099312
2023-01-05,162384.42447578852
2023-01-06,163638.13158239055
2023-01-07,163638.13158239055
2023-01-08,163581.86318239055
2023-01-09,164301.70992151482
2023-01-10,164684.63132615958
2023-01-11,164120.39179192943
2023-01-12,163096.62025376735
2023-01-13,162949.90719166526
2023-01-14,162949.90719166526
2023-01-15,162949.90719166526
2023-01-16,162306.7405375029
2023-01-17,163180.37370633805
2023-01-18,162751.9145890634
2023-01-19,162570.96821210405
2023-01-20,161356.40921399102
2023-01-21,161300.14081399102
2023-01-22,161272.006613991
2023-01-23,160151.55841011688
2023-01-24,157822.66266923462
2023-01-25,157048.4419825101
2023-01-26,157020.30778251012
2023-01-27,154511.65164544756
2023-01-28,154455.38324544756
2023-01-29,154455.38324544756
2023-01-30,155434.5233350793
2023-01-31,157368.07278832764
2023-02-01,152666.57816278996
2023-02-02,150045.87476007623
2023-02-03,150085.45444646964
2023-02-04,150085.45444646964
2023-02-05,150085.45444646964
2023-02-06,150277.58632621242
2023-02-07,150861.23558384183
2023-02-08,151933.11259230564
2023-02-09,151402.29822579562
2023-02-10,150734.7948009748
2023-02-11,150706.6606009748
2023-02-12,150706.6606009748
2023-02-13,151786.82400829627
2023-02-14,153414.16487194673
2023-02-15,155410.58480212436
2023-02-16,153797.51033987058
2023-02-17,154830.15794973052
2023-02-18,154802.02374973052
2023-02-19,154802.02374973052
2023-02-20,153651.06281350413
2023-02-21,155412.07887743696
2023-02-22,154148.51249393425
2023-02-23,153884.72242136742
2023-02-24,155023.93788558993
2023-02-25,155023.93788558993
2023-02-26,155023.93788558993
2023-02-27,155614.3133622907
2023-02-28,155039.6831070995
2023-03-01,156100.37397914586
2023-03-02,156041.06450011485
2023-03-03,155083.95469239738
2023-03-04,155083.95469239738
2023-03-05,155083.95469239738
2023-03-06,156159.019288424
2023-03-07,156159.019288424
2023-03-08,155614.75320420339
2023-03-09,154588.58000093486
2023-03-10,154729.5155951126
2023-03-11,154729.5155951126
2023-03-12,154729.5155951126
2023-03-13,154064.43350239578
2023-03-14,153899.5501106328
2023-03-15,153567.38432432103
2023-03-16,151437.55277940474
2023-03-17,151005.94889660404
2023-03-18,151005.94889660404
2023-03-19,151005.94889660404
2023-03-20,149478.40711803004
2023-03-21,148232.88659297745
2023-03-22,148819.676224756
2023-03-23,148173.81396454814
2023-03-24,147682.58491956562
2023-03-25,147626.31651956562
2023-03-26,147541.91391956562
2023-03-27,149010.69857121469
2023-03-28,148111.49489293067
2023-03-29,147612.77229127666
2023-03-30,147612.77229127666
2023-03-31,150768.94705895486
2023-04-01,150768.94705895486
2023-04-02,150768.94705895486
2023-04-03,150616.94336722733
2023-04-04,150616.94336722733
2023-04-05,148594.21944618685
2023-04-06,149128.2709465257
2023-04-07,149128.2709465257
2023-04-08,149128.2709465257
2023-04-09,149128.2709465257
2023-04-10,149039.28206993756
2023-04-11,147804.95502057497
2023-04-12,148039.86297712897
2023-04-13,146737.03160159738
2023-04-14,146737.03160159738
2023-04-15,146737.03160159738
2023-04-16,146737.03160159738
2023-04-17,142761.74775632605
2023-04-18,142662.91245020585
2023-04-19,141106.47820703418
2023-04-20,139725.53517953804
2023-04-21,139092.4518253608
2023-04-22,139092.4518253608
2023-04-23,139092.4518253608
2023-04-24,137587.0900161643
2023-04-25,138251.9659000164
2023-04-26,137507.42512603546
2023-04-27,139000.39392264714
2023-04-28,138867.17668107027
2023-04-29,138867.17668107027
2023-04-30,138867.17668107027
2023-05-01,138867.17668107027
2023-05-02,141565.16732843895
2023-05-03,140190.80335552752
2023-05-04,139843.96017437597
2023-05-05,142402.3593949043
2023-05-06,142346.0909949043
2023-05-07,142317.9567949043
2023-05-08,141815.40710480325
2023-05-09,143293.54789077007
2023-05-10,142188.21721081308
2023-05-11,141858.44604959956
2023-05-12,140519.67369349807
2023-05-13,140435.27109349807
2023-05-14,140435.27109349807
2023-05-15,141256.9549452394
2023-05-16,142005.67149443188
2023-05-17,140862.3102663027
2023-05-18,141527.04385633237
2023-05-19,143065.5322451008
2023-05-20,143065.5322451008
2023-05-21,143065.5322451008
2023-05-22,144804.62034115114
2023-05-23,144726.96176105886
2023-05-24,144816.44118033396
2023-05-25,143826.2117883645
2023-05-26,144611.22570307256
2023-05-27,144611.22570307256
2023-05-28,144583.09150307256
2023-05-29,144803.93060471764
2023-05-30,143807.06153097
2023-05-31,144083.43396229186
2023-06-01,145820.91181680837
2023-06-02,145147.52263798
2023-06-03,145147.52263798
2023-06-04,145147.52263798
2023-06-05,146118.41254534217
2023-06-06,144948.15509785892
2023-06-07,145610.56998929413
2023-06-08,145590.29232979228
2023-06-09,145016.0292792174
2023-06-10,145016.0292792174
2023-06-11,145016.0292792174
2023-06-12,147115.43540478445
2023-06-13,146477.19765607765
2023-06-14,146411.64489406254
2023-06-15,144273.97747371026
2023-06-16,144026.70862038867
2023-06-17,143970.44022038867
2023-06-18,143886.03762038867
2023-06-19,144784.1620013472
2023-06-20,145332.37902311725
2023-06-21,145611.5984305143
2023-06-22,144599.14114159867
2023-06-23,143620.13235386665
2023-06-24,143620.13235386665
2023-06-25,143620.13235386665
2023-06-26,144250.15558933665
2023-06-27,145290.98324766592
2023-06-28,145717.09941842133
2023-06-29,145717.09941842133
2023-06-30,148425.93612972263
2023-07-01,148425.93612972263
2023-07-02,148425.93612972263
2023-07-03,148549.62253622722
2023-07-04,149490.3118003914
2023-07-05,149910.88148097356
2023-07-06,149828.57717838226
2023-07-07,149632.23493948512
2023-07-08,149632.23493948512
2023-07-09,149632.23493948512
2023-07-10,148583.11319905307
2023-07-11,148925.5016271215
2023-07-12,147991.78713570384
2023-07-13,151840.06175858655
2023-07-14,151428.6586555632
2023-07-15,151428.6586555632
2023-07-16,151372.3902555632
2023-07-17,152937.30515186308
2023-07-18,149850.01278561744
2023-07-19,151437.7386422993
2023-07-20,152420.0276173592
2023-07-21,159480.47183245225
2023-07-22,159480.47183245225
2023-07-23,159480.47183245225
2023-07-24,163333.65927889064
2023-07-25,163781.77617478828
2023-07-26,164150.85964115337
2023-07-27,165286.580993937
2023-07-28,163165.50716114862
2023-07-29,163165.50716114862
2023-07-30,163165.50716114862
2023-07-31,163955.91763379282
2023-08-01,165338.20838545533
2023-08-02,163926.2950094934
2023-08-03,165587.49137666874
2023-08-04,164123.96852352808
2023-08-05,164123.96852352808
2023-08-06,164123.96852352808
2023-08-07,162314.499037879
2023-08-08,163498.09311160955
2023-08-09,163799.62408751907
2023-08-10,163961.61798832822
2023-08-11,162591.1099742355
2023-08-12,162591.1099742355
2023-08-13,162591.1099742355
2023-08-14,159949.27382363935
2023-08-15,159949.27382363935
2023-08-16,160914.7305199675
2023-08-17,163250.86874083287
2023-08-18,163365.41768402184
2023-08-19,163365.41768402184
2023-08-20,163365.41768402184
2023-08-21,164092.77850305274
2023-08-22,163141.0299380218
2023-08-23,163815.76235491247
2023-08-24,164846.60828611293
2023-08-25,164306.85292243352
2023-08-26,164306.85292243352
2023-08-27,164306.85292243352
2023-08-28,166121.30328789042
2023-08-29,166754.8686027825
2023-08-30,165771.07980538538
2023-08-31,165433.02375284373
2023-09-01,165492.02807812358
2023-09-02,165492.02807812358
2023-09-03,165492.02807812358
2023-09-04,166118.27358447126
2023-09-05,165051.13237981487
2023-09-06,166448.613055508
2023-09-07,167466.32822904256
2023-09-08,168571.42806212697
2023-09-09,168571.42806212697
2023-09-10,168571.42806212697
2023-09-11,168333.56392166717
2023-09-12,164450.00444006218
2023-09-13,165432.6581776695
2023-09-14,165686.74022040833
2023-09-15,164909.09431450794
2023-09-16,164824.69171450794
2023-09-17,164824.69171450794
2023-09-18,164048.20861257016
2023-09-19,164048.20861257016
2023-09-20,160303.7516200622
2023-09-21,161050.79969243074
2023-09-22,159219.56469295462
2023-09-23,159191.43049295462
2023-09-24,159163.29629295462
2023-09-25,159848.76624063533
2023-09-26,159745.68048946708
2023-09-27,159605.9284683697
2023-09-28,161070.6974865183
2023-09-29,161427.3346430615
2023-09-30,161427.3346430615
2023-10-01,161399.20044306153
2023-10-02,161399.20044306153
2023-10-03,160638.78148254022
2023-10-04,161768.69586476468
2023-10-05,160609.59591951806
2023-10-06,159691.66721293944
2023-10-07,159691.66721293944
2023-10-08,159691.66721293944
2023-10-09,157987.34570090048
2023-10-10,159108.1617381445
2023-10-11,160817.7957130838
2023-10-12,163239.55006986897
2023-10-13,161083.48141552194
2023-10-14,161083.48141552194
2023-10-15,161083.48141552194
2023-10-16,162304.94604642282
2023-10-17,163348.61324619397
2023-10-18,162839.80618386465
2023-10-19,163049.80654701032
2023-10-20,163983.5690577464
2023-10-21,163983.5690577464
2023-10-22,163983.5690577464
2023-10-23,164746.06588163506
2023-10-24,164746.06588163506
2023-10-25,164933.1410161045
2023-10-26,163707.826474522
2023-10-27,164629.68370601526
2023-10-28,164629.68370601526
2023-10-29,164629.68370601526
2023-10-30,164994.53552535214
2023-10-31,165005.27306455805
2023-11-01,164851.94582110233
2023-11-02,164462.54826852272
2023-11-03,164236.0504837868
2023-11-04,164236.0504837868
2023-11-05,164236.0504837868
2023-11-06,164434.24668311802
2023-11-07,164053.77182419604
2023-11-08,164226.0452033059
2023-11-09,164276.36854858306
2023-11-10,164388.30059193654
2023-11-11,164388.30059193654
2023-11-12,164388.30059193654
2023-11-13,164295.84665249742
2023-11-14,164295.84665249742
2023-11-15,164185.70940625216
2023-11-16,163546.106723809
2023-11-17,162914.66343531822
2023-11-18,162914.66343531822
2023-11-19,162886.52923531822
2023-11-20,162577.61761682743
2023-11-21,163119.9650038132
2023-11-22,161543.49202214
2023-11-23,163111.51989324816
2023-11-24,165634.57759712718
2023-11-25,165606.44339712715
2023-11-26,165606.44339712715
2023-11-27,165606.44339712715
2023-11-28,165261.28187323356
2023-11-29,166214.90774474727
2023-11-30,166450.7209622943
2023-12-01,169271.38671403436
2023-12-02,169243.25251403434
2023-12-03,169186.98411403433
2023-12-04,174116.3395121206
2023-12-05,174952.00033876064
2023-12-06,174407.57172308047
2023-12-07,173961.87490848178
2023-12-08,171205.3118243262
2023-12-09,171205.3118243262
2023-12-10,171120.9092243262
2023-12-11,171125.98533489718
2023-12-12,169864.3951628567
2023-12-13,174293.97912363018
2023-12-14,172400.7616791469
2023-12-15,165207.2518442273
2023-12-16,165179.1176442273
2023-12-17,165010.3124442273
2023-12-18,163609.39607492782
2023-12-19,166072.02275043068
2023-12-20,167434.8137880373
2023-12-21,168869.68736870342
2023-12-22,166540.22555891328
2023-12-23,166540.22555891328
2023-12-24,166540.22555891328
2023-12-25,166540.22555891328
2023-12-26,168998.8463715632
2023-12-27,169058.58969704536
2023-12-28,171302.47901233865
2023-12-29,171544.66567394914
2023-12-30,171544.66567394914
2023-12-31,171516.53147394914
2024-01-01,171200.09650472115
2024-01-02,171817.35773779848
2024-01-03,177779.5160780729
2024-01-04,178539.26535245532
2024-01-05,175249.4972182906
2024-01-06,175249.4972182906
2024-01-07,175249.4972182906
2024-01-08,174142.4031664959
2024-01-09,172736.14968160947
2024-01-10,172033.0040919194
2024-01-11,169803.3128132301
2024-01-12,162617.98514265893
2024-01-13,162617.98514265893
2024-01-14,162533.5825426589
2024-01-15,161359.73906509485
2024-01-16,163855.53003801915
2024-01-17,154510.60065497068
2024-01-18,151954.1498669307
2024-01-19,150560.5700845089
2024-01-20,150532.4358845089
2024-01-21,150448.03328450889
2024-01-22,150448.03328450889
2024-01-23,149898.1515127609
2024-01-24,152317.90649740136
2024-01-25,150898.88554990012
2024-01-26,150898.88554990012
2024-01-27,150898.88554990012
2024-01-28,150898.88554990012
2024-01-29,150879.90869904865
2024-01-30,150643.67193109507
2024-01-31,151569.2930029435
2024-02-01,151626.67545694136
2024-02-02,143516.05451145524
2024-02-03,143516.05451145524
2024-02-04,143516.05451145524
2024-02-05,143594.31613294856
2024-02-06,136456.08127564384
2024-02-07,137040.8970850092
2024-02-08,132242.784556082
2024-02-09,134512.3923453198
2024-02-10,134512.3923453198
2024-02-11,134427.98974531982
2024-02-12,131846.91649465787
2024-02-13,131638.81630202662
2024-02-14,133161.06414341257
2024-02-15,134427.84166786727
2024-02-16,133988.68130808615
2024-02-17,133988.68130808615
2024-02-18,133988.68130808615
2024-02-19,135890.14029249665
2024-02-20,140453.30117122844
2024-02-21,140217.43869899595
2024-02-22,138426.2094021653
2024-02-23,138855.28925505315
2024-02-24,138855.28925505315
2024-02-25,138855.28925505315
2024-02-26,140339.81470220862
2024-02-27,138016.1117951398
2024-02-28,136808.90747129638
2024-02-29,136310.28886021976
2024-03-01,138807.12008734362
2024-03-02,138807.12008734362
2024-03-03,138807.12008734362
2024-03-04,138916.1547377396
2024-03-05,141050.78802560017
2024-03-06,140168.39090592111
2024-03-07,141361.39556057117
2024-03-08,141333.26136057117
2024-03-09,141305.12716057117
2024-03-10,141305.12716057117
2024-03-11,139608.50657039825
2024-03-12,138848.07323698263
2024-03-13,146086.1923426406
2024-03-14,143051.70409983702
2024-03-15,143121.53100136155
2024-03-16,143121.53100136155
2024-03-17,143121.53100136155
2024-03-18,144266.20297788957
2024-03-19,148380.83584657504
2024-03-20,147732.27925507404
2024-03-21,148752.37189045132
2024-03-22,147944.7034520333
2024-03-23,147916.5692520333
2024-03-24,147860.3008520333
2024-03-25,147860.3008520333
2024-03-26,147714.48213713948
2024-03-27,146415.40821805096
2024-03-28,146827.81688947382
2024-03-29,146799.68268947382
2024-03-30,146799.68268947382
2024-03-31,146743.41428947382
2024-04-01,146758.30437614475
2024-04-02,147519.43490038463
2024-04-03,146920.57952431246
2024-04-04,148983.56095289823
2024-04-05,150648.61121499617
2024-04-06,150592.34281499617
2024-04-07,150564.20861499617
2024-04-08,150051.9759257371
2024-04-09,152145.6890535011
2024-04-10,152874.66173357767
2024-04-11,152874.66173357767
2024-04-12,151159.4184361479
2024-04-13,151159.4184361479
2024-04-14,151159.4184361479
2024-04-15,150870.37179487734
2024-04-16,151580.1571042714
2024-04-17,151580.1571042714
2024-04-18,151033.00114809314
2024-04-19,151711.02343125202
2024-04-20,151711.02343125202
2024-04-21,151711.02343125202
2024-04-22,151674.50931501246
2024-04-23,152868.82678030763
2024-04-24,153213.20717610023
2024-04-25,150471.12112263456
2024-04-26,152063.57696715512
2024-04-27,152063.57696715512
2024-04-28,152063.57696715512
2024-04-29,147703.82753912898
2024-04-30,147068.06588359652
2024-05-01,147068.06588359652
2024-05-02,147441.4839496688
2024-05-03,147364.96399846257
2024-05-04,147336.82979846257
2024-05-05,147336.82979846257
2024-05-06,149457.05838506357
2024-05-07,151300.86859302956
2024-05-08,151264.66847803222
2024-05-09,148603.0613475975
2024-05-10,150223.6924331347
2024-05-11,150223.6924331347
2024-05-12,150195.5582331347
2024-05-13,151229.13613671166
2024-05-14,151013.93703904768
2024-05-15,149694.01867249922
2024-05-16,152204.05696120905
2024-05-17,152665.13495660396
2024-05-18,152665.13495660396
2024-05-19,152665.13495660396
2024-05-20,152665.13495660396
2024-05-21,151699.02532949692
2024-05-22,151952.33697170028
2024-05-23,151243.76890523493
2024-05-24,152091.47514064686
2024-05-25,152091.47514064686
2024-05-26,152091.47514064686
2024-05-27,152279.74185893568
2024-05-28,152579.45372782735
2024-05-29,153473.77672957483
2024-05-30,152190.75982872056
2024-05-31,150394.66984457598
2024-06-01,150366.53564457598
2024-06-02,150310.26724457598
2024-06-03,138284.0298283209
2024-06-04,156449.23838823236
2024-06-05,157475.96412957934
2024-06-06,156707.5481329178
2024-06-07,156222.49079156085
2024-06-08,156194.35659156085
2024-06-09,156194.35659156085
2024-06-10,156505.48387403018
2024-06-11,155963.68447334293
2024-06-12,155787.7800274907
2024-06-13,155196.38197398096
2024-06-14,155736.35636411989
2024-06-15,155736.35636411989
2024-06-16,155708.22216411988
2024-06-17,155708.22216411988
2024-06-18,154858.08682193005
2024-06-19,153577.43313557914
2024-06-20,154052.4064327838
2024-06-21,153408.59495398003
2024-06-22,153380.46075398003
2024-06-23,153352.32655398003
2024-06-24,153710.50653739506
2024-06-25,151854.3166751187
2024-06-26,153237.258359329
2024-06-27,152886.40466497833
2024-06-28,153344.28520661397
2024-06-29,153316.15100661397
2024-06-30,153259.88260661397
2024-07-01,154048.2123114232
2024-07-02,151920.69478604879
2024-07-03,153166.91168413428
2024-07-04,152945.49969410407
2024-07-05,155267.7740722742
2024-07-06,155267.7740722742
2024-07-07,155183.3714722742
2024-07-08,155563.31119207316
2024-07-09,157223.20908469288
2024-07-10,157555.33217340295
2024-07-11,158361.6220656469
2024-07-12,157230.52810220813
2024-07-13,157174.25970220813
2024-07-14,157033.58870220813
2024-07-15,158482.0456052277
2024-07-16,158160.6861134794
2024-07-17,158132.5519134794
2024-07-18,153870.93937313586
2024-07-19,153232.02298514
2024-07-20,153232.02298514
2024-07-21,153147.62038514
2024-07-22,153589.1113079987
2024-07-23,155201.94065357384
2024-07-24,155045.68436161743
2024-07-25,155010.71574564144
2024-07-26,153178.24371681956
2024-07-27,153178.24371681956
2024-07-28,153150.1095168196
2024-07-29,152333.0498599886
2024-07-30,151826.25211888098
2024-07-31,152481.62852531218
2024-08-01,154023.41685173905
2024-08-02,158181.65076036568
2024-08-03,158181.65076036568
2024-08-04,158181.65076036568
2024-08-05,160220.15127876378
2024-08-06,160359.96798007636
2024-08-07,160458.778133504
2024-08-08,162245.479686705
2024-08-09,162371.97958097816
2024-08-10,162371.97958097816
2024-08-11,162343.8453809782
2024-08-12,162748.77601866875
2024-08-13,162253.04005743432
2024-08-14,160506.16425052413
2024-08-15,160449.89585052413
2024-08-16,159142.8969988511
2024-08-17,159142.8969988511
2024-08-18,159142.8969988511
2024-08-19,157131.3315517042
2024-08-20,156425.42459834003
2024-08-21,155725.06745353213
2024-08-22,157571.1733699551
2024-08-23,158781.5859234644
2024-08-24,158781.5859234644
2024-08-25,158781.5859234644
2024-08-26,158127.36905370615
2024-08-27,157110.96017096858
2024-08-28,155294.54718026344
2024-08-29,157636.26685223755
2024-08-30,155493.56975432637
2024-08-31,155493.56975432637
2024-09-01,155493.56975432637
2024-09-02,156975.08649289326
2024-09-03,158051.9248379637
2024-09-04,159418.48807672356
2024-09-05,159607.23055544868
2024-09-06,157174.00239623588
2024-09-07,157174.00239623588
2024-09-08,157174.00239623588
2024-09-09,158165.81220510913
2024-09-10,156283.59786741494
2024-09-11,155475.70206234994
2024-09-12,156536.9008081961
2024-09-13,155957.59007768187
2024-09-14,155957.59007768187
2024-09-15,155957.59007768187
2024-09-16,154820.96742134064
2024-09-17,154068.71202450356
2024-09-18,160215.01971970088
2024-09-19,160066.3016455045
2024-09-20,157581.40727242766
2024-09-21,157525.13887242766
2024-09-22,157412.60207242766
2024-09-23,160563.7357247617
2024-09-24,160610.8828945848
2024-09-25,160309.04088287408
2024-09-26,160811.18413954205
2024-09-27,162766.13341761622
2024-09-28,162766.13341761622
2024-09-29,162766.13341761622
2024-09-30,163775.51147945522
2024-10-01,163266.72360283823
2024-10-02,163238.58940283823
2024-10-03,162073.81007720454
2024-10-04,160186.71212527802
2024-10-05,160158.57792527802
2024-10-06,160130.44372527802
2024-10-07,157225.14976999728
2024-10-08,158953.79997994733
2024-10-09,157340.0186619645
2024-10-10,159150.6101168907
2024-10-11,158331.94338092976
2024-10-12,158303.80918092976
2024-10-13,158303.80918092976
2024-10-14,156955.11442727305
2024-10-15,155098.04323556984
2024-10-16,158174.8254299946
2024-10-17,155561.5793759084
2024-10-18,160948.65164417436
2024-10-19,160948.65164417436
2024-10-20,160864.24904417436
2024-10-21,162914.89845910243
2024-10-22,161645.1744073813
2024-10-23,160850.63179165148
2024-10-24,160409.47225693864
2024-10-25,160762.70436713495
2024-10-26,160762.70436713495
2024-10-27,160734.57016713495
2024-10-28,160312.66272197093
2024-10-29,159511.42258299052
2024-10-30,162548.71163110383
2024-10-31,162709.44353447118
2024-11-01,163262.27294377433
2024-11-02,163177.87034377432
2024-11-03,163177.87034377432
2024-11-04,161664.5590859108
2024-11-05,159281.23343990563
2024-11-06,161812.72442330315
2024-11-07,161707.2152971292
2024-11-08,160965.61128434032
2024-11-09,160965.61128434032
2024-11-10,160937.47708434032
2024-11-11,157888.00362711656
2024-11-12,158047.19095180326
2024-11-13,156813.97188923415
2024-11-14,158159.00165758387
2024-11-15,158159.00165758387
2024-11-16,158159.00165758387
2024-11-17,158159.00165758387
2024-11-18,161122.51975704083
2024-11-19,158474.7769673966
2024-11-20,158474.7769673966
2024-11-21,155608.50078220345
2024-11-22,158202.7742212129
2024-11-23,158202.7742212129
2024-11-24,158202.7742212129
2024-11-25,160224.6370545688
2024-11-26,158837.71939612756
2024-11-27,158511.19502202742
2024-11-28,161460.6542961445
2024-11-29,162955.80143379024
2024-11-30,162955.80143379024
2024-12-01,162955.80143379024
2024-12-02,163311.89685314053
2024-12-03,163733.59386686224
2024-12-04,161036.01709022018
2024-12-05,158707.65106386016
2024-12-06,159503.37185532128
2024-12-07,159503.37185532128
2024-12-08,159503.37185532128
2024-12-09,156537.32449315186
2024-12-10,155557.4610272687
2024-12-11,153665.81065675427
2024-12-12,150365.42940306314
2024-12-13,151452.8193674623
2024-12-14,151452.8193674623
2024-12-15,151452.8193674623
2024-12-16,152840.88713257594
2024-12-17,152095.07938779064
2024-12-18,153220.36603008007
2024-12-19,153669.71464805593
2024-12-20,152210.4861560146
2024-12-21,152210.4861560146
2024-12-22,152210.4861560146
2024-12-23,154198.97679843928
2024-12-24,154895.1691331417
2024-12-25,154895.1691331417
2024-12-26,154477.6276474272
2024-12-27,153477.8726295193
2024-12-28,153477.8726295193
2024-12-29,153477.8726295193
2024-12-30,153168.2944225151
2024-12-31,156301.3115250892
2025-01-01,156306.06878386426
2025-01-02,155545.3068239516
2025-01-03,158297.8030962239
2025-01-04,158297.8030962239
2025-01-05,158297.8030962239
2025-01-06,155252.34366473448
2025-01-07,156745.6756494989
2025-01-08,159622.31585547474
2025-01-09,158943.51871960933
2025-01-10,154627.15922661228
2025-01-11,154627.15922661228
2025-01-12,154627.15922661228
2025-01-13,153636.42730125453
2025-01-14,157993.86143831522
2025-01-15,159113.75011217632
2025-01-16,162233.02696899034
2025-01-17,170342.67685928446
2025-01-18,170342.67685928446
2025-01-19,170342.67685928446
2025-01-20,171901.6197749637
2025-01-21,171412.05853816157
2025-01-22,170802.40573533878
2025-01-23,169036.8069474912
2025-01-24,167352.81971482086
2025-01-25,167352.81971482086
2025-01-26,167352.81971482086
2025-01-27,169665.26386286694
2025-01-28,168942.95848040644
2025-01-29,167950.44371915888
2025-01-30,170115.62332774402
2025-01-31,170639.93707571062
2025-02-01,171020.34280548303
2025-02-02,171020.34280548303
2025-02-03,170120.3165539478
2025-02-04,172288.83905036005
2025-02-05,170518.7871074585
2025-02-06,168743.6184937749
2025-02-07,167950.50222179998
2025-02-08,167950.50222179998
2025-02-09,167922.36802179998
2025-02-10,168369.58600783857
2025-02-11,167811.6398608323
2025-02-12,167013.49154486408
2025-02-13,167150.23289134962
2025-02-14,166416.17520708393
2025-02-15,166416.17520708393
2025-02-16,166416.17520708393
2025-02-17,167238.16173817846
2025-02-18,166248.81700952374
2025-02-19,163632.24401405995
2025-02-20,166198.5019347709
2025-02-21,166751.98966537276
2025-02-22,166751.98966537276
2025-02-23,166751.98966537276
2025-02-24,164287.84599850222
2025-02-25,161688.8580901424
2025-02-26,161632.5896901424
2025-02-27,160700.54285266588
2025-02-28,155429.68969420323
2025-03-01,155317.15289420323
2025-03-02,155260.88449420323
2025-03-03,157844.73518035028
2025-03-04,158637.69594546634
2025-03-05,160274.81301804428
2025-03-06,163538.472462963
2025-03-07,165805.004081417
2025-03-08,165805.004081417
2025-03-09,165776.869881417
2025-03-10,165457.1748547321
2025-03-11,164393.58088082663
2025-03-12,156699.82307181644
2025-03-13,156454.88270636048
2025-03-14,156426.74850636048
2025-03-15,156398.61430636048
2025-03-16,156398.61430636048
2025-03-17,155911.89762482807
2025-03-18,155771.00108507875
2025-03-19,152126.7328920762
2025-03-20,153837.87476156885
2025-03-21,152411.0335834425
2025-03-22,152354.7651834425
2025-03-23,152326.63098344248
2025-03-24,151417.88342317485
2025-03-25,153524.23581589825
2025-03-26,153151.01819570578
2025-03-27,152853.88711789233
2025-03-28,149762.51781398297
2025-03-29,149734.38361398297
2025-03-30,149734.38361398297
2025-03-31,149706.24941398297
2025-04-01,151396.95085971587
2025-04-02,149801.4439766262
2025-04-03,143820.54770432418
2025-04-04,136179.67424193182
2025-04-05,136095.27164193182
2025-04-06,136095.27164193182
2025-04-07,138474.78861927745
2025-04-08,139023.23667130887
2025-04-09,136342.12985956826
2025-04-10,136342.12985956826
2025-04-11,133908.6013379127
2025-04-12,133908.6013379127
2025-04-13,133908.6013379127
2025-04-14,133908.6013379127
2025-04-15,129422.75318169667
2025-04-16,128651.19512004121
2025-04-17,125146.3240335142
2025-04-18,125146.3240335142
2025-04-19,125146.3240335142
2025-04-20,125146.3240335142
2025-04-21,126484.54602196737
2025-04-22,123326.03233687911
2025-04-23,130633.02484061546
2025-04-24,132237.82386282223
2025-04-25,134269.1626198878
2025-04-26,134269.1626198878
2025-04-27,134241.02841988782
2025-04-28,133088.50825228536
2025-04-29,133459.42009245203
2025-04-30,131218.55027793747
2025-05-01,131190.41607793747
2025-05-02,130111.08385397561
2025-05-03,130111.08385397561
2025-05-04,130111.08385397561
2025-05-05,130257.44294177373
2025-05-06,130249.02863110248
2025-05-07,129488.55905430646
2025-05-08,129749.64153072688
2025-05-09,135263.37541440106
2025-05-10,135263.37541440106
2025-05-11,135263.37541440106
2025-05-12,136834.17799374094
2025-05-13,137021.15334480474
2025-05-14,137981.93456019557
2025-05-15,136480.2688255951
2025-05-16,136409.7019352803
2025-05-17,136409.7019352803
2025-05-18,136381.5677352803
2025-05-19,136334.09629954098
2025-05-20,137232.60827512364
2025-05-21,137248.27651802136
2025-05-22,136108.30564260826
2025-05-23,136948.6308475487
2025-05-24,136920.4966475487
2025-05-25,136920.4966475487
2025-05-26,137118.4019767947
2025-05-27,136835.37438409735
2025-05-28,136274.1896341739
2025-05-29,135900.7324810632
2025-05-30,135353.59076288252
2025-05-31,135353.59076288252
2025-06-01,135353.59076288252
2025-06-02,135041.52017030277
2025-06-03,134377.74027924403
2025-06-04,134341.43932476125
2025-06-05,132095.23702188765
2025-06-06,131888.95103534393
2025-06-07,131860.81683534393
2025-06-08,131860.81683534393
2025-06-09,135166.05075370817
2025-06-10,139222.5793878515
2025-06-11,138620.45864839022
2025-06-12,138058.41349276283
2025-06-13,139191.59624549016
2025-06-14,139163.46204549016
2025-06-15,139163.46204549016
2025-06-16,139683.72630346435
2025-06-17,140186.8756734017
2025-06-18,138492.8439333364
2025-06-19,137843.16819027386
2025-06-20,136474.99976073907
2025-06-21,136474.99976073907
2025-06-22,136474.99976073907
2025-06-23,135509.94855177676
2025-06-24,135233.80273467704
2025-06-25,136607.46941478446
2025-06-26,132866.61548323423
2025-06-27,130281.85673830648
2025-06-28,130253.72253830648
2025-06-29,130197.45413830648
2025-06-30,133492.00863281768
2025-07-01,130513.58643659874
2025-07-02,131704.24950455216
2025-07-03,131122.5574590215
2025-07-04,130996.32723613625
2025-07-05,130996.32723613625
2025-07-06,130996.32723613625
2025-07-07,130015.37293756581
2025-07-08,130022.38257495221
2025-07-09,130886.6044553587
2025-07-10,130610.07114452816
2025-07-11,128219.23387673308
2025-07-12,128191.09967673308
2025-07-13,128134.83127673308
2025-07-14,127165.17639284384
2025-07-15,127880.6754668391
2025-07-16,128552.34194106662
2025-07-17,127821.88091013761
2025-07-18,128385.39396899022
2025-07-19,128357.25976899022
2025-07-20,128357.25976899022
2025-07-21,125048.76317307344
2025-07-22,123877.94396089115
2025-07-23,122557.44193118457
2025-07-24,121145.15389748522
2025-07-25,120065.08156414113
2025-07-26,120036.94736414113
2025-07-27,120036.94736414113
2025-07-28,117074.49924426284
2025-07-29,115522.27694964244
2025-07-30,115849.43129714986
2025-07-31,116003.4703906694
2025-08-01,113626.16994139022
2025-08-02,113569.90154139022
2025-08-03,113569.90154139022
2025-08-04,117765.2794272909
2025-08-05,118403.09318074227
2025-08-06,115356.2665481735
2025-08-07,115900.3482668715
2025-08-08,116507.42084250899
2025-08-09,116507.42084250899
2025-08-10,116507.42084250899
2025-08-11,115120.52137123412
2025-08-12,116141.34756745161
2025-08-13,115708.9330160146
2025-08-14,115371.11130140358
2025-08-15,115371.11130140358
2025-08-16,115371.11130140358
2025-08-17,115371.11130140358
2025-08-18,112930.10629389664
2025-08-19,112628.36460529466
2025-08-20,119460.90595260733
2025-08-21,118546.8916606057
2025-08-22,118029.91410687735
2025-08-23,118029.91410687735
2025-08-24,118029.91410687735
2025-08-25,123898.11059786066
2025-08-26,128039.3208382086
2025-08-27,128039.3208382086
2025-08-28,126281.486957011
2025-08-29,125407.7028010257
2025-08-30,125407.7028010257
2025-08-31,125407.7028010257
2025-09-01,127422.54771006678
2025-09-02,128073.49495512954
2025-09-03,125128.43820036965
2025-09-04,124100.48585167332
2025-09-05,120572.40018539387
2025-09-06,120572.40018539387
2025-09-07,120572.40018539387
2025-09-08,118357.75608419153
2025-09-09,123748.1478660251
2025-09-10,126984.08687028164
2025-09-11,126170.49707078646
2025-09-12,126550.64422851853
2025-09-13,126550.64422851853
2025-09-14,126550.64422851853
2025-09-15,124649.15112373029
2025-09-16,125381.37163602239
2025-09-17,124768.26894729084
2025-09-18,125312.67530031562
2025-09-19,125819.5172350041
2025-09-20,125763.2488350041
2025-09-21,125706.9804350041
2025-09-22,122601.99878547667
2025-09-23,121524.9210289597
2025-09-24,121341.19057731424
2025-09-25,118757.6958484205
2025-09-26,115148.84630267555
2025-09-27,115092.57790267555
2025-09-28,115064.44370267555
2025-09-29,112212.38165304443
2025-09-30,112430.96519615811
2025-10-01,113960.57693764899
2025-10-02,113932.44273764899
2025-10-03,113392.70260869055
2025-10-04,113392.70260869055
2025-10-05,113392.70260869055
2025-10-06,117222.34350248199
2025-10-07,115874.71329042102
2025-10-08,121292.26997931066
2025-10-09,122568.21185266154
2025-10-10,119791.46298947923
2025-10-11,119791.46298947923
2025-10-12,119791.46298947923
2025-10-13,118929.79788274642
2025-10-14,117245.56900745926
2025-10-15,117150.90208749728
2025-10-16,115689.60926625966
2025-10-17,112706.58196967837
2025-10-18,112706.58196967837
2025-10-19,112706.58196967837
2025-10-20,114455.57976400577
2025-10-21,113840.45491008353
2025-10-22,113840.45491008353
2025-10-23,118059.65626249787
2025-10-24,119483.72712274041
2025-10-25,119483.72712274041
2025-10-26,119399.32452274041
2025-10-27,117266.39325981852
2025-10-28,114521.87398593986
2025-10-29,113150.57219438103
2025-10-30,113198.95855217369
2025-10-31,112945.51500444852
2025-11-01,112945.51500444852
2025-11-02,112945.51500444852
2025-11-03,110437.66781389172
2025-11-04,108572.96931865242
2025-11-05,108572.96931865242
2025-11-06,106817.77611768883
2025-11-07,109382.12395218351
2025-11-08,109382.12395218351
2025-11-09,109382.12395218351
2025-11-10,110992.17017652308
2025-11-11,111704.6799006996
2025-11-12,112265.81297600157
2025-11-13,113707.71025379407
2025-11-14,112397.37900420761
2025-11-15,112397.37900420761
2025-11-16,112397.37900420761
2025-11-17,112183.76739997968
2025-11-18,111201.54137558067
2025-11-19,111990.47876437771
2025-11-20,111158.62613652242
2025-11-21,112296.3655319977
2025-11-22,112296.3655319977
2025-11-23,112296.3655319977
2025-11-24,112415.1143825001
2025-11-25,109527.67595556275
2025-11-26,109815.18815137619
2025-11-27,112050.87645718022
2025-11-28,111150.92477871421
2025-11-29,111150.92477871421
2025-11-30,111150.92477871421
2025-12-01,111686.48997093912
2025-12-02,112029.8209922461
2025-12-03,114845.42848807429
2025-12-04,114363.28317799148
2025-12-05,114259.49909861264
2025-12-06,114231.36489861264
2025-12-07,114231.36489861264
2025-12-08,113944.57221084589
2025-12-09,114064.0919128282
2025-12-10,113552.90738772842
2025-12-11,112822.26950707904
2025-12-12,112229.62854940609
2025-12-13,112229.62854940609
2025-12-14,112229.62854940609
2025-12-15,112280.55703360056
2025-12-16,113140.54231973607
2025-12-17,111231.90870463273
2025-12-18,111013.88250852346
2025-12-19,110295.91535167056
2025-12-20,110295.91535167056
2025-12-21,110267.78115167056
2025-12-22,109317.70137207293
2025-12-23,112289.72043886001
2025-12-24,112514.3708183739
2025-12-25,112458.1024183739
2025-12-26,112084.97206959996
2025-12-27,112084.97206959996
2025-12-28,112084.97206959996
2025-12-29,112205.71154799926
2025-12-30,111815.66685072216
2025-12-31,110461.32594840473
2026-01-01,103974.7644329687
2026-01-02,102049.69437923812
2026-01-03,102021.56017923812
2026-01-04,102021.56017923812
2026-01-05,102556.41401045136
2026-01-06,103706.94394403847
2026-01-07,103583.79633403676
2026-01-08,104328.38169778099
2026-01-09,103006.85711465233
2026-01-10,102922.45451465233
2026-01-11,102894.32031465233
2026-01-12,102075.67649387056
2026-01-13,99159.63581433138
2026-01-14,100215.80518982882
2026-01-15,100159.53678982882
2026-01-16,96984.58302819275
2026-01-17,96872.04622819276
2026-01-18,96872.04622819276
2026-01-19,97818.41549939076
2026-01-20,96874.91697361834
2026-01-21,97960.93274653303
2026-01-22,95761.37016670276
2026-01-23,95348.43894070236
2026-01-24,95348.43894070236
2026-01-25,95348.43894070236
2026-01-26,95348.43894070236
2026-01-27,93028.46038606428
2026-01-28,94344.23525138797
2026-01-29,94403.00426283712
2026-01-30,95190.78281731387
2026-01-31,95190.78281731387
2026-02-01,95190.78281731387
2026-02-02,99374.57663466065
2026-02-03,97820.10695051056
2026-02-04,101700.2300755877
2026-02-05,100387.63157800413
2026-02-06,102303.03285017214
2026-02-07,102303.03285017214
2026-02-08,102246.76445017214
2026-02-09,92710.86744384462
2026-02-10,93559.11558833701
2026-02-11,87492.95655940997
2026-02-12,78397.92307634141
2026-02-13,76705.37922540872
2026-02-14,76649.11082540872
2026-02-15,76508.43982540871
2026-02-16,76626.98969894125
2026-02-17,77822.47776458105
2026-02-18,75503.78966011923
2026-02-19,76738.82122671527
2026-02-20,75563.17380712071
2026-02-21,75535.0396071207
2026-02-22,75535.0396071207
2026-02-23,73149.90147404687
2026-02-24,66453.52347789597
2026-02-25,72730.36806631758
2026-02-26,72619.41512457195
2026-02-27,74790.37558752137
2026-02-28,74762.24138752137
2026-03-01,74762.24138752137
2026-03-02,74723.77823361036
2026-03-03,74723.77823361036
2026-03-04,75423.8167274638
2026-03-05,75727.56681305513
2026-03-06,77347.63768362187
2026-03-07,77347.63768362187
2026-03-08,77347.63768362187
2026-03-09,78592.224881861
2026-03-10,77144.0862441527
2026-03-11,76334.31177009537
2026-03-12,75780.23862920515
2026-03-13,77850.53117117588
2026-03-14,77850.53117117588
2026-03-15,77850.53117117588
2026-03-16,75924.04729006294
2026-03-17,75905.40792796959
2026-03-18,77911.38189746214
2026-03-19,74171.62086035787
2026-03-20,72601.63263624333
2026-03-21,72573.49843624333
2026-03-22,72545.36423624333
2026-03-23,73410.73916054681
2026-03-24,75739.56445693754
2026-03-25,72311.54710396868
2026-03-26,72311.54710396868
2026-03-27,77357.5143259599
2026-03-28,77357.5143259599
2026-03-29,77357.5143259599
2026-03-30,78492.92963912115
