Date,equity_gross
2016-04-28,100000.0
2016-04-29,100000.0
2016-04-30,100000.0
2016-05-01,100000.0
2016-05-02,100000.0
2016-05-03,100000.0
2016-05-04,100000.0
2016-05-05,100000.0
2016-05-06,100000.0
2016-05-07,100000.0
2016-05-08,100000.0
2016-05-09,100000.0
2016-05-10,100000.0
2016-05-11,100000.0
2016-05-12,100000.0
2016-05-13,100000.0
2016-05-14,100000.0
2016-05-15,100000.0
2016-05-16,100000.0
2016-05-17,100000.0
2016-05-18,100000.0
2016-05-19,100000.0
2016-05-20,100000.0
2016-05-21,100000.0
2016-05-22,100000.0
2016-05-23,100000.0
2016-05-24,100000.0
2016-05-25,100000.0
2016-05-26,100000.0
2016-05-27,100000.0
2016-05-28,100000.0
2016-05-29,100000.0
2016-05-30,100000.0
2016-05-31,100000.0
2016-06-01,100000.0
2016-06-02,100000.0
2016-06-03,100000.0
2016-06-04,100000.0
2016-06-05,100000.0
2016-06-06,100000.0
2016-06-07,100000.0
2016-06-08,100000.0
2016-06-09,100000.0
2016-06-10,100000.0
2016-06-11,100000.0
2016-06-12,100000.0
2016-06-13,100000.0
2016-06-14,100000.0
2016-06-15,100000.0
2016-06-16,100000.0
2016-06-17,100000.0
2016-06-18,100000.0
2016-06-19,100000.0
2016-06-20,100000.0
2016-06-21,100000.0
2016-06-22,100000.0
2016-06-23,100000.0
2016-06-24,100000.0
2016-06-25,100000.0
2016-06-26,100000.0
2016-06-27,100000.0
2016-06-28,99354.50936388747
2016-06-29,101312.93690716199
2016-06-30,101566.75498515682
2016-07-01,101104.8927289781
2016-07-02,101104.8927289781
2016-07-03,101104.8927289781
2016-07-04,101892.373339726
2016-07-05,101776.16291504602
2016-07-06,101776.16291504602
2016-07-07,101638.25704566397
2016-07-08,102822.01963448305
2016-07-09,102822.01963448305
2016-07-10,102822.01963448305
2016-07-11,102149.52279440874
2016-07-12,102149.52279440874
2016-07-13,102841.25579805157
2016-07-14,102400.20778502313
2016-07-15,101807.94859258916
2016-07-16,101807.94859258916
2016-07-17,101807.94859258916
2016-07-18,102652.50293865909
2016-07-19,102342.94436104252
2016-07-20,101994.19577540489
2016-07-21,102949.26897225634
2016-07-22,102134.12391082123
2016-07-23,102134.12391082123
2016-07-24,102134.12391082123
2016-07-25,102028.34583994553
2016-07-26,102629.93701061331
2016-07-27,102629.93701061331
2016-07-28,103146.00788491603
2016-07-29,103077.87254623797
2016-07-30,103077.87254623797
2016-07-31,103077.87254623797
2016-08-01,102611.0002469527
2016-08-02,103001.50945026094
2016-08-03,103181.57877523988
2016-08-04,102791.03975892835
2016-08-05,103410.3551119108
2016-08-06,103410.3551119108
2016-08-07,103410.3551119108
2016-08-08,103347.82598512463
2016-08-09,103394.39210408748
2016-08-10,103611.9577978194
2016-08-11,104267.69552190599
2016-08-12,104267.69552190599
2016-08-13,104267.69552190599
2016-08-14,104267.69552190599
2016-08-15,104267.69552190599
2016-08-16,103190.17985539579
2016-08-17,103249.40276322608
2016-08-18,103316.50213218595
2016-08-19,102408.1136182564
2016-08-20,102408.1136182564
2016-08-21,102408.1136182564
2016-08-22,103073.69989529469
2016-08-23,102863.68764916132
2016-08-24,103026.074414076
2016-08-25,103797.1904125596
2016-08-26,103797.1904125596
2016-08-27,103797.1904125596
2016-08-28,103797.1904125596
2016-08-29,103797.1904125596
2016-08-30,103983.93192684893
2016-08-31,104317.72290371571
2016-09-01,104317.72290371571
2016-09-02,104317.72290371571
2016-09-03,104317.72290371571
2016-09-04,104317.72290371571
2016-09-05,104317.72290371571
2016-09-06,104360.97073254817
2016-09-07,104526.78655390366
2016-09-08,104072.22976761639
2016-09-09,106383.04440570991
2016-09-10,106383.04440570991
2016-09-11,106383.04440570991
2016-09-12,108547.46112598882
2016-09-13,108547.46112598882
2016-09-14,108679.04642099839
2016-09-15,108315.09289217388
2016-09-16,108415.64358859153
2016-09-17,108415.64358859153
2016-09-18,108415.64358859153
2016-09-19,108415.64358859153
2016-09-20,108420.3511655589
2016-09-21,108420.3511655589
2016-09-22,108146.17140581968
2016-09-23,107520.95177925612
2016-09-24,107520.95177925612
2016-09-25,107520.95177925612
2016-09-26,106841.07150034142
2016-09-27,106397.38349443712
2016-09-28,106530.0120894786
2016-09-29,106935.35320936448
2016-09-30,106935.35320936448
2016-10-01,106935.35320936448
2016-10-02,106935.35320936448
2016-10-03,106884.88701476688
2016-10-04,106690.48647741899
2016-10-05,106537.33539881102
2016-10-06,106614.72040206542
2016-10-07,106484.31191150476
2016-10-08,106484.31191150476
2016-10-09,106484.31191150476
2016-10-10,107056.12980212492
2016-10-11,107056.12980212492
2016-10-12,107056.12980212492
2016-10-13,107056.12980212492
2016-10-14,108143.25501924744
2016-10-15,108143.25501924744
2016-10-16,108143.25501924744
2016-10-17,108143.25501924744
2016-10-18,108143.25501924744
2016-10-19,108543.28553703541
2016-10-20,108543.28553703541
2016-10-21,109514.97603435915
2016-10-22,109514.97603435915
2016-10-23,109514.97603435915
2016-10-24,109099.41664462854
2016-10-25,107394.78030051175
2016-10-26,107969.04106267661
2016-10-27,107522.94873726982
2016-10-28,109814.36578549288
2016-10-29,109814.36578549288
2016-10-30,109814.36578549288
2016-10-31,109814.36578549288
2016-11-01,109814.36578549288
2016-11-02,110335.52612496237
2016-11-03,110627.34826502763
2016-11-04,110067.08388132707
2016-11-05,110067.08388132707
2016-11-06,110067.08388132707
2016-11-07,109319.0748529063
2016-11-08,109469.06311573481
2016-11-09,106743.31998224037
2016-11-10,102574.57109959249
2016-11-11,103118.47925548755
2016-11-12,103118.47925548755
2016-11-13,103118.47925548755
2016-11-14,103118.47925548755
2016-11-15,105817.06511570759
2016-11-16,111870.2938113358
2016-11-17,111208.35594871582
2016-11-18,111341.76839824517
2016-11-19,111341.76839824517
2016-11-20,111341.76839824517
2016-11-21,116050.93413946967
2016-11-22,115918.28200644525
2016-11-23,115899.85823601166
2016-11-24,115899.85823601166
2016-11-25,116303.53069950102
2016-11-26,116303.53069950102
2016-11-27,116303.53069950102
2016-11-28,116303.53069950102
2016-11-29,116434.06629322174
2016-11-30,116662.31875546968
2016-12-01,116662.31875546968
2016-12-02,116662.31875546968
2016-12-03,116662.31875546968
2016-12-04,116662.31875546968
2016-12-05,116662.31875546968
2016-12-06,116662.31875546968
2016-12-07,116662.31875546968
2016-12-08,116662.31875546968
2016-12-09,116662.31875546968
2016-12-10,116662.31875546968
2016-12-11,116662.31875546968
2016-12-12,116662.31875546968
2016-12-13,116662.31875546968
2016-12-14,116662.31875546968
2016-12-15,116801.27215174744
2016-12-16,116818.38884438392
2016-12-17,116818.38884438392
2016-12-18,116818.38884438392
2016-12-19,116788.87368634541
2016-12-20,116971.04420944337
2016-12-21,117790.30824925081
2016-12-22,118249.5353485018
2016-12-23,118087.56272533885
2016-12-24,118087.56272533885
2016-12-25,118087.56272533885
2016-12-26,118087.56272533885
2016-12-27,118087.56272533885
2016-12-28,117825.94700583263
2016-12-29,117727.59252406647
2016-12-30,117901.23934808961
2016-12-31,117901.23934808961
2017-01-01,117901.23934808961
2017-01-02,117696.73070175406
2017-01-03,117719.4835784248
2017-01-04,117040.91241033141
2017-01-05,113280.1904676973
2017-01-06,110010.76008967834
2017-01-07,110010.76008967834
2017-01-08,110010.76008967834
2017-01-09,110312.97383868477
2017-01-10,109587.63847690835
2017-01-11,109529.06747559334
2017-01-12,113421.47493699798
2017-01-13,106655.54571775628
2017-01-14,106655.54571775628
2017-01-15,106655.54571775628
2017-01-16,105439.6016707437
2017-01-17,108129.17128840061
2017-01-18,107488.53257323526
2017-01-19,107441.08611343526
2017-01-20,111278.73454922049
2017-01-21,111278.73454922049
2017-01-22,111278.73454922049
2017-01-23,111219.30355074773
2017-01-24,110059.119219811
2017-01-25,106232.43472064684
2017-01-26,106232.43472064684
2017-01-27,107627.7290828115
2017-01-28,107627.7290828115
2017-01-29,107627.7290828115
2017-01-30,111023.54991330256
2017-01-31,106848.96843029774
2017-02-01,95629.91085390093
2017-02-02,96813.75213242513
2017-02-03,97714.79046471791
2017-02-04,97714.79046471791
2017-02-05,97714.79046471791
2017-02-06,96723.1823251144
2017-02-07,97650.39008367405
2017-02-08,99736.35798281015
2017-02-09,103548.40018909187
2017-02-10,110587.25186363692
2017-02-11,110587.25186363692
2017-02-12,110587.25186363692
2017-02-13,113740.91733937823
2017-02-14,115653.27604889739
2017-02-15,116211.98574826343
2017-02-16,120609.21797425504
2017-02-17,120152.56589058321
2017-02-18,120152.56589058321
2017-02-19,120152.56589058321
2017-02-20,118800.60884343075
2017-02-21,120340.84946914467
2017-02-22,122667.42819464035
2017-02-23,124732.75832842677
2017-02-24,124732.75832842677
2017-02-25,124732.75832842677
2017-02-26,124732.75832842677
2017-02-27,121273.72363412313
2017-02-28,121139.33913663453
2017-03-01,123956.45371211815
2017-03-02,122781.59996931285
2017-03-03,120666.44401190133
2017-03-04,120666.44401190133
2017-03-05,120666.44401190133
2017-03-06,118346.84227490338
2017-03-07,117557.27541678686
2017-03-08,117934.58488177521
2017-03-09,118528.7689744284
2017-03-10,117997.68784557983
2017-03-11,117997.68784557983
2017-03-12,117997.68784557983
2017-03-13,117997.68784557983
2017-03-14,123010.91354243309
2017-03-15,122458.53455928288
2017-03-16,123912.64218526207
2017-03-17,126203.94263986062
2017-03-18,126203.94263986062
2017-03-19,126203.94263986062
2017-03-20,125458.97084167505
2017-03-21,125443.84572626068
2017-03-22,124109.79102012256
2017-03-23,124609.17749794848
2017-03-24,127394.13433896874
2017-03-25,127394.13433896874
2017-03-26,127394.13433896874
2017-03-27,129119.00012943785
2017-03-28,130073.76067208909
2017-03-29,130439.1150722116
2017-03-30,129611.97070645777
2017-03-31,128352.7416741299
2017-04-01,128352.7416741299
2017-04-02,128352.7416741299
2017-04-03,128832.58730483853
2017-04-04,128832.58730483853
2017-04-05,123800.02050993228
2017-04-06,120564.83919176241
2017-04-07,121902.6508899052
2017-04-08,121902.6508899052
2017-04-09,121902.6508899052
2017-04-10,122687.47347165123
2017-04-11,125919.49507342139
2017-04-12,127580.32023526
2017-04-13,123490.5772352004
2017-04-14,123490.5772352004
2017-04-15,123490.5772352004
2017-04-16,123490.5772352004
2017-04-17,121229.8322684705
2017-04-18,122168.91618931133
2017-04-19,122045.29719327544
2017-04-20,123110.2462636331
2017-04-21,116728.92134663137
2017-04-22,116728.92134663137
2017-04-23,116728.92134663137
2017-04-24,113940.83073708176
2017-04-25,113185.33619338472
2017-04-26,112908.07873240777
2017-04-27,112715.12052228818
2017-04-28,114187.9264972291
2017-04-29,114187.9264972291
2017-04-30,114187.9264972291
2017-05-01,114187.9264972291
2017-05-02,116697.95668013855
2017-05-03,117855.71264922131
2017-05-04,126052.90351540742
2017-05-05,126024.08725358109
2017-05-06,126024.08725358109
2017-05-07,126024.08725358109
2017-05-08,126811.3602893634
2017-05-09,127282.94547670595
2017-05-10,126665.4800106695
2017-05-11,127572.44244390461
2017-05-12,129579.84096570783
2017-05-13,129579.84096570783
2017-05-14,129579.84096570783
2017-05-15,128731.42566898615
2017-05-16,128581.55874380194
2017-05-17,128545.72893320388
2017-05-18,130177.90528282501
2017-05-19,132332.92183061555
2017-05-20,132332.92183061555
2017-05-21,132332.92183061555
2017-05-22,134926.25002846227
2017-05-23,134058.1242635124
2017-05-24,132097.2117777341
2017-05-25,132118.93036566995
2017-05-26,135237.11565088195
2017-05-27,135237.11565088195
2017-05-28,135237.11565088195
2017-05-29,132641.1576713489
2017-05-30,134816.35627625955
2017-05-31,132401.63572459572
2017-06-01,133815.03478878736
2017-06-02,132527.9476967112
2017-06-03,132527.9476967112
2017-06-04,132527.9476967112
2017-06-05,130645.75852951422
2017-06-06,131036.85543412021
2017-06-07,134769.56069440028
2017-06-08,136352.14150192094
2017-06-09,134533.77619909984
2017-06-10,134533.77619909984
2017-06-11,134533.77619909984
2017-06-12,136080.6638665181
2017-06-13,134812.37618205557
2017-06-14,135232.79371456552
2017-06-15,135154.5420717002
2017-06-16,134210.89203020782
2017-06-17,134210.89203020782
2017-06-18,134210.89203020782
2017-06-19,131520.74354281573
2017-06-20,133336.42530367567
2017-06-21,132980.52757637217
2017-06-22,132622.20690978406
2017-06-23,133397.3487819268
2017-06-24,133397.3487819268
2017-06-25,133397.3487819268
2017-06-26,133397.3487819268
2017-06-27,131495.6182466329
2017-06-28,131658.16254109293
2017-06-29,130144.00728245512
2017-06-30,131670.10159705667
2017-07-01,131670.10159705667
2017-07-02,131670.10159705667
2017-07-03,131913.46266770238
2017-07-04,132791.67948481548
2017-07-05,133412.75000162196
2017-07-06,133979.52253593566
2017-07-07,131599.8614491137
2017-07-08,131599.8614491137
2017-07-09,131599.8614491137
2017-07-10,135246.3548503596
2017-07-11,136152.73415137775
2017-07-12,136573.6407083803
2017-07-13,135940.70693229602
2017-07-14,135757.4877993555
2017-07-15,135757.4877993555
2017-07-16,135757.4877993555
2017-07-17,137072.47594629327
2017-07-18,136301.33283974178
2017-07-19,136480.4699567624
2017-07-20,134669.5798732865
2017-07-21,133957.11384603646
2017-07-22,133957.11384603646
2017-07-23,133957.11384603646
2017-07-24,132838.20600589894
2017-07-25,132387.48099430185
2017-07-26,132608.89179972344
2017-07-27,131455.8999241663
2017-07-28,135104.26491864186
2017-07-29,135104.26491864186
2017-07-30,135104.26491864186
2017-07-31,134757.24546671967
2017-08-01,135445.9027465731
2017-08-02,132936.7356291359
2017-08-03,130268.32767955541
2017-08-04,131632.14931256472
2017-08-05,131632.14931256472
2017-08-06,131632.14931256472
2017-08-07,131563.71397948044
2017-08-08,130739.93536199328
2017-08-09,131658.0122462086
2017-08-10,132885.62208256556
2017-08-11,133398.68233737987
2017-08-12,133398.68233737987
2017-08-13,133398.68233737987
2017-08-14,131377.943036038
2017-08-15,131377.943036038
2017-08-16,133333.44331142254
2017-08-17,136619.97863583846
2017-08-18,134821.68260747247
2017-08-19,134821.68260747247
2017-08-20,134821.68260747247
2017-08-21,130401.01398758845
2017-08-22,131089.58893477154
2017-08-23,131437.66759714746
2017-08-24,135228.99252346763
2017-08-25,135228.99252346763
2017-08-26,135228.99252346763
2017-08-27,135228.99252346763
2017-08-28,137716.50725420238
2017-08-29,137959.251543922
2017-08-30,135683.0835211245
2017-08-31,133656.8439549926
2017-09-01,134321.4045065237
2017-09-02,134321.4045065237
2017-09-03,134321.4045065237
2017-09-04,133580.6958923529
2017-09-05,132122.99969940662
2017-09-06,129115.84427775882
2017-09-07,128430.88647816428
2017-09-08,126356.05908711028
2017-09-09,126356.05908711028
2017-09-10,126356.05908711028
2017-09-11,124390.47009406253
2017-09-12,125006.92395700305
2017-09-13,121321.8800401364
2017-09-14,123098.13157799571
2017-09-15,123302.62219860312
2017-09-16,123302.62219860312
2017-09-17,123302.62219860312
2017-09-18,121587.72907255645
2017-09-19,122306.68595015511
2017-09-20,123421.81901452741
2017-09-21,123096.781310626
2017-09-22,122934.73736029453
2017-09-23,122934.73736029453
2017-09-24,122934.73736029453
2017-09-25,122099.86261413022
2017-09-26,124268.74083389362
2017-09-27,123116.23112596938
2017-09-28,125044.03100968173
2017-09-29,125805.30579973421
2017-09-30,125805.30579973421
2017-10-01,125805.30579973421
2017-10-02,125805.30579973421
2017-10-03,124478.52667201989
2017-10-04,124340.09013331338
2017-10-05,122752.09454283686
2017-10-06,123827.3171973176
2017-10-07,123827.3171973176
2017-10-08,123827.3171973176
2017-10-09,125212.15814428849
2017-10-10,123452.1051602972
2017-10-11,122635.86949627033
2017-10-12,116290.28838128473
2017-10-13,115597.23032085954
2017-10-14,115597.23032085954
2017-10-15,115597.23032085954
2017-10-16,115827.02644638334
2017-10-17,115411.4202676721
2017-10-18,108092.2536923039
2017-10-19,107855.34308515405
2017-10-20,107855.34308515405
2017-10-21,107855.34308515405
2017-10-22,107855.34308515405
2017-10-23,106366.33671241118
2017-10-24,110667.24173545762
2017-10-25,139024.05349919116
2017-10-26,139481.4792480602
2017-10-27,141812.19530737036
2017-10-28,141812.19530737036
2017-10-29,141812.19530737036
2017-10-30,138288.03670266602
2017-10-31,137746.43906912897
2017-11-01,139434.89758069473
2017-11-02,138481.77820036054
2017-11-03,139161.69530045928
2017-11-04,139161.69530045928
2017-11-05,139161.69530045928
2017-11-06,139284.62834208837
2017-11-07,142531.38430292148
2017-11-08,143148.85599619162
2017-11-09,140253.7201356705
2017-11-10,145919.02179911244
2017-11-11,145919.02179911244
2017-11-12,145919.02179911244
2017-11-13,141955.68017885418
2017-11-14,142238.23993843392
2017-11-15,141655.17089444151
2017-11-16,141786.0652745388
2017-11-17,144535.1775559474
2017-11-18,144535.1775559474
2017-11-19,144535.1775559474
2017-11-20,144811.69276789558
2017-11-21,143934.66784926993
2017-11-22,144619.3525160698
2017-11-23,144292.88407016668
2017-11-24,144941.72171554618
2017-11-25,144941.72171554618
2017-11-26,144941.72171554618
2017-11-27,144539.95902305617
2017-11-28,143617.20399355705
2017-11-29,144756.36927317717
2017-11-30,145929.44687205326
2017-12-01,146045.73830792078
2017-12-02,146045.73830792078
2017-12-03,146045.73830792078
2017-12-04,147991.94842028848
2017-12-05,147144.55618195698
2017-12-06,144759.52588409308
2017-12-07,146421.58510216261
2017-12-08,152682.37207897328
2017-12-09,152682.37207897328
2017-12-10,152682.37207897328
2017-12-11,154514.35150088093
2017-12-12,154403.08154584834
2017-12-13,153051.67215135042
2017-12-14,156915.29370693746
2017-12-15,156652.86926442993
2017-12-16,156652.86926442993
2017-12-17,156652.86926442993
2017-12-18,156637.03798931136
2017-12-19,157051.08881328267
2017-12-20,156858.98136117123
2017-12-21,156814.76049725298
2017-12-22,155776.38070821046
2017-12-23,155776.38070821046
2017-12-24,155776.38070821046
2017-12-25,155776.38070821046
2017-12-26,155795.44389910012
2017-12-27,155833.87120834264
2017-12-28,155655.72930306924
2017-12-29,155362.98705410192
2017-12-30,155362.98705410192
2017-12-31,155362.98705410192
2018-01-01,156969.29982775063
2018-01-02,156236.02345929132
2018-01-03,156094.46831369778
2018-01-04,156669.32546873318
2018-01-05,156081.50755382015
2018-01-06,156081.50755382015
2018-01-07,156081.50755382015
2018-01-08,156058.37835489446
2018-01-09,157156.3305831121
2018-01-10,153270.95940373788
2018-01-11,154002.7016289441
2018-01-12,154416.4506193763
2018-01-13,154416.4506193763
2018-01-14,154416.4506193763
2018-01-15,156200.4069973524
2018-01-16,149803.8054924594
2018-01-17,151871.6203915778
2018-01-18,152288.9506483212
2018-01-19,153155.00305815955
2018-01-20,153155.00305815955
2018-01-21,153155.00305815955
2018-01-22,147358.68135564192
2018-01-23,148838.89505913513
2018-01-24,153570.5787193676
2018-01-25,153375.29107423653
2018-01-26,153375.29107423653
2018-01-27,153375.29107423653
2018-01-28,153375.29107423653
2018-01-29,148200.59930163732
2018-01-30,150966.82175081415
2018-01-31,151894.26575737284
2018-02-01,150673.7102500088
2018-02-02,148537.001077674
2018-02-03,148537.001077674
2018-02-04,148537.001077674
2018-02-05,151924.8467563768
2018-02-06,154426.179616067
2018-02-07,156681.80224661014
2018-02-08,158022.57711700085
2018-02-09,156916.40741140212
2018-02-10,156916.40741140212
2018-02-11,156916.40741140212
2018-02-12,156531.23243522109
2018-02-13,156531.23243522109
2018-02-14,155465.59829313692
2018-02-15,156024.29077741873
2018-02-16,153859.8088620366
2018-02-17,153859.8088620366
2018-02-18,153859.8088620366
2018-02-19,151898.73005403217
2018-02-20,151662.3115183441
2018-02-21,150085.09974498488
2018-02-22,148681.49137193488
2018-02-23,149998.9531484138
2018-02-24,149998.9531484138
2018-02-25,149998.9531484138
2018-02-26,151000.6376315751
2018-02-27,147462.17872088155
2018-02-28,146139.14393119773
2018-03-01,143363.06459567594
2018-03-02,143363.06459567594
2018-03-03,143363.06459567594
2018-03-04,143363.06459567594
2018-03-05,141580.7739366448
2018-03-06,139922.07268238848
2018-03-07,137276.0132138338
2018-03-08,144751.81676902756
2018-03-09,140971.97949008978
2018-03-10,140971.97949008978
2018-03-11,140971.97949008978
2018-03-12,142449.29196561198
2018-03-13,150068.31578508933
2018-03-14,151433.2120434955
2018-03-15,150069.91611039
2018-03-16,150297.51368191396
2018-03-17,150297.51368191396
2018-03-18,150297.51368191396
2018-03-19,151668.11379564967
2018-03-20,150857.24698106656
2018-03-21,149610.8620123249
2018-03-22,147029.37545891118
2018-03-23,143739.41301053186
2018-03-24,143739.41301053186
2018-03-25,143739.41301053186
2018-03-26,149559.23109135655
2018-03-27,152164.53293233176
2018-03-28,151604.8252995164
2018-03-29,151604.8252995164
2018-03-30,151604.8252995164
2018-03-31,151604.8252995164
2018-04-01,151604.8252995164
2018-04-02,144048.22652638814
2018-04-03,147948.63156113098
2018-04-04,148778.33516613313
2018-04-05,152219.20078469528
2018-04-06,154467.39903156518
2018-04-07,154467.39903156518
2018-04-08,154467.39903156518
2018-04-09,156623.32116509607
2018-04-10,160250.88346881402
2018-04-11,154233.67115473544
2018-04-12,146955.4681385298
2018-04-13,145027.79817344787
2018-04-14,145027.79817344787
2018-04-15,145027.79817344787
2018-04-16,145589.72132208722
2018-04-17,147974.9999239872
2018-04-18,149716.57750417246
2018-04-19,147979.5186520522
2018-04-20,135403.3730827485
2018-04-21,135403.3730827485
2018-04-22,135403.3730827485
2018-04-23,134543.19905329618
2018-04-24,138208.13335136478
2018-04-25,132348.58273402063
2018-04-26,127938.71222302305
2018-04-27,136513.1834222761
2018-04-28,136513.1834222761
2018-04-29,136513.1834222761
2018-04-30,136609.71660054868
2018-05-01,136609.71660054868
2018-05-02,134037.8895117466
2018-05-03,137799.83081753444
2018-05-04,138153.14022086788
2018-05-05,138153.14022086788
2018-05-06,138153.14022086788
2018-05-07,144118.29947905685
2018-05-08,150170.69778824737
2018-05-09,147169.91388059896
2018-05-10,148500.33336893708
2018-05-11,149704.91495479562
2018-05-12,149704.91495479562
2018-05-13,149704.91495479562
2018-05-14,151792.31592208997
2018-05-15,146672.48676007148
2018-05-16,142846.473966818
2018-05-17,141933.75440369672
2018-05-18,138780.26905878301
2018-05-19,138780.26905878301
2018-05-20,138780.26905878301
2018-05-21,141101.19742084463
2018-05-22,146098.61325579847
2018-05-23,149145.90146768471
2018-05-24,145602.38741217525
2018-05-25,145817.0007673418
2018-05-26,145817.0007673418
2018-05-27,145817.0007673418
2018-05-28,151369.79707611495
2018-05-29,146622.6897660286
2018-05-30,146014.7292805441
2018-05-31,143071.2163339295
2018-06-01,144295.44983377453
2018-06-02,144295.44983377453
2018-06-03,144295.44983377453
2018-06-04,143464.1890386894
2018-06-05,145139.82778826397
2018-06-06,146956.44445446917
2018-06-07,148122.37952636514
2018-06-08,146530.82918576166
2018-06-09,146530.82918576166
2018-06-10,146530.82918576166
2018-06-11,146489.08442354016
2018-06-12,147660.49370379394
2018-06-13,144697.83045297768
2018-06-14,144647.1696058509
2018-06-15,135845.9728356471
2018-06-16,135845.9728356471
2018-06-17,135845.9728356471
2018-06-18,140323.2735737065
2018-06-19,141758.84946830626
2018-06-20,140628.43490586386
2018-06-21,139405.70516563545
2018-06-22,143432.8255230047
2018-06-23,143432.8255230047
2018-06-24,143432.8255230047
2018-06-25,136245.99197078185
2018-06-26,134181.36738629063
2018-06-27,129420.73751775059
2018-06-28,123875.18618690805
2018-06-29,126372.94135311966
2018-06-30,126372.94135311966
2018-07-01,126372.94135311966
2018-07-02,125176.9788123605
2018-07-03,121021.7104112531
2018-07-04,121617.92178445052
2018-07-05,124887.5084889697
2018-07-06,122971.95026863624
2018-07-07,122971.95026863624
2018-07-08,122971.95026863624
2018-07-09,126388.14558377865
2018-07-10,128004.27566373076
2018-07-11,116202.22294007786
2018-07-12,120179.2578001824
2018-07-13,114499.71665321878
2018-07-14,114499.71665321878
2018-07-15,114499.71665321878
2018-07-16,108891.18439944785
2018-07-17,113271.26274571996
2018-07-18,112217.52137043781
2018-07-19,113459.41813159999
2018-07-20,112582.53675585658
2018-07-21,112582.53675585658
2018-07-22,112582.53675585658
2018-07-23,119287.63155724268
2018-07-24,119211.54676689436
2018-07-25,121757.95448535435
2018-07-26,133240.40480918635
2018-07-27,139913.08158707258
2018-07-28,139913.08158707258
2018-07-29,139913.08158707258
2018-07-30,147871.11452633585
2018-07-31,142988.03373273564
2018-08-01,140233.50763868116
2018-08-02,142508.26908351656
2018-08-03,143862.61620890218
2018-08-04,143862.61620890218
2018-08-05,143862.61620890218
2018-08-06,148197.56097265997
2018-08-07,147891.4531147717
2018-08-08,148121.13964511448
2018-08-09,151769.41548340296
2018-08-10,150556.96007204676
2018-08-11,150556.96007204676
2018-08-12,150556.96007204676
2018-08-13,146819.4334431058
2018-08-14,146768.67144322646
2018-08-15,146768.67144322646
2018-08-16,145106.75991181255
2018-08-17,148481.1978326361
2018-08-18,148481.1978326361
2018-08-19,148481.1978326361
2018-08-20,151257.83521180745
2018-08-21,150076.75759807433
2018-08-22,150076.75759807433
2018-08-23,145569.08418961577
2018-08-24,143556.54892149603
2018-08-25,143556.54892149603
2018-08-26,143556.54892149603
2018-08-27,145305.96086395066
2018-08-28,141950.9166394926
2018-08-29,144620.27503215353
2018-08-30,146107.01451890025
2018-08-31,146573.94855491826
2018-09-01,146573.94855491826
2018-09-02,146573.94855491826
2018-09-03,145981.48027508619
2018-09-04,136667.13955174125
2018-09-05,139056.65721572508
2018-09-06,137918.85548758466
2018-09-07,136648.76045551713
2018-09-08,136648.76045551713
2018-09-09,136648.76045551713
2018-09-10,134816.59256171502
2018-09-11,132743.86488783796
2018-09-12,133642.66768023474
2018-09-13,133642.66768023474
2018-09-14,135830.9007558656
2018-09-15,135830.9007558656
2018-09-16,135830.9007558656
2018-09-17,133560.71137981137
2018-09-18,131229.38187588326
2018-09-19,129484.56777296794
2018-09-20,129484.56777296794
2018-09-21,128931.41599974954
2018-09-22,128931.41599974954
2018-09-23,128931.41599974954
2018-09-24,116101.13888095
2018-09-25,117870.31386272325
2018-09-26,116310.39540664975
2018-09-27,113008.08645629363
2018-09-28,113999.5422953102
2018-09-29,113999.5422953102
2018-09-30,113999.5422953102
2018-10-01,115242.10296600878
2018-10-02,115242.10296600878
2018-10-03,119588.53991124945
2018-10-04,129589.52603763706
2018-10-05,117457.18317843572
2018-10-06,117457.18317843572
2018-10-07,117457.18317843572
2018-10-08,124468.43635347443
2018-10-09,121227.41245926416
2018-10-10,131313.1086337128
2018-10-11,133718.84524821508
2018-10-12,141005.04747014467
2018-10-13,141005.04747014467
2018-10-14,141005.04747014467
2018-10-15,140095.018241718
2018-10-16,142159.26448496454
2018-10-17,141851.3080888848
2018-10-18,141851.3080888848
2018-10-19,147698.52855474394
2018-10-20,147698.52855474394
2018-10-21,147698.52855474394
2018-10-22,147884.36160245945
2018-10-23,149205.30714179357
2018-10-24,148227.27149755505
2018-10-25,148909.7207434759
2018-10-26,150676.86512423577
2018-10-27,150676.86512423577
2018-10-28,150676.86512423577
2018-10-29,150267.1276235931
2018-10-30,151008.27636082395
2018-10-31,149453.6653326769
2018-11-01,149987.4247750218
2018-11-02,151876.55713025917
2018-11-03,151876.55713025917
2018-11-04,151876.55713025917
2018-11-05,153125.3689707093
2018-11-06,154134.84879092363
2018-11-07,154018.421421568
2018-11-08,154018.421421568
2018-11-09,154100.6562818136
2018-11-10,154100.6562818136
2018-11-11,154100.6562818136
2018-11-12,153985.5716127411
2018-11-13,152850.2680829404
2018-11-14,153270.98212841054
2018-11-15,152878.1396691209
2018-11-16,153869.32653842392
2018-11-17,153869.32653842392
2018-11-18,153869.32653842392
2018-11-19,155579.68536678544
2018-11-20,155704.45416736093
2018-11-21,155939.03102260418
2018-11-22,156991.0958249781
2018-11-23,156991.0958249781
2018-11-24,156991.0958249781
2018-11-25,156991.0958249781
2018-11-26,157131.48956779673
2018-11-27,157704.28100828553
2018-11-28,156261.69036054565
2018-11-29,156414.33911548313
2018-11-30,156948.9885770246
2018-12-01,156948.9885770246
2018-12-02,156948.9885770246
2018-12-03,156804.0952938458
2018-12-04,156339.1745277582
2018-12-05,156440.00186968726
2018-12-06,156231.9794660964
2018-12-07,155736.19401361851
2018-12-08,155736.19401361851
2018-12-09,155736.19401361851
2018-12-10,155966.87789906893
2018-12-11,158212.7758817203
2018-12-12,157761.18836855382
2018-12-13,158292.52395145257
2018-12-14,157969.77586395765
2018-12-15,157969.77586395765
2018-12-16,157969.77586395765
2018-12-17,158447.34999645504
2018-12-18,157955.5492320619
2018-12-19,158741.93630350183
2018-12-20,159473.03402807194
2018-12-21,159616.0203660875
2018-12-22,159616.0203660875
2018-12-23,159616.0203660875
2018-12-24,159671.3700371246
2018-12-25,159671.3700371246
2018-12-26,159414.05725995524
2018-12-27,161049.65168852903
2018-12-28,160764.32793865085
2018-12-29,160764.32793865085
2018-12-30,160764.32793865085
2018-12-31,160862.96828578447
2019-01-01,160787.77879036422
2019-01-02,160431.1064094089
2019-01-03,160263.93941252414
2019-01-04,160595.98351801612
2019-01-05,160595.98351801612
2019-01-06,160595.98351801612
2019-01-07,160174.59615158933
2019-01-08,158768.70701770458
2019-01-09,159111.6768020178
2019-01-10,159511.54206872184
2019-01-11,159787.22869745665
2019-01-12,159787.22869745665
2019-01-13,159787.22869745665
2019-01-14,159731.88842990992
2019-01-15,160050.23592887504
2019-01-16,158057.51805961516
2019-01-17,158218.36498865092
2019-01-18,159068.1726471117
2019-01-19,159068.1726471117
2019-01-20,159068.1726471117
2019-01-21,158301.55133784225
2019-01-22,157869.0433865983
2019-01-23,156878.0586820141
2019-01-24,156747.93436502732
2019-01-25,157274.0405768049
2019-01-26,157274.0405768049
2019-01-27,157274.0405768049
2019-01-28,157558.24620910548
2019-01-29,159047.464252124
2019-01-30,159314.83696681116
2019-01-31,159878.57436352794
2019-02-01,159665.0161567793
2019-02-02,159665.0161567793
2019-02-03,159665.0161567793
2019-02-04,156546.06655106627
2019-02-05,156417.8742577452
2019-02-06,156041.0233339565
2019-02-07,157025.3456577937
2019-02-08,157275.27608911094
2019-02-09,157275.27608911094
2019-02-10,157275.27608911094
2019-02-11,158429.9427105505
2019-02-12,157701.6568783248
2019-02-13,157701.6568783248
2019-02-14,157875.11504772416
2019-02-15,155974.76809802122
2019-02-16,155974.76809802122
2019-02-17,155974.76809802122
2019-02-18,155820.90260769776
2019-02-19,158443.07274415175
2019-02-20,157736.4300545599
2019-02-21,157315.82830386882
2019-02-22,158997.48348997673
2019-02-23,158997.48348997673
2019-02-24,158997.48348997673
2019-02-25,157857.7808378542
2019-02-26,158681.37495945606
2019-02-27,159768.4759134415
2019-02-28,161186.4040112914
2019-03-01,161789.4187429529
2019-03-02,161789.4187429529
2019-03-03,161789.4187429529
2019-03-04,161789.4187429529
2019-03-05,163023.27583015113
2019-03-06,162425.40929706756
2019-03-07,163584.9097549078
2019-03-08,163711.50285873926
2019-03-09,163711.50285873926
2019-03-10,163711.50285873926
2019-03-11,162366.89797249125
2019-03-12,160347.65459852482
2019-03-13,159659.01444524204
2019-03-14,160350.19192560087
2019-03-15,160511.3739997734
2019-03-16,160511.3739997734
2019-03-17,160511.3739997734
2019-03-18,158446.27911724037
2019-03-19,159823.62768083208
2019-03-20,160851.74788602497
2019-03-21,160851.74788602497
2019-03-22,161958.79105801074
2019-03-23,161958.79105801074
2019-03-24,161958.79105801074
2019-03-25,161782.29091646138
2019-03-26,160460.42421806508
2019-03-27,162702.14775102833
2019-03-28,165014.63707848918
2019-03-29,165014.63707848918
2019-03-30,165014.63707848918
2019-03-31,165014.63707848918
2019-04-01,163888.68501058163
2019-04-02,165262.6408410914
2019-04-03,165598.73512977082
2019-04-04,166962.2565428994
2019-04-05,166573.0547051191
2019-04-06,166573.0547051191
2019-04-07,166573.0547051191
2019-04-08,166483.00552550706
2019-04-09,166914.51960683294
2019-04-10,167935.1591947156
2019-04-11,168787.3844596225
2019-04-12,170830.672233435
2019-04-13,170830.672233435
2019-04-14,170830.672233435
2019-04-15,170827.3479933194
2019-04-16,169142.21485261462
2019-04-17,169142.21485261462
2019-04-18,165654.29807793285
2019-04-19,165654.29807793285
2019-04-20,165654.29807793285
2019-04-21,165654.29807793285
2019-04-22,167303.9916887383
2019-04-23,167381.04545389113
2019-04-24,167138.0297593002
2019-04-25,165324.97738300235
2019-04-26,163725.4031390041
2019-04-27,163725.4031390041
2019-04-28,163725.4031390041
2019-04-29,163725.4031390041
2019-04-30,161772.2805319194
2019-05-01,161772.2805319194
2019-05-02,164350.7208856583
2019-05-03,168705.03204297298
2019-05-04,168705.03204297298
2019-05-05,168705.03204297298
2019-05-06,171041.99376570253
2019-05-07,172738.0481017589
2019-05-08,172276.56818405475
2019-05-09,170626.47797862388
2019-05-10,174246.7766272243
2019-05-11,174246.7766272243
2019-05-12,174246.7766272243
2019-05-13,173098.38246163368
2019-05-14,176556.07457737412
2019-05-15,177261.1954758738
2019-05-16,177122.11716098804
2019-05-17,176606.46411281062
2019-05-18,176606.46411281062
2019-05-19,176606.46411281062
2019-05-20,176265.14230884577
2019-05-21,176088.72604421782
2019-05-22,175980.32762647554
2019-05-23,174166.89880886202
2019-05-24,172208.51793423409
2019-05-25,172208.51793423409
2019-05-26,172208.51793423409
2019-05-27,172065.95927126854
2019-05-28,173854.69653677856
2019-05-29,175772.05870623616
2019-05-30,174735.31821480923
2019-05-31,170701.3808673629
2019-06-01,170701.3808673629
2019-06-02,170701.3808673629
2019-06-03,168389.07000505348
2019-06-04,170479.43900267757
2019-06-05,170479.43900267757
2019-06-06,169525.12868803408
2019-06-07,168721.96380208564
2019-06-08,168721.96380208564
2019-06-09,168721.96380208564
2019-06-10,168112.32630735578
2019-06-11,167255.69250769028
2019-06-12,166862.84831823228
2019-06-13,167502.27496976545
2019-06-14,166313.13119494147
2019-06-15,166313.13119494147
2019-06-16,166313.13119494147
2019-06-17,165040.41524890528
2019-06-18,165165.50182897298
2019-06-19,165332.98122853134
2019-06-20,165290.1885788457
2019-06-21,165779.50574696928
2019-06-22,165779.50574696928
2019-06-23,165779.50574696928
2019-06-24,164668.77588127292
2019-06-25,167194.62945610084
2019-06-26,167440.3046980845
2019-06-27,165432.15342045148
2019-06-28,166649.32353609012
2019-06-29,166649.32353609012
2019-06-30,166649.32353609012
2019-07-01,166604.584242625
2019-07-02,166604.36624958442
2019-07-03,168625.77419119983
2019-07-04,168965.46349009933
2019-07-05,172542.477122852
2019-07-06,172542.477122852
2019-07-07,172542.477122852
2019-07-08,176606.99229532047
2019-07-09,176840.89473483028
2019-07-10,177578.4464949604
2019-07-11,177562.43640522374
2019-07-12,177997.662601515
2019-07-13,177997.662601515
2019-07-14,177997.662601515
2019-07-15,180597.14653195327
2019-07-16,181020.3519623572
2019-07-17,179922.2178261035
2019-07-18,180688.8818428031
2019-07-19,180341.33730549563
2019-07-20,180341.33730549563
2019-07-21,180341.33730549563
2019-07-22,180470.86088487966
2019-07-23,180965.77983308528
2019-07-24,181789.8559659556
2019-07-25,179955.8308956034
2019-07-26,181107.0400494578
2019-07-27,181107.0400494578
2019-07-28,181107.0400494578
2019-07-29,177528.68290900352
2019-07-30,178112.02572966734
2019-07-31,176955.33415163142
2019-08-01,180017.26732663775
2019-08-02,177922.56707278636
2019-08-03,177922.56707278636
2019-08-04,177922.56707278636
2019-08-05,171180.03210277064
2019-08-06,171634.76415450266
2019-08-07,166574.09616957692
2019-08-08,168681.1821483356
2019-08-09,168580.30351638433
2019-08-10,168580.30351638433
2019-08-11,168580.30351638433
2019-08-12,168580.30351638433
2019-08-13,177446.77095766016
2019-08-14,178967.97783853326
2019-08-15,178967.97783853326
2019-08-16,182179.07658529154
2019-08-17,182179.07658529154
2019-08-18,182179.07658529154
2019-08-19,178963.71838675722
2019-08-20,177255.37166271533
2019-08-21,174500.48947727974
2019-08-22,169509.42077616818
2019-08-23,167282.8146899595
2019-08-24,167282.8146899595
2019-08-25,167282.8146899595
2019-08-26,172775.9574858037
2019-08-27,178205.90275077728
2019-08-28,177578.09030180483
2019-08-29,173609.1053575254
2019-08-30,172598.60551044001
2019-08-31,172598.60551044001
2019-09-01,172598.60551044001
2019-09-02,172598.60551044001
2019-09-03,168990.79136047338
2019-09-04,170978.45290065193
2019-09-05,170292.7138086834
2019-09-06,171585.67592445237
2019-09-07,171585.67592445237
2019-09-08,171585.67592445237
2019-09-09,175080.86768859203
2019-09-10,175080.86768859203
2019-09-11,178717.07810367626
2019-09-12,178274.7475008212
2019-09-13,177608.01671140903
2019-09-14,177608.01671140903
2019-09-15,177608.01671140903
2019-09-16,176377.2759198278
2019-09-17,175476.74595447426
2019-09-18,177808.88689039293
2019-09-19,177721.35613257525
2019-09-20,184947.77109302388
2019-09-21,184947.77109302388
2019-09-22,184947.77109302388
2019-09-23,181549.83822418092
2019-09-24,183181.90492141136
2019-09-25,185697.05884021329
2019-09-26,185172.07177274913
2019-09-27,185415.13429456693
2019-09-28,185415.13429456693
2019-09-29,185415.13429456693
2019-09-30,191292.7311869237
2019-10-01,186462.3833303685
2019-10-02,186462.3833303685
2019-10-03,189139.04302403203
2019-10-04,189350.50560190793
2019-10-05,189350.50560190793
2019-10-06,189350.50560190793
2019-10-07,188226.13464787588
2019-10-08,188226.13464787588
2019-10-09,188925.8458493556
2019-10-10,187057.25053383427
2019-10-11,186057.63532951463
2019-10-12,186057.63532951463
2019-10-13,186057.63532951463
2019-10-14,188802.0566256514
2019-10-15,190714.01396562927
2019-10-16,188665.22029694
2019-10-17,189852.27990350022
2019-10-18,190023.62376908696
2019-10-19,190023.62376908696
2019-10-20,190023.62376908696
2019-10-21,190023.62376908696
2019-10-22,186738.4622954238
2019-10-23,188545.48811835086
2019-10-24,183808.966573065
2019-10-25,186786.22561814054
2019-10-26,186786.22561814054
2019-10-27,188663.18676111035
2019-10-28,188663.18676111035
2019-10-29,185931.9918308115
2019-10-30,189913.59265808598
2019-10-31,200056.89599316695
2019-11-01,204522.13464082585
2019-11-02,204522.13464082585
2019-11-03,204522.13464082585
2019-11-04,205616.48696879862
2019-11-05,206269.05307175947
2019-11-06,205807.33696120893
2019-11-07,206923.04683531087
2019-11-08,204977.18190945807
2019-11-09,204977.18190945807
2019-11-10,204977.18190945807
2019-11-11,203815.38275506895
2019-11-12,203815.38275506895
2019-11-13,202586.2976782393
2019-11-14,201802.04449293725
2019-11-15,203798.91867017947
2019-11-16,203798.91867017947
2019-11-17,203798.91867017947
2019-11-18,204457.1056976856
2019-11-19,204738.8810962098
2019-11-20,203216.33036161866
2019-11-21,202619.53487582816
2019-11-22,202668.1903374985
2019-11-23,202668.1903374985
2019-11-24,202668.1903374985
2019-11-25,202557.065943986
2019-11-26,200599.31822181947
2019-11-27,201276.1007725885
2019-11-28,198982.81228147485
2019-11-29,201362.1812801131
2019-11-30,201362.1812801131
2019-12-01,201362.1812801131
2019-12-02,198783.5603840056
2019-12-03,199894.58425118696
2019-12-04,198676.27926857513
2019-12-05,199913.94043811844
2019-12-06,198141.4090281214
2019-12-07,198141.4090281214
2019-12-08,198141.4090281214
2019-12-09,196328.67684041028
2019-12-10,194560.31433880082
2019-12-11,194799.90266497296
2019-12-12,194863.61519760726
2019-12-13,197155.69372898096
2019-12-14,197155.69372898096
2019-12-15,197155.69372898096
2019-12-16,195820.50479841372
2019-12-17,197811.2053774948
2019-12-18,198616.19789721444
2019-12-19,197475.26068556274
2019-12-20,197536.77853212543
2019-12-21,197536.77853212543
2019-12-22,197536.77853212543
2019-12-23,197856.58556176242
2019-12-24,198639.9123093555
2019-12-25,198639.9123093555
2019-12-26,199020.45164036885
2019-12-27,198006.06974569277
2019-12-28,198006.06974569277
2019-12-29,198006.06974569277
2019-12-30,198823.26674269023
2019-12-31,199957.59892440535
2020-01-01,200499.4268934547
2020-01-02,200409.1173069671
2020-01-03,199774.77619767038
2020-01-04,199774.77619767038
2020-01-05,199774.77619767038
2020-01-06,199308.13680975523
2020-01-07,199586.1727256976
2020-01-08,198873.6824210573
2020-01-09,200064.21034953115
2020-01-10,202252.54115844372
2020-01-11,202252.54115844372
2020-01-12,202252.54115844372
2020-01-13,202987.08551634906
2020-01-14,203959.63275615685
2020-01-15,203792.77792365768
2020-01-16,202488.36156169878
2020-01-17,200297.15772146248
2020-01-18,200297.15772146248
2020-01-19,200297.15772146248
2020-01-20,202060.4881302454
2020-01-21,201953.7226405455
2020-01-22,202798.98657869973
2020-01-23,202930.51005998306
2020-01-24,203039.425651249
2020-01-25,203039.425651249
2020-01-26,203039.425651249
2020-01-27,200742.84256269853
2020-01-28,202339.26392300357
2020-01-29,203320.44278159802
2020-01-30,202118.5216112424
2020-01-31,202699.32585595662
2020-02-01,202699.32585595662
2020-02-02,202699.32585595662
2020-02-03,199890.7047187303
2020-02-04,200098.49588641123
2020-02-05,200450.04287688853
2020-02-06,200012.244610814
2020-02-07,200784.97105273316
2020-02-08,200784.97105273316
2020-02-09,200784.97105273316
2020-02-10,199927.7558681267
2020-02-11,199837.65917017532
2020-02-12,198591.54095760678
2020-02-13,198619.193916987
2020-02-14,195743.02239052783
2020-02-15,195743.02239052783
2020-02-16,195743.02239052783
2020-02-17,194293.94231743563
2020-02-18,194049.94744013483
2020-02-19,195790.74566999517
2020-02-20,197433.57869085387
2020-02-21,197433.57869085387
2020-02-22,197433.57869085387
2020-02-23,197433.57869085387
2020-02-24,198354.06063830212
2020-02-25,197969.46724846333
2020-02-26,197334.78436788986
2020-02-27,198974.34199813992
2020-02-28,202960.6196773632
2020-02-29,202960.6196773632
2020-03-01,202960.6196773632
2020-03-02,203580.80321356456
2020-03-03,204540.57574505504
2020-03-04,204233.1786715414
2020-03-05,204573.70655743004
2020-03-06,205271.12166319377
2020-03-07,205271.12166319377
2020-03-08,205271.12166319377
2020-03-09,203292.2688739418
2020-03-10,203292.2688739418
2020-03-11,204307.89894346296
2020-03-12,205649.45464850793
2020-03-13,202112.17529282463
2020-03-14,202112.17529282463
2020-03-15,202112.17529282463
2020-03-16,206418.44360107486
2020-03-17,209348.60051802645
2020-03-18,207699.66748066928
2020-03-19,205089.79338423396
2020-03-20,216266.03825000866
2020-03-21,216266.03825000866
2020-03-22,216266.03825000866
2020-03-23,221055.77017743955
2020-03-24,228461.23043359618
2020-03-25,234385.46056392707
2020-03-26,233565.31411905188
2020-03-27,231993.60968528574
2020-03-28,231993.60968528574
2020-03-29,231993.60968528574
2020-03-30,229272.86553982092
2020-03-31,224412.30422565455
2020-04-01,223261.3935173843
2020-04-02,223261.3935173843
2020-04-03,211859.52627808426
2020-04-04,211859.52627808426
2020-04-05,211859.52627808426
2020-04-06,211859.52627808426
2020-04-07,217340.95847009
2020-04-08,215395.45629258006
2020-04-09,216716.83027032547
2020-04-10,216716.83027032547
2020-04-11,216716.83027032547
2020-04-12,216716.83027032547
2020-04-13,218475.71173195692
2020-04-14,218475.71173195692
2020-04-15,214786.75576386368
2020-04-16,214845.1679615905
2020-04-17,217508.61141625245
2020-04-18,217508.61141625245
2020-04-19,217508.61141625245
2020-04-20,220882.42606488842
2020-04-21,220095.3669936384
2020-04-22,215309.5050293611
2020-04-23,217731.89337535834
2020-04-24,210448.88809145763
2020-04-25,210448.88809145763
2020-04-26,210448.88809145763
2020-04-27,210625.60242846573
2020-04-28,212516.25967612403
2020-04-29,216600.54128601775
2020-04-30,217228.57560936076
2020-05-01,217228.57560936076
2020-05-02,217228.57560936076
2020-05-03,217228.57560936076
2020-05-04,211248.47284546375
2020-05-05,207013.49480287748
2020-05-06,211677.00699161587
2020-05-07,207158.52840170654
2020-05-08,201460.5132612578
2020-05-09,201460.5132612578
2020-05-10,201460.5132612578
2020-05-11,198619.88786160827
2020-05-12,206604.70520660584
2020-05-13,210331.62075104594
2020-05-14,211503.35542872606
2020-05-15,209050.83426272558
2020-05-16,209050.83426272558
2020-05-17,209050.83426272558
2020-05-18,204385.8899042913
2020-05-19,203084.7829162898
2020-05-20,204216.86953709126
2020-05-21,200099.94463029696
2020-05-22,193547.26926530464
2020-05-23,193547.26926530464
2020-05-24,193547.26926530464
2020-05-25,193547.26926530464
2020-05-26,196657.59687074996
2020-05-27,205236.87459047642
2020-05-28,207889.47088000365
2020-05-29,210170.4226882215
2020-05-30,210170.4226882215
2020-05-31,210170.4226882215
2020-06-01,212458.93090488482
2020-06-02,213161.30044747575
2020-06-03,217119.3409566498
2020-06-04,213430.2996320715
2020-06-05,221617.11614599935
2020-06-06,221617.11614599935
2020-06-07,221617.11614599935
2020-06-08,221482.805046206
2020-06-09,220110.01957524277
2020-06-10,220289.99286929937
2020-06-11,217808.90796650396
2020-06-12,218472.8708402373
2020-06-13,218472.8708402373
2020-06-14,218472.8708402373
2020-06-15,213440.7066958261
2020-06-16,215314.37116544152
2020-06-17,214770.26947629382
2020-06-18,216661.03215215384
2020-06-19,213551.4775287462
2020-06-20,213551.4775287462
2020-06-21,213551.4775287462
2020-06-22,215206.44487706543
2020-06-23,218849.7196570044
2020-06-24,214448.84880741412
2020-06-25,216287.29196714362
2020-06-26,213750.39218541613
2020-06-27,213750.39218541613
2020-06-28,213750.39218541613
2020-06-29,213942.75215807266
2020-06-30,216300.29243786997
2020-07-01,219552.405896548
2020-07-02,217150.9854806694
2020-07-03,213934.14701090113
2020-07-04,213934.14701090113
2020-07-05,213934.14701090113
2020-07-06,210276.40083538258
2020-07-07,214247.6792933116
2020-07-08,219094.6802250619
2020-07-09,221530.842343389
2020-07-10,214300.38077937928
2020-07-11,214300.38077937928
2020-07-12,214300.38077937928
2020-07-13,206634.81264789548
2020-07-14,204036.0917510787
2020-07-15,204346.86093484928
2020-07-16,203000.95850726753
2020-07-17,204356.89515316486
2020-07-18,204356.89515316486
2020-07-19,204356.89515316486
2020-07-20,205821.38525155967
2020-07-21,208138.2664059993
2020-07-22,208417.0138232479
2020-07-23,212147.15686238965
2020-07-24,201107.02855353736
2020-07-25,201107.02855353736
2020-07-26,201107.02855353736
2020-07-27,193176.39608935977
2020-07-28,188665.73579858209
2020-07-29,193859.0396415919
2020-07-30,188148.85839096247
2020-07-31,191400.71012721548
2020-08-01,191400.71012721548
2020-08-02,191400.71012721548
2020-08-03,193028.25509816554
2020-08-04,192526.68989397044
2020-08-05,193847.13500017807
2020-08-06,192582.6815273127
2020-08-07,193628.03770865747
2020-08-08,193628.03770865747
2020-08-09,193628.03770865747
2020-08-10,198708.77219481452
2020-08-11,201023.57757314318
2020-08-12,204944.49913850462
2020-08-13,205322.5481325793
2020-08-14,200908.45131647994
2020-08-15,200908.45131647994
2020-08-16,200908.45131647994
2020-08-17,199988.38466961368
2020-08-18,201907.72407744976
2020-08-19,204693.01214607788
2020-08-20,203644.26768843923
2020-08-21,208769.91829367448
2020-08-22,208769.91829367448
2020-08-23,208769.91829367448
2020-08-24,213063.96949988208
2020-08-25,218440.08457604097
2020-08-26,215579.8336243821
2020-08-27,219700.84034315622
2020-08-28,226254.3830989963
2020-08-29,226254.3830989963
2020-08-30,226254.3830989963
2020-08-31,221539.01169717504
2020-09-01,223079.6155767711
2020-09-02,220485.85072614695
2020-09-03,216498.928504728
2020-09-04,213243.0978269399
2020-09-05,213243.0978269399
2020-09-06,213243.0978269399
2020-09-07,212560.96261824179
2020-09-08,209012.43291994053
2020-09-09,200799.11954410578
2020-09-10,195335.83638068446
2020-09-11,193842.58927079677
2020-09-12,193842.58927079677
2020-09-13,193842.58927079677
2020-09-14,184585.2921946081
2020-09-15,185297.2239020691
2020-09-16,184127.2303093752
2020-09-17,183682.4763090012
2020-09-18,182389.75450969144
2020-09-19,182389.75450969144
2020-09-20,182389.75450969144
2020-09-21,176858.71678851388
2020-09-22,175646.98912109432
2020-09-23,174995.06613794388
2020-09-24,176271.42454163346
2020-09-25,177250.69659141928
2020-09-26,177250.69659141928
2020-09-27,177250.69659141928
2020-09-28,183067.73209868738
2020-09-29,175821.19646177973
2020-09-30,176796.83856752125
2020-10-01,180851.57143817583
2020-10-02,180851.57143817583
2020-10-03,180851.57143817583
2020-10-04,180851.57143817583
2020-10-05,170873.05109907998
2020-10-06,173021.03369587398
2020-10-07,169979.38828085974
2020-10-08,166313.86199604845
2020-10-09,170680.19725040573
2020-10-10,170680.19725040573
2020-10-11,170680.19725040573
2020-10-12,169903.09958265332
2020-10-13,163980.30444121073
2020-10-14,168224.62003588374
2020-10-15,168021.90037911563
2020-10-16,168900.0326465061
2020-10-17,168900.0326465061
2020-10-18,168900.0326465061
2020-10-19,179773.85271584382
2020-10-20,176927.07159084536
2020-10-21,180545.2454566121
2020-10-22,182024.4614224856
2020-10-23,182202.00616544244
2020-10-24,182202.00616544244
2020-10-25,182202.00616544244
2020-10-26,178215.90790787002
2020-10-27,180541.42106143897
2020-10-28,178161.19930719456
2020-10-29,177416.84502964048
2020-10-30,176141.12037724804
2020-10-31,176141.12037724804
2020-11-01,176141.12037724804
2020-11-02,189220.789419953
2020-11-03,193956.44298708913
2020-11-04,192866.6035048219
2020-11-05,198177.85971234844
2020-11-06,198795.85858658826
2020-11-07,198795.85858658826
2020-11-08,198795.85858658826
2020-11-09,195947.7702336107
2020-11-10,210961.8801379562
2020-11-11,214674.1110265444
2020-11-12,215621.66533050884
2020-11-13,216978.986612716
2020-11-14,216473.80571872898
2020-11-15,216473.80571872898
2020-11-16,216473.80571872898
2020-11-17,219830.6549478394
2020-11-18,223764.88285060815
2020-11-19,222086.32998820127
2020-11-20,221919.95628711057
2020-11-21,221919.95628711057
2020-11-22,221919.95628711057
2020-11-23,216197.1090140994
2020-11-24,220049.5615958659
2020-11-25,221633.521719256
2020-11-26,222018.97724568943
2020-11-27,222726.017021149
2020-11-28,222726.017021149
2020-11-29,222726.017021149
2020-11-30,222726.017021149
2020-12-01,221758.85879386222
2020-12-02,221490.08644511938
2020-12-03,227986.13798098953
2020-12-04,229671.14350702215
2020-12-05,229671.14350702215
2020-12-06,229671.14350702215
2020-12-07,233249.66956460272
2020-12-08,230980.96045668318
2020-12-09,230667.46008925766
2020-12-10,235288.7339941099
2020-12-11,237944.75462973336
2020-12-12,237944.75462973336
2020-12-13,237944.75462973336
2020-12-14,237155.3693940401
2020-12-15,237757.62285416207
2020-12-16,234678.87458244574
2020-12-17,233462.1794269355
2020-12-18,233664.55284730377
2020-12-19,233664.55284730377
2020-12-20,233664.55284730377
2020-12-21,226090.072474022
2020-12-22,221906.27149946644
2020-12-23,222049.44984461647
2020-12-24,222771.28746874034
2020-12-25,222771.28746874034
2020-12-26,222771.28746874034
2020-12-27,222771.28746874034
2020-12-28,224161.6503382137
2020-12-29,224774.2571417507
2020-12-30,225570.77539667967
2020-12-31,225268.15766869474
2021-01-01,225562.33566520584
2021-01-02,225562.33566520584
2021-01-03,225562.33566520584
2021-01-04,219452.1977940725
2021-01-05,215731.72536756977
2021-01-06,214204.70841180993
2021-01-07,215366.26409328135
2021-01-08,208745.76283872116
2021-01-09,208745.76283872116
2021-01-10,208745.76283872116
2021-01-11,201234.86560842214
2021-01-12,206130.84243017563
2021-01-13,210719.036218017
2021-01-14,210404.93180849182
2021-01-15,213113.48657814745
2021-01-16,213113.48657814745
2021-01-17,213113.48657814745
2021-01-18,216575.71699485046
2021-01-19,215934.82959688507
2021-01-20,213784.50290857657
2021-01-21,211767.32297516614
2021-01-22,206004.88656085834
2021-01-23,206004.88656085834
2021-01-24,206004.88656085834
2021-01-25,204080.30157529583
2021-01-26,204080.30157529583
2021-01-27,205929.9193599742
2021-01-28,209164.46760154783
2021-01-29,212475.0399073949
2021-01-30,212475.0399073949
2021-01-31,212475.0399073949
2021-02-01,217412.52187070157
2021-02-02,217346.5613735286
2021-02-03,217197.9229786239
2021-02-04,222130.54309554046
2021-02-05,231027.09256338252
2021-02-06,231027.09256338252
2021-02-07,231027.09256338252
2021-02-08,228511.09785476257
2021-02-09,228125.1908146978
2021-02-10,227642.30204434757
2021-02-11,230884.1980794603
2021-02-12,226523.587411694
2021-02-13,226523.587411694
2021-02-14,226523.587411694
2021-02-15,226878.92765668896
2021-02-16,230420.9646553847
2021-02-17,233655.13423466648
2021-02-18,234757.41387165754
2021-02-19,234214.49900431975
2021-02-20,234214.49900431975
2021-02-21,234214.49900431975
2021-02-22,236232.98649007775
2021-02-23,236451.5881409052
2021-02-24,237760.52196374012
2021-02-25,243069.8964481927
2021-02-26,244714.66910214268
2021-02-27,244714.66910214268
2021-02-28,244714.66910214268
2021-03-01,244755.83980828358
2021-03-02,243749.61475258498
2021-03-03,242970.22421791457
2021-03-04,242912.0546723232
2021-03-05,244045.2696357924
2021-03-06,244045.2696357924
2021-03-07,244045.2696357924
2021-03-08,242761.58271421012
2021-03-09,242020.61581848725
2021-03-10,239583.45089381057
2021-03-11,239583.45089381057
2021-03-12,237932.10190597718
2021-03-13,237932.10190597718
2021-03-14,237932.10190597718
2021-03-15,237595.24231790635
2021-03-16,235980.90788151277
2021-03-17,234721.2197131399
2021-03-18,241872.13631356126
2021-03-19,246337.38339378109
2021-03-20,246337.38339378109
2021-03-21,246337.38339378109
2021-03-22,245372.46748317944
2021-03-23,244367.77205826124
2021-03-24,241488.44398512394
2021-03-25,240051.48145286666
2021-03-26,239252.34276595726
2021-03-27,239252.34276595726
2021-03-28,239252.34276595726
2021-03-29,239252.34276595726
2021-03-30,237425.32485801465
2021-03-31,238695.04520963578
2021-04-01,239724.92035829328
2021-04-02,239724.92035829328
2021-04-03,239724.92035829328
2021-04-04,239724.92035829328
2021-04-05,230641.53754889074
2021-04-06,229250.9129207813
2021-04-07,229371.26766965626
2021-04-08,226699.86466479278
2021-04-09,225153.215393217
2021-04-10,225153.215393217
2021-04-11,225153.215393217
2021-04-12,221669.35642559396
2021-04-13,232681.93212912537
2021-04-14,232681.93212912537
2021-04-15,232976.0776677915
2021-04-16,234375.51987069246
2021-04-17,234375.51987069246
2021-04-18,234375.51987069246
2021-04-19,233080.88535391822
2021-04-20,233343.7599989606
2021-04-21,233343.7599989606
2021-04-22,234911.10038114007
2021-04-23,236665.20247095663
2021-04-24,236665.20247095663
2021-04-25,236665.20247095663
2021-04-26,235538.08291384517
2021-04-27,237086.12378222376
2021-04-28,234831.02726271556
2021-04-29,236173.4107871797
2021-04-30,237019.98838613066
2021-05-01,237019.98838613066
2021-05-02,237019.98838613066
2021-05-03,236330.5334635418
2021-05-04,235250.18358525966
2021-05-05,233851.1952026837
2021-05-06,233221.17104520774
2021-05-07,234044.12165960166
2021-05-08,234044.12165960166
2021-05-09,234044.12165960166
2021-05-10,233313.65913147063
2021-05-11,233766.07584721694
2021-05-12,233634.60197224136
2021-05-13,233634.60197224136
2021-05-14,237711.64984232528
2021-05-15,237711.64984232528
2021-05-16,237711.64984232528
2021-05-17,234199.53835629244
2021-05-18,234402.23600420202
2021-05-19,234710.39563532226
2021-05-20,234368.11256791087
2021-05-21,232589.5267257745
2021-05-22,232589.5267257745
2021-05-23,232589.5267257745
2021-05-24,231268.65135443944
2021-05-25,229133.47459458685
2021-05-26,227329.36169697694
2021-05-27,225926.72556792962
2021-05-28,234391.86708840312
2021-05-29,234391.86708840312
2021-05-30,234391.86708840312
2021-05-31,235202.95563258757
2021-06-01,235171.37877754125
2021-06-02,233124.17782888864
2021-06-03,232617.95704870677
2021-06-04,233276.31032947448
2021-06-05,233276.31032947448
2021-06-06,233276.31032947448
2021-06-07,233245.35322304716
2021-06-08,233604.61179314504
2021-06-09,234708.98930748279
2021-06-10,234002.98466366495
2021-06-11,232674.10632591514
2021-06-12,232674.10632591514
2021-06-13,232674.10632591514
2021-06-14,230328.10023912444
2021-06-15,230725.2915407273
2021-06-16,231526.4978579314
2021-06-17,227865.76718273055
2021-06-18,228816.09654821607
2021-06-19,228816.09654821607
2021-06-20,228816.09654821607
2021-06-21,230286.10643802525
2021-06-22,228884.054212386
2021-06-23,230012.7569886247
2021-06-24,224684.10760937823
2021-06-25,224912.66999430803
2021-06-26,224912.66999430803
2021-06-27,224912.66999430803
2021-06-28,225240.11217801808
2021-06-29,225472.58715820842
2021-06-30,224170.99456077427
2021-07-01,225017.9917069774
2021-07-02,225038.88289674732
2021-07-03,225038.88289674732
2021-07-04,225038.88289674732
2021-07-05,226166.26318171236
2021-07-06,230170.07197733194
2021-07-07,230090.1636686453
2021-07-08,229118.3436671254
2021-07-09,228209.53910856787
2021-07-10,228209.53910856787
2021-07-11,228209.53910856787
2021-07-12,228269.41633516137
2021-07-13,228885.56206925504
2021-07-14,226930.96167500527
2021-07-15,228497.09259986127
2021-07-16,231708.14410635526
2021-07-17,231708.14410635526
2021-07-18,231708.14410635526
2021-07-19,230628.61718719336
2021-07-20,229381.66843949314
2021-07-21,229381.66843949314
2021-07-22,226913.3993446529
2021-07-23,227711.80559886197
2021-07-24,227711.80559886197
2021-07-25,227711.80559886197
2021-07-26,225994.30272669662
2021-07-27,225680.57732693868
2021-07-28,223722.69847237936
2021-07-29,221768.2955746691
2021-07-30,222150.42449112545
2021-07-31,222150.42449112545
2021-08-01,222150.42449112545
2021-08-02,222487.86735204907
2021-08-03,221411.13107602345
2021-08-04,222097.42571381235
2021-08-05,224658.91597302468
2021-08-06,224445.00227103278
2021-08-07,224445.00227103278
2021-08-08,224445.00227103278
2021-08-09,223518.10171671805
2021-08-10,221519.5132369197
2021-08-11,221177.9418713548
2021-08-12,220099.64156366393
2021-08-13,219054.2016053236
2021-08-14,219054.2016053236
2021-08-15,219054.2016053236
2021-08-16,219542.24333693465
2021-08-17,213335.85094128468
2021-08-18,214283.12540264282
2021-08-19,214283.12540264282
2021-08-20,212924.37039692164
2021-08-21,212924.37039692164
2021-08-22,212924.37039692164
2021-08-23,210661.39824391526
2021-08-24,214906.96434323696
2021-08-25,212902.23206641193
2021-08-26,210712.27693620767
2021-08-27,210839.23228861432
2021-08-28,210839.23228861432
2021-08-29,210839.23228861432
2021-08-30,214779.70420116343
2021-08-31,214461.03656884318
2021-09-01,217510.6332901226
2021-09-02,213510.06737813388
2021-09-03,212228.08303925634
2021-09-04,212228.08303925634
2021-09-05,212228.08303925634
2021-09-06,209155.09907407255
2021-09-07,212367.56961115092
2021-09-08,214521.6174540178
2021-09-09,214804.02339768497
2021-09-10,214804.02339768497
2021-09-11,214804.02339768497
2021-09-12,214804.02339768497
2021-09-13,214757.5995305972
2021-09-14,214312.8329228348
2021-09-15,211573.86227288522
2021-09-16,221962.30653720588
2021-09-17,225875.73435384344
2021-09-18,225875.73435384344
2021-09-19,225875.73435384344
2021-09-20,225366.64891415602
2021-09-21,225300.24865704164
2021-09-22,224678.65136112028
2021-09-23,225545.4327978194
2021-09-24,224152.33335162935
2021-09-25,224152.33335162935
2021-09-26,224152.33335162935
2021-09-27,227982.65916933224
2021-09-28,229342.84919420702
2021-09-29,230681.9668809718
2021-09-30,230054.06570562004
2021-10-01,229926.4201256467
2021-10-02,229926.4201256467
2021-10-03,229926.4201256467
2021-10-04,229826.43534486098
2021-10-05,225763.69827888644
2021-10-06,226104.76408245252
2021-10-07,224395.46256370185
2021-10-08,219088.04646085162
2021-10-09,219088.04646085162
2021-10-10,219088.04646085162
2021-10-11,233829.93609453985
2021-10-12,236510.37318336114
2021-10-13,238608.80053897048
2021-10-14,244582.90415967957
2021-10-15,244582.90415967957
2021-10-16,244582.90415967957
2021-10-17,244582.90415967957
2021-10-18,244156.50975349933
2021-10-19,234508.56307062032
2021-10-20,236914.78931014793
2021-10-21,241018.76352976117
2021-10-22,238945.0742505948
2021-10-23,238945.0742505948
2021-10-24,238945.0742505948
2021-10-25,236646.0565312514
2021-10-26,235523.33197746036
2021-10-27,235138.36906387948
2021-10-28,233535.18559930677
2021-10-29,234722.11906259498
2021-10-30,234722.11906259498
2021-10-31,234722.11906259498
2021-11-01,236504.9998422087
2021-11-02,236887.43048675597
2021-11-03,235608.68531907396
2021-11-04,237272.6478056273
2021-11-05,237272.6478056273
2021-11-06,237272.6478056273
2021-11-07,237272.6478056273
2021-11-08,238655.31771553966
2021-11-09,235954.43263256806
2021-11-10,235807.63889345096
2021-11-11,236204.03702324824
2021-11-12,234485.10156837627
2021-11-13,234485.10156837627
2021-11-14,234485.10156837627
2021-11-15,236686.60936556276
2021-11-16,236711.28610279848
2021-11-17,237846.01655484497
2021-11-18,238255.26195778468
2021-11-19,238255.26195778468
2021-11-20,238255.26195778468
2021-11-21,238255.26195778468
2021-11-22,238099.5880286988
2021-11-23,239738.51049275085
2021-11-24,240532.76021800612
2021-11-25,245160.36386394256
2021-11-26,245459.9083074234
2021-11-27,245459.9083074234
2021-11-28,245459.9083074234
2021-11-29,245836.52225194222
2021-11-30,244982.41729229703
2021-12-01,245744.54957028723
2021-12-02,246407.62746981886
2021-12-03,246690.58670692606
2021-12-04,246690.58670692606
2021-12-05,246690.58670692606
2021-12-06,247802.12938129535
2021-12-07,248237.03906826774
2021-12-08,247524.61867324213
2021-12-09,249114.79716636895
2021-12-10,248911.01405183814
2021-12-11,248911.01405183814
2021-12-12,248911.01405183814
2021-12-13,249380.2201694337
2021-12-14,247094.6144295913
2021-12-15,246944.3411202554
2021-12-16,246087.20786002642
2021-12-17,242517.80126556876
2021-12-18,242517.80126556876
2021-12-19,242517.80126556876
2021-12-20,240744.06917715142
2021-12-21,241530.35667231306
2021-12-22,241376.3067696425
2021-12-23,240553.3225749829
2021-12-24,239895.26567293785
2021-12-25,239895.26567293785
2021-12-26,239895.26567293785
2021-12-27,240580.10810172197
2021-12-28,240271.77758881598
2021-12-29,239453.80835898602
2021-12-30,239312.26862817668
2021-12-31,242056.94901556434
2022-01-01,242056.94901556434
2022-01-02,242056.94901556434
2022-01-03,243787.77640542868
2022-01-04,245392.7430766016
2022-01-05,250868.9870025399
2022-01-06,251623.62424392372
2022-01-07,251007.85734528198
2022-01-08,251007.85734528198
2022-01-09,251007.85734528198
2022-01-10,251389.9105283368
2022-01-11,250460.94005377532
2022-01-12,252443.65168856274
2022-01-13,249320.66702352162
2022-01-14,245980.10979881466
2022-01-15,245980.10979881466
2022-01-16,245980.10979881466
2022-01-17,243776.00952075134
2022-01-18,243824.13160885268
2022-01-19,248170.82381605238
2022-01-20,251069.10671031152
2022-01-21,252472.85641533617
2022-01-22,252472.85641533617
2022-01-23,252472.85641533617
2022-01-24,251084.44639240054
2022-01-25,250367.1573471963
2022-01-26,250367.1573471963
2022-01-27,250210.50674294564
2022-01-28,252547.9022058838
2022-01-29,252547.9022058838
2022-01-30,252547.9022058838
2022-01-31,252005.84854416494
2022-02-01,253001.23903809048
2022-02-02,254179.27981450272
2022-02-03,255062.92024635707
2022-02-04,256430.19488494296
2022-02-05,256430.19488494296
2022-02-06,256430.19488494296
2022-02-07,254936.3228557004
2022-02-08,256307.84103743426
2022-02-09,257264.29795473465
2022-02-10,258278.69122579452
2022-02-11,260424.66853282103
2022-02-12,260424.66853282103
2022-02-13,260424.66853282103
2022-02-14,261912.0774043334
2022-02-15,261210.53280080346
2022-02-16,261442.73087795582
2022-02-17,262268.42035627575
2022-02-18,261524.7889536927
2022-02-19,261524.7889536927
2022-02-20,261524.7889536927
2022-02-21,263627.0101078026
2022-02-22,264239.31663959386
2022-02-23,263786.1971311157
2022-02-24,263843.96654627845
2022-02-25,263764.4271009087
2022-02-26,263764.4271009087
2022-02-27,263764.4271009087
2022-02-28,262163.4548704857
2022-03-01,262163.4548704857
2022-03-02,260771.40024078623
2022-03-03,260571.18202362547
2022-03-04,259855.74136928908
2022-03-05,259855.74136928908
2022-03-06,259855.74136928908
2022-03-07,257854.0245634259
2022-03-08,257857.82623004806
2022-03-09,259316.78178293287
2022-03-10,259418.84171777626
2022-03-11,258887.31714622444
2022-03-12,258887.31714622444
2022-03-13,258887.31714622444
2022-03-14,260117.50292153494
2022-03-15,261847.43097326162
2022-03-16,261211.70440758337
2022-03-17,265339.47228360036
2022-03-18,265339.47228360036
2022-03-19,265339.47228360036
2022-03-20,265339.47228360036
2022-03-21,266060.0641212504
2022-03-22,264560.2618750812
2022-03-23,264089.4754378493
2022-03-24,259776.50717054642
2022-03-25,258907.17995841766
2022-03-26,258907.17995841766
2022-03-27,258907.17995841766
2022-03-28,258940.8246757511
2022-03-29,260003.83283322092
2022-03-30,260343.92919560085
2022-03-31,260975.1638691481
2022-04-01,263543.63060468377
2022-04-02,263543.63060468377
2022-04-03,263543.63060468377
2022-04-04,270480.0844364243
2022-04-05,272294.893329649
2022-04-06,272993.8436785339
2022-04-07,273572.63566425105
2022-04-08,273139.88829550386
2022-04-09,273139.88829550386
2022-04-10,273139.88829550386
2022-04-11,272517.6272021452
2022-04-12,273173.20377099316
2022-04-13,271695.1495201206
2022-04-14,271695.1495201206
2022-04-15,271695.1495201206
2022-04-16,271695.1495201206
2022-04-17,271695.1495201206
2022-04-18,269185.75805015897
2022-04-19,262729.0605394697
2022-04-20,264670.3195426689
2022-04-21,264732.1243341959
2022-04-22,263875.47982450586
2022-04-23,263875.47982450586
2022-04-24,263875.47982450586
2022-04-25,266273.87401684676
2022-04-26,263457.8966373103
2022-04-27,262918.2255355703
2022-04-28,262146.5779689624
2022-04-29,263958.91364237125
2022-04-30,263958.91364237125
2022-05-01,263958.91364237125
2022-05-02,264102.777356319
2022-05-03,264102.777356319
2022-05-04,265894.13144051697
2022-05-05,270787.1763078213
2022-05-06,268029.8467063926
2022-05-07,268029.8467063926
2022-05-08,268029.8467063926
2022-05-09,274179.62859834696
2022-05-10,276500.2733985414
2022-05-11,277066.3083156269
2022-05-12,279257.5218167313
2022-05-13,278423.7866916638
2022-05-14,278423.7866916638
2022-05-15,278423.7866916638
2022-05-16,278722.7249788238
2022-05-17,276611.93462243094
2022-05-18,276575.0790101748
2022-05-19,271477.1000241764
2022-05-20,268590.835402659
2022-05-21,268590.835402659
2022-05-22,268590.835402659
2022-05-23,272135.7125816268
2022-05-24,271439.06370908197
2022-05-25,265779.90343364613
2022-05-26,267633.8349310025
2022-05-27,270784.80946268456
2022-05-28,270784.80946268456
2022-05-29,270784.80946268456
2022-05-30,276314.5769916626
2022-05-31,275795.63598432834
2022-06-01,274761.3249650104
2022-06-02,275962.01621978544
2022-06-03,274227.36723689805
2022-06-04,274227.36723689805
2022-06-05,274227.36723689805
2022-06-06,274488.5684110146
2022-06-07,273204.808002036
2022-06-08,276923.76935226127
2022-06-09,274816.945504342
2022-06-10,276038.0324587935
2022-06-11,276038.0324587935
2022-06-12,276038.0324587935
2022-06-13,273304.91106478975
2022-06-14,274857.0623511726
2022-06-15,275938.2343390713
2022-06-16,275008.5075110334
2022-06-17,270665.0488928498
2022-06-18,270665.0488928498
2022-06-19,270665.0488928498
2022-06-20,275346.55393585784
2022-06-21,276954.65789272124
2022-06-22,280715.52269015927
2022-06-23,284175.7141259897
2022-06-24,284607.4157752256
2022-06-25,284607.4157752256
2022-06-26,284607.4157752256
2022-06-27,284287.2843384827
2022-06-28,283416.68526029884
2022-06-29,281612.723822149
2022-06-30,281243.072661866
2022-07-01,284977.9151399648
2022-07-02,284977.9151399648
2022-07-03,284977.9151399648
2022-07-04,281471.9682566527
2022-07-05,282831.3951780698
2022-07-06,283829.1733542081
2022-07-07,283176.84733871475
2022-07-08,281903.6993464634
2022-07-09,281903.6993464634
2022-07-10,281903.6993464634
2022-07-11,277318.03373104887
2022-07-12,277364.71477691695
2022-07-13,276583.2852531979
2022-07-14,276806.34844040667
2022-07-15,275978.6124681063
2022-07-16,275978.6124681063
2022-07-17,275978.6124681063
2022-07-18,278896.04186930635
2022-07-19,278855.42903414706
2022-07-20,280791.0543651099
2022-07-21,280593.16370870033
2022-07-22,280936.82606177166
2022-07-23,280936.82606177166
2022-07-24,280936.82606177166
2022-07-25,280722.7521706609
2022-07-26,278031.27240986074
2022-07-27,279115.94800066383
2022-07-28,282138.97352255473
2022-07-29,284862.46372951206
2022-07-30,284862.46372951206
2022-07-31,284862.46372951206
2022-08-01,283601.32415209326
2022-08-02,281954.590954378
2022-08-03,283860.51055541734
2022-08-04,286649.7426071679
2022-08-05,285290.3888857848
2022-08-06,285290.3888857848
2022-08-07,285290.3888857848
2022-08-08,286479.1624446987
2022-08-09,286479.1624446987
2022-08-10,285386.5034856816
2022-08-11,286289.65612794785
2022-08-12,285523.0222864639
2022-08-13,285523.0222864639
2022-08-14,285523.0222864639
2022-08-15,285523.0222864639
2022-08-16,284743.93535104033
2022-08-17,284800.25750020257
2022-08-18,283823.61448455305
2022-08-19,287160.2397543476
2022-08-20,287160.2397543476
2022-08-21,287160.2397543476
2022-08-22,287287.0306842772
2022-08-23,281923.14253304113
2022-08-24,280182.3900971755
2022-08-25,278275.47416083165
2022-08-26,278750.37631182297
2022-08-27,278750.37631182297
2022-08-28,278750.37631182297
2022-08-29,274565.8478907512
2022-08-30,273551.4428573005
2022-08-31,273551.4428573005
2022-09-01,271857.85776998743
2022-09-02,270644.77416152693
2022-09-03,270644.77416152693
2022-09-04,270644.77416152693
2022-09-05,268838.05298655026
2022-09-06,268232.80564494955
2022-09-07,270552.5508974736
2022-09-08,269082.611896761
2022-09-09,272284.0182788924
2022-09-10,272284.0182788924
2022-09-11,272284.0182788924
2022-09-12,273605.81512088317
2022-09-13,272233.7316452308
2022-09-14,264199.8014694699
2022-09-15,261612.26268152788
2022-09-16,257494.6301720003
2022-09-17,257494.6301720003
2022-09-18,257494.6301720003
2022-09-19,258759.88014285025
2022-09-20,256977.31841467594
2022-09-21,255137.52680081312
2022-09-22,256595.49010674842
2022-09-23,258721.69056109193
2022-09-24,258721.69056109193
2022-09-25,258721.69056109193
2022-09-26,265936.43379188876
2022-09-27,269198.8718754559
2022-09-28,273501.0173207316
2022-09-29,270976.8036170186
2022-09-30,270161.65943661076
2022-10-01,270161.65943661076
2022-10-02,270161.65943661076
2022-10-03,272977.97944722883
2022-10-04,274315.364740471
2022-10-05,274315.364740471
2022-10-06,273200.3016034585
2022-10-07,273064.57781413465
2022-10-08,273064.57781413465
2022-10-09,273064.57781413465
2022-10-10,276745.0620933424
2022-10-11,274560.11282622296
2022-10-12,275009.9857524587
2022-10-13,278074.61401133303
2022-10-14,277376.7745433928
2022-10-15,277376.7745433928
2022-10-16,277376.7745433928
2022-10-17,276575.49795172876
2022-10-18,274255.32399872725
2022-10-19,274232.7737477389
2022-10-20,275935.0362118386
2022-10-21,273253.54996909597
2022-10-22,273253.54996909597
2022-10-23,273253.54996909597
2022-10-24,271773.7745049818
2022-10-25,270731.31044298934
2022-10-26,270731.31044298934
2022-10-27,271130.47439100494
2022-10-28,276140.0263048854
2022-10-29,276140.0263048854
2022-10-30,276140.0263048854
2022-10-31,277870.4649262656
2022-11-01,279926.0108379604
2022-11-02,282152.18278019805
2022-11-03,281581.51545001124
2022-11-04,280999.8208527352
2022-11-05,280999.8208527352
2022-11-06,280999.8208527352
2022-11-07,276957.13279128517
2022-11-08,276957.13279128517
2022-11-09,278096.92563600873
2022-11-10,279045.46573556506
2022-11-11,286710.8752656303
2022-11-12,286710.8752656303
2022-11-13,286710.8752656303
2022-11-14,283686.4839015127
2022-11-15,284183.50322511245
2022-11-16,282615.9204695111
2022-11-17,283460.8841581212
2022-11-18,283256.0785712636
2022-11-19,283256.0785712636
2022-11-20,283256.0785712636
2022-11-21,282168.79906450934
2022-11-22,282840.6000950383
2022-11-23,281990.36643420416
2022-11-24,281311.0417687679
2022-11-25,283247.4044626785
2022-11-26,283247.4044626785
2022-11-27,283247.4044626785
2022-11-28,284739.51581766515
2022-11-29,284473.71280065074
2022-11-30,283333.3324212779
2022-12-01,284490.0134027158
2022-12-02,285421.83702507894
2022-12-03,285421.83702507894
2022-12-04,285421.83702507894
2022-12-05,285761.54447557684
2022-12-06,286679.3166170288
2022-12-07,287259.3308026597
2022-12-08,286475.47508432675
2022-12-09,286488.9091481046
2022-12-10,286488.9091481046
2022-12-11,286488.9091481046
2022-12-12,286792.4309161655
2022-12-13,287315.95245188987
2022-12-14,286994.3896134605
2022-12-15,286909.780079806
2022-12-16,286799.85888370423
2022-12-17,286799.85888370423
2022-12-18,286799.85888370423
2022-12-19,287902.85335040133
2022-12-20,288457.4018695931
2022-12-21,288964.79038519337
2022-12-22,288856.3053509326
2022-12-23,288366.346238683
2022-12-24,288366.346238683
2022-12-25,288366.346238683
2022-12-26,287520.1337276193
2022-12-27,287162.2378975337
2022-12-28,287545.3328505317
2022-12-29,286370.3956140214
2022-12-30,286736.4280843546
2022-12-31,286736.4280843546
2023-01-01,286736.4280843546
2023-01-02,287448.77578484215
2023-01-03,286704.30484840984
2023-01-04,286343.00129099324
2023-01-05,287806.68807578867
2023-01-06,289257.33458239073
2023-01-07,289257.33458239073
2023-01-08,289257.33458239073
2023-01-09,290089.718121515
2023-01-10,290557.04212615977
2023-01-11,290133.47359192953
2023-01-12,289165.9704537675
2023-01-13,289103.6599916654
2023-01-14,289103.6599916654
2023-01-15,289103.6599916654
2023-01-16,288488.627537503
2023-01-17,289502.9317063382
2023-01-18,289130.74098906363
2023-01-19,289034.1972121042
2023-01-20,287904.0408139912
2023-01-21,287904.0408139912
2023-01-22,287904.0408139912
2023-01-23,286896.12941011705
2023-01-24,284679.7704692348
2023-01-25,283961.8181825103
2023-01-26,283961.8181825103
2023-01-27,281509.4304454478
2023-01-28,281509.4304454478
2023-01-29,281509.4304454478
2023-01-30,282572.9731350795
2023-01-31,284703.4619883278
2023-02-01,280170.77256279014
2023-02-02,277634.4717600764
2023-02-03,277730.3198464698
2023-02-04,277730.3198464698
2023-02-05,277730.3198464698
2023-02-06,278006.8543262126
2023-02-07,278646.771983842
2023-02-08,279774.9173923058
2023-02-09,279356.6398257958
2023-02-10,278745.404800975
2023-02-11,278745.404800975
2023-02-12,278745.404800975
2023-02-13,279881.83660829643
2023-02-14,281509.1774719469
2023-02-15,283561.8658021245
2023-02-16,281976.92553987075
2023-02-17,283065.8415497306
2023-02-18,283065.8415497306
2023-02-19,283065.8415497306
2023-02-20,281943.0148135043
2023-02-21,283816.5676774371
2023-02-22,282665.5380939344
2023-02-23,282429.88222136756
2023-02-24,283625.36608559004
2023-02-25,283625.36608559004
2023-02-26,283625.36608559004
2023-02-27,284272.0099622908
2023-02-28,283838.0507070996
2023-03-01,285039.412579146
2023-03-02,285064.505700115
2023-03-03,284135.5300923975
2023-03-04,284135.5300923975
2023-03-05,284135.5300923975
2023-03-06,285266.8630884241
2023-03-07,285266.8630884241
2023-03-08,284778.8654042035
2023-03-09,283752.692200935
2023-03-10,283893.62779511267
2023-03-11,283893.62779511267
2023-03-12,283893.62779511267
2023-03-13,283312.9483023959
2023-03-14,283288.7359106329
2023-03-15,283040.9727243211
2023-03-16,280995.54377940483
2023-03-17,280620.2082966041
2023-03-18,280620.2082966041
2023-03-19,280620.2082966041
2023-03-20,279148.9349180301
2023-03-21,277931.54859297746
2023-03-22,278546.47242475604
2023-03-23,277928.7443645482
2023-03-24,277550.05211956566
2023-03-25,277550.05211956566
2023-03-26,277550.05211956566
2023-03-27,279018.83677121473
2023-03-28,278119.6330929307
2023-03-29,277649.0446912767
2023-03-30,277649.0446912767
2023-03-31,280889.6220589549
2023-04-01,280889.6220589549
2023-04-02,280889.6220589549
2023-04-03,280793.8867672274
2023-04-04,280793.8867672274
2023-04-05,278827.4312461869
2023-04-06,279417.7511465257
2023-04-07,279417.7511465257
2023-04-08,279417.7511465257
2023-04-09,279417.7511465257
2023-04-10,279356.89646993764
2023-04-11,278150.703620575
2023-04-12,278470.014177129
2023-04-13,277195.3170015975
2023-04-14,277195.3170015975
2023-04-15,277195.3170015975
2023-04-16,277195.3170015975
2023-04-17,273332.56995632616
2023-04-18,273402.53985020594
2023-04-19,271902.37400703423
2023-04-20,270577.6993795381
2023-04-21,269972.75022536085
2023-04-22,269972.75022536085
2023-04-23,269972.75022536085
2023-04-24,268467.3884161643
2023-04-25,269188.53270001645
2023-04-26,268443.9919260355
2023-04-27,269965.09492264723
2023-04-28,269888.1460810703
2023-04-29,269888.1460810703
2023-04-30,269888.1460810703
2023-05-01,269888.1460810703
2023-05-02,272614.270928439
2023-05-03,271239.90695552755
2023-05-04,270921.19797437603
2023-05-05,273620.2681949043
2023-05-06,273620.2681949043
2023-05-07,273620.2681949043
2023-05-08,273145.8527048033
2023-05-09,274708.39609077014
2023-05-10,273659.33381081314
2023-05-11,273385.83104959957
2023-05-12,272103.3270934981
2023-05-13,272103.3270934981
2023-05-14,272103.3270934981
2023-05-15,272925.01094523945
2023-05-16,273729.99589443195
2023-05-17,272642.90306630277
2023-05-18,273335.7708563324
2023-05-19,274930.52764510084
2023-05-20,274930.52764510084
2023-05-21,274930.52764510084
2023-05-22,276725.88414115115
2023-05-23,276676.3597610589
2023-05-24,276850.241780334
2023-05-25,275916.2807883646
2023-05-26,276785.6973030726
2023-05-27,276785.6973030726
2023-05-28,276785.6973030726
2023-05-29,277090.9390047177
2023-05-30,276122.20413097006
2023-05-31,276454.8449622919
2023-06-01,278276.7254168084
2023-06-02,277631.47043798
2023-06-03,277631.47043798
2023-06-04,277631.47043798
2023-06-05,278658.6287453422
2023-06-06,277544.63969785895
2023-06-07,278235.18878929416
2023-06-08,278243.0453297923
2023-06-09,277696.9164792174
2023-06-10,277696.9164792174
2023-06-11,277696.9164792174
2023-06-12,279852.59100478445
2023-06-13,279270.6216560777
2023-06-14,279289.47149406257
2023-06-15,277292.4750737103
2023-06-16,277129.6088203887
2023-06-17,277129.6088203887
2023-06-18,277129.6088203887
2023-06-19,278140.27000134723
2023-06-20,278716.6212231173
2023-06-21,279023.97483051434
2023-06-22,278124.0543415987
2023-06-23,277145.04555386666
2023-06-24,277145.04555386666
2023-06-25,277145.04555386666
2023-06-26,277803.2029893367
2023-06-27,278900.2990476659
2023-06-28,279354.54941842135
2023-06-29,279354.54941842135
2023-06-30,282288.45972972264
2023-07-01,282288.45972972264
2023-07-02,282288.45972972264
2023-07-03,282665.3539362273
2023-07-04,283718.58000039146
2023-07-05,284251.6864809736
2023-07-06,284253.7847783823
2023-07-07,284113.7109394852
2023-07-08,284113.7109394852
2023-07-09,284113.7109394852
2023-07-10,283148.99179905315
2023-07-11,283603.9170271215
2023-07-12,282782.7393357039
2023-07-13,286996.7585585866
2023-07-14,286754.16065556323
2023-07-15,286754.16065556323
2023-07-16,286754.16065556323
2023-07-17,288544.1491518632
2023-07-18,285569.39358561754
2023-07-19,287185.2536422993
2023-07-20,288280.07941735926
2023-07-21,295734.4024324523
2023-07-22,295734.4024324523
2023-07-23,295734.4024324523
2023-07-24,299671.9924788907
2023-07-25,300232.64617478836
2023-07-26,300714.26644115336
2023-07-27,301906.25619393704
2023-07-28,299841.45076114865
2023-07-29,299841.45076114865
2023-07-30,299841.45076114865
2023-07-31,300800.66643379285
2023-08-01,302379.8965854554
2023-08-02,300996.1174094934
2023-08-03,302713.5821766688
2023-08-04,301418.8645235281
2023-08-05,301418.8645235281
2023-08-06,301418.8645235281
2023-08-07,299665.663437879
2023-08-08,300877.39171160955
2023-08-09,301235.1910875191
2023-08-10,301425.3191883282
2023-08-11,300082.94537423557
2023-08-12,300082.94537423557
2023-08-13,300082.94537423557
2023-08-14,297469.24342363945
2023-08-15,297469.24342363945
2023-08-16,298434.7001199676
2023-08-17,300855.24094083294
2023-08-18,301110.46088402194
2023-08-19,301110.46088402194
2023-08-20,301110.46088402194
2023-08-21,301922.2243030529
2023-08-22,300998.60993802187
2023-08-23,301701.4765549125
2023-08-24,302788.590886113
2023-08-25,302361.3723224336
2023-08-26,302361.3723224336
2023-08-27,302361.3723224336
2023-08-28,304344.6278878905
2023-08-29,305034.4616027826
2023-08-30,304078.8070053855
2023-08-31,303768.8851528438
2023-09-01,303827.88947812363
2023-09-02,303827.88947812363
2023-09-03,303827.88947812363
2023-09-04,304566.6717844714
2023-09-05,303583.93317981495
2023-09-06,305065.8164555081
2023-09-07,306224.2026290427
2023-09-08,307413.7050621271
2023-09-09,307413.7050621271
2023-09-10,307413.7050621271
2023-09-11,307316.51192166726
2023-09-12,303545.4892400623
2023-09-13,304612.54557766963
2023-09-14,304894.7618204084
2023-09-15,304229.652714508
2023-09-16,304229.652714508
2023-09-17,304229.652714508
2023-09-18,303509.43801257026
2023-09-19,303509.43801257026
2023-09-20,299905.6520200623
2023-09-21,300708.96849243087
2023-09-22,298934.0018929547
2023-09-23,298934.0018929547
2023-09-24,298934.0018929547
2023-09-25,299647.60604063544
2023-09-26,299572.65448946715
2023-09-27,299545.4392683698
2023-09-28,301066.4766865184
2023-09-29,301423.1138430616
2023-09-30,301423.1138430616
2023-10-01,301423.1138430616
2023-10-02,301423.1138430616
2023-10-03,300718.9632825403
2023-10-04,301877.01186476485
2023-10-05,300746.0461195182
2023-10-06,299828.11741293955
2023-10-07,299828.11741293955
2023-10-08,299828.11741293955
2023-10-09,298123.7959009006
2023-10-10,299244.61193814466
2023-10-11,300954.2459130839
2023-10-12,303376.0002698691
2023-10-13,301219.9316155221
2023-10-14,301219.9316155221
2023-10-15,301219.9316155221
2023-10-16,302469.530446423
2023-10-17,303569.4660461941
2023-10-18,303060.6589838648
2023-10-19,303326.9277470105
2023-10-20,304401.3612577466
2023-10-21,304401.3612577466
2023-10-22,304401.3612577466
2023-10-23,305332.6632816352
2023-10-24,305332.6632816352
2023-10-25,305604.1410161046
2023-10-26,304463.22907452215
2023-10-27,305497.6231060154
2023-10-28,305497.6231060154
2023-10-29,305497.6231060154
2023-10-30,305890.60912535223
2023-10-31,305929.48086455814
2023-11-01,305860.5562211025
2023-11-02,305583.69546852284
2023-11-03,305357.1976837869
2023-11-04,305357.1976837869
2023-11-05,305357.1976837869
2023-11-06,305555.3938831182
2023-11-07,305174.91902419616
2023-11-08,305347.192403306
2023-11-09,305397.5157485832
2023-11-10,305509.44779193663
2023-11-11,305509.44779193663
2023-11-12,305509.44779193663
2023-11-13,305416.99385249754
2023-11-14,305416.99385249754
2023-11-15,305363.1250062523
2023-11-16,304864.19332380913
2023-11-17,304317.15263531834
2023-11-18,304317.15263531834
2023-11-19,304317.15263531834
2023-11-20,304008.2410168275
2023-11-21,304663.1252038133
2023-11-22,303114.78642214014
2023-11-23,304710.94849324826
2023-11-24,307430.9455971273
2023-11-25,307430.9455971273
2023-11-26,307430.9455971273
2023-11-27,307430.9455971273
2023-11-28,307170.1866732337
2023-11-29,308292.6177447474
2023-11-30,308669.10196229443
2023-12-01,311742.97551403445
2023-12-02,311742.97551403445
2023-12-03,311742.97551403445
2023-12-04,316784.86771212076
2023-12-05,317676.7969387608
2023-12-06,317273.03932308056
2023-12-07,316911.74510848196
2023-12-08,314267.71882432635
2023-12-09,314267.71882432635
2023-12-10,314267.71882432635
2023-12-11,314272.79493489733
2023-12-12,313039.33896285685
2023-12-13,317581.45972363034
2023-12-14,315744.5106791471
2023-12-15,308944.87964422745
2023-12-16,308944.87964422745
2023-12-17,308944.87964422745
2023-12-18,307684.634274928
2023-12-19,310147.2609504308
2023-12-20,311538.1861880375
2023-12-21,313085.59656870354
2023-12-22,310840.53735891345
2023-12-23,310840.53735891345
2023-12-24,310840.53735891345
2023-12-25,310840.53735891345
2023-12-26,313327.2923715634
2023-12-27,313443.3040970455
2023-12-28,315715.3276123388
2023-12-29,316013.78267394926
2023-12-30,316013.78267394926
2023-12-31,316013.78267394926
2024-01-01,315697.34770472127
2024-01-02,316399.01153779856
2024-01-03,322473.70667807304
2024-01-04,323374.1269524554
2024-01-05,320140.6272182907
2024-01-06,320140.6272182907
2024-01-07,320140.6272182907
2024-01-08,319061.66736649594
2024-01-09,317683.54808160954
2024-01-10,317092.93929191947
2024-01-11,314947.6506132302
2024-01-12,307874.859742659
2024-01-13,307874.859742659
2024-01-14,307874.859742659
2024-01-15,306813.553065095
2024-01-16,309450.0150380193
2024-01-17,300245.7566549708
2024-01-18,297773.7084669308
2024-01-19,296380.12868450896
2024-01-20,296380.12868450896
2024-01-21,296380.12868450896
2024-01-22,296380.12868450896
2024-01-23,295970.917912761
2024-01-24,298503.2096974015
2024-01-25,297168.59134990023
2024-01-26,297168.59134990023
2024-01-27,297168.59134990023
2024-01-28,297168.59134990023
2024-01-29,297234.0170990488
2024-01-30,297025.9145310952
2024-01-31,297979.6698029436
2024-02-01,298093.3206569415
2024-02-02,290010.83391145535
2024-02-03,290010.83391145535
2024-02-04,290010.83391145535
2024-02-05,290089.09553294873
2024-02-06,283147.80007564405
2024-02-07,283957.6894850094
2024-02-08,279215.8453560822
2024-02-09,281513.58734532
2024-02-10,281513.58734532
2024-02-11,281513.58734532
2024-02-12,278988.782494658
2024-02-13,278780.6823020268
2024-02-14,280359.1985434127
2024-02-15,281710.37866786745
2024-02-16,281327.48670808633
2024-02-17,281327.48670808633
2024-02-18,281327.48670808633
2024-02-19,283228.94569249684
2024-02-20,287792.1065712286
2024-02-21,287556.24409899616
2024-02-22,285765.01480216545
2024-02-23,286222.2288550533
2024-02-24,286222.2288550533
2024-02-25,286222.2288550533
2024-02-26,287706.7543022088
2024-02-27,285383.05139514
2024-02-28,284203.98127129656
2024-02-29,283705.3626602199
2024-03-01,286258.4622873438
2024-03-02,286258.4622873438
2024-03-03,286258.4622873438
2024-03-04,286423.7653377398
2024-03-05,288670.9354256003
2024-03-06,287816.6725059213
2024-03-07,289037.8113605713
2024-03-08,289037.8113605713
2024-03-09,289037.8113605713
2024-03-10,289037.8113605713
2024-03-11,287425.5933703984
2024-03-12,286749.56263698277
2024-03-13,294015.81594264077
2024-03-14,290981.32769983716
2024-03-15,291051.1546013617
2024-03-16,291051.1546013617
2024-03-17,291051.1546013617
2024-03-18,292195.82657788973
2024-03-19,296451.1304465752
2024-03-20,295830.7080550742
2024-03-21,296850.80069045146
2024-03-22,296211.93745203345
2024-03-23,296211.93745203345
2024-03-24,296211.93745203345
2024-03-25,296211.93745203345
2024-03-26,296066.1187371396
2024-03-27,294963.9842180511
2024-03-28,295517.0638894739
2024-03-29,295517.0638894739
2024-03-30,295517.0638894739
2024-03-31,295517.0638894739
2024-04-01,295560.08817614487
2024-04-02,296433.7555003847
2024-04-03,295834.9001243126
2024-04-04,298038.5525528983
2024-04-05,299788.0054149963
2024-04-06,299788.0054149963
2024-04-07,299788.0054149963
2024-04-08,299444.5779257372
2024-04-09,301650.8278535012
2024-04-10,302436.06893357774
2024-04-11,302436.06893357774
2024-04-12,300777.09403614805
2024-04-13,300777.09403614805
2024-04-14,300777.09403614805
2024-04-15,300572.44999487745
2024-04-16,301394.77210427145
2024-04-17,301394.77210427145
2024-04-18,300903.8845480932
2024-04-19,301610.04103125207
2024-04-20,301610.04103125207
2024-04-21,301610.04103125207
2024-04-22,301686.0637150125
2024-04-23,302908.5153803077
2024-04-24,303309.1641761003
2024-04-25,300595.21232263464
2024-04-26,302243.9365671552
2024-04-27,302243.9365671552
2024-04-28,302243.9365671552
2024-04-29,297968.58973912906
2024-04-30,297332.82808359654
2024-05-01,297332.82808359654
2024-05-02,297762.5145496688
2024-05-03,297742.2629984626
2024-05-04,297742.2629984626
2024-05-05,297742.2629984626
2024-05-06,299946.8941850636
2024-05-07,301875.1069930296
2024-05-08,301979.5778780322
2024-05-09,299430.5075475975
2024-05-10,301135.5412331347
2024-05-11,301135.5412331347
2024-05-12,301135.5412331347
2024-05-13,302253.5217367117
2024-05-14,302094.5910390477
2024-05-15,300802.80687249923
2024-05-16,303369.11356120906
2024-05-17,303858.32575660397
2024-05-18,303858.32575660397
2024-05-19,303858.32575660397
2024-05-20,303858.32575660397
2024-05-21,302920.3503294969
2024-05-22,303173.66197170026
2024-05-23,302465.09390523494
2024-05-24,303312.80014064687
2024-05-25,303312.80014064687
2024-05-26,303312.80014064687
2024-05-27,303501.06685893575
2024-05-28,303828.9129278274
2024-05-29,304751.37012957485
2024-05-30,303609.0242287206
2024-05-31,301953.605244576
2024-06-01,301953.605244576
2024-06-02,301953.605244576
2024-06-03,290068.0388283209
2024-06-04,308627.1261882324
2024-06-05,309710.1203295794
2024-06-06,308997.9727329178
2024-06-07,308597.3179915609
2024-06-08,308597.3179915609
2024-06-09,308597.3179915609
2024-06-10,309020.9820740302
2024-06-11,308479.18267334293
2024-06-12,308359.54662749066
2024-06-13,307796.282773981
2024-06-14,308392.5255641199
2024-06-15,308392.5255641199
2024-06-16,308392.5255641199
2024-06-17,308392.5255641199
2024-06-18,307570.5244219301
2024-06-19,306374.27333557914
2024-06-20,306877.3808327838
2024-06-21,306346.10615398
2024-06-22,306346.10615398
2024-06-23,306346.10615398
2024-06-24,306760.5545373951
2024-06-25,305045.03567511874
2024-06-26,306596.782559329
2024-06-27,306330.33146497834
2024-06-28,306957.017206614
2024-06-29,306957.017206614
2024-06-30,306957.017206614
2024-07-01,307886.01791142323
2024-07-02,305899.1713860488
2024-07-03,307286.0592841343
2024-07-04,307233.45249410404
2024-07-05,309724.5320722742
2024-07-06,309724.5320722742
2024-07-07,309724.5320722742
2024-07-08,310160.74019207316
2024-07-09,311905.0406846929
2024-07-10,312293.432173403
2024-07-11,313127.8562656469
2024-07-12,312137.43330220814
2024-07-13,312137.43330220814
2024-07-14,312137.43330220814
2024-07-15,313614.02440522774
2024-07-16,313320.79911347944
2024-07-17,313320.79911347944
2024-07-18,309171.72337313584
2024-07-19,308673.47798514
2024-07-20,308673.47798514
2024-07-21,308673.47798514
2024-07-22,309283.7741079987
2024-07-23,310896.6034535738
2024-07-24,310796.6155616174
2024-07-25,310817.91534564144
2024-07-26,308985.44331681955
2024-07-27,308985.44331681955
2024-07-28,308985.44331681955
2024-07-29,308168.3836599886
2024-07-30,307689.72011888097
2024-07-31,308401.36492531217
2024-08-01,309943.1532517391
2024-08-02,314242.0581603657
2024-08-03,314242.0581603657
2024-08-04,314242.0581603657
2024-08-05,316505.6322787638
2024-08-06,316701.71738007636
2024-08-07,316941.19853350404
2024-08-08,318868.57108670496
2024-08-09,319079.47358097817
2024-08-10,319079.47358097817
2024-08-11,319079.47358097817
2024-08-12,319653.20941866876
2024-08-13,319241.87605743436
2024-08-14,317579.4028505242
2024-08-15,317579.4028505242
2024-08-16,316328.67239885114
2024-08-17,316328.67239885114
2024-08-18,316328.67239885114
2024-08-19,314345.2411517042
2024-08-20,313639.3341983401
2024-08-21,312967.1112535322
2024-08-22,314841.3513699551
2024-08-23,316108.0323234644
2024-08-24,316108.0323234644
2024-08-25,316108.0323234644
2024-08-26,315453.8154537062
2024-08-27,314521.8091709686
2024-08-28,312761.6645802635
2024-08-29,315187.78685223754
2024-08-30,313101.35815432644
2024-08-31,313101.35815432644
2024-09-01,313101.35815432644
2024-09-02,314639.1432928933
2024-09-03,315772.25003796373
2024-09-04,317195.08167672355
2024-09-05,317440.0925554487
2024-09-06,315063.1327962359
2024-09-07,315063.1327962359
2024-09-08,315063.1327962359
2024-09-09,316111.21100510913
2024-09-10,314257.130867415
2024-09-11,313449.23506234994
2024-09-12,314538.5680081961
2024-09-13,313959.2572776819
2024-09-14,313959.2572776819
2024-09-15,313959.2572776819
2024-09-16,312822.63462134067
2024-09-17,312070.37922450365
2024-09-18,318498.02891970094
2024-09-19,318405.5792455046
2024-09-20,316145.7584724277
2024-09-21,316145.7584724277
2024-09-22,316145.7584724277
2024-09-23,319381.29472476174
2024-09-24,319512.84449458483
2024-09-25,319211.00248287414
2024-09-26,319741.2799395421
2024-09-27,321780.6318176163
2024-09-28,321780.6318176163
2024-09-29,321780.6318176163
2024-09-30,322846.2782794553
2024-10-01,322393.75880283833
2024-10-02,322393.75880283833
2024-10-03,321369.6504772046
2024-10-04,319566.9551252781
2024-10-05,319566.9551252781
2024-10-06,319566.9551252781
2024-10-07,316774.19796999736
2024-10-08,318587.2507799474
2024-10-09,317029.7378619646
2024-10-10,318868.46351689077
2024-10-11,318106.06518092984
2024-10-12,318106.06518092984
2024-10-13,318106.06518092984
2024-10-14,316757.37042727316
2024-10-15,314956.56763556995
2024-10-16,318089.61822999467
2024-10-17,315504.5063759085
2024-10-18,321116.65224417445
2024-10-19,321116.65224417445
2024-10-20,321116.65224417445
2024-10-21,323336.1068591025
2024-10-22,322263.32220738137
2024-10-23,321553.18219165155
2024-10-24,321168.2910569387
2024-10-25,321577.791567135
2024-10-26,321577.791567135
2024-10-27,321577.791567135
2024-10-28,321212.15252197103
2024-10-29,320523.4491829906
2024-10-30,323673.2750311039
2024-10-31,323862.1411344713
2024-11-01,324414.9705437744
2024-11-02,324414.9705437744
2024-11-03,324414.9705437744
2024-11-04,323014.1960859109
2024-11-05,320715.2730399057
2024-11-06,323387.43502330326
2024-11-07,323394.46269712935
2024-11-08,322709.12708434043
2024-11-09,322709.12708434043
2024-11-10,322709.12708434043
2024-11-11,319744.05622711673
2024-11-12,319931.3777518034
2024-11-13,318726.29288923426
2024-11-14,320127.59105758404
2024-11-15,320127.59105758404
2024-11-16,320127.59105758404
2024-11-17,320127.59105758404
2024-11-18,323203.64595704095
2024-11-19,320584.03736739676
2024-11-20,320584.03736739676
2024-11-21,317802.16378220357
2024-11-22,320452.70562121307
2024-11-23,320452.70562121307
2024-11-24,320452.70562121307
2024-11-25,322530.8368545689
2024-11-26,321143.9191961277
2024-11-27,320873.6632220276
2024-11-28,323963.79349614464
2024-11-29,325487.0748337904
2024-11-30,325487.0748337904
2024-12-01,325487.0748337904
2024-12-02,325899.4386531407
2024-12-03,326349.2698668624
2024-12-04,323792.3640902203
2024-12-05,321604.6690638603
2024-12-06,322428.5240553214
2024-12-07,322428.5240553214
2024-12-08,322428.5240553214
2024-12-09,319462.476693152
2024-12-10,318623.2842272688
2024-12-11,316759.76805675443
2024-12-12,313487.5210030633
2024-12-13,314574.91096746246
2024-12-14,314574.91096746246
2024-12-15,314574.91096746246
2024-12-16,315991.1129325761
2024-12-17,315273.43938779086
2024-12-18,316398.72603008023
2024-12-19,316848.07464805606
2024-12-20,315388.84615601477
2024-12-21,315388.84615601477
2024-12-22,315388.84615601477
2024-12-23,317377.33679843944
2024-12-24,318073.52913314186
2024-12-25,318073.52913314186
2024-12-26,317655.98764742736
2024-12-27,316656.2326295194
2024-12-28,316656.2326295194
2024-12-29,316656.2326295194
2024-12-30,316374.7886225153
2024-12-31,319592.2083250894
2025-01-01,319596.9655838645
2025-01-02,318920.6062239518
2025-01-03,321757.50509622414
2025-01-04,321757.50509622414
2025-01-05,321757.50509622414
2025-01-06,318740.17986473464
2025-01-07,320261.6460494991
2025-01-08,323222.68885547493
2025-01-09,322628.29431960953
2025-01-10,318396.3374266125
2025-01-11,318396.3374266125
2025-01-12,318396.3374266125
2025-01-13,317433.73970125476
2025-01-14,321847.4422383155
2025-01-15,322995.4651121765
2025-01-16,326142.8761689905
2025-01-17,334505.73385928466
2025-01-18,334505.73385928466
2025-01-19,334505.73385928466
2025-01-20,336149.0793749639
2025-01-21,335884.59173816175
2025-01-22,335471.87833533896
2025-01-23,333818.81634749135
2025-01-24,332219.231714821
2025-01-25,332219.231714821
2025-01-26,332219.231714821
2025-01-27,334672.3468628671
2025-01-28,333978.1756804066
2025-01-29,333041.929319159
2025-01-30,335291.5115277442
2025-01-31,335843.95947571076
2025-02-01,336280.6336054832
2025-02-02,336280.6336054832
2025-02-03,335408.74155394797
2025-02-04,337661.6666503602
2025-02-05,335891.61470745865
2025-02-06,334144.58029377507
2025-02-07,333407.73242180014
2025-02-08,333407.73242180014
2025-02-09,333407.73242180014
2025-02-10,333939.3530078387
2025-02-11,333437.6752608325
2025-02-12,332695.79534486425
2025-02-13,332860.6708913498
2025-02-14,332239.1500070841
2025-02-15,332239.1500070841
2025-02-16,332239.1500070841
2025-02-17,333201.80753817863
2025-02-18,332240.5970095239
2025-02-19,329849.09761406016
2025-02-20,332612.294934771
2025-02-21,333222.0510653729
2025-02-22,333222.0510653729
2025-02-23,333222.0510653729
2025-02-24,330842.3099985024
2025-02-25,328299.5904901426
2025-02-26,328299.5904901426
2025-02-27,327395.677852666
2025-02-28,322406.1666942034
2025-03-01,322406.1666942034
2025-03-02,322406.1666942034
2025-03-03,325102.55418035045
2025-03-04,325979.9175454665
2025-03-05,327729.57141804445
2025-03-06,331077.63346296316
2025-03-07,333512.97028141713
2025-03-08,333512.97028141713
2025-03-09,333512.97028141713
2025-03-10,333305.81205473223
2025-03-11,332411.0232808268
2025-03-12,324801.6680718166
2025-03-13,324612.9961063607
2025-03-14,324612.9961063607
2025-03-15,324612.9961063607
2025-03-16,324612.9961063607
2025-03-17,324182.5478248283
2025-03-18,324069.78548507893
2025-03-19,320538.0540920764
2025-03-20,322361.7327615691
2025-03-21,321047.4283834427
2025-03-22,321047.4283834427
2025-03-23,321047.4283834427
2025-03-24,320251.21762317506
2025-03-25,322526.3752158985
2025-03-26,322181.29179570597
2025-03-27,321912.29491789255
2025-03-28,318877.1940139831
2025-03-29,318877.1940139831
2025-03-30,318877.1940139831
2025-03-31,318877.1940139831
2025-04-01,320624.16385971603
2025-04-02,319056.79117662646
2025-04-03,313104.0291043244
2025-04-04,305575.69244193204
2025-04-05,305575.69244193204
2025-04-06,305575.69244193204
2025-04-07,308011.4778192777
2025-04-08,308588.0600713091
2025-04-09,305935.08745956846
2025-04-10,305935.08745956846
2025-04-11,303557.82733791287
2025-04-12,303557.82733791287
2025-04-13,303557.82733791287
2025-04-14,303557.82733791287
2025-04-15,299071.9791816969
2025-04-16,298300.4211200414
2025-04-17,294823.6842335144
2025-04-18,294823.6842335144
2025-04-19,294823.6842335144
2025-04-20,294823.6842335144
2025-04-21,296190.04042196757
2025-04-22,293059.66093687934
2025-04-23,300422.9218406157
2025-04-24,302027.72086282243
2025-04-25,304059.05961988796
2025-04-26,304059.05961988796
2025-04-27,304059.05961988796
2025-04-28,303047.21045228554
2025-04-29,303558.79329245223
2025-04-30,301346.0576779377
2025-05-01,301346.0576779377
2025-05-02,300294.8596539758
2025-05-03,300294.8596539758
2025-05-04,300294.8596539758
2025-05-05,300441.2187417739
2025-05-06,300460.9386311027
2025-05-07,299700.4690543066
2025-05-08,299961.55153072707
2025-05-09,305587.8222144012
2025-05-10,305587.8222144012
2025-05-11,305587.8222144012
2025-05-12,307439.9667937411
2025-05-13,307739.4789448049
2025-05-14,308784.6627601958
2025-05-15,307282.9970255953
2025-05-16,307240.56433528045
2025-05-17,307240.56433528045
2025-05-18,307240.56433528045
2025-05-19,307221.22709954117
2025-05-20,308260.41007512383
2025-05-21,308360.4809180215
2025-05-22,307361.18104260846
2025-05-23,308285.9088475489
2025-05-24,308285.9088475489
2025-05-25,308285.9088475489
2025-05-26,308540.0825767949
2025-05-27,308341.4575840975
2025-05-28,307780.2728341741
2025-05-29,307406.81568106334
2025-05-30,306887.8081628827
2025-05-31,306887.8081628827
2025-06-01,306887.8081628827
2025-06-02,306575.7375703029
2025-06-03,305940.0918792442
2025-06-04,305960.0593247614
2025-06-05,303798.2596218878
2025-06-06,303591.97363534407
2025-06-07,303591.97363534407
2025-06-08,303591.97363534407
2025-06-09,306981.6101537083
2025-06-10,311206.9439878516
2025-06-11,310632.95744839037
2025-06-12,310099.046492763
2025-06-13,311232.2292454903
2025-06-14,311232.2292454903
2025-06-15,311232.2292454903
2025-06-16,311780.6277034645
2025-06-17,312368.1796734019
2025-06-18,310730.41633333656
2025-06-19,310137.00899027404
2025-06-20,308853.24316073925
2025-06-21,308853.24316073925
2025-06-22,308853.24316073925
2025-06-23,307944.4603517769
2025-06-24,307668.3145346772
2025-06-25,309070.1154147846
2025-06-26,305441.79828323436
2025-06-27,302969.5763383066
2025-06-28,302969.5763383066
2025-06-29,302969.5763383066
2025-06-30,306320.3992328178
2025-07-01,303426.37963659887
2025-07-02,304645.17690455227
2025-07-03,304063.4848590216
2025-07-04,303965.3888361363
2025-07-05,303965.3888361363
2025-07-06,303965.3888361363
2025-07-07,302984.4345375659
2025-07-08,302991.4441749523
2025-07-09,303940.06865535874
2025-07-10,303663.53534452827
2025-07-11,301413.3690767331
2025-07-12,301413.3690767331
2025-07-13,301413.3690767331
2025-07-14,300556.25099284394
2025-07-15,301412.4210668392
2025-07-16,302140.35594106675
2025-07-17,301409.8949101377
2025-07-18,302029.67636899033
2025-07-19,302029.67636899033
2025-07-20,302029.67636899033
2025-07-21,298833.7165730735
2025-07-22,297775.4341608912
2025-07-23,296511.2005311847
2025-07-24,295127.04669748526
2025-07-25,294103.2427641412
2025-07-26,294103.2427641412
2025-07-27,294103.2427641412
2025-07-28,291140.7946442629
2025-07-29,289644.8407496425
2025-07-30,290056.39769714995
2025-07-31,290266.7051906695
2025-08-01,287973.8073413903
2025-08-02,287973.8073413903
2025-08-03,287973.8073413903
2025-08-04,292169.18522729096
2025-08-05,292835.1331807424
2025-08-06,289788.30654817354
2025-08-07,290332.38826687157
2025-08-08,290939.46084250906
2025-08-09,290939.46084250906
2025-08-10,290939.46084250906
2025-08-11,289580.6955712342
2025-08-12,290601.52176745166
2025-08-13,290169.10721601464
2025-08-14,289831.2855014036
2025-08-15,289831.2855014036
2025-08-16,289831.2855014036
2025-08-17,289831.2855014036
2025-08-18,287390.2804938967
2025-08-19,287144.8072052947
2025-08-20,293977.34855260735
2025-08-21,293091.4684606057
2025-08-22,292602.6251068774
2025-08-23,292602.6251068774
2025-08-24,292602.6251068774
2025-08-25,298498.9557978607
2025-08-26,302668.3002382086
2025-08-27,302668.3002382086
2025-08-28,300966.73475701106
2025-08-29,300092.9506010257
2025-08-30,300092.9506010257
2025-08-31,300092.9506010257
2025-09-01,302107.7955100668
2025-09-02,302786.87695512956
2025-09-03,299869.95440036966
2025-09-04,298870.13625167334
2025-09-05,295342.0505853939
2025-09-06,295342.0505853939
2025-09-07,295342.0505853939
2025-09-08,293127.40648419154
2025-09-09,298517.79826602514
2025-09-10,301781.8714702816
2025-09-11,301024.5500707865
2025-09-12,301460.96562851855
2025-09-13,301460.96562851855
2025-09-14,301460.96562851855
2025-09-15,299587.60672373034
2025-09-16,300319.82723602245
2025-09-17,299791.12714729086
2025-09-18,300391.8019003157
2025-09-19,301095.5832350041
2025-09-20,301095.5832350041
2025-09-21,301095.5832350041
2025-09-22,298131.2725854767
2025-09-23,297166.73162895977
2025-09-24,297011.1353773143
2025-09-25,294512.0432484205
2025-09-26,291015.7305026756
2025-09-27,291015.7305026756
2025-09-28,291015.7305026756
2025-09-29,288248.07105304446
2025-09-30,288494.78879615816
2025-10-01,290165.071537649
2025-10-02,290165.071537649
2025-10-03,289653.4656086905
2025-10-04,289653.4656086905
2025-10-05,289653.4656086905
2025-10-06,293567.509102482
2025-10-07,292276.147290421
2025-10-08,297778.1065793106
2025-10-09,299054.0484526615
2025-10-10,296305.4337894792
2025-10-11,296305.4337894792
2025-10-12,296305.4337894792
2025-10-13,295471.9028827464
2025-10-14,293815.8082074592
2025-10-15,293721.14128749724
2025-10-16,292316.1168662596
2025-10-17,289361.2237696783
2025-10-18,289361.2237696783
2025-10-19,289361.2237696783
2025-10-20,291222.7583640057
2025-10-21,290692.03611008346
2025-10-22,290692.03611008346
2025-10-23,295051.9084624978
2025-10-24,296560.3819227404
2025-10-25,296560.3819227404
2025-10-26,296560.3819227404
2025-10-27,294568.12165981845
2025-10-28,291879.8707859398
2025-10-29,290536.70319438097
2025-10-30,290669.49215217365
2025-10-31,290444.1828044485
2025-11-01,290444.1828044485
2025-11-02,290444.1828044485
2025-11-03,287964.4698138917
2025-11-04,286127.9055186524
2025-11-05,286127.9055186524
2025-11-06,284428.9807176888
2025-11-07,287021.46275218343
2025-11-08,287021.46275218343
2025-11-09,287021.46275218343
2025-11-10,288659.64317652304
2025-11-11,289456.55550069956
2025-11-12,290130.22537600156
2025-11-13,291656.52525379404
2025-11-14,290402.46240420756
2025-11-15,290402.46240420756
2025-11-16,290402.46240420756
2025-11-17,290216.9849999796
2025-11-18,289234.75897558057
2025-11-19,290108.09896437766
2025-11-20,289416.91733652237
2025-11-21,290554.6567319976
2025-11-22,290554.6567319976
2025-11-23,290554.6567319976
2025-11-24,290729.67398250004
2025-11-25,287898.5039555627
2025-11-26,288298.5529513761
2025-11-27,290618.64385718014
2025-11-28,289803.0947787141
2025-11-29,289803.0947787141
2025-11-30,289803.0947787141
2025-12-01,290394.9283709391
2025-12-02,290738.259392246
2025-12-03,293778.9404880742
2025-12-04,293493.7345779914
2025-12-05,293502.4872986126
2025-12-06,293502.4872986126
2025-12-07,293502.4872986126
2025-12-08,293243.82881084585
2025-12-09,293560.28791282815
2025-12-10,293049.10338772833
2025-12-11,292318.465507079
2025-12-12,291725.82454940607
2025-12-13,291725.82454940607
2025-12-14,291725.82454940607
2025-12-15,291776.7530336005
2025-12-16,292636.738319736
2025-12-17,290756.2389046327
2025-12-18,290819.55470852344
2025-12-19,290242.2585516705
2025-12-20,290242.2585516705
2025-12-21,290242.2585516705
2025-12-22,289489.11817207286
2025-12-23,292629.94243885996
2025-12-24,292938.99541837384
2025-12-25,292938.99541837384
2025-12-26,292650.2676695999
2025-12-27,292650.2676695999
2025-12-28,292650.2676695999
2025-12-29,292799.1413479992
2025-12-30,292437.2308507221
2025-12-31,291082.8899484047
2026-01-01,284680.7310329686
2026-01-02,282811.92937923805
2026-01-03,282811.92937923805
2026-01-04,282811.92937923805
2026-01-05,283431.1858104513
2026-01-06,284694.25254403846
2026-01-07,284655.5075340367
2026-01-08,285512.62969778094
2026-01-09,284247.37351465225
2026-01-10,284247.37351465225
2026-01-11,284247.37351465225
2026-01-12,283484.99809387047
2026-01-13,280737.7626143313
2026-01-14,281934.6029898288
2026-01-15,281934.6029898288
2026-01-16,278844.05182819266
2026-01-17,278844.05182819266
2026-01-18,278844.05182819266
2026-01-19,279987.3604993907
2026-01-20,279156.3987736183
2026-01-21,280383.085546533
2026-01-22,278267.92556670273
2026-01-23,277883.1285407023
2026-01-24,277883.1285407023
2026-01-25,277883.1285407023
2026-01-26,277883.1285407023
2026-01-27,275619.41838606424
2026-01-28,276963.32745138794
2026-01-29,277106.4990628371
2026-01-30,278034.9486173139
2026-01-31,278034.9486173139
2026-02-01,278034.9486173139
2026-02-02,282303.1450346606
2026-02-03,280804.9437505105
2026-02-04,284825.73787558766
2026-02-05,283597.5419780041
2026-02-06,285597.3458501721
2026-02-07,285597.3458501721
2026-02-08,285597.3458501721
2026-02-09,276230.2540438446
2026-02-10,277191.038988337
2026-02-11,271321.81935941
2026-02-12,262536.2620763414
2026-02-13,260899.9866254087
2026-02-14,260899.9866254087
2026-02-15,260899.9866254087
2026-02-16,261102.93909894122
2026-02-17,262298.427164581
2026-02-18,260007.8732601192
2026-02-19,261271.03902671524
2026-02-20,260123.52580712066
2026-02-21,260123.52580712066
2026-02-22,260123.52580712066
2026-02-23,257794.65607404683
2026-02-24,251098.27807789593
2026-02-25,257375.12266631753
2026-02-26,257320.43812457193
2026-02-27,259603.93538752134
2026-02-28,259603.93538752134
2026-03-01,259603.93538752134
2026-03-02,259593.60643361034
2026-03-03,259593.60643361034
2026-03-04,260321.7791274638
2026-03-05,260653.66341305512
2026-03-06,262386.2710836219
2026-03-07,262386.2710836219
2026-03-08,262386.2710836219
2026-03-09,263743.395081861
2026-03-10,262379.6590441527
2026-03-11,261598.01877009537
2026-03-12,261072.07982920515
2026-03-13,263170.5065711759
2026-03-14,263170.5065711759
2026-03-15,263170.5065711759
2026-03-16,261244.02269006293
2026-03-17,261309.78592796958
2026-03-18,263343.8940974621
2026-03-19,259660.40146035785
2026-03-20,258118.54743624333
2026-03-21,258118.54743624333
2026-03-22,258118.54743624333
2026-03-23,259040.1907605468
2026-03-24,261453.41865693755
2026-03-25,258053.53550396868
2026-03-26,258053.53550396868
2026-03-27,263127.6369259599
2026-03-28,263127.6369259599
2026-03-29,263127.6369259599
2026-03-30,264319.3206391211
