Date,AAPL,GOOGL,META,MSFT,NVDA
2017-01-03,26.827251434326172,40.15964889526367,116.2223892211914,56.497406005859375,2.5124878883361816
2017-01-04,26.797222137451172,40.14772415161133,118.04241180419922,56.24462127685547,2.5711073875427246
2017-01-05,26.933494567871094,40.40865707397461,120.01161193847656,56.24462127685547,2.505838394165039
2017-01-06,27.23375701904297,41.014522552490234,122.7366714477539,56.73213195800781,2.5393362045288086
2017-01-09,27.48320770263672,41.1124382019043,124.2185287475586,56.551578521728516,2.6422879695892334
2017-01-10,27.510915756225586,41.05427932739258,123.6715316772461,56.53352355957031,2.6223371028900146
2017-01-11,27.65874481201172,41.24563980102539,125.40203094482422,57.04811477661133,2.5900731086730957
2017-01-12,27.54325294494629,41.22923278808594,125.92913818359375,56.52450180053711,2.5477097034454346
2017-01-13,27.494749069213867,41.29930877685547,127.63975524902344,56.605743408203125,2.5474634170532227
2017-01-17,27.716487884521484,41.12635040283203,127.17233276367188,56.4522705078125,2.4903221130371094
2017-01-18,27.714170455932617,41.20388412475586,127.2220458984375,56.4251708984375,2.535640239715576
2017-01-19,27.665666580200195,40.97277069091797,126.85407257080078,56.24462127685547,2.5900731086730957
2017-01-20,27.716487884521484,41.16164016723633,126.34686279296875,56.64186477661133,2.5617482662200928
2017-01-23,27.734960556030273,41.969791412353516,128.22654724121094,56.84046173095703,2.5883476734161377
2017-01-24,27.709556579589844,42.22327423095703,128.6641082763672,57.346046447753906,2.643519163131714
2017-01-25,28.15070915222168,42.6666145324707,130.76263427734375,57.49048614501953,2.6548497676849365
2017-01-26,28.164562225341797,42.59355163574219,132.0555419921875,58.023155212402344,2.7006607055664062
2017-01-27,28.16687774658203,41.99961471557617,131.4588165283203,59.386383056640625,2.752875566482544
2017-01-30,28.092966079711914,40.9459342956543,130.26536560058594,58.799556732177734,2.709773302078247
2017-01-31,28.028287887573242,40.7650146484375,129.60894775390625,58.36620330810547,2.6890852451324463
2017-02-01,29.73748016357422,40.51899337768555,132.50308227539062,57.400203704833984,2.8065693378448486
2017-02-02,29.686670303344727,40.66909408569336,130.12611389160156,57.03006362915039,2.8420355319976807
2017-02-03,29.813697814941406,40.76203536987305,130.26536560058594,57.49048614501953,2.817159652709961
2017-02-06,30.093170166015625,40.836097717285156,131.3394775390625,57.454368591308594,2.8893251419067383
2017-02-07,30.37957763671875,41.21432113647461,131.12066650390625,57.26478576660156,2.9341516494750977
2017-02-08,30.497365951538086,41.24662399291992,133.4677734375,57.18354797363281,2.921344041824341
2017-02-09,30.717737197875977,41.25557327270508,133.40811157226562,57.83355712890625,2.8664190769195557
2017-02-10,30.64815330505371,41.49365234375,133.4578399658203,57.77938461303711,2.798441171646118
2017-02-13,30.9195499420166,41.69792556762695,133.31858825683594,58.42940902709961,2.669381618499756
2017-02-14,31.32087516784668,41.751102447509766,133.1197052001953,58.64739990234375,2.6792328357696533
2017-02-15,31.43453598022461,41.616416931152344,132.71192932128906,58.61106872558594,2.6846516132354736
2017-02-16,31.397424697875977,41.85746765136719,133.1097412109375,58.60197067260742,2.6415491104125977
2017-02-17,31.483247756958008,42.075157165527344,132.80145263671875,58.69281005859375,2.641056537628174
2017-02-21,31.7105712890625,42.210350036621094,132.9904327392578,58.574737548828125,2.7356345653533936
2017-02-22,31.80569076538086,42.31422805786133,135.37730407714844,58.4566535949707,2.73144268989563
2017-02-23,31.6711483001709,42.29633331298828,134.6214599609375,58.69281005859375,2.478175401687622
2017-02-24,31.701303482055664,42.13778305053711,134.70101928710938,58.69281005859375,2.502095937728882
2017-02-27,31.763938903808594,42.23023223876953,135.6657257080078,58.338584899902344,2.574845314025879
2017-02-28,31.777854919433594,41.99464416503906,134.8004608154297,58.111515045166016,2.502588987350464
2017-03-01,32.4273796081543,42.582122802734375,136.6702117919922,58.983455657958984,2.534895896911621
2017-03-02,32.23484420776367,42.23917770385742,136.01380920410156,58.13875961303711,2.4414305686950684
2017-03-03,32.42505645751953,42.200904846191406,136.42156982421875,58.35673904418945,2.4273736476898193
2017-03-06,32.322998046875,42.11094665527344,136.6702117919922,58.37491226196289,2.4086315631866455
2017-03-07,32.364742279052734,42.30378723144531,136.5509033203125,58.492984771728516,2.435018539428711
2017-03-08,32.24412536621094,42.427547454833984,136.9685821533203,59.02885818481445,2.43057918548584
2017-03-09,32.16987991333008,42.636295318603516,137.48573303222656,58.792720794677734,2.430087089538574
2017-03-10,32.2765998840332,42.8137321472168,138.03273010253906,58.974361419677734,2.444389820098877
2017-03-13,32.29051208496094,42.97128677368164,138.83831787109375,58.77454376220703,2.511714220046997
2017-03-14,32.2418098449707,43.037391662597656,138.55987548828125,58.5020751953125,2.5099875926971436
2017-03-15,32.582794189453125,43.160648345947266,138.95767211914062,58.810882568359375,2.5289762020111084
2017-03-16,32.636146545410156,43.24067306518555,139.22621154785156,58.71098327636719,2.560049057006836
2017-03-17,32.47377014160156,43.358463287353516,139.07699584960938,58.91987991333008,2.6157824993133545
2017-03-20,32.81476974487305,43.13679504394531,139.17648315429688,58.974361419677734,2.6991372108459473
2017-03-21,32.43898010253906,42.25358963012695,137.7542724609375,58.32040786743164,2.6118369102478027
2017-03-22,32.80549621582031,42.2366943359375,138.82838439941406,59.06519317626953,2.6651053428649902
2017-03-23,32.68949890136719,41.73221969604492,138.76869201660156,58.91987991333008,2.640937328338623
2017-03-24,32.624549865722656,41.508056640625,139.57427978515625,59.01980209350586,2.6503076553344727
2017-03-27,32.68022918701172,41.675559997558594,139.55441284179688,59.12877655029297,2.6695430278778076
2017-03-28,33.35757827758789,41.78092575073242,140.9865264892578,59.30135726928711,2.655733108520508
2017-03-29,33.43182373046875,42.24017333984375,141.87167358398438,59.464847564697266,2.6471028327941895
2017-03-30,33.387733459472656,42.220787048339844,141.63299560546875,59.68281936645508,2.6979031562805176
2017-03-31,33.32511520385742,42.13728713989258,141.2749481201172,59.81907272338867,2.6863129138946533
2017-04-03,33.33439636230469,42.582122802734375,141.50369262695312,59.537506103515625,2.6727499961853027
2017-04-04,33.58259963989258,42.374366760253906,140.95669555664062,59.70098114013672,2.4853267669677734
2017-04-05,33.40861892700195,42.19245910644531,141.0760498046875,59.546592712402344,2.4668309688568115
2017-04-06,33.32511520385742,42.00309753417969,140.3997344970703,59.70098114013672,2.4848337173461914
2017-04-07,33.25088119506836,41.85398864746094,140.0118865966797,59.65557861328125,2.474229574203491
2017-04-10,33.21144485473633,41.834110260009766,140.2704620361328,59.51933670043945,2.411097764968872
2017-04-11,32.85420227050781,41.74364471435547,139.15658569335938,59.47392654418945,2.419729471206665
2017-04-12,32.893638610839844,41.82217788696289,138.8184356689453,59.24684524536133,2.3997535705566406
2017-04-13,32.719661712646484,41.75856399536133,138.62948608398438,58.9925537109375,2.354870557785034
2017-04-17,32.90060043334961,42.50160217285156,140.64840698242188,59.47392654418945,2.4471027851104736
2017-04-18,32.75445556640625,42.444942474365234,140.19090270996094,59.392173767089844,2.4485816955566406
2017-04-19,32.63383102416992,42.570194244384766,141.49374389648438,59.07429885864258,2.4581992626190186
2017-04-20,33.04210662841797,42.74763107299805,143.01541137695312,59.49209976196289,2.497163772583008
2017-04-21,33.0026741027832,42.691463470458984,142.89605712890625,60.30954360961914,2.507521629333496
2017-04-24,33.32047653198242,43.684505462646484,144.67630004882812,61.33589172363281,2.5388405323028564
2017-04-25,33.526920318603516,44.177059173583984,145.69073486328125,61.69010925292969,2.5829837322235107
2017-04-26,33.329750061035156,44.19196319580078,145.76034545898438,61.608360290527344,2.56522798538208
2017-04-27,33.355262756347656,44.306278228759766,146.89413452148438,62.00800704956055,2.605178117752075
2017-04-28,33.322792053222656,45.95042037963867,149.4302215576172,62.18060302734375,2.5721333026885986
2017-05-01,34.00247573852539,46.362945556640625,151.628173828125,63.04343032836914,2.6298389434814453
2017-05-02,34.21820068359375,46.57516860961914,151.94642639160156,62.943538665771484,2.551910638809204
2017-05-03,34.11381912231445,47.13978958129883,150.97174072265625,62.74372863769531,2.5709002017974854
2017-05-04,33.99085998535156,47.451419830322266,150.02694702148438,62.49848556518555,2.561035633087158
2017-05-05,34.5545654296875,47.230743408203125,149.42027282714844,62.671051025390625,2.5612823963165283
2017-05-08,35.494049072265625,47.64873504638672,150.2357940673828,62.61655807495117,2.5344011783599854
2017-05-09,35.72138214111328,47.55031967163086,149.65896606445312,62.707393646240234,2.5385937690734863
2017-05-10,35.55203628540039,47.45738220214844,149.47000122070312,62.95261001586914,2.991121768951416
2017-05-11,35.85951232910156,47.50956726074219,149.22137451171875,62.18060302734375,3.119605779647827
2017-05-12,36.36030578613281,47.472293853759766,149.50978088378906,62.10792541503906,3.153884172439575
2017-05-15,36.26714324951172,47.67507553100586,149.37054443359375,62.15333938598633,3.312206745147705
2017-05-16,36.213558197021484,47.94297409057617,148.96278381347656,63.40480422973633,3.3738601207733154
2017-05-17,34.997676849365234,46.82765579223633,144.0596923828125,61.641807556152344,3.149691581726074
2017-05-18,35.53107452392578,47.24167251586914,146.85435485839844,61.85188293457031,3.281628131866455
2017-05-19,35.65219497680664,47.44793701171875,147.25216674804688,61.8336181640625,3.3574161529541016
2017-05-22,35.86882781982422,47.91613006591797,147.43118286132812,62.52785110473633,3.429008960723877
2017-05-23,35.82456970214844,48.23820114135742,147.2621307373047,62.73796463012695,3.382843255996704
2017-05-24,35.71742248535156,48.58909225463867,149.22137451171875,62.8202018737793,3.4208617210388184
2017-05-25,35.84087371826172,49.29734802246094,151.13088989257812,63.596641540527344,3.4132087230682373
2017-05-26,35.780311584472656,49.36742401123047,151.29995727539062,63.907222747802734,3.5015878677368164
2017-05-30,35.79429244995117,49.51156234741211,151.54861450195312,64.31829833984375,3.5763893127441406
2017-05-31,35.582313537597656,49.06026840209961,150.6336212158203,63.797607421875,3.563551664352417
2017-06-01,35.68014907836914,49.119911193847656,150.70323181152344,64.03511047363281,3.563798427581787
2017-06-02,36.20890808105469,49.50907897949219,152.77188110351562,65.55149841308594,3.5460238456726074
2017-06-05,35.85485076904297,49.8947639465332,152.79176330566406,66.0265121459961,3.6539061069488525
2017-06-06,35.9759635925293,49.53690719604492,151.97625732421875,66.24571990966797,3.637366533279419
2017-06-07,36.19026565551758,49.77647399902344,152.28456115722656,66.12699127197266,3.6813080310821533
2017-06-08,36.10175704956055,49.914642333984375,153.8658905029297,65.72505187988281,3.948420524597168
2017-06-09,34.70185089111328,48.216827392578125,148.7837677001953,64.23609924316406,3.6931586265563965
2017-06-12,33.872623443603516,47.80380630493164,147.6300811767578,63.74280548095703,3.70229172706604
2017-06-13,34.145145416259766,48.235713958740234,149.8578643798828,64.53753662109375,3.737593650817871
2017-06-14,33.81206130981445,48.10797882080078,149.4302215576172,64.19039916992188,3.745494842529297
2017-06-15,33.609405517578125,47.7227897644043,148.982666015625,63.85240936279297,3.7615411281585693
2017-06-16,33.138893127441406,47.6452522277832,149.81809997558594,63.94377136230469,3.743025064468384
2017-06-19,34.0869026184082,48.47031021118164,152.03591918945312,64.73851013183594,3.883739948272705
2017-06-20,33.7771110534668,48.16066360473633,151.4193115234375,63.86157989501953,3.8780622482299805
2017-06-21,33.977439880371094,48.63780212402344,153.0702362060547,64.19039916992188,3.9368174076080322
2017-06-22,33.921539306640625,48.53989028930664,152.56301879882812,64.1812744140625,3.9096620082855225
2017-06-23,34.072933197021484,49.010562896728516,154.22393798828125,65.04906463623047,3.7975833415985107
2017-06-26,33.965789794921875,48.31474304199219,152.75196838378906,64.42791748046875,3.7561094760894775
2017-06-27,33.47896957397461,47.12189483642578,149.7584228515625,63.222103118896484,3.6186039447784424
2017-06-28,33.96812057495117,47.76404571533203,152.40390014648438,63.76107406616211,3.746234178543091
2017-06-29,33.467323303222656,46.61145782470703,150.21588134765625,62.56439971923828,3.6210718154907227
2017-06-30,33.54651641845703,46.20688247680664,150.15621948242188,62.96632766723633,3.5687367916107178
2017-07-03,33.42538833618164,45.69892883300781,147.62013244628906,62.272090911865234,3.439624071121216
2017-07-05,33.56281661987305,46.335113525390625,149.5197296142578,63.103363037109375,3.531459093093872
2017-07-06,33.24602508544922,46.107975006103516,148.00802612304688,62.63750076293945,3.542074203491211
2017-07-07,33.58378601074219,46.760066986083984,150.61370849609375,63.450504302978516,3.623046875
2017-07-10,33.78876495361328,47.26652526855469,152.66249084472656,63.92551040649414,3.7943737506866455
2017-07-11,33.89824295043945,47.39227294921875,154.42283630371094,63.93461608886719,3.848191738128662
2017-07-12,33.94715118408203,48.09455871582031,158.03302001953125,64.99427032470703,4.011865139007568
2017-07-13,34.420005798339844,48.15370559692383,158.3910369873047,65.56062316894531,3.9654541015625
2017-07-14,34.71582794189453,48.55430221557617,159.09718322753906,66.4832534790039,4.072101593017578
2017-07-17,34.836944580078125,48.507083892822266,158.85848999023438,67.00393676757812,4.054821968078613
2017-07-18,34.95806884765625,49.053306579589844,161.971435546875,66.95826721191406,4.097036838531494
2017-07-19,35.177024841308594,49.34257888793945,163.24441528320312,67.46980285644531,4.075804233551025
2017-07-20,35.01863098144531,49.31375503540039,163.63230895996094,67.79866790771484,4.135052680969238
2017-07-21,35.00233459472656,49.39575958251953,163.5328369140625,67.40585327148438,4.149864673614502
2017-07-24,35.42626190185547,49.61792755126953,165.0942840576172,67.23230743408203,4.101726055145264
2017-07-25,35.577659606933594,48.162654876708984,164.37820434570312,67.77127838134766,4.081975936889648
2017-07-26,35.745365142822266,47.97775650024414,164.7064208984375,67.64337921142578,4.129128456115723
2017-07-27,35.069881439208984,47.341575622558594,169.51007080078125,66.83039093017578,3.992856740951538
2017-07-28,34.822975158691406,47.63084030151367,171.50909423828125,66.72076416015625,4.058277606964111
2017-07-31,34.643619537353516,46.9931640625,168.32656860351562,66.41014862060547,4.011865139007568
2017-08-01,34.951087951660156,47.04584503173828,168.93321228027344,66.30055236816406,4.060746192932129
2017-08-02,36.602561950683594,47.09952926635742,168.37628173828125,66.00823211669922,4.058277606964111
2017-08-03,36.23685073852539,46.73471450805664,167.67013549804688,65.90776062011719,4.109873294830322
2017-08-04,36.42786407470703,47.00758361816406,168.69451904296875,66.39191436767578,4.127894401550293
2017-08-07,36.991539001464844,47.00558853149414,171.04165649414062,66.1361312866211,4.254783630371094
2017-08-08,37.287376403808594,46.92805480957031,170.2957305908203,66.49238586425781,4.204176425933838
2017-08-09,37.5156364440918,46.72378921508789,170.24603271484375,66.20006561279297,4.248859405517578
2017-08-10,36.32068634033203,45.90419387817383,166.48663330078125,65.23179626464844,4.06691837310791
2017-08-11,36.82579803466797,46.227264404296875,167.16293334960938,66.22748565673828,3.8501670360565186
2017-08-14,37.3800048828125,46.6666259765625,169.81837463378906,67.22315216064453,4.157271385192871
2017-08-15,37.78923797607422,46.62438201904297,170.06700134277344,67.24151611328125,4.12221622467041
2017-08-16,37.63723373413086,46.932037353515625,169.07244873046875,67.63642120361328,4.0770392417907715
2017-08-17,36.914669036865234,46.106483459472656,165.9993133544922,66.48848724365234,3.9861912727355957
2017-08-18,36.830482482910156,46.03292465209961,166.49659729003906,66.57112121582031,3.9869301319122314
2017-08-21,36.762664794921875,45.769004821777344,166.86456298828125,66.25891876220703,3.92891788482666
2017-08-22,37.36365509033203,46.739688873291016,168.7144317626953,67.1864242553711,4.016386032104492
2017-08-23,37.410396575927734,46.84803771972656,167.7895050048828,66.7823715209961,4.096689701080322
2017-08-24,37.2443733215332,46.56523132324219,166.8247833251953,66.75482177734375,4.081616401672363
2017-08-25,37.38233947753906,46.24763870239258,165.41256713867188,66.87421417236328,4.047519207000732
2017-08-28,37.758846282958984,46.12984848022461,166.3275146484375,66.88335418701172,4.076180458068848
2017-08-29,38.095558166503906,46.50857162475586,167.1331024169922,67.08541107177734,4.069509983062744
2017-08-30,38.198463439941406,46.90021896362305,168.99290466308594,67.9670181274414,4.093723773956299
2017-08-31,38.350467681884766,47.477264404296875,171.03170776367188,68.66497039794922,4.186629295349121
2017-09-01,38.36214065551758,47.315731048583984,171.08143615722656,67.90275573730469,4.211831569671631
2017-09-05,37.90148162841797,46.79336929321289,169.7885284423828,67.59971618652344,4.099406719207764
2017-09-06,37.86172866821289,46.8202018737793,171.1510467529297,67.4068603515625,4.0969367027282715
2017-09-07,37.709720611572266,47.21135711669922,172.2649688720703,68.27008819580078,4.115961074829102
2017-09-08,37.0947151184082,46.78989028930664,170.01727294921875,67.9394760131836,4.044554233551025
2017-09-11,37.76585006713867,46.88331985473633,172.56329345703125,68.65579986572266,4.175756454467773
2017-09-12,37.61618423461914,47.050323486328125,172.01629638671875,68.58232116699219,4.190827369689941
2017-09-13,37.33323287963867,47.23868942260742,172.10581970214844,69.06903076171875,4.20960807800293
2017-09-14,37.01287078857422,46.72626876831055,170.0272216796875,68.66497039794922,4.185640335083008
2017-09-15,37.387020111083984,46.485713958740234,170.70352172851562,69.16087341308594,4.450267791748047
2017-09-18,37.10407257080078,46.21036148071289,169.08241271972656,69.02313995361328,4.634101867675781
2017-09-19,37.11810302734375,46.56373977661133,171.57872009277344,69.28028869628906,4.629159927368164
2017-09-20,36.4960823059082,47.09455490112305,171.23060607910156,68.82112884521484,4.591850280761719
2017-09-21,35.86936950683594,47.095054626464844,170.17640686035156,68.15070343017578,4.466330051422119
2017-09-22,35.518611907958984,46.8818359375,169.6094970703125,68.3343734741211,4.422842502593994
2017-09-25,35.20526123046875,46.43551254272461,161.98135375976562,67.27825164794922,4.2251739501953125
2017-09-26,35.8109245300293,46.59206771850586,163.31405639648438,67.27825164794922,4.248894214630127
2017-09-27,36.0657958984375,47.7088737487793,166.76510620117188,67.82008361816406,4.34204626083374
2017-09-28,35.84365463256836,47.952911376953125,167.80938720703125,67.83847045898438,4.340810775756836
2017-09-29,36.040077209472656,48.395755767822266,169.93771362304688,68.4078598022461,4.4171600341796875
2017-10-02,35.96758270263672,48.08511734008789,168.54534912109375,68.51802825927734,4.422842502593994
2017-10-03,36.124263763427734,48.31424331665039,169.0326690673828,68.1966323852539,4.431986331939697
2017-10-04,35.890419006347656,48.050819396972656,167.50106811523438,68.59150695800781,4.469048023223877
2017-10-05,36.33707046508789,48.96583557128906,170.3057098388672,69.76698303222656,4.466576099395752
2017-10-06,36.31601333618164,49.38581466674805,171.290283203125,69.79454040527344,4.479673385620117
2017-10-09,36.44228744506836,49.31971740722656,171.55880737304688,70.0608901977539,4.580730438232422
2017-10-10,36.45631790161133,49.095558166503906,170.65377807617188,70.0608901977539,4.66819953918457
2017-10-11,36.608333587646484,49.98273849487305,171.79750061035156,70.18024444580078,4.717864513397217
2017-10-12,36.479713439941406,49.98273849487305,171.60855102539062,70.82308959960938,4.720088958740234
2017-10-13,36.71121597290039,50.09307861328125,172.79205322265625,71.16289520263672,4.80804967880249
2017-10-16,37.387020111083984,50.166629791259766,173.56781005859375,71.30982208251953,4.8905768394470215
2017-10-17,37.52499008178711,50.24864196777344,175.1491241455078,71.25471496582031,4.886129379272461
2017-10-18,37.358951568603516,50.33512496948242,175.06954956054688,71.2730941772461,4.881927490234375
2017-10-19,36.47502136230469,49.793373107910156,173.6075897216797,71.54859161376953,4.88736629486084
2017-10-20,36.53816223144531,49.95391082763672,174.02528381347656,72.37509155273438,4.865126132965088
2017-10-23,36.51947021484375,48.98322677612305,170.33554077148438,72.39349365234375,4.858208179473877
2017-10-24,36.736934661865234,49.129852294921875,170.86265563964844,72.42103576660156,4.909108638763428
2017-10-25,36.57558059692383,49.27747344970703,169.669189453125,72.20982360839844,4.78507137298584
2017-10-26,36.809425354003906,49.275474548339844,169.6990203857422,72.3292007446289,4.835229873657227
2017-10-27,38.12831115722656,51.37538146972656,176.90945434570312,76.96685791015625,4.9876813888549805
2017-10-30,38.986507415771484,51.34854507446289,178.88858032226562,77.04031372070312,5.036603927612305
2017-10-31,39.52903366088867,51.34407424926758,179.07754516601562,76.3882827758789,5.109989643096924
2017-11-01,39.026268005371094,51.81922149658203,181.6633758544922,76.3882827758789,5.119625568389893
2017-11-02,39.311561584472656,51.837615966796875,177.94378662109375,77.18726348876953,5.0884928703308105
2017-11-03,40.338138580322266,52.18651580810547,177.94378662109375,77.26993560791016,5.156441688537598
2017-11-06,40.74736785888672,51.82320022583008,179.18698120117188,77.57295227050781,5.1796674728393555
2017-11-07,40.87833023071289,52.30580139160156,179.2665252685547,77.38928985595703,5.238968372344971
2017-11-08,41.21271896362305,52.59904479980469,178.58030700683594,77.65559387207031,5.168055057525635
2017-11-09,41.12854766845703,52.073692321777344,178.32171630859375,77.22398376464844,5.073172569274902
2017-11-10,40.99241638183594,51.896263122558594,177.48629760742188,77.0219497680664,5.340521812438965
2017-11-13,40.82814407348633,51.749637603759766,177.7946014404297,77.0770492553711,5.253793716430664
2017-11-14,40.21092224121094,51.77151107788086,177.09844970703125,77.18726348876953,5.292092323303223
2017-11-15,39.68052673339844,51.511566162109375,176.9790802001953,76.58734130859375,5.188315391540527
2017-11-16,40.15460205078125,52.11096954345703,178.61013793945312,76.79039001464844,5.228590488433838
2017-11-17,39.931636810302734,51.485721588134766,178.0233612060547,76.0520248413086,5.222414493560791
2017-11-20,39.89174270629883,51.42458724975586,177.76478576660156,76.17200469970703,5.289620876312256
2017-11-21,40.63335037231445,52.20193099975586,180.86773681640625,77.27031707763672,5.338296890258789
2017-11-22,41.06047058105469,52.282440185546875,179.88314819335938,76.70731353759766,5.314312934875488
2017-11-24,41.06282043457031,52.511070251464844,181.78273010253906,76.84577178955078,5.364505767822266
2017-11-27,40.856300354003906,53.28095245361328,182.03134155273438,77.40876007080078,5.2947797775268555
2017-11-28,40.61691665649414,52.84755325317383,181.4246826171875,78.3409652709961,5.209969997406006
2017-11-29,39.774391174316406,51.55978012084961,174.17446899414062,76.91958618164062,4.856639385223389
2017-11-30,40.330596923828125,51.499637603759766,176.21327209472656,77.6856460571289,4.962710380554199
2017-12-01,40.142852783203125,50.94795227050781,174.14463806152344,77.76873016357422,4.887793064117432
2017-12-04,39.84950637817383,50.2918815612793,170.53443908691406,74.83370208740234,4.61531400680542
2017-12-05,39.811954498291016,50.67607879638672,171.88702392578125,75.30441284179688,4.6420183181762695
2017-12-06,39.664093017578125,51.32817077636719,175.09938049316406,76.40272521972656,4.679603099822998
2017-12-07,39.73686218261719,51.91714096069336,179.15713500976562,76.13506317138672,4.747102737426758
2017-12-08,39.74858093261719,52.15620040893555,178.0233612060547,77.67643737792969,4.734740257263184
2017-12-11,40.52305221557617,52.28493118286133,178.06314086914062,78.66398620605469,4.813121318817139
2017-12-12,40.2953987121582,52.125885009765625,175.99447631835938,78.98703002929688,4.718669414520264
2017-12-13,40.42918014526367,52.256099700927734,177.32716369628906,78.77474975585938,4.603444576263428
2017-12-14,40.41743850708008,52.55828857421875,177.4166717529297,78.16560363769531,4.610616207122803
2017-12-15,40.82814407348633,53.28045654296875,179.19691467285156,80.15918731689453,4.736471652984619
2017-12-18,41.40311050415039,53.931060791015625,179.83340454101562,79.72540283203125,4.893233776092529
2017-12-19,40.961910247802734,53.667137145996094,178.53054809570312,79.21776580810547,4.848972797393799
2017-12-20,40.91731643676758,53.357994079589844,176.91941833496094,78.931640625,4.866035461425781
2017-12-21,41.072200775146484,53.22330093383789,176.4818115234375,78.91319274902344,4.843534469604492
2017-12-22,41.072200775146484,53.124393463134766,176.233154296875,78.92240905761719,4.828203201293945
2017-12-26,40.03021240234375,52.97479248046875,175.02976989746094,78.82088470458984,4.8818583488464355
2017-12-27,40.03725051879883,52.693973541259766,176.65087890625,79.10700988769531,4.87518310546875
2017-12-28,40.14990234375,52.48274612426758,176.9492645263672,79.11624908447266,4.880870819091797
2017-12-29,39.71572494506836,52.35600280761719,175.49720764160156,78.95011138916016,4.784440994262695
2018-01-02,40.426822662353516,53.340599060058594,180.43014526367188,79.3285140991211,4.929086685180664
2018-01-03,40.419776916503906,54.250640869140625,183.6624298095703,79.69771575927734,5.253488063812256
2018-01-04,40.60752868652344,54.46137619018555,183.32427978515625,80.3991470336914,5.2811808586120605
2018-01-05,41.06985855102539,55.18354797363281,185.8305206298828,81.39596557617188,5.325934886932373
2018-01-08,40.91731643676758,55.37837600708008,187.25271606445312,81.4790267944336,5.489123344421387
2018-01-09,40.91261672973633,55.30780029296875,186.84495544433594,81.42365264892578,5.487640380859375
2018-01-10,40.903228759765625,55.17609405517578,186.81512451171875,81.05445861816406,5.53066349029541
2018-01-11,41.13556671142578,55.271018981933594,186.74549865722656,81.29441833496094,5.540555477142334
2018-01-12,41.56035232543945,56.19547653198242,178.3913116455078,82.6973648071289,5.513358116149902
2018-01-16,41.34913635253906,56.197959899902344,177.4166717529297,81.54365539550781,5.4423933029174805
2018-01-17,42.03207015991211,56.61545944213867,176.63099670410156,83.19573974609375,5.556377410888672
2018-01-18,42.06960678100586,56.45989227294922,178.81898498535156,83.15882873535156,5.549455165863037
2018-01-19,41.88187026977539,56.834144592285156,180.3008575439453,83.06651306152344,5.689650535583496
2018-01-22,41.53923034667969,57.86098861694336,184.35858154296875,84.55249786376953,5.778169631958008
2018-01-23,41.548622131347656,58.45790481567383,188.31689453125,84.82012939453125,5.907237529754639
2018-01-24,40.886802673339844,58.21535873413086,185.53216552734375,84.74630737304688,5.8303399085998535
2018-01-25,40.15694046020508,58.7546272277832,186.4570770263672,85.21704864501953,5.843940258026123
2018-01-26,40.25080871582031,59.024009704589844,188.96331787109375,86.81375122070312,6.016526699066162
2018-01-29,39.41767883300781,58.9703369140625,184.96527099609375,86.6845474243164,6.103560447692871
2018-01-30,39.185333251953125,58.517547607421875,186.0990447998047,85.5954360961914,6.0014424324035645
2018-01-31,39.29329299926758,58.75859832763672,185.8702850341797,87.69056701660156,6.077599048614502
2018-02-01,39.37543487548828,58.727291107177734,192.0364532470703,86.99832916259766,5.94655179977417
2018-02-02,37.666927337646484,55.62638854980469,189.24180603027344,84.70938110351562,5.773965358734131
2018-02-05,36.7258415222168,52.80282211303711,180.27101135253906,81.22061157226562,5.283900737762451
2018-02-06,38.26068878173828,53.898258209228516,184.29891967773438,84.2940673828125,5.577642917633057
2018-02-07,37.44163131713867,52.45590591430664,179.19691467285156,82.70655059814453,5.657260894775391
2018-02-08,36.41136169433594,50.08512496948242,170.6438446044922,78.46095275878906,5.378352642059326
2018-02-09,36.85672378540039,52.001625061035156,175.1491241455078,81.38671875,5.738360404968262
2018-02-12,38.341278076171875,52.413658142089844,175.44747924804688,82.26354217529297,5.638221740722656
2018-02-13,38.725372314453125,52.392784118652344,172.2052764892578,82.9096450805664,5.751959323883057
2018-02-14,39.43936538696289,53.315250396728516,178.54052734375,84.20783233642578,5.969300270080566
2018-02-15,40.76367950439453,54.2426872253418,178.97813415527344,85.92333221435547,6.094903945922852
2018-02-16,40.631710052490234,54.44845199584961,176.3922882080078,85.31131744384766,6.029135704040527
2018-02-20,40.495033264160156,54.85054397583008,175.04965209960938,85.97897338867188,6.1586995124816895
2018-02-21,40.31122589111328,55.35551834106445,176.93930053710938,84.83838653564453,5.971522808074951
2018-02-22,40.6482048034668,55.16415786743164,178.01339721679688,85.0609359741211,5.9910688400268555
2018-02-23,41.35513687133789,56.0682373046875,182.28993225097656,87.22154998779297,6.084592342376709
2018-02-26,42.172813415527344,56.84408950805664,183.92100524902344,88.48268127441406,6.100672721862793
2018-02-27,42.0361213684082,55.54239273071289,180.4699249267578,87.35135650634766,6.0878071784973145
2018-02-28,41.97250747680664,54.866943359375,177.34707641601562,86.95262145996094,5.987359046936035
2018-03-01,41.23731231689453,53.25113296508789,174.9800567626953,86.09952545166016,5.745143413543701
2018-03-02,41.522438049316406,53.88383865356445,175.6563262939453,86.28499603271484,5.85227108001709
2018-03-05,41.666175842285156,54.41167068481445,179.4157257080078,86.83207702636719,5.830252170562744
2018-03-06,41.630836486816406,54.71683883666992,178.7991180419922,86.53533935546875,5.991316795349121
2018-03-07,41.24437713623047,55.41962814331055,182.70767211914062,87.03609466552734,5.983399391174316
2018-03-08,41.69445037841797,56.132354736328125,181.34512329101562,87.56465148925781,5.967071056365967
2018-03-09,42.41080093383789,57.69597625732422,184.2193603515625,89.52124786376953,6.069748401641846
2018-03-12,42.820831298828125,57.94896697998047,183.7519073486328,89.73453521728516,6.179349899291992
2018-03-13,42.408443450927734,56.65571594238281,180.8876495361328,87.5461196899414,6.128631114959717
2018-03-14,42.04791259765625,57.1020393371582,183.18504333496094,87.02680969238281,6.15411376953125
2018-03-15,42.09739685058594,57.187522888183594,182.85684204101562,87.33280944824219,6.1689581871032715
2018-03-16,41.948944091796875,56.382850646972656,184.08010864257812,87.72228240966797,6.197164058685303
2018-03-19,41.308006286621094,54.67559814453125,171.6184844970703,86.13658905029297,5.962618350982666
2018-03-20,41.29385757446289,54.4633674621582,167.23257446289062,86.35916900634766,6.174896240234375
2018-03-21,40.358367919921875,54.3739013671875,168.46578979492188,85.75641632080078,6.149661540985107
2018-03-22,39.78812026977539,52.34358215332031,163.9903564453125,83.26199340820312,5.983646869659424
2018-03-23,38.86674499511719,51.021507263183594,158.5203399658203,80.84174346923828,5.763945579528809
2018-03-26,40.71182632446289,52.390296936035156,159.18667602539062,86.96190643310547,6.048716068267822
2018-03-27,39.667930603027344,50.046852111816406,151.38946533203125,82.96524810791016,5.579624176025391
2018-03-28,39.229637145996094,49.959373474121094,152.19503784179688,82.89105987548828,5.476454257965088
2018-03-29,39.535972595214844,51.547847747802734,158.91815185546875,84.6343765258789,5.729803562164307
2018-04-02,39.27676010131836,50.32965087890625,154.5421600341797,82.08432006835938,5.469030857086182
2018-04-03,39.679725646972656,50.63035583496094,155.2582550048828,83.18781280517578,5.575418472290039
2018-04-04,40.4384880065918,51.178565979003906,154.25376892089844,85.6173324584961,5.597437381744385
2018-04-05,40.718902587890625,51.32419204711914,158.47061157226562,85.66368865966797,5.477196216583252
2018-04-06,39.6773681640625,50.19645690917969,156.34228515625,83.67001342773438,5.300792217254639
2018-04-09,40.07087707519531,50.70043182373047,157.06829833984375,84.17070770263672,5.3294901847839355
2018-04-10,40.82494354248047,51.51604080200195,164.13951110839844,86.12735748291016,5.638755798339844
2018-04-11,40.634056091308594,50.94744873046875,165.41256713867188,85.18148803710938,5.597437381744385
2018-04-12,41.0346565246582,51.55530548095703,162.97592163085938,86.77645874023438,5.804274082183838
2018-04-13,41.173683166503906,51.49317932128906,163.6223602294922,86.31279754638672,5.727577209472656
2018-04-16,41.4305305480957,51.99318313598633,163.9306640625,87.32354736328125,5.727330684661865
2018-04-17,42.00077438354492,53.64626693725586,167.73976135253906,89.08540344238281,5.87701416015625
2018-04-18,41.906532287597656,53.44894790649414,165.4523162841797,89.42852020263672,5.848066329956055
2018-04-19,40.718902587890625,54.14775466918945,167.1828155517578,89.12252044677734,5.666712760925293
2018-04-20,39.05056381225586,53.54487228393555,165.37274169921875,88.09320068359375,5.658550262451172
2018-04-23,38.93744659423828,53.37041473388672,164.93516540527344,88.41777038574219,5.5390496253967285
2018-04-24,38.39547348022461,50.827171325683594,158.81871032714844,86.34988403320312,5.472743034362793
2018-04-25,38.56277084350586,50.844573974609375,158.81871032714844,85.59878540039062,5.360419273376465
2018-04-26,38.69709014892578,51.85451126098633,173.20977783203125,87.40701293945312,5.572203636169434
2018-04-27,38.2493782043457,51.265045166015625,172.64288330078125,88.85359191894531,5.599664688110352
2018-04-30,38.9421501159668,50.62538146972656,171.06153869628906,86.72080993652344,5.564284324645996
2018-05-01,39.84703063964844,51.727272033691406,172.911376953125,88.09320068359375,5.619704723358154
2018-05-02,41.607269287109375,50.99665832519531,175.10934448242188,86.71153259277344,5.599170684814453
2018-05-03,41.68266677856445,51.00907516479492,173.07052612304688,87.23080444335938,5.764441013336182
2018-05-04,43.31802749633789,52.23671340942383,175.6464080810547,88.2415771484375,5.914620399475098
2018-05-07,43.63142395019531,52.657196044921875,176.9989776611328,89.2245101928711,6.152629375457764
2018-05-08,43.841148376464844,52.613956451416016,177.94378662109375,88.8443374633789,6.195184707641602
2018-05-09,44.149837493896484,54.12290573120117,181.6633758544922,89.89217376708984,6.328291893005371
2018-05-10,44.78135681152344,54.94397735595703,184.51773071289062,90.79165649414062,6.435915470123291
2018-05-11,44.61103820800781,54.84010314941406,185.96975708007812,90.59693145751953,6.297366142272949
2018-05-14,44.506961822509766,55.000144958496094,185.6216583251953,90.90291595458984,6.31790018081665
2018-05-15,44.102474212646484,53.92012405395508,183.3143310546875,90.24453735351562,6.075437545776367
2018-05-16,44.51405715942383,53.88135528564453,182.20042419433594,90.47737121582031,6.086571216583252
2018-05-17,44.232574462890625,53.740699768066406,182.7574005126953,89.573974609375,6.128631114959717
2018-05-18,44.07170867919922,53.16316223144531,181.6832733154297,89.74163055419922,6.084839344024658
2018-05-21,44.38396072387695,53.877376556396484,183.4833984375,90.89644622802734,6.042779445648193
2018-05-22,44.27278137207031,53.44497299194336,182.7971649169922,90.8033447265625,6.004678726196289
2018-05-23,44.556636810302734,53.974300384521484,185.8802490234375,91.88365173339844,6.1282124519348145
2018-05-24,44.506961822509766,53.948944091796875,184.91554260253906,91.55770111083984,6.131925582885742
2018-05-25,44.60868835449219,53.880855560302734,183.91102600097656,91.60426330566406,6.171288013458252
2018-05-29,44.447818756103516,53.08512878417969,184.72657775878906,91.27830505371094,6.154206275939941
2018-05-30,44.35319900512695,53.55232620239258,186.64605712890625,92.15373992919922,6.2631354331970215
2018-05-31,44.20417404174805,54.672115325927734,190.73362731933594,92.0512924194336,6.243330001831055
2018-06-01,45.0013427734375,56.41168212890625,192.9315643310547,93.86736297607422,6.377756118774414
2018-06-04,45.377464294433594,57.30830383300781,192.22543334960938,94.68690490722656,6.5567474365234375
2018-06-05,45.72755813598633,57.20790100097656,191.88729858398438,95.17120361328125,6.562192916870117
2018-06-06,45.88605499267578,57.005615234375,190.2960205078125,95.45057678222656,6.564173221588135
2018-06-07,45.76304626464844,56.382850646972656,187.1532745361328,93.95118713378906,6.508471488952637
2018-06-08,45.34670639038086,56.2978630065918,188.0682373046875,94.649658203125,6.49312162399292
2018-06-11,45.23551940917969,56.704917907714844,190.4949188232422,94.1095199584961,6.452026844024658
2018-06-12,45.48392868041992,57.06725311279297,191.35023498535156,94.35163116455078,6.50054931640625
2018-06-13,45.11015701293945,56.870426177978516,191.36019897460938,93.9232406616211,6.49609375
2018-06-14,45.13382339477539,57.65969467163086,195.73617553710938,94.45409393310547,6.607745170593262
2018-06-15,44.67017364501953,57.61794662475586,194.7814178466797,93.252685546875,6.566895961761475
2018-06-18,44.64653015136719,58.826202392578125,197.22799682617188,93.93257141113281,6.562687873840332
2018-06-19,43.92504119873047,58.58315658569336,196.4124755859375,93.93257141113281,6.440886497497559
2018-06-20,44.11664962768555,58.850547790527344,200.89784240722656,94.87318420410156,6.493865966796875
2018-06-21,43.87065505981445,58.1234130859375,200.40060424804688,94.1933364868164,6.365131855010986
2018-06-22,43.742897033691406,58.11595916748047,200.6392822265625,93.5134506225586,6.212630748748779
2018-06-25,43.09238815307617,56.62440490722656,195.2786865234375,91.63221740722656,5.919762134552002
2018-06-26,43.62698745727539,56.29338836669922,197.9142303466797,92.27481842041016,5.990813255310059
2018-06-27,43.56312942504883,55.51406478881836,194.771484375,90.840576171875,5.835591793060303
2018-06-28,43.880096435546875,56.00312805175781,195.15931701660156,91.85570526123047,5.962839603424072
2018-06-29,43.78784942626953,56.12290954589844,193.25978088378906,91.83711242675781,5.864804744720459
2018-07-02,44.27750778198242,56.76506423950195,196.28318786621094,93.14091491699219,5.997002124786377
2018-07-03,43.50635528564453,55.48126220703125,191.67843627929688,92.24686431884766,5.86331844329834
2018-07-05,43.856449127197266,56.72430419921875,197.3672332763672,92.9081039428711,6.009133815765381
2018-07-06,44.464378356933594,57.40969467163086,202.12115478515625,94.21195220947266,6.123012542724609
2018-07-09,45.0817756652832,58.01605224609375,203.62290954589844,94.85456085205078,6.1705451011657715
2018-07-10,45.027374267578125,58.009098052978516,202.429443359375,95.10601043701172,6.26957368850708
2018-07-11,44.44309616088867,58.22381591796875,201.43492126464844,94.9756088256836,6.127964019775391
2018-07-12,45.18822479248047,59.704925537109375,205.79100036621094,97.0338363647461,6.2195634841918945
2018-07-13,45.25918960571289,59.86199188232422,206.18881225585938,98.18865203857422,6.17227840423584
2018-07-16,45.15983963012695,59.468849182128906,206.09933471679688,97.70439910888672,6.1445512771606445
2018-07-17,45.28757858276367,60.29240798950195,208.84426879882812,98.67293548583984,6.280464172363281
2018-07-18,45.03920364379883,60.28396224975586,208.21771240234375,97.89995574951172,6.231198310852051
2018-07-19,45.389286041259766,59.59757995605469,206.9546356201172,97.22940826416016,6.239368915557861
2018-07-20,45.28520965576172,59.53693771362305,208.7945556640625,98.97097778320312,6.211146354675293
2018-07-23,45.325439453125,60.18902587890625,209.75924682617188,100.55421447753906,6.174506187438965
2018-07-24,45.654232025146484,62.532470703125,213.49874877929688,100.26549530029297,6.157177448272705
2018-07-25,46.08475875854492,63.41666793823242,216.3133087158203,103.21776580810547,6.23540735244751
2018-07-26,45.94046401977539,63.891815185546875,175.2982940673828,102.09088134765625,6.308934688568115
2018-07-27,45.17638397216797,62.27103805541992,173.93576049804688,100.28414154052734,6.239121437072754
2018-07-30,44.92329406738281,61.135353088378906,170.12667846679688,98.13278198242188,6.043792724609375
2018-07-31,45.013187408447266,60.99519348144531,171.6383819580078,98.79405212402344,6.061865329742432
2018-08-01,47.6649055480957,61.28197479248047,170.71343994140625,98.98028564453125,6.101723670959473
2018-08-02,49.058189392089844,61.686546325683594,175.40768432617188,100.1816635131836,6.204461097717285
2018-08-03,49.20011901855469,61.53893280029297,176.8100128173828,100.61940002441406,6.24110221862793
2018-08-06,49.455596923828125,61.51457214355469,184.67684936523438,100.70323181152344,6.288881778717041
2018-08-07,48.99195861816406,62.417659759521484,182.80709838867188,101.40168762207031,6.36116886138916
2018-08-08,49.025081634521484,62.69052505493164,184.16961669921875,101.96981811523438,6.397562503814697
2018-08-09,49.41065216064453,62.846092224121094,182.09100341796875,102.13744354248047,6.349040508270264
2018-08-10,49.26348114013672,62.25214767456055,179.27647399902344,101.51345825195312,6.307695388793945
2018-08-13,49.581565856933594,62.0598030090332,179.067626953125,100.77770233154297,6.340622425079346
2018-08-14,49.79045867919922,62.53197479248047,180.121826171875,102.03499603271484,6.472079753875732
2018-08-15,49.90678405761719,61.24370193481445,178.5504608154297,100.65132141113281,6.41390323638916
2018-08-16,50.63791275024414,60.838130950927734,173.74681091308594,100.63265228271484,6.373301982879639
2018-08-17,51.649147033691406,60.43008041381836,172.8517303466797,100.57654571533203,6.060873985290527
2018-08-20,51.145896911621094,60.73326110839844,171.55880737304688,99.91278839111328,6.1356377601623535
2018-08-21,51.04620361328125,60.50761413574219,171.67816162109375,99.08072662353516,6.271305561065674
2018-08-22,51.04857635498047,60.72332000732422,172.69259643554688,100.09040832519531,6.506491184234619
2018-08-23,51.153038024902344,60.69399642944336,171.95663452148438,100.55786895751953,6.606011867523193
2018-08-24,51.312076568603516,61.468849182128906,173.6970672607422,101.34315490722656,6.73920202255249
2018-08-27,51.7346076965332,62.43903350830078,176.4917449951172,102.46504211425781,6.830305576324463
2018-08-28,52.15238571166992,61.921634674072266,175.2982940673828,103.08209991455078,6.792675971984863
2018-08-29,52.93099594116211,62.855533599853516,174.94027709960938,104.7275161743164,6.898195743560791
2018-08-30,53.417633056640625,62.348079681396484,176.6707763671875,104.66207885742188,6.88135290145874
2018-08-31,54.034820556640625,61.22282028198242,174.7711944580078,105.017333984375,6.952442169189453
2018-09-04,54.20810317993164,60.20443344116211,170.22613525390625,104.43767547607422,7.027247428894043
2018-09-05,53.85441207885742,59.59757995605469,166.26785278320312,101.42729949951172,6.896460056304932
2018-09-06,52.95948791503906,58.846580505371094,161.64320373535156,101.66101837158203,6.755270957946777
2018-09-07,52.53220748901367,58.52848815917969,162.15042114257812,101.16553497314453,6.73397159576416
2018-09-10,51.82719421386719,58.40273666381836,163.28419494628906,102.2593994140625,6.805059909820557
2018-09-11,53.137535095214844,59.14479064941406,165.0346221923828,103.99829864501953,6.757255554199219
2018-09-12,52.477603912353516,58.23077392578125,161.1160888671875,104.43767547607422,6.643311977386475
2018-09-13,53.74521255493164,58.7546272277832,160.4796142578125,105.5595703125,6.721090793609619
2018-09-14,53.13515090942383,58.54786682128906,161.4343719482422,105.98965454101562,6.847168922424316
2018-09-17,51.720367431640625,57.64577865600586,159.70387268066406,104.8396987915039,6.785245895385742
2018-09-18,51.805809020996094,58.007606506347656,159.4253692626953,105.84003448486328,6.713162899017334
2018-09-19,51.836669921875,58.36347579956055,162.17031860351562,104.42835998535156,6.736941814422607
2018-09-20,52.23072814941406,59.22331619262695,165.11419677734375,106.17660522460938,6.5957536697387695
2018-09-21,51.66814422607422,58.256614685058594,162.041015625,106.82168579101562,6.525654315948486
2018-09-24,52.411136627197266,58.62639617919922,164.50753784179688,107.20499420166016,6.581385612487793
2018-09-25,52.74346160888672,59.338626861572266,164.01023864746094,106.99931335449219,6.648514270782471
2018-09-26,52.323307037353516,59.34707260131836,166.03909301757812,106.55992889404297,6.611606597900391
2018-09-27,53.39862823486328,60.00811004638672,167.9187774658203,106.96192169189453,6.62349796295166
2018-09-28,53.58616638183594,59.994197845458984,163.5626983642578,106.92454528808594,6.9608635902404785
2018-10-01,53.94699478149414,60.06625747680664,161.55372619628906,108.08380126953125,7.167445659637451
2018-10-02,54.426490783691406,60.022029876708984,158.46066284179688,107.65376281738281,7.096107482910156
2018-10-03,55.088783264160156,60.215362548828125,161.54373168945312,107.67244720458984,7.102299213409424
2018-10-04,54.12027359008789,58.50264358520508,157.98330688476562,105.44739532470703,6.918011665344238
2018-10-05,53.241966247558594,58.043392181396484,156.47157287597656,104.83032989501953,6.684430122375488
2018-10-08,53.118534088134766,57.451446533203125,156.39202880859375,103.63368225097656,6.583120822906494
2018-10-09,53.85441207885742,56.917144775390625,157.0384521484375,104.95187377929688,6.5774245262146
2018-10-10,51.35954284667969,54.282447814941406,150.55404663085938,99.24901580810547,6.085739612579346
2018-10-11,50.90615463256836,54.211875915527344,152.5133056640625,99.0152816772461,5.824168682098389
2018-10-12,52.724491119384766,55.692989349365234,152.90118408203125,102.43699645996094,6.106793403625488
2018-10-15,51.596927642822266,54.79338455200195,152.68240356445312,100.59522247314453,5.830359935760498
2018-10-16,52.73397445678711,56.316253662109375,157.91366577148438,103.7739028930664,6.089207649230957
2018-10-17,52.50609588623047,56.04338836669922,158.5501708984375,103.50279235839844,6.020595073699951
2018-10-18,51.278831481933594,54.568233489990234,154.07473754882812,101.43668365478516,5.933157444000244
2018-10-19,52.059810638427734,54.9295654296875,153.20947265625,101.58623504638672,5.676538467407227
2018-10-22,52.37790298461914,55.237220764160156,153.93551635742188,102.49309539794922,5.727318286895752
2018-10-23,52.87166213989258,55.41316604614258,153.54762268066406,101.06271362304688,5.475655555725098
2018-10-24,51.05807113647461,52.540889739990234,145.24319458007812,95.65898132324219,4.939385414123535
2018-10-25,52.17613220214844,54.85054397583008,150.12640380859375,101.24969482421875,5.148195266723633
2018-10-26,51.34529113769531,53.86445617675781,144.5768280029297,99.99694061279297,4.911642074584961
2018-10-29,50.38154602050781,51.428062438964844,141.3147430419922,97.08938598632812,4.597805023193359
2018-10-30,50.63316345214844,52.16265869140625,145.42221069335938,96.97718811035156,5.028308868408203
2018-10-31,51.952980041503906,54.20391845703125,150.96180725097656,99.85668182373047,5.222257614135742
2018-11-01,52.75059127807617,53.97528839111328,150.9220428466797,99.02461242675781,5.402583122253418
2018-11-02,49.251609802246094,53.25511169433594,149.52967834472656,99.24901580810547,5.323566913604736
2018-11-05,47.85344696044922,52.471805572509766,147.8687744140625,100.51111602783203,5.245541572570801
2018-11-06,48.370941162109375,53.15968704223633,149.1219024658203,100.70742797851562,5.227954864501953
2018-11-07,49.83794021606445,55.0816535949707,150.70323181152344,104.67141723632812,5.295577049255371
2018-11-08,49.66404342651367,54.405208587646484,147.06320190429688,104.47510528564453,5.1023712158203125
2018-11-09,48.70644760131836,53.52996826171875,144.16909790039062,102.43699645996094,5.094444751739502
2018-11-12,46.25290298461914,52.155208587646484,140.77767944335938,99.91278839111328,4.694904327392578
2018-11-13,45.790771484375,52.08612060546875,141.38436889648438,99.97821807861328,4.936907768249512
2018-11-14,44.497314453125,52.414649963378906,143.43312072753906,98.5604248046875,4.884393692016602
2018-11-15,45.595455169677734,53.233245849609375,143.0651397705078,100.72937774658203,5.013199329376221
2018-11-16,46.10044860839844,53.095069885253906,138.76869201660156,101.67770385742188,4.072929859161377
2018-11-19,44.27338790893555,51.06474685668945,130.83226013183594,98.23180389404297,3.5842182636260986
2018-11-20,42.15810012817383,51.21534729003906,131.70745849609375,95.49948120117188,3.6927103996276855
2018-11-21,42.11045837402344,51.86048126220703,134.0843963623047,96.81400299072266,3.5844662189483643
2018-11-23,41.0409049987793,51.19794845581055,131.01124572753906,96.77645111083984,3.591649293899536
2018-11-26,41.5959358215332,52.48224639892578,135.63589477539062,99.96882629394531,3.7910478115081787
2018-11-27,41.50541305541992,52.30033493041992,134.26339721679688,100.59793853759766,3.807891368865967
2018-11-28,43.101402282714844,54.264060974121094,136.01380920410156,104.33488464355469,3.964933156967163
2018-11-29,42.770301818847656,54.40272521972656,137.92333984375,103.46170806884766,3.9017062187194824
2018-11-30,42.53923034667969,55.1517333984375,139.8428192138672,104.11893463134766,4.052210807800293
2018-12-03,44.02565383911133,55.48523712158203,140.3201904296875,105.24565124511719,4.216104030609131
2018-12-04,42.08902359008789,52.806800842285156,137.1774139404297,101.89366912841797,3.8955078125
2018-12-06,41.61974334716797,53.582645416259766,138.86817932128906,102.52275848388672,3.9247655868530273
2018-12-07,40.13572311401367,52.017032623291016,136.6702117919922,98.4195785522461,3.65995717048645
2018-12-10,40.40012741088867,52.345069885253906,141.0760498046875,101.02043914794922,3.7653350830078125
2018-12-11,40.16905975341797,52.76604461669922,141.30477905273438,101.95941162109375,3.6743383407592773
2018-12-12,40.2810173034668,53.3664436340332,143.71157836914062,102.41946411132812,3.691941976547241
2018-12-13,40.72170639038086,53.356998443603516,144.2187957763672,102.7668685913086,3.6916940212249756
2018-12-14,39.4187126159668,52.27200698852539,143.2740020751953,99.55570220947266,3.631195545196533
2018-12-17,39.05186462402344,50.97677993774414,139.4250946044922,96.60742950439453,3.5600345134735107
2018-12-18,39.55925369262695,51.85948181152344,142.87619018554688,97.62149047851562,3.6433446407318115
2018-12-19,38.32533645629883,51.46434783935547,132.51303100585938,97.35858154296875,3.4343249797821045
2018-12-20,37.35820388793945,50.87389373779297,132.67214965820312,95.31171417236328,3.3497753143310547
2018-12-21,35.905128479003906,49.267032623291016,124.26824951171875,92.23196411132812,3.2126598358154297
2018-12-24,34.976131439208984,48.93999481201172,123.38311767578125,88.38232421875,3.1509203910827637
2018-12-26,37.43919372558594,52.08015441894531,133.44789123535156,94.41972351074219,3.300184965133667
2018-12-27,37.19622802734375,52.33115005493164,133.78604125976562,95.0018539428711,3.252331018447876
2018-12-28,37.21527862548828,52.02200698852539,132.47323608398438,94.26007843017578,3.313821792602539
2018-12-31,37.574974060058594,51.9365234375,130.374755859375,95.36802673339844,3.3101024627685547
2019-01-02,37.61785125732422,52.41962432861328,134.93971252441406,94.94552612304688,3.377544403076172
2019-01-03,33.870849609375,50.967830657958984,131.02122497558594,91.45267486572266,3.1734838485717773
2019-01-04,35.3167610168457,53.58214569091797,137.1973114013672,95.7060546875,3.3768012523651123
2019-01-07,35.23814392089844,53.47529220581055,137.29678344726562,95.82811737060547,3.5555708408355713
2019-01-08,35.9099006652832,53.94497299194336,141.75233459472656,96.5229263305664,3.467053174972534
2019-01-09,36.51970672607422,53.76007843017578,143.44305419921875,97.90316772460938,3.5352396965026855
2019-01-10,36.63644027709961,53.61992645263672,143.4132080078125,97.27405548095703,3.6009461879730225
2019-01-11,36.27674102783203,52.90620422363281,143.01541137695312,96.5229263305664,3.6902074813842773
2019-01-14,35.73124313354492,52.26206970214844,144.5967254638672,95.8187255859375,3.730125904083252
2019-01-15,36.46254348754883,54.00163269042969,148.13731384277344,98.59797668457031,3.715993881225586
2019-01-16,36.90799331665039,54.150733947753906,146.73500061035156,98.94538116455078,3.6904547214508057
2019-01-17,37.12714385986328,54.628379821777344,147.49085998535156,99.64021301269531,3.7618637084960938
2019-01-18,37.35582733154297,55.034934997558594,149.22137451171875,101.13311004638672,3.8910446166992188
2019-01-22,36.51734161376953,53.6099853515625,146.76486206054688,99.22708892822266,3.6887192726135254
2019-01-23,36.66502380371094,53.89725875854492,143.5126953125,100.1941909790039,3.7016119956970215
2019-01-24,36.37440490722656,53.87688446044922,145.03431701660156,99.71531677246094,3.9136083126068115
2019-01-25,37.579734802246094,54.747161865234375,148.1969757080078,100.62610626220703,3.970884084701538
2019-01-28,37.231956481933594,53.67111587524414,146.6654052734375,98.6637191772461,3.4219272136688232
2019-01-29,36.84605407714844,53.18403244018555,143.40328979492188,96.65438842773438,3.262993097305298
2019-01-30,39.363922119140625,54.57221221923828,149.5992889404297,99.88432312011719,3.4065544605255127
2019-01-31,39.647377014160156,55.95889663696289,165.78050231933594,98.05337524414062,3.56424880027771
2019-02-01,39.66643524169922,55.59756851196289,164.8058624267578,96.50413513183594,3.588548183441162
2019-02-04,40.79315948486328,56.73076248168945,168.32656860351562,99.2834243774414,3.698884963989258
2019-02-05,41.49112319946289,57.25014877319336,170.22613525390625,100.67302703857422,3.7179768085479736
2019-02-06,41.50541305541992,55.809791564941406,169.55979919433594,99.55570220947266,3.7936007976531982
2019-02-07,40.71932601928711,54.965850830078125,165.47222900390625,98.84211730957031,3.6552460193634033
2019-02-08,40.76716613769531,54.790401458740234,166.4170379638672,99.2176742553711,3.673842191696167
2019-02-11,40.53272247314453,54.77748107910156,164.88540649414062,98.82333374023438,3.631195545196533
2019-02-12,40.88200378417969,56.04288864135742,164.13951110839844,100.3631820678711,3.7482268810272217
2019-02-13,40.71214294433594,56.09507751464844,163.17481994628906,100.28807830810547,3.790625810623169
2019-02-14,40.8604736328125,56.123409271240234,163.0554656982422,100.3725814819336,3.8315367698669434
2019-02-15,40.769561767578125,55.647762298583984,161.61338806152344,101.61198425292969,3.9012110233306885
2019-02-19,40.89156723022461,55.989707946777344,161.40452575683594,101.56503295898438,3.8838541507720947
2019-02-20,41.15473175048828,55.695472717285156,161.67303466796875,101.03697967529297,3.9312117099761963
2019-02-21,40.922672271728516,54.88135528564453,159.1667938232422,103.16805267333984,3.8622829914093018
2019-02-22,41.37959289550781,55.495174407958984,161.0067138671875,104.6390380859375,3.947080612182617
2019-02-25,41.6810302734375,55.533447265625,163.7218017578125,105.22366333007812,3.934683322906494
2019-02-26,41.7049446105957,55.76605224609375,163.2344970703125,105.94976043701172,3.8952596187591553
2019-02-27,41.83413314819336,55.809791564941406,161.9216766357422,105.77059173583984,3.8533568382263184
2019-02-28,41.42264938354492,55.99169921875,160.569091796875,105.63855743408203,3.828784227371216
2019-03-01,41.85805130004883,57.083648681640625,161.3945770263672,106.11003875732422,3.883141279220581
2019-03-04,42.06858444213867,57.32719039916992,166.45680236816406,105.8554458618164,3.891331911087036
2019-03-05,41.992034912109375,58.11098861694336,170.32557678222656,105.327392578125,3.884878396987915
2019-03-06,41.750404357910156,57.89975357055664,171.56875610351562,105.37455749511719,3.7739317417144775
2019-03-07,41.26715850830078,57.199459075927734,168.20721435546875,104.09213256835938,3.7046825885772705
2019-03-08,41.3652458190918,57.15571975708008,168.67462158203125,104.20527648925781,3.7389349937438965
2019-03-11,42.79822540283203,58.61149215698242,171.1311798095703,106.3929214477539,3.99954891204834
2019-03-12,43.279083251953125,59.50562286376953,170.9819793701172,107.13785552978516,4.0338006019592285
2019-03-13,43.47046661376953,59.595584869384766,172.424072265625,107.9676513671875,4.18520450592041
2019-03-14,43.953712463378906,59.27103042602539,169.24151611328125,108.0525131225586,4.109255313873291
2019-03-15,44.525474548339844,59.160194396972656,165.0743865966797,109.29721069335938,4.214741230010986
2019-03-18,44.98000717163086,59.073219299316406,159.59445190429688,110.86251068115234,4.193395137786865
2019-03-19,44.62355422973633,59.76457214355469,160.68844604492188,110.93795013427734,4.361179828643799
2019-03-20,45.013511657714844,60.95592498779297,164.537353515625,110.81535339355469,4.328665733337402
2019-03-21,46.671363830566406,61.43803405761719,165.17384338378906,113.36131286621094,4.565451145172119
2019-03-22,45.70488357543945,60.022525787353516,163.44332885742188,110.37216186523438,4.405609130859375
2019-03-25,45.15224838256836,59.5120849609375,165.3826904296875,110.94737243652344,4.313277721405029
2019-03-26,44.68574905395508,59.137332916259766,166.76510620117188,111.18311309814453,4.389972686767578
2019-03-27,45.08766174316406,58.54935836791992,164.96498107910156,110.10814666748047,4.380789756774902
2019-03-28,45.14747619628906,58.26407241821289,164.64674377441406,110.25901794433594,4.399404048919678
2019-03-29,45.44171905517578,58.49369430541992,165.78050231933594,111.21139526367188,4.456738471984863
2019-04-01,45.750328063964844,59.591609954833984,167.77955627441406,112.2297592163086,4.524250030517578
2019-04-02,46.41538619995117,59.91765213012695,173.24952697753906,112.39009094238281,4.542120933532715
2019-04-03,46.73357009887695,60.17958450317383,172.59312438964844,113.1255874633789,4.681610584259033
2019-04-04,46.81490707397461,60.6090087890625,175.05963134765625,112.55039978027344,4.672675609588623
2019-04-05,47.1282958984375,60.21139144897461,174.76126098632812,113.0501480102539,4.739441871643066
2019-04-08,47.86991500854492,60.05384063720703,173.97555541992188,113.08785247802734,4.760291576385498
2019-04-09,47.726375579833984,59.776004791259766,176.61109924316406,112.47493743896484,4.697495937347412
2019-04-10,47.994300842285156,59.96288299560547,176.8497772216797,113.33301544189453,4.767986297607422
2019-04-11,47.59478759765625,60.11894607543945,176.54148864746094,113.46504974365234,4.754085063934326
2019-04-12,47.575653076171875,60.772029876708984,178.12281799316406,114.04966735839844,4.716111660003662
2019-04-15,47.661781311035156,60.96089553833008,178.6697998046875,114.14396667480469,4.584316253662109
2019-04-16,47.66655731201172,61.22829818725586,177.89405822753906,113.87995147705078,4.6714348793029785
2019-04-17,48.59477615356445,61.6373405456543,177.8045654296875,114.82288360595703,4.6486005783081055
2019-04-18,48.76940155029297,61.70344543457031,177.3072967529297,116.33160400390625,4.624027729034424
2019-04-22,48.92969512939453,62.31428146362305,180.45004272460938,116.6993637084961,4.677889347076416
2019-04-23,49.63542175292969,63.150760650634766,182.7772674560547,118.28353118896484,4.732492446899414
2019-04-24,49.55887222290039,62.62690353393555,181.5838165283203,117.87803649902344,4.744903087615967
2019-04-25,49.10912322998047,62.98923110961914,192.2055206298828,121.7818374633789,4.639168739318848
2019-04-26,48.87466812133789,63.490230560302734,190.44520568847656,122.47964477539062,4.420253276824951
2019-04-29,48.94883346557617,64.42363739013672,193.71726989746094,122.36648559570312,4.4510297775268555
2019-04-30,48.00625991821289,59.59061813354492,192.34475708007812,123.14915466308594,4.492480754852295
2019-05-01,50.36268997192383,58.316261291503906,191.976806640625,120.58428192138672,4.479326248168945
2019-05-02,50.03493881225586,57.977787017822266,191.4795379638672,119.00958251953125,4.546836853027344
2019-05-03,50.65694046020508,59.122920989990234,194.4034881591797,121.54612731933594,4.542369365692139
2019-05-06,49.87464904785156,59.317256927490234,192.82215881347656,120.83891296386719,4.4639363288879395
2019-05-07,48.53018569946289,58.591609954833984,188.73460388183594,118.35895538330078,4.2966485023498535
2019-05-08,48.53974914550781,58.19001770019531,188.50582885742188,118.34952545166016,4.316752910614014
2019-05-09,48.01823043823242,58.05034637451172,187.62069702148438,118.3401107788086,4.224172115325928
2019-05-10,47.35301208496094,58.03395080566406,187.31239318847656,119.87709045410156,4.190168380737305
2019-05-13,44.60087585449219,56.49070358276367,180.5494842529297,116.31273651123047,3.9327821731567383
2019-05-14,45.30692672729492,55.90769958496094,179.74391174316406,117.61402893066406,4.021886348724365
2019-05-15,45.84966278076172,58.19101333618164,185.2537078857422,119.27027893066406,3.9608280658721924
2019-05-16,45.647945404052734,58.87192153930664,185.96975708007812,122.0244369506836,3.975968599319458
2019-05-17,45.388572692871094,58.09061050415039,184.28897094726562,121.21051025390625,3.8851265907287598
2019-05-20,43.96928024291992,56.89179992675781,181.72305297851562,119.45958709716797,3.7664847373962402
2019-05-21,44.81221389770508,57.37788772583008,183.81158447265625,120.10315704345703,3.8486404418945312
2019-05-22,43.89482116699219,57.44796371459961,184.30886840820312,120.83191680908203,3.7776546478271484
2019-05-23,43.14556884765625,56.92559814453125,179.88314819335938,119.42172241210938,3.6565310955047607
2019-05-24,42.979854583740234,56.591102600097656,180.0720977783203,119.478515625,3.6026711463928223
2019-05-28,42.802146911621094,56.63832092285156,183.30438232421875,119.40279388427734,3.5574986934661865
2019-05-29,42.598026275634766,55.66317367553711,181.1959686279297,118.24813842773438,3.4832849502563477
2019-05-30,42.81895446777344,55.73623275756836,182.01145935058594,118.9958267211914,3.456697463989258
2019-05-31,42.043270111083984,54.995174407958984,176.50172424316406,117.05562591552734,3.365999698638916
2019-06-03,41.61820602416992,51.62737274169922,163.25437927246094,113.4212646484375,3.324253797531128
2019-06-04,43.1407585144043,52.41017532348633,166.5861053466797,116.56346893310547,3.553359270095825
2019-06-05,43.83719253540039,51.92061233520508,167.25242614746094,119.09046173095703,3.5106189250946045
2019-06-06,44.48080825805664,52.07569122314453,167.41156005859375,120.97386932373047,3.5727405548095703
2019-06-07,45.66474151611328,53.100040435791016,172.40419006347656,124.36209869384766,3.615480661392212
2019-06-10,46.24830627441406,53.81525421142578,173.86614990234375,125.49785614013672,3.6882874965667725
2019-06-11,46.78384780883789,53.72976303100586,177.12826538085938,125.02462768554688,3.7459349632263184
2019-06-12,46.63495635986328,53.63334655761719,174.0849609375,124.44734191894531,3.6328747272491455
2019-06-13,46.62535095214844,54.22529602050781,176.50172424316406,125.23287200927734,3.684063196182251
2019-06-14,46.286739349365234,53.99119567871094,180.3406524658203,125.35588836669922,3.5941100120544434
2019-06-17,46.56291580200195,54.368431091308594,187.97874450683594,125.73448181152344,3.6038012504577637
2019-06-18,47.65800094604492,54.93254852294922,187.44168090820312,127.9207534790039,3.798863410949707
2019-06-19,47.518707275390625,54.896263122558594,186.4570770263672,128.42234802246094,3.8048276901245117
2019-06-20,47.90055847167969,55.32817840576172,188.4959259033203,129.6148681640625,3.82917857170105
2019-06-21,47.73725509643555,55.93305206298828,190.09710693359375,129.6337890625,3.7710330486297607
2019-06-24,47.68923568725586,55.502132415771484,191.54916381835938,130.4004364013672,3.7933969497680664
2019-06-25,46.96636962890625,54.05481719970703,187.80967712402344,126.28337860107422,3.764075756072998
2019-06-26,47.98221206665039,53.693973541259766,186.63609313964844,126.75664520263672,3.957397937774658
2019-06-27,47.967796325683594,53.510581970214844,188.46604919433594,126.96484375,4.056046009063721
2019-06-28,47.53071594238281,53.817237854003906,191.94696044921875,126.78502655029297,4.080895900726318
2019-07-01,48.40248489379883,54.672115325927734,191.94696044921875,128.41287231445312,4.1291022300720215
2019-07-02,48.68585205078125,55.29835891723633,193.93603515625,129.2646942138672,4.031198024749756
2019-07-03,49.08930587768555,55.814762115478516,196.12405395507812,130.0975799560547,4.044119834899902
2019-07-05,49.04607391357422,56.295875549316406,195.32839965820312,129.71897888183594,3.981501579284668
2019-07-08,48.035037994384766,55.50660705566406,194.69190979003906,129.6243438720703,3.9064581394195557
2019-07-09,48.32802963256836,55.879371643066406,198.12310791015625,129.15115356445312,3.908942699432373
2019-07-10,48.80593490600586,56.705421447753906,201.6239013671875,130.46665954589844,3.9772772789001465
2019-07-11,48.450504302978516,56.862972259521484,200.13204956054688,130.9871826171875,4.1318359375
2019-07-12,48.8227424621582,56.92559814453125,203.75218200683594,131.46044921875,4.164884090423584
2019-07-15,49.281429290771484,57.182559967041016,202.7974395751953,131.46044921875,4.156435966491699
2019-07-16,49.11091232299805,57.32917785644531,202.7278289794922,129.7379150390625,4.15171480178833
2019-07-17,48.834739685058594,56.995182037353516,200.69894409179688,128.9712371826172,4.217066287994385
2019-07-18,49.38948440551758,57.02003479003906,199.68453979492188,129.11328125,4.228744983673096
2019-07-19,48.6522331237793,56.240211486816406,197.27772521972656,129.3025665283203,4.185508728027344
2019-07-22,49.76412582397461,56.62092590332031,201.21609497070312,131.0155792236328,4.257072925567627
2019-07-23,50.153167724609375,57.06029510498047,201.25588989257812,131.8295135498047,4.364917278289795
2019-07-24,50.11234664916992,56.64677047729492,203.54335021972656,133.18295288085938,4.439461708068848
2019-07-25,49.71609878540039,56.45840072631836,199.6149139404297,132.6813507080078,4.308260440826416
2019-07-26,49.88901138305664,61.889827728271484,198.66012573242188,133.76974487304688,4.350254535675049
2019-07-29,50.354896545410156,61.721832275390625,194.87094116210938,133.47634887695312,4.344042778015137
2019-07-30,50.138771057128906,61.03395462036133,195.96493530273438,132.832763671875,4.3596978187561035
2019-07-31,51.16181182861328,60.546878814697266,193.1702423095703,128.9712371826172,4.1924662590026855
2019-08-01,50.05471420288086,60.2277946472168,191.67843627929688,130.6654510498047,4.098042964935303
2019-08-02,48.99564743041992,59.45940399169922,187.98866271972656,129.56752014160156,4.005354881286621
2019-08-05,46.43083190917969,57.393287658691406,180.7384490966797,125.12876892089844,3.7469303607940674
2019-08-06,47.309791564941406,58.20492172241211,183.50328063964844,127.47590637207031,3.785694122314453
2019-08-07,47.79969024658203,58.44498825073242,184.13980102539062,128.0343475341797,3.823960542678833
2019-08-08,48.85395050048828,59.9499626159668,189.12245178222656,131.45095825195312,3.932549476623535
2019-08-09,48.45137405395508,59.090614318847656,186.82505798339844,130.33412170410156,3.8311667442321777
2019-08-12,48.32844161987305,58.374900817871094,184.35858154296875,128.51699829101562,3.7633297443389893
2019-08-13,50.37506103515625,59.479774475097656,187.42178344726562,131.17649841308594,3.8776345252990723
2019-08-14,48.87565612792969,57.86546325683594,178.72947692871094,127.2262191772461,3.7290384769439697
2019-08-15,48.632179260253906,58.11745071411133,181.59378051757812,126.94133758544922,3.696735143661499
2019-08-16,49.779640197753906,58.60900115966797,182.6977081298828,129.267822265625,3.9648525714874268
2019-08-19,50.707740783691406,59.6641731262207,185.15423583984375,131.43287658691406,4.243655204772949
2019-08-20,50.71014404296875,58.8237190246582,182.80709838867188,130.34083557128906,4.171344757080078
2019-08-21,51.2597770690918,59.22381591796875,182.5485382080078,131.79371643066406,4.254836082458496
2019-08-22,51.21638107299805,59.220829010009766,181.0467529296875,130.83460998535156,4.261049270629883
2019-08-23,48.8491325378418,57.335147857666016,176.78018188476562,126.66593170166016,4.036417007446289
2019-08-26,49.77722930908203,58.209896087646484,179.37594604492188,128.62213134765625,4.111211776733398
2019-08-27,49.21554946899414,58.19200134277344,180.310791015625,128.89749145507812,4.020513534545898
2019-08-28,49.545806884765625,58.337623596191406,180.76828002929688,128.72654724121094,4.010066986083984
2019-08-29,50.384700775146484,59.35602569580078,184.55752563476562,131.15750122070312,4.153834342956543
2019-08-30,50.31962585449219,59.171627044677734,184.65695190429688,130.91061401367188,4.166520118713379
2019-09-03,49.586788177490234,58.12887954711914,181.39486694335938,129.1823272705078,4.083442211151123
2019-09-04,50.42810821533203,58.76108932495117,186.11892700195312,130.69223022460938,4.197610855102539
2019-09-05,51.414058685302734,60.2481689453125,189.85842895507812,132.99020385742188,4.470720291137695
2019-09-06,51.409236907958984,59.956424713134766,186.46702575683594,132.08810424804688,4.443608283996582
2019-09-09,51.62860107421875,59.904232025146484,187.7301025390625,130.5877227783203,4.489623069763184
2019-09-10,52.238487243652344,59.92560958862305,185.15423583984375,129.2203369140625,4.5562825202941895
2019-09-11,53.89942169189453,60.63634490966797,187.46156311035156,129.25836181640625,4.584887981414795
2019-09-12,53.77888488769531,61.3803825378418,186.44712829589844,130.5877227783203,4.583395004272461
2019-09-13,52.732669830322266,61.631874084472656,186.16868591308594,130.39784240722656,4.5254411697387695
2019-09-16,53.0098991394043,61.214378356933594,185.20396423339844,129.4577178955078,4.48240852355957
2019-09-17,53.20273971557617,61.12739562988281,187.05381774902344,130.4643096923828,4.5038018226623535
2019-09-18,53.70174789428711,61.26506805419922,187.1134796142578,131.537353515625,4.476689338684082
2019-09-19,53.26542663574219,61.56825637817383,189.1025390625,133.9588165283203,4.40107536315918
2019-09-20,52.486785888671875,61.12541198730469,188.89373779296875,132.4109344482422,4.295362949371338
2019-09-23,52.725433349609375,61.3664665222168,185.8007049560547,132.12603759765625,4.348841667175293
2019-09-24,52.474735260009766,60.553340911865234,180.29090881347656,130.45481872558594,4.291383266448975
2019-09-25,53.282291412353516,61.92560958862305,181.80259704589844,132.33499145507812,4.43316125869751
2019-09-26,53.007484436035156,61.744197845458984,179.12728881835938,132.50592041015625,4.41102409362793
2019-09-27,52.749549865722656,60.932071685791016,176.1337127685547,130.78717041015625,4.272230625152588
2019-09-30,53.991024017333984,60.69300079345703,177.10836791992188,132.0216064453125,4.329688549041748
2019-10-01,54.140472412109375,59.940513610839844,174.85076904296875,130.16043090820312,4.327948093414307
2019-10-02,52.78329849243164,58.54488754272461,173.64735412597656,127.8624267578125,4.304068565368652
2019-10-03,53.23167419433594,59.11695098876953,178.4012908935547,129.41026306152344,4.509769439697266
2019-10-04,54.7238655090332,60.187034606933594,179.46543884277344,131.15750122070312,4.526186943054199
2019-10-07,54.735897064208984,60.05234146118164,178.6996307373047,130.20785522460938,4.584887981414795
2019-10-08,54.094669342041016,59.1517448425293,176.78018188476562,128.8310089111328,4.408287525177002
2019-10-09,54.72867965698242,59.76158905029297,178.8687286376953,131.27146911621094,4.494846820831299
2019-10-10,55.46633529663086,60.112979888916016,179.04771423339844,132.08810424804688,4.552552223205566
2019-10-11,56.941646575927734,60.42312240600586,183.18504333496094,132.63885498046875,4.6261773109436035
2019-10-14,56.859676361083984,60.525508880615234,182.27999877929688,132.51541137695312,4.639609336853027
2019-10-15,56.72709274291992,61.74171447753906,187.859375,134.43360900878906,4.88436222076416
2019-10-16,56.498077392578125,61.77949142456055,188.51580810546875,133.33209228515625,4.830636024475098
2019-10-17,56.71746063232422,62.26656723022461,189.35121154785156,132.64837646484375,4.832625389099121
2019-10-18,56.989864349365234,61.84956741333008,184.8359832763672,130.48324584960938,4.738107681274414
2019-10-21,57.97821044921875,61.84310531616211,188.72462463378906,131.45187377929688,4.8754072189331055
2019-10-22,57.84563064575195,61.690025329589844,181.34512329101562,129.49571228027344,4.865457534790039
2019-10-23,58.62185287475586,62.506629943847656,185.13433837890625,130.3218536376953,4.8525238037109375
2019-10-24,58.71828079223633,62.58018493652344,185.36309814453125,132.8857879638672,4.896551132202148
2019-10-25,59.441471099853516,62.838138580322266,186.86483764648438,133.63592529296875,5.087575912475586
2019-10-28,60.03689193725586,64.06478118896484,188.36659240722656,136.92152404785156,5.143540859222412
2019-10-29,58.64836502075195,62.6572265625,188.277099609375,135.63006591796875,5.047282695770264
2019-10-30,58.641136169433594,62.659210205078125,187.22286987304688,137.32040405273438,5.049271583557129
2019-10-31,59.966976165771484,62.56477737426758,190.6043243408203,136.14288330078125,5.0000224113464355
2019-11-01,61.66889953613281,63.2332649230957,192.56356811523438,136.47518920898438,5.039073467254639
2019-11-04,62.07389450073242,64.0960922241211,193.6575927734375,137.26339721679688,5.235821723937988
2019-11-05,61.98469543457031,64.18704986572266,193.25978088378906,137.17788696289062,5.213684558868408
2019-11-06,62.01120376586914,64.16568756103516,190.5048828125,136.79806518554688,5.164434432983398
2019-11-07,62.726898193359375,64.95742797851562,189.38104248046875,136.98797607421875,5.182093620300293
2019-11-08,62.8985710144043,65.05982208251953,189.79876708984375,138.602294921875,5.168166637420654
2019-11-11,63.396663665771484,64.52700805664062,188.57546997070312,138.74472045898438,5.178115367889404
2019-11-12,63.33863067626953,64.47382354736328,193.40895080566406,139.6563262939453,5.213684558868408
2019-11-13,63.945491790771484,64.42263793945312,192.13592529296875,139.8842315673828,5.187815189361572
2019-11-14,63.503047943115234,65.0672607421875,192.0961456298828,140.59646606445312,5.218161582946777
2019-11-15,64.25740814208984,66.27950286865234,194.0355224609375,142.41014099121094,5.07887077331543
2019-11-18,64.58141326904297,65.59857940673828,196.3229522705078,142.76148986816406,5.280096530914307
2019-11-19,64.38555908203125,65.23825073242188,198.2324981689453,142.80902099609375,5.173389911651611
2019-11-20,63.63602066040039,64.70494079589844,196.43235778808594,142.56126403808594,5.252735137939453
2019-11-21,63.3507194519043,64.61945343017578,196.8500518798828,142.42782592773438,5.227860450744629
2019-11-22,63.29508972167969,64.29789733886719,197.7352294921875,142.5326690673828,5.245521068572998
2019-11-25,64.40489196777344,64.89281463623047,198.69989013671875,144.09527587890625,5.502214431762695
2019-11-26,63.90199279785156,65.25862884521484,197.88438415527344,144.85755920410156,5.397497653961182
2019-11-27,64.76032257080078,65.21537780761719,200.89784240722656,145.1339111328125,5.432344436645508
2019-11-29,64.61766815185547,64.8157730102539,200.5398406982422,144.23825073242188,5.3950090408325195
2019-12-02,63.870567321777344,64.05882263183594,198.6104278564453,142.4945831298828,5.2085700035095215
2019-12-03,62.73175048828125,64.35106658935547,197.7352294921875,142.26588439941406,5.168991565704346
2019-12-04,63.28541946411133,65.55384826660156,197.62582397460938,142.78041076660156,5.212801933288574
2019-12-05,64.21387481689453,65.95246124267578,198.2722625732422,142.85662841796875,5.195876121520996
2019-12-06,65.45426940917969,66.57025146484375,199.9530487060547,144.59078979492188,5.281251907348633
2019-12-09,64.53788757324219,66.74917602539062,200.24147033691406,144.2191619873047,5.281251907348633
2019-12-10,64.91508483886719,66.74421691894531,199.77403259277344,144.00001525878906,5.326307773590088
2019-12-11,65.46875762939453,66.81180572509766,201.1564178466797,144.54312133789062,5.409942626953125
2019-12-12,65.63560485839844,67.02254486083984,195.67649841308594,146.0104522705078,5.577463626861572
2019-12-13,66.52778625488281,66.94203186035156,193.05091857910156,147.23959350585938,5.575472354888916
2019-12-16,67.66659545898438,67.62940216064453,196.84010314941406,148.1924285888672,5.604345798492432
2019-12-17,67.79959869384766,67.34063720703125,197.3075714111328,147.39208984375,5.682506084442139
2019-12-18,67.63761138916016,67.19252014160156,201.3951416015625,147.08714294433594,5.712874412536621
2019-12-19,67.7052993774414,67.41767120361328,204.93569946289062,148.36398315429688,5.860979080200195
2019-12-20,67.56507110595703,67.15821838378906,205.17440795898438,149.9837188720703,5.958306312561035
2019-12-23,68.66761779785156,67.12891387939453,205.05502319335938,149.9837188720703,5.944614887237549
2019-12-24,68.73291778564453,66.82074737548828,204.00083923339844,149.95513916015625,5.939637660980225
2019-12-26,70.0965576171875,67.71736907958984,206.65628051757812,151.18429565429688,5.953824996948242
2019-12-27,70.06997680664062,67.32820892333984,206.96458435058594,151.4606170654297,5.896076679229736
2019-12-30,70.48583984375,66.5861587524414,203.29470825195312,150.15525817871094,5.7828192710876465
2019-12-31,71.00083923339844,66.57025146484375,204.130126953125,150.2600555419922,5.856995105743408
2020-01-02,72.620849609375,68.02601623535156,208.6354217529297,153.0422821044922,5.971745491027832
2020-01-03,71.9148178100586,67.67015838623047,207.53146362304688,151.13665771484375,5.876163959503174
2020-01-06,72.48784637451172,69.47383880615234,211.44003295898438,151.5272979736328,5.9008049964904785
2020-01-07,72.14694213867188,69.33965301513672,211.89749145507812,150.14572143554688,5.9722442626953125
2020-01-08,73.30752563476562,69.83317565917969,214.0457305908203,152.5372772216797,5.983445644378662
2020-01-09,74.86461639404297,70.56629180908203,217.1089324951172,154.44296264648438,6.049160957336426
2020-01-10,75.03386688232422,71.02205657958984,216.8702392578125,153.7283172607422,6.081518173217773
2020-01-13,76.63692474365234,71.57225799560547,220.69923400878906,155.5768280029297,6.272188186645508
2020-01-14,75.60208892822266,71.10308074951172,217.86476135253906,154.4810791015625,6.155198574066162
2020-01-15,75.27808380126953,71.531005859375,219.943359375,155.4814910888672,6.112633228302002
2020-01-16,76.22106170654297,72.07574462890625,220.5600128173828,158.33047485351562,6.1962690353393555
2020-01-17,77.06488800048828,73.53498840332031,220.927978515625,159.21656799316406,6.204981327056885
2020-01-21,76.5426254272461,73.67066955566406,220.23179626464844,158.64491271972656,6.171626567840576
2020-01-22,76.81587219238281,73.75118255615234,220.11245727539062,157.88259887695312,6.225640773773193
2020-01-23,77.18577575683594,73.79193878173828,218.56094360351562,158.85452270507812,6.294091701507568
2020-01-24,76.96334838867188,72.87147521972656,216.7509002685547,157.25379943847656,6.234850883483887
2020-01-27,74.7002182006836,71.15973663330078,213.6976318359375,154.6239471435547,5.978966236114502
2020-01-28,76.81342315673828,72.09263610839844,216.60171508789062,157.6539764404297,6.172372817993164
2020-01-29,78.42130279541016,72.40078735351562,222.01202392578125,160.1122283935547,6.111886501312256
2020-01-30,78.30767059326172,72.27901458740234,208.38677978515625,164.6285858154297,6.1186089515686035
2020-01-31,74.83562469482422,71.2119140625,200.808349609375,162.19891357421875,5.885124206542969
2020-02-03,74.6301040649414,73.68805694580078,203.07591247558594,166.1531524658203,5.982202529907227
2020-02-04,77.09390258789062,71.83965301513672,208.6851348876953,171.622314453125,6.151463508605957
2020-02-05,77.7225341796875,71.87146759033203,208.96360778808594,171.41273498535156,6.241820335388184
2020-02-06,78.63166809082031,73.35853576660156,209.6995849609375,174.9667510986328,6.328692436218262
2020-02-07,77.56285858154297,73.51461791992188,211.17152404785156,175.21446228027344,6.262481212615967
2020-02-10,77.93124389648438,74.9832992553711,211.89749145507812,179.79757690429688,6.545747756958008
2020-02-11,77.4610595703125,75.0528793334961,206.05955505371094,175.73851013183594,6.668213367462158
2020-02-12,79.30058288574219,75.47883605957031,209.6100616455078,175.9958038330078,6.783959865570068
2020-02-13,78.73587799072266,75.21839141845703,211.97708129882812,175.04298400878906,6.7401509284973145
2020-02-14,78.75528717041016,75.48379516601562,213.0113983154297,176.60557556152344,7.213341236114502
2020-02-18,77.313232421875,75.51908874511719,216.61166381835938,178.3968963623047,7.382105827331543
2020-02-19,78.43290710449219,75.7889633178711,216.3033447265625,178.9319305419922,7.833390712738037
2020-02-20,77.62830352783203,75.39730834960938,213.40921020507812,176.19943237304688,7.684040546417236
2020-02-21,75.87117767333984,73.73080444335938,209.03321838378906,170.62933349609375,7.319875717163086
2020-02-24,72.26726531982422,70.56976318359375,199.6248321533203,163.27252197265625,6.802380084991455
2020-02-25,69.81938934326172,68.90277099609375,195.6964111328125,160.57821655273438,6.522847652435303
2020-02-26,70.92699432373047,69.1090316772461,196.12405395507812,162.58460998535156,6.662240982055664
2020-02-27,66.29063415527344,65.35553741455078,188.71470642089844,151.12904357910156,6.291381359100342
2020-02-28,66.25183868408203,66.56330108642578,191.41986083984375,154.78836059570312,6.726498603820801
2020-03-02,72.4199447631836,68.90277099609375,195.3682098388672,165.08782958984375,6.884903907775879
2020-03-03,70.11994934082031,66.48725128173828,184.87576293945312,157.1769256591797,6.622389793395996
2020-03-04,73.3724365234375,68.66817474365234,190.71371459960938,162.94769287109375,7.086148262023926
2020-03-05,70.99243927001953,65.34609985351562,184.15969848632812,158.8584747314453,6.806699275970459
2020-03-06,70.0496826171875,64.40076446533203,180.10194396972656,154.3679962158203,6.626125335693359
2020-03-09,64.50929260253906,60.42709732055664,168.57518005371094,143.90609741210938,6.113051891326904
2020-03-10,69.15535736083984,63.37839889526367,177.21778869628906,153.7469482421875,6.502588748931885
2020-03-11,66.75354766845703,60.184051513671875,169.3111572265625,146.7819061279297,6.138706684112549
2020-03-12,60.161319732666016,55.24617004394531,153.62718200683594,132.86138916015625,5.3875250816345215
2020-03-13,67.36914825439453,60.3515510559082,169.35093688964844,151.75013732910156,5.9984822273254395
2020-03-16,58.702308654785156,53.33015823364258,145.21334838867188,129.38360595703125,4.891636848449707
2020-03-17,61.28345489501953,55.569725036621094,148.604736328125,140.03659057617188,5.411435604095459
2020-03-18,59.78323745727539,54.2342414855957,146.15817260742188,134.1416015625,5.051537036895752
2020-03-19,59.32517623901367,55.252132415771484,152.29449462890625,136.34866333007812,5.3043389320373535
2020-03-20,55.55887985229492,53.09208679199219,148.91305541992188,131.2275848388672,5.124512195587158
2020-03-23,54.37858200073242,52.39228439331055,147.29196166992188,129.9186553955078,5.297364234924316
2020-03-24,59.83413314819336,56.16366958618164,160.1016845703125,141.72767639160156,6.206202983856201
2020-03-25,59.5045280456543,54.752628326416016,155.3577117919922,140.37098693847656,6.117534637451172
2020-03-26,62.635826110839844,57.79935836791992,162.44879150390625,149.15135192871094,6.406949996948242
2020-03-27,60.042572021484375,55.18205261230469,155.9345245361328,143.0270538330078,6.294620037078857
2020-03-30,61.75605773925781,56.97380828857422,165.04454040527344,153.08766174316406,6.614917755126953
2020-03-31,61.630027770996094,57.75114440917969,165.88992309570312,150.68002319335938,6.5653533935546875
2020-04-01,58.38723373413086,54.776485443115234,158.7292022705078,145.32965087890625,6.054022789001465
2020-04-02,59.361534118652344,55.51853942871094,157.32688903808594,148.33924865722656,6.362863540649414
2020-04-03,58.5084114074707,54.30928421020508,153.33876037597656,146.9729766845703,6.074944972991943
2020-04-06,63.61253356933594,58.806819915771484,164.64674377441406,157.9030303955078,6.684904098510742
2020-04-07,62.875770568847656,58.7755012512207,167.90884399414062,156.2023468017578,6.451530456542969
2020-04-08,64.48505401611328,59.99021530151367,173.3291015625,157.769287109375,6.6487908363342285
2020-04-09,64.95036315917969,59.96884536743164,174.234130859375,157.77883911132812,6.549163818359375
2020-04-13,66.22518920898438,60.15970230102539,173.83631896972656,158.13235473632812,6.721019268035889
2020-04-14,69.5698013305664,62.88436508178711,177.1978759765625,165.95724487304688,7.072201251983643
2020-04-15,68.9347915649414,62.49022674560547,176.00442504882812,164.21841430664062,6.994741916656494
2020-04-16,69.48255157470703,62.49668502807617,175.28834533691406,169.1483917236328,7.3399457931518555
2020-04-17,68.53974151611328,63.568756103515625,178.26206970214844,170.63882446289062,7.280669212341309
2020-04-20,67.1170654296875,62.68157958984375,177.2675018310547,167.25665283203125,7.149410247802734
2020-04-21,65.04246520996094,60.24668502807617,169.8680877685547,160.3394317626953,6.712551116943359
2020-04-22,66.91593170166016,62.54539489746094,181.2854461669922,165.78526306152344,7.1269941329956055
2020-04-23,66.65660858154297,63.179588317871094,184.1199188232422,163.7788848876953,7.073694705963135
2020-04-24,68.58094024658203,63.4494743347168,189.032958984375,166.76939392089844,7.212673664093018
2020-04-27,68.62944030761719,63.164180755615234,186.4769744873047,166.2916717529297,7.399223804473877
2020-04-28,67.5169677734375,61.26209259033203,181.9120330810547,162.24070739746094,7.256758213043213
2020-04-29,69.7345962524414,66.70892333984375,193.1304931640625,169.52098083496094,7.43359375
2020-04-30,71.20572662353516,66.9335708618164,203.5930633544922,171.22166442871094,7.279671669006348
2020-05-01,70.0593490600586,65.47332763671875,201.16639709472656,166.7884979248047,7.043059825897217
2020-05-04,71.05062103271484,65.75067138671875,204.14007568359375,170.86819458007812,7.255013942718506
2020-05-05,72.11699676513672,67.04888916015625,205.94021606445312,172.70257568359375,7.316036224365234
2020-05-06,72.86103820800781,66.8704605102539,207.33258056640625,174.40322875976562,7.416905879974365
2020-05-07,73.61478424072266,68.05584716796875,210.10733032226562,175.41598510742188,7.593245506286621
2020-05-08,75.36695098876953,68.80436706542969,211.19139099121094,176.44784545898438,7.7832818031311035
2020-05-11,76.55286407470703,69.76111602783203,212.016845703125,178.41598510742188,8.035335540771484
2020-05-12,75.67800903320312,68.34908294677734,208.9536895751953,174.37454223632812,7.773319244384766
2020-05-13,74.76427459716797,67.01458740234375,203.98095703125,171.7375946044922,7.750903606414795
2020-05-14,75.22354888916016,67.43855285644531,205.68162536621094,172.48281860351562,8.000466346740723
2020-05-15,74.77886199951172,68.24372100830078,209.7294158935547,174.99557495117188,8.458993911743164
2020-05-18,76.54071807861328,68.84610748291016,212.0268096923828,176.6676025390625,8.717525482177734
2020-05-19,76.09844207763672,68.31031799316406,215.6967010498047,175.44461059570312,8.772566795349121
2020-05-20,77.57840728759766,70.03795623779297,228.71524047851562,177.87818908691406,8.93645191192627
2020-05-21,77.00003814697266,69.91818237304688,230.12750244140625,175.74163818359375,8.742432594299316
2020-05-22,77.49578857421875,70.2407455444336,233.62831115722656,175.8183135986328,8.992493629455566
2020-05-26,76.97087097167969,70.64481353759766,230.93307495117188,173.95960998535156,8.68514633178711
2020-05-27,77.30622100830078,70.59064483642578,227.88978576660156,174.18954467773438,8.493365287780762
2020-05-28,77.3402328491211,70.48925018310547,224.22988891601562,173.79669189453125,8.455259323120117
2020-05-29,77.26490020751953,71.24871063232422,223.8618621826172,175.56918334960938,8.842306137084961
2020-06-01,78.2151107788086,71.3157958984375,230.64466857910156,175.1667938232422,8.773314476013184
2020-06-02,78.57721710205078,71.68558502197266,231.4502410888672,177.15960693359375,8.792243003845215
2020-06-03,79.00978088378906,71.53349304199219,228.9042205810547,177.5907745361328,8.736699104309082
2020-06-04,78.32930755615234,70.29342651367188,225.05531311035156,175.2530059814453,8.737698554992676
2020-06-05,80.56021881103516,71.5717544555664,229.51087951660156,179.3536376953125,8.890694618225098
2020-06-08,81.03654479980469,71.97037506103516,230.137451171875,180.4650421142578,8.776073455810547
2020-06-09,83.59550476074219,72.17115783691406,237.36778259277344,181.84466552734375,9.016279220581055
2020-06-10,85.74623107910156,72.79840850830078,235.43836975097656,188.5895538330078,9.335976600646973
2020-06-11,81.62952423095703,69.67713165283203,223.20547485351562,178.46261596679688,8.767353057861328
2020-06-12,82.3342514038086,70.22483825683594,227.3328399658203,179.87098693847656,8.903154373168945
2020-06-15,83.35249328613281,70.6135025024414,231.2314453125,181.02072143554688,9.143610000610352
2020-06-16,85.56151580810547,71.89234161376953,234.3642578125,185.4566192626953,9.038704872131348
2020-06-17,85.44245147705078,72.19402313232422,234.2449188232422,186.09852600097656,9.205656051635742
2020-06-18,85.47647857666016,71.27852630615234,234.65267944335938,188.09141540527344,9.187714576721191
2020-06-19,84.98798370361328,70.8073501586914,237.4871368408203,186.97042846679688,9.230825424194336
2020-06-22,87.21161651611328,72.10057830810547,237.914794921875,192.16322326660156,9.495452880859375
2020-06-23,89.07310485839844,72.76261138916016,240.9182891845703,193.44708251953125,9.418952941894531
2020-06-24,87.50080871582031,71.20794677734375,232.7431640625,189.54763793945312,9.205159187316895
2020-06-25,88.66242980957031,71.62544250488281,234.3940887451172,191.94290161132812,9.458822250366211
2020-06-26,85.93820190429688,67.7208480834961,214.9010467529297,188.10092163085938,9.124923706054688
2020-06-29,87.91880798339844,69.44203186035156,219.4361572265625,190.1225128173828,9.16977596282959
2020-06-30,88.6526870727539,70.47980499267578,225.83108520507812,194.98001098632812,9.466545104980469
2020-07-01,88.48501586914062,71.670166015625,236.25390625,196.12017822265625,9.498692512512207
2020-07-02,88.48501586914062,73.05834197998047,232.1464385986328,197.61474609375,9.580669403076172
2020-07-06,90.85199737548828,74.53548431396484,238.96897888183594,201.86863708496094,9.806923866271973
2020-07-07,90.57010650634766,74.05188751220703,239.54583740234375,199.52134704589844,9.839317321777344
2020-07-08,92.67949676513672,74.73180389404297,242.25100708007812,203.90936279296875,10.1824369430542
2020-07-09,93.07805633544922,75.48031616210938,243.16598510742188,205.33689880371094,10.474472999572754
2020-07-10,93.24088287353516,76.49176025390625,243.73287963867188,204.7141571044922,10.444822311401367
2020-07-13,92.81072998046875,75.1607437133789,237.6959991455078,198.3907928466797,10.019225120544434
2020-07-14,94.34658813476562,75.58966064453125,238.4219970703125,199.61712646484375,10.34290885925293
2020-07-15,94.99545288085938,75.391845703125,238.96897888183594,199.3201141357422,10.193650245666504
2020-07-16,93.8265380859375,75.29444122314453,239.61544799804688,195.37286376953125,10.101456642150879
2020-07-17,93.6369857788086,75.3903579711914,240.70945739746094,194.3764190673828,10.167984962463379
2020-07-20,95.61028289794922,77.72586059570312,244.08094787597656,202.73092651367188,10.476219177246094
2020-07-21,94.29069519042969,77.33220672607422,240.43096923828125,200.00039672851562,10.294568061828613
2020-07-22,94.55560302734375,77.77604675292969,238.5612335205078,202.87461853027344,10.404455184936523
2020-07-23,90.25175476074219,75.38539123535156,231.33090209960938,194.05064392089844,10.096468925476074
2020-07-24,90.02818298339844,74.9609375,229.45123291015625,192.86264038085938,10.16100788116455
2020-07-27,92.16188049316406,76.01560974121094,232.2259979248047,195.30577087402344,10.387262344360352
2020-07-28,90.64786529541016,74.73429107666016,228.86444091796875,193.55247497558594,10.181937217712402
2020-07-29,92.38544464111328,75.72136688232422,232.0171356201172,195.50697326660156,10.43111801147461
2020-07-30,93.50332641601562,76.45994567871094,233.2205352783203,195.3536376953125,10.579129219055176
2020-07-31,103.29207611083984,73.95397186279297,252.28591918945312,196.41709899902344,10.579875946044922
2020-08-03,105.89476776123047,73.6960220336914,250.58529663085938,207.46385192871094,10.974076271057129
2020-08-04,106.60196685791016,73.225830078125,248.46688842773438,204.35011291503906,11.190861701965332
2020-08-05,106.98833465576172,73.51361846923828,247.76075744628906,204.01475524902344,11.249670028686523
2020-08-06,110.72110748291016,74.79890441894531,263.8326110839844,207.28182983398438,11.298258781433105
2020-08-07,108.20377349853516,74.47187042236328,266.975341796875,203.5740203857422,11.162705421447754
2020-08-10,109.77650451660156,74.39483642578125,261.5650329589844,199.52134704589844,11.128318786621094
2020-08-11,106.51176452636719,73.58567810058594,254.7325439453125,194.85546875,10.814355850219727
2020-08-12,110.05159759521484,74.9127197265625,258.4720153808594,200.42193603515625,11.402665138244629
2020-08-13,111.9992446899414,75.38041687011719,259.87432861328125,199.9524688720703,11.405407905578613
2020-08-14,111.89942169189453,74.78300476074219,259.81463623046875,200.1440887451172,11.526009559631348
2020-08-17,111.60726928710938,75.36003875732422,259.7350769042969,201.4662322998047,12.296469688415527
2020-08-18,112.53726196289062,77.32524871826172,260.9086608886719,202.62557983398438,12.220471382141113
2020-08-19,112.67848205566406,76.77008056640625,261.1572265625,201.39620971679688,12.098623275756836
2020-08-20,115.17877197265625,78.34265899658203,267.542236328125,206.0829620361328,12.101112365722656
2020-08-21,121.11421966552734,78.3088607788086,265.55316162109375,204.58477783203125,12.641831398010254
2020-08-24,122.56275939941406,78.78499603271484,269.9092712402344,205.2281951904297,12.678460121154785
2020-08-25,121.55731201171875,79.81383514404297,279.2878112792969,207.8981170654297,12.708111763000488
2020-08-26,123.21037292480469,81.71642303466797,302.2518005371094,212.39280700683594,12.731037139892578
2020-08-27,121.73743438720703,80.9405746459961,291.62017822265625,217.60780334472656,12.586764335632324
2020-08-28,121.5402603149414,81.48282623291016,292.0577392578125,219.84552001953125,13.104555130004883
2020-08-31,125.66194152832031,80.99077606201172,291.6002502441406,216.599365234375,13.330560684204102
2020-09-01,130.66738891601562,82.26065063476562,293.8280334472656,218.27049255371094,13.779715538024902
2020-09-02,127.96016693115234,85.35757446289062,300.8494873046875,222.47703552246094,14.303646087646484
2020-09-03,117.71556091308594,80.98977661132812,289.5316162109375,208.6952667236328,12.9766206741333
2020-09-04,117.7934799194336,78.58917999267578,281.1874084472656,205.76600646972656,12.584795951843262
2020-09-08,109.86656188964844,75.72584533691406,269.6805419921875,194.63497924804688,11.877413749694824
2020-09-09,114.24876403808594,76.90030670166016,272.2265625,202.9232635498047,12.677020072937012
2020-09-10,110.51903533935547,75.84761047363281,266.6272888183594,197.2376708984375,12.274972915649414
2020-09-11,109.06803894042969,75.336181640625,265.1553649902344,195.9507293701172,12.12816333770752
2020-09-14,112.34007263183594,74.99174499511719,264.6978454589844,197.27610778808594,12.8337984085083
2020-09-15,112.51536560058594,76.29840087890625,270.93365478515625,200.51268005371094,12.95219612121582
2020-09-16,109.19463348388672,75.15377807617188,262.0821838378906,196.9303436279297,12.477117538452148
2020-09-17,107.45147705078125,73.90874481201172,253.42967224121094,194.87510681152344,12.426270484924316
2020-09-18,104.04309844970703,72.12195587158203,251.15216064453125,192.4548797607422,12.15284252166748
2020-09-21,107.19828796386719,71.0807113647461,246.7960662841797,194.5197296142578,12.4798583984375
2020-09-22,108.88300323486328,72.55585479736328,253.3600616455078,199.2064666748047,12.599997520446777
2020-09-23,104.31580352783203,70.04938507080078,247.6613006591797,192.64697265625,12.08753490447998
2020-09-24,105.38699340820312,70.7188720703125,248.16854858398438,195.14401245117188,12.311116218566895
2020-09-25,109.34070587158203,71.5240478515625,253.42967224121094,199.59063720703125,12.835293769836426
2020-09-28,111.9505386352539,72.49819946289062,255.4187774658203,201.14651489257812,12.996064186096191
2020-09-29,111.10331726074219,72.864013671875,260.36163330078125,199.0528106689453,13.186244010925293
2020-09-30,112.77828979492188,72.84313201904297,260.4710388183594,202.0012969970703,13.490081787109375
2020-10-01,113.7326431274414,73.95149230957031,265.17523193359375,204.04698181152344,13.573831558227539
2020-10-02,110.06131744384766,72.34610748291016,258.521728515625,198.0252227783203,13.023234367370605
2020-10-05,113.45022583007812,73.69950103759766,263.2060241699219,202.04931640625,13.601749420166016
2020-10-06,110.19766235351562,72.11847686767578,257.24871826171875,197.75628662109375,13.695467948913574
2020-10-07,112.0674057006836,72.52206420898438,256.7117004394531,201.52108764648438,13.922286987304688
2020-10-08,111.96028900146484,73.72931671142578,262.32086181640625,202.24134826660156,13.797411918640137
2020-10-09,113.90794372558594,75.07225799560547,263.0071105957031,207.26426696777344,13.721638679504395
2020-10-12,121.14342498779297,77.76312255859375,274.2455139160156,212.63294982910156,14.18350601196289
2020-10-13,117.92980194091797,77.88639831542969,274.63336181640625,214.0350799560547,14.2056884765625
2020-10-14,118.0174560546875,77.70597076416016,270.3369140625,212.1143035888672,14.053144454956055
2020-10-15,117.55001068115234,77.30985260009766,265.2647705078125,210.96180725097656,13.928271293640137
2020-10-16,115.90426635742188,77.9177017211914,264.47900390625,210.96180725097656,13.770242691040039
2020-10-19,112.94384002685547,76.04145050048828,259.9737548828125,205.7372283935547,13.457430839538574
2020-10-20,114.43378448486328,77.09165954589844,266.10015869140625,206.15020751953125,13.604738235473633
2020-10-21,113.81055450439453,78.8267593383789,277.209228515625,206.29425048828125,13.484352111816406
2020-10-22,112.71985626220703,79.85408020019531,276.6025695800781,206.3807373046875,13.321089744567871
2020-10-23,112.0284652709961,81.16224670410156,283.2361755371094,207.66763305664062,13.549653053283691
2020-10-26,112.03819274902344,78.74224853515625,275.5980529785156,201.76119995117188,13.101997375488281
2020-10-27,113.54759216308594,79.4674072265625,281.74432373046875,204.80563354492188,13.356732368469238
2020-10-28,108.28897094726562,75.08966064453125,266.2095947265625,194.65415954589844,12.58928108215332
2020-10-29,112.30110931396484,77.37992858886719,279.2977294921875,196.61343383789062,12.98509693145752
2020-10-30,106.01023864746094,80.32376861572266,261.6744079589844,194.4525604248047,12.496560096740723
2020-11-02,105.92257690429688,80.73182678222656,259.9339599609375,194.3180694580078,12.543169975280762
2020-11-03,107.54887390136719,81.79246520996094,263.85247802734375,198.2556915283203,12.980609893798828
2020-11-04,111.94080352783203,86.7720947265625,285.81207275390625,207.8213348388672,13.753044128417969
2020-11-05,115.91399383544922,87.5996322631836,293.0721740722656,214.44805908203125,14.117703437805176
2020-11-06,115.78231811523438,87.46195983886719,291.80914306640625,214.86106872558594,14.518500328063965
2020-11-09,113.4703598022461,87.54596710205078,277.2489929199219,209.74212646484375,13.590033531188965
2020-11-10,113.12893676757812,86.36802673339844,270.9435729980469,202.65435791015625,12.731857299804688
2020-11-11,116.5627212524414,86.84069061279297,274.9714660644531,207.9749755859375,13.377920150756836
2020-11-12,116.2895736694336,86.62149810791016,273.5791320800781,206.9089813232422,13.416555404663086
2020-11-13,116.33834075927734,88.08472442626953,275.43896484375,207.93653869628906,13.257280349731445
2020-11-16,117.35289001464844,88.17269897460938,277.43792724609375,208.62808227539062,13.474879264831543
2020-11-17,116.46514129638672,87.55789184570312,273.49957275390625,205.96774291992188,13.38215446472168
2020-11-18,115.13847351074219,86.51315307617188,270.4861145019531,203.25228881835938,13.388636589050293
2020-11-19,115.7335433959961,87.40430450439453,271.4507751464844,204.54263305664062,13.400102615356445
2020-11-20,114.46538543701172,86.3014144897461,268.22845458984375,202.58790588378906,13.048657417297363
2020-11-23,111.06086730957031,85.86305236816406,266.9654235839844,202.3182830810547,13.100750923156738
2020-11-24,112.34854125976562,87.66921997070312,275.40911865234375,205.92926025390625,12.91904354095459
2020-11-25,113.1874771118164,87.6806411743164,274.0863342285156,205.93881225585938,13.19521713256836
2020-11-27,113.73375701904297,88.81832122802734,276.2942199707031,207.24842834472656,13.221634864807129
2020-11-30,116.13349914550781,87.1970443725586,275.45880126953125,206.1314697265625,13.361468315124512
2020-12-01,119.71359252929688,89.23284149169922,284.9865417480469,208.1920928955078,13.350004196166992
2020-12-02,120.06476593017578,90.70451354980469,285.9512634277344,207.3832244873047,13.504039764404297
2020-12-03,119.92819213867188,90.5489501953125,280.31219482421875,206.29515075683594,13.359930038452148
2020-12-04,119.25511169433594,90.64437103271484,278.1739501953125,206.4106903076172,13.521742820739746
2020-12-07,120.71834564208984,90.30988311767578,284.0218200683594,206.34327697753906,13.570112228393555
2020-12-08,121.3329086303711,90.02657318115234,281.853759765625,207.99949645996094,13.314055442810059
2020-12-09,118.79661560058594,88.36305236816406,276.40362548828125,203.94558715820312,12.8959321975708
2020-12-10,120.2208480834961,87.85560607910156,275.60797119140625,202.71307373046875,12.937320709228516
2020-12-11,119.41118621826172,88.21096801757812,272.05743408203125,205.35145568847656,12.978212356567383
2020-12-14,118.79661560058594,87.09068298339844,272.6939697265625,206.2566375732422,13.272915840148926
2020-12-15,124.74717712402344,87.529052734375,274.04656982421875,206.189208984375,13.324527740478516
2020-12-16,124.67887115478516,87.33570861816406,274.1658935546875,211.14820861816406,13.206843376159668
2020-12-17,125.54708862304688,86.5066909790039,272.982421875,211.28302001953125,13.305326461791992
2020-12-18,123.55708312988281,85.79644775390625,274.8918762207031,210.4838409423828,13.236263275146484
2020-12-21,125.08859252929688,86.2109603881836,271.3016052246094,214.33544921875,13.29635238647461
2020-12-22,128.64918518066406,85.49824523925781,265.6327209472656,215.63540649414062,13.242497444152832
2020-12-23,127.75173950195312,85.89635467529297,266.64715576171875,212.82371520996094,12.974220275878906
2020-12-24,128.73695373535156,86.19108581542969,265.9410400390625,214.48956298828125,12.958762168884277
2020-12-28,133.34136962890625,88.1692123413086,275.4886169433594,216.61758422851562,12.865266799926758
2020-12-29,131.5659637451172,87.36404418945312,275.2698669433594,215.83761596679688,12.90839958190918
2020-12-30,130.444091796875,86.29496002197266,270.3866271972656,213.45921325683594,13.11035442352295
2020-12-31,129.43934631347656,87.10958099365234,271.66961669921875,214.17178344726562,13.019848823547363
2021-01-04,126.23966979980469,85.79197692871094,267.4726257324219,209.61721801757812,13.078190803527832
2021-01-05,127.80045318603516,86.48383331298828,269.4915466308594,209.81939697265625,13.368657112121582
2021-01-06,123.49852752685547,85.63043975830078,261.8733215332031,204.37892150878906,12.580533981323242
2021-01-07,127.71267700195312,88.18812561035156,267.2737121582031,210.19491577148438,13.308070182800293
2021-01-08,128.81500244140625,89.35560607910156,266.1100769042969,211.47560119628906,13.241002082824707
2021-01-11,125.82019805908203,87.29098510742188,255.4386444091797,209.4246063232422,13.584823608398438
2021-01-12,125.64464569091797,86.35360717773438,249.72000122070312,206.95953369140625,13.448440551757812
2021-01-13,127.68346405029297,86.84168243408203,250.2670135498047,208.31724548339844,13.495316505432129
2021-01-14,125.75196838378906,86.03004455566406,244.29974365234375,205.12039184570312,13.164708137512207
2021-01-15,124.02531433105469,85.86602783203125,249.98854064941406,204.76409912109375,12.824875831604004
2021-01-19,124.69840240478516,88.69159698486328,259.6754455566406,208.41354370117188,12.990179061889648
2021-01-20,128.7954864501953,93.44308471679688,266.0205993652344,216.02056884765625,13.329761505126953
2021-01-21,133.5169219970703,93.64588165283203,271.3811950683594,216.62721252441406,13.830162048339844
2021-01-22,135.6630401611328,94.0638656616211,273.0022888183594,217.5708770751953,13.675579071044922
2021-01-25,139.41871643066406,94.14935302734375,276.4931335449219,221.0181121826172,13.616487503051758
2021-01-26,139.65284729003906,94.82878112792969,280.5111083984375,223.7142791748047,13.399077415466309
2021-01-27,138.5797882080078,90.4048080444336,270.6551513671875,224.26312255859375,12.88296890258789
2021-01-28,133.73153686523438,92.10760498046875,263.5541076660156,230.06951904296875,13.015856742858887
2021-01-29,128.7272186279297,90.82329559326172,256.9205017089844,223.35800170898438,12.9547758102417
2021-02-01,130.85382080078125,94.08922576904297,260.5804138183594,230.7628173828125,13.2013578414917
2021-02-02,131.68299865722656,95.38394927978516,265.62274169921875,230.6280059814453,13.52025032043457
2021-02-03,130.65872192382812,102.33029174804688,265.19512939453125,233.98858642578125,13.494067192077637
2021-02-04,134.02418518066406,102.0693588256836,265.0360107421875,233.0352783203125,13.627457618713379
2021-02-05,133.60899353027344,103.81886291503906,266.6371765136719,233.21826171875,13.554404258728027
2021-02-08,133.75552368164062,103.6046371459961,265.1255187988281,233.4782257080078,14.399872779846191
2021-02-09,132.87623596191406,103.15087890625,267.9798278808594,234.7300567626953,14.224846839904785
2021-02-10,132.2705535888672,103.70206451416016,270.3866271972656,233.81527709960938,14.724496841430664
2021-02-11,132.0165557861328,103.81488037109375,268.9147033691406,235.42332458496094,15.209686279296875
2021-02-12,132.25100708007812,104.12701416015625,269.0241394042969,235.9048309326172,14.920967102050781
2021-02-16,130.12124633789062,104.90585327148438,272.4751281738281,234.6626434326172,15.288973808288574
2021-02-17,127.82537841796875,105.29948425292969,272.077392578125,235.68565368652344,14.865863800048828
2021-02-18,126.72142028808594,104.66279602050781,267.920166015625,235.28994750976562,14.789072036743164
2021-02-19,126.87771606445312,103.81787109375,260.13287353515625,232.5682830810547,14.886310577392578
2021-02-22,123.09689331054688,102.10066223144531,258.90960693359375,226.33351135253906,14.317095756530762
2021-02-23,122.96012115478516,102.39191436767578,264.4093933105469,225.13674926757812,14.103921890258789
2021-02-24,122.46186828613281,103.5693588256836,262.86785888671875,226.3721160888672,14.459959983825684
2021-02-25,118.20233154296875,100.19658660888672,253.30038452148438,221.00599670410156,13.2716703414917
2021-02-26,118.46611785888672,100.49280548095703,256.2143859863281,224.2777862548828,13.677572250366211
2021-03-01,124.84566497802734,102.86608123779297,263.464599609375,228.67877197265625,13.804481506347656
2021-03-02,122.2371826171875,102.60862731933594,257.5868835449219,225.71580505371094,13.370152473449707
2021-03-03,119.2476806640625,99.97093963623047,254.0164337158203,219.62583923339844,12.770272254943848
2021-03-04,117.36212921142578,101.09022521972656,256.2342834472656,218.82476806640625,12.336941719055176
2021-03-05,118.6224136352539,104.22840118408203,262.8380432128906,223.52499389648438,12.427946090698242
2021-03-08,113.67900085449219,99.77660369873047,253.91697692871094,219.4617462158203,11.562036514282227
2021-03-09,118.3000259399414,101.4098129272461,264.2900695800781,225.62896728515625,12.490850448608398
2021-03-10,117.21560668945312,101.20255279541016,263.45465087890625,224.31639099121094,12.438970565795898
2021-03-11,119.14997100830078,104.40087127685547,272.38568115234375,228.8621826171875,12.96298599243164
2021-03-12,118.24140930175781,101.8889389038086,266.935546875,227.53028869628906,12.825812339782715
2021-03-15,121.1332015991211,102.109619140625,272.25640869140625,226.623046875,13.160272598266602
2021-03-16,122.67680358886719,103.57333374023438,277.7561950683594,229.42193603515625,13.260037422180176
2021-03-17,121.88546752929688,103.49034118652344,282.46038818359375,228.7753143310547,13.309921264648438
2021-03-18,117.7529296875,100.4644775390625,277.09979248046875,222.67568969726562,12.692622184753418
2021-03-19,117.2253646850586,100.74380493164062,288.5271301269531,222.3185577392578,12.815583229064941
2021-03-22,120.54704284667969,100.92919158935547,291.93841552734375,227.76194763183594,13.155285835266113
2021-03-23,119.71662139892578,101.45801544189453,289.0442810058594,229.29647827148438,13.040055274963379
2021-03-24,117.32306671142578,101.02064514160156,280.6005859375,227.2504119873047,12.613309860229492
2021-03-25,117.81155395507812,101.01716613769531,277.2191467285156,224.23915100097656,12.505812644958496
2021-03-26,118.41724395751953,100.63297271728516,281.4757995605469,228.23480224609375,12.809099197387695
2021-03-29,118.59312438964844,101.67967987060547,289.2332458496094,227.03805541992188,12.917844772338867
2021-03-30,117.13744354248047,101.71349334716797,286.4286193847656,223.76629638671875,12.841520309448242
2021-03-31,119.33560180664062,102.5112075805664,292.92303466796875,227.54957580566406,13.316904067993164
2021-04-01,120.166015625,105.85415649414062,297.0304870605469,233.90017700195312,13.779317855834961
2021-04-05,122.99920654296875,110.28657531738281,307.22454833984375,240.38587951660156,13.95465087890625
2021-04-06,123.30206298828125,109.80445861816406,304.5889892578125,239.2180633544922,13.828948020935059
2021-04-07,124.95313262939453,111.28408813476562,311.3817443847656,241.1869354248047,14.110288619995117
2021-04-08,127.3564224243164,111.85070037841797,311.3121337890625,244.42013549804688,14.283380508422852
2021-04-09,129.93560791015625,112.8566665649414,310.755126953125,246.9294891357422,14.366185188293457
2021-04-12,128.21615600585938,111.56192016601562,309.8401794433594,246.98736572265625,15.173284530639648
2021-04-13,131.33267211914062,112.04950714111328,308.0699462890625,249.4774627685547,15.642678260803223
2021-04-14,128.9879608154297,111.42723846435547,301.16778564453125,246.6785430908203,15.241125106811523
2021-04-15,131.40103149414062,113.58131408691406,306.1404724121094,250.45225524902344,16.099361419677734
2021-04-16,131.06887817382812,113.4570541381836,304.5094299316406,251.6490020751953,15.87513256072998
2021-04-19,131.73321533203125,113.80547332763672,300.5909118652344,249.71871948242188,15.325675010681152
2021-04-20,130.04306030273438,113.27117919921875,300.9986572265625,249.25543212890625,15.13562297821045
2021-04-21,130.424072265625,113.23837280273438,299.82513427734375,251.49453735351562,15.32442855834961
2021-04-22,128.9000701904297,111.9545669555664,294.90216064453125,248.20347595214844,14.815376281738281
2021-04-23,131.22520446777344,114.3109359741211,299.48699951171875,252.04470825195312,15.229401588439941
2021-04-26,131.61598205566406,114.8079605102539,301.3865966796875,252.4307403564453,15.441651344299316
2021-04-27,131.2935791015625,113.86610412597656,301.9136657714844,252.83607482910156,15.345627784729004
2021-04-28,130.50225830078125,117.24882507324219,305.4244384765625,245.6844482421875,15.240874290466309
2021-04-29,130.4045867919922,118.92476654052734,327.7121276855469,243.70591735839844,15.288763046264648
2021-04-30,128.4311065673828,116.97346496582031,323.30633544921875,243.38739013671875,14.974252700805664
2021-05-03,129.4862060546875,116.45557403564453,320.8199768066406,243.07858276367188,14.801907539367676
2021-05-04,124.90428924560547,114.65387725830078,316.62298583984375,239.1505126953125,14.317547798156738
2021-05-05,125.14851379394531,115.04852294921875,313.3011779785156,237.8765106201172,14.424546241760254
2021-05-06,126.75074768066406,116.1707763671875,318.2739562988281,241.02285766601562,14.488896369934082
2021-05-07,127.42598724365234,116.89543151855469,317.3390197753906,243.6576690673828,14.7774658203125
2021-05-10,124.13780975341797,113.90437316894531,304.30059814453125,238.561767578125,14.232251167297363
2021-05-11,123.21793365478516,112.82633972167969,304.8575134277344,237.64486694335938,14.272653579711914
2021-05-12,120.1450424194336,109.35665130615234,300.8992919921875,230.6669921875,13.72619342803955
2021-05-13,122.29801940917969,110.78756713867188,303.594482421875,234.55645751953125,13.633161544799805
2021-05-14,124.72498321533203,113.23986053466797,314.2161865234375,239.4979248046875,14.209552764892578
2021-05-17,123.57022094726562,113.76372528076172,313.73876953125,236.6315155029297,14.132235527038574
2021-05-18,122.1805648803711,112.4490966796875,308.2688293457031,234.604736328125,13.982837677001953
2021-05-19,122.02399444580078,112.89791107177734,311.8789978027344,235.1851348876953,14.032719612121582
2021-05-20,124.58797454833984,114.65985107421875,316.87164306640625,238.4355010986328,14.57818603515625
2021-05-21,122.7481689453125,114.02265930175781,314.504638671875,237.168212890625,14.95654296875
2021-05-24,124.3824691772461,117.34822845458984,322.8587646484375,242.59512329101562,15.575337409973145
2021-05-25,124.1867446899414,117.43917846679688,326.00152587890625,243.50445556640625,15.611005783081055
2021-05-26,124.13780975341797,118.30598449707031,325.8722229003906,243.28196716308594,15.663132667541504
2021-05-27,122.60139465332031,117.42973327636719,330.9344787597656,241.17311096191406,15.451629638671875
2021-05-28,121.94571685791016,117.13996124267578,326.9364318847656,241.53102111816406,16.20635223388672
2021-06-01,121.62276458740234,118.34921264648438,327.334228515625,239.32542419433594,16.226306915283203
2021-06-02,122.3860855102539,117.8228759765625,327.3541259765625,239.22872924804688,16.738849639892578
2021-06-03,120.89859008789062,116.67923736572266,324.2610778808594,237.69061279296875,16.929901123046875
2021-06-04,123.19833374023438,118.96501922607422,328.54754638671875,242.60479736328125,17.53697395324707
2021-06-07,123.20813751220703,119.39891815185547,334.7435302734375,245.52622985839844,17.57762336730957
2021-06-08,124.03016662597656,119.20707702636719,331.8594055175781,244.32672119140625,17.416006088256836
2021-06-09,124.41182708740234,119.67924499511719,328.4481201171875,245.31341552734375,17.321456909179688
2021-06-10,123.41361999511719,121.0306396484375,330.6460266113281,248.84426879882812,17.3880615234375
2021-06-11,124.62712860107422,120.78561401367188,329.4526062011719,249.47308349609375,17.787464141845703
2021-06-14,127.690185546875,121.71552276611328,334.9325256347656,251.4078369140625,17.98055648803711
2021-06-15,126.8681640625,120.69564056396484,334.91265869140625,249.927734375,17.750795364379883
2021-06-16,127.36724090576172,120.05249786376953,329.2735595703125,248.979736328125,17.772499084472656
2021-06-17,128.9722137451172,121.01771545410156,334.6739807128906,252.38485717773438,18.61770248413086
2021-06-18,127.67064666748047,119.39494323730469,327.861328125,250.9628448486328,18.599239349365234
2021-06-21,129.47132873535156,121.08629608154297,330.4770202636719,254.05838012695312,18.38819122314453
2021-06-22,131.11538696289062,121.6012191772461,337.18017578125,256.8443298339844,18.846710205078125
2021-06-23,130.8413848876953,121.39892578125,338.731689453125,256.6121826171875,19.016855239868164
2021-06-24,130.55755615234375,121.76969909667969,341.30755615234375,257.9858703613281,19.1647891998291
2021-06-25,130.2639617919922,121.77815246582031,339.5074157714844,256.370361328125,18.990659713745117
2021-06-28,131.8982696533203,121.80549621582031,353.6995544433594,259.9495849609375,19.942638397216797
2021-06-29,133.4151153564453,121.5435562133789,349.97003173828125,262.5421142578125,19.984294891357422
2021-06-30,134.0316619873047,121.36165618896484,345.8128356933594,262.05841064453125,19.960100173950195
2021-07-01,134.3350372314453,121.71455383300781,352.4564514160156,262.7355651855469,20.169157028198242
2021-07-02,136.96749877929688,124.51075744628906,352.7647705078125,268.588134765625,20.44357681274414
2021-07-06,138.9834747314453,125.43771362304688,350.85516357421875,268.5978698730469,20.654624938964844
2021-07-07,141.4789581298828,125.72000885009766,348.5776672363281,270.793701171875,20.328571319580078
2021-07-08,140.17739868164062,124.29853820800781,343.76409912109375,268.36566162109375,19.860563278198242
2021-07-09,142.00738525390625,124.77021026611328,348.508056640625,268.86871337890625,20.00775146484375
2021-07-12,141.4104461669922,126.2185287475586,351.23309326171875,268.2689208984375,20.469024658203125
2021-07-13,142.52606201171875,126.58234405517578,350.1689453125,271.8095397949219,20.207075119018555
2021-07-14,145.96104431152344,127.47250366210938,345.7332763671875,273.2895812988281,19.799440383911133
2021-07-15,145.3053436279297,126.24784088134766,342.58056640625,271.85784912109375,18.926048278808594
2021-07-16,143.26004028320312,126.21305847167969,339.298583984375,271.5870056152344,18.122507095336914
2021-07-19,139.40426635742188,123.83531951904297,335.111572265625,267.9690856933594,18.739944458007812
2021-07-20,143.02516174316406,125.45709228515625,339.79583740234375,270.2037048339844,18.57254981994629
2021-07-21,142.29119873046875,126.78861236572266,344.3409423828125,272.2158203125,19.368858337402344
2021-07-22,143.6612548828125,127.65589904785156,349.27386474609375,276.8011169433594,19.552467346191406
2021-07-23,145.38363647460938,132.22201538085938,367.77239990234375,280.21588134765625,19.516538619995117
2021-07-26,145.804443359375,133.23594665527344,370.4277648925781,279.61602783203125,19.25310516357422
2021-07-27,143.63189697265625,131.11366271972656,365.80316162109375,277.18798828125,19.167285919189453
2021-07-28,141.88018798828125,135.28265380859375,371.2433166503906,276.87841796875,19.461658477783203
2021-07-29,142.52606201171875,134.96804809570312,356.3650207519531,277.1492919921875,19.62032699584961
2021-07-30,142.74134826660156,133.92332458496094,354.35601806640625,275.6112060546875,19.457670211791992
2021-08-02,142.4086151123047,134.05055236816406,350.0296936035156,275.5241394042969,19.708133697509766
2021-08-03,144.20928955078125,134.82142639160156,349.3235778808594,277.74908447265625,19.773000717163086
2021-08-04,143.8080596923828,134.3199462890625,356.9617004394531,277.1590270996094,20.23102378845215
2021-08-05,143.91571044921875,135.43922424316406,360.9896240234375,280.0707702636719,20.5932559967041
2021-08-06,143.22962951660156,134.9292755126953,361.5266418457031,280.0126647949219,20.322830200195312
2021-08-09,143.18067932128906,136.09678649902344,359.6369934082031,278.9195556640625,20.251981735229492
2021-08-10,142.70040893554688,135.99142456054688,359.1596374511719,277.0912780761719,19.893739700317383
2021-08-11,142.95523071289062,135.46658325195312,357.99603271484375,277.5846252441406,19.657243728637695
2021-08-12,145.9248504638672,136.37611389160156,360.67132568359375,280.35125732421875,19.862808227539062
2021-08-13,146.13067626953125,136.90643310546875,361.1984558105469,283.2920837402344,20.145204544067383
2021-08-16,148.11050415039062,137.48495483398438,364.55999755859375,284.9849548339844,19.907711029052734
2021-08-17,147.1990203857422,135.84678649902344,356.4942932128906,283.5145568847656,19.416757583618164
2021-08-18,143.44528198242188,134.6415252685547,353.5106201171875,281.7796630859375,18.99964141845703
2021-08-19,143.7784423828125,134.87110900878906,353.182373046875,287.6337890625,19.75603675842285
2021-08-20,145.2388458251953,136.61019897460938,357.4092102050781,294.99005126953125,20.77187728881836
2021-08-23,146.72857666015625,139.20664978027344,361.3675231933594,295.2711181640625,21.911457061767578
2021-08-24,146.6403350830078,140.41937255859375,363.5157165527344,293.3036193847656,21.746807098388672
2021-08-25,145.40545654296875,141.2319793701172,366.3800354003906,292.71240234375,22.165910720825195
2021-08-26,144.60177612304688,140.5972900390625,362.3919372558594,289.88232421875,22.021223068237305
2021-08-27,145.6406707763672,143.1455078125,370.5968933105469,290.4929504394531,22.588014602661133
2021-08-30,150.07064819335938,143.728515625,378.58306884765625,294.2437438964844,22.639907836914062
2021-08-31,148.80633544921875,143.83486938476562,377.31005859375,292.58642578125,22.34149169921875
2021-09-01,149.47279357910156,144.3497772216797,379.9654846191406,292.5379943847656,22.397382736206055
2021-09-02,150.59011840820312,142.4327850341797,373.232421875,291.8789367675781,22.35247039794922
2021-09-03,151.22715759277344,142.88259887695312,374.20709228515625,291.869140625,22.798599243164062
2021-09-07,153.56954956054688,143.42034912109375,380.09478759765625,290.938720703125,22.617948532104492
2021-09-08,152.02102661132812,142.83436584472656,375.5099182128906,290.96783447265625,22.295581817626953
2021-09-09,151.00172424316406,142.6852569580078,375.93756103515625,288.0989990234375,22.133893966674805
2021-09-10,146.00328063964844,140.03614807128906,376.623779296875,286.60638427734375,22.43431282043457
2021-09-13,146.57174682617188,141.48397827148438,374.45574951171875,287.84698486328125,22.108945846557617
2021-09-14,145.17022705078125,141.6947021484375,374.4755554199219,290.560791015625,22.198774337768555
2021-09-15,146.06207275390625,143.56846618652344,371.8798828125,295.4359130859375,22.297576904296875
2021-09-16,145.82687377929688,142.75384521484375,371.0245666503906,295.8236083984375,22.198774337768555
2021-09-17,143.1511993408203,139.9606170654297,362.7300720214844,290.6383056640625,21.857433319091797
2021-09-20,140.09339904785156,137.8925018310547,353.75927734375,285.23974609375,21.071964263916016
2021-09-21,140.57362365722656,138.20416259765625,355.5295715332031,285.7242736816406,21.2047061920166
2021-09-22,142.94544982910156,139.44720458984375,341.3373718261719,289.38800048828125,21.898351669311523
2021-09-23,143.90589904785156,140.3741455078125,344.0723876953125,290.3377990722656,22.438304901123047
2021-09-24,143.9940948486328,141.36717224121094,351.0341796875,290.1342468261719,22.03807830810547
2021-09-27,142.4750213623047,140.23098754882812,351.6507873535156,285.1138000488281,21.617897033691406
2021-09-28,139.0839080810547,135.0202178955078,338.7913513183594,274.79156494140625,20.658767700195312
2021-09-29,139.98556518554688,133.5525360107422,337.75701904296875,275.25689697265625,20.477121353149414
2021-09-30,138.68206787109375,132.8790740966797,337.5382385253906,273.24090576171875,20.67573356628418
2021-10-01,139.80914306640625,135.72900390625,341.13848876953125,280.1998596191406,20.701683044433594
2021-10-04,136.36903381347656,132.86268615722656,324.4500732421875,274.3942565917969,19.693649291992188
2021-10-05,138.29981994628906,135.21209716796875,331.143310546875,279.87030029296875,20.411252975463867
2021-10-06,139.17210388183594,136.74488830566406,331.8196716308594,284.08636474609375,20.659767150878906
2021-10-07,140.4364013671875,138.39498901367188,327.42376708984375,285.77276611328125,21.03403663635254
2021-10-08,140.05418395996094,138.95216369628906,328.24920654296875,285.77276611328125,20.790512084960938
2021-10-11,139.96597290039062,138.0858612060547,323.6742858886719,285.1719665527344,20.654775619506836
2021-10-12,138.69189453125,135.6355743408203,322.00347900390625,283.8634948730469,20.630823135375977
2021-10-13,138.10385131835938,136.76181030273438,322.769287109375,287.1878356933594,20.898298263549805
2021-10-14,140.89703369140625,140.30950927734375,326.73748779296875,293.4296569824219,21.703733444213867
2021-10-15,141.95555114746094,140.5252227783203,322.98809814453125,294.8446350097656,21.819503784179688
2021-10-18,143.63148498535156,141.92681884765625,333.5103454589844,297.829833984375,22.17880630493164
2021-10-19,145.79745483398438,142.38308715820312,338.13494873046875,298.7409362792969,22.246673583984375
2021-10-20,146.2875213623047,140.92381286621094,338.9206848144531,297.94610595703125,22.06003761291504
2021-10-21,146.5031280517578,141.04013061523438,340.0146789550781,301.1930236816406,22.64789390563965
2021-10-22,145.72885131835938,136.7463836669922,322.8388977050781,299.6423034667969,22.68182373046875
2021-10-25,145.6798553466797,136.6276092529297,326.8966369628906,298.6439514160156,23.120969772338867
2021-10-26,146.34634399414062,138.47801208496094,314.0869140625,300.56304931640625,24.668954849243164
2021-10-27,145.88568115234375,145.34580993652344,310.5165100097656,313.22100830078125,24.403472900390625
2021-10-28,149.5315704345703,144.9794921875,315.19085693359375,314.36468505859375,24.89252281188965
2021-10-29,146.81678771972656,147.1634063720703,321.8045654296875,321.41082763671875,25.517305374145508
2021-11-01,145.9934844970703,142.6415252685547,328.17962646484375,319.2300720214844,25.776803970336914
2021-11-02,147.0323944091797,144.56549072265625,326.2899475097656,322.8743591308594,26.349681854248047
2021-11-03,148.47308349609375,145.72402954101562,329.8106384277344,323.717529296875,26.546297073364258
2021-11-04,147.95367431640625,147.3835906982422,334.0175476074219,326.0823974609375,29.743074417114258
2021-11-05,148.48365783691406,147.964599609375,339.2687683105469,325.7142028808594,29.694169998168945
2021-11-08,147.6592254638672,148.14254760742188,336.7724304199219,326.615478515625,30.744125366210938
2021-11-09,148.0223388671875,148.03070068359375,333.5401916503906,325.6075134277344,30.597412109375
2021-11-10,145.18576049804688,145.02374267578125,325.85235595703125,320.6160583496094,29.4017391204834
2021-11-11,145.13668823242188,144.89752197265625,325.95184326171875,322.19586181640625,30.330930709838867
2021-11-12,147.21751403808594,147.7916259765625,339.0300598144531,326.3538513183594,30.330930709838867
2021-11-15,147.2273406982422,147.56698608398438,345.6636962890625,325.7238464355469,29.966638565063477
2021-11-16,148.20884704589844,146.9944305419922,341.0887756347656,329.0579833984375,30.144290924072266
2021-11-17,150.6527862548828,147.16439819335938,338.91070556640625,329.28125,29.20412254333496
2021-11-18,154.95188903808594,148.94522094726562,336.8420715332031,331.368896484375,31.613431930541992
2021-11-19,157.58233642578125,148.0386505126953,343.4159851074219,333.15545654296875,32.9208869934082
2021-11-22,158.0436248779297,145.4298095703125,339.14947509765625,329.97064208984375,31.893890380859375
2021-11-23,158.4264373779297,144.91290283203125,335.4099426269531,327.88299560546875,31.684295654296875
2021-11-24,158.9466552734375,145.24888610839844,339.1990966796875,328.10638427734375,32.610496520996094
2021-11-26,153.91146850585938,141.33535766601562,331.3024597167969,320.1150817871094,31.4417667388916
2021-11-29,157.2780303955078,144.6628875732422,336.1856384277344,326.8634948730469,33.31113052368164
2021-11-30,162.24453735351562,141.05157470703125,322.6896667480469,320.99871826171875,32.61248779296875
2021-12-01,161.7243194580078,140.21060180664062,308.9053039550781,320.5035705566406,31.37774085998535
2021-12-02,160.73297119140625,142.1136932373047,308.6965026855469,319.9306335449219,32.067481994628906
2021-12-03,158.8484649658203,141.1549530029297,305.16583251953125,313.6386413574219,30.6370906829834
2021-12-06,162.26419067382812,142.3015594482422,316.13568115234375,316.7264099121094,29.98228645324707
2021-12-07,168.01583862304688,146.39154052734375,321.0486755371094,325.203125,32.3679313659668
2021-12-08,171.84375,147.30307006835938,328.75640869140625,325.2516784667969,31.768030166625977
2021-12-09,171.33335876464844,146.75833129882812,328.0204772949219,323.43597412109375,30.434459686279297
2021-12-10,176.1329803466797,147.11917114257812,327.9508361816406,332.6020812988281,30.14299201965332
2021-12-13,172.49154663085938,144.95713806152344,332.6649475097656,329.5531311035156,28.109703063964844
2021-12-14,171.10763549804688,143.04908752441406,331.9190673828125,318.8140869140625,28.285385131835938
2021-12-15,175.9857635498047,145.56797790527344,339.79583740234375,324.9408874511719,30.403520584106445
2021-12-16,169.0758514404297,143.58389282226562,333.07269287109375,315.4737854003906,28.335290908813477
2021-12-17,167.9765625,140.88009643554688,331.96881103515625,314.4057312011719,27.750362396240234
2021-12-20,166.61227416992188,140.76278686523438,323.6742858886719,310.628662109375,27.66851043701172
2021-12-21,169.79238891601562,142.6171875,332.3765869140625,317.7944641113281,29.02204132080078
2021-12-22,172.39341735839844,145.54212951660156,328.64703369140625,323.53302001953125,29.34644889831543
2021-12-23,173.02157592773438,146.04063415527344,333.410888671875,324.9798889160156,29.58600616455078
2021-12-27,176.99671936035156,147.0247344970703,344.2911682128906,332.5146789550781,30.88863182067871
2021-12-28,175.97593688964844,145.81251525878906,344.33099365234375,331.3494567871094,30.266767501831055
2021-12-29,176.0642852783203,145.7807159423828,341.0688781738281,332.0292053222656,29.946353912353516
2021-12-30,174.9060821533203,145.32891845703125,342.4811096191406,329.4754638671875,29.53211212158203
2021-12-31,174.2877197265625,143.9884490966797,334.51483154296875,326.5625305175781,29.3574275970459
2022-01-03,178.64564514160156,144.12713623046875,336.69293212890625,325.0380554199219,30.066137313842773
2022-01-04,176.37835693359375,143.5386505126953,334.69384765625,319.4646301269531,29.236652374267578
2022-01-05,171.68670654296875,136.95362854003906,322.4012756347656,307.2010192871094,27.55371856689453
2022-01-06,168.8206787109375,136.92630004882812,330.6460266113281,304.7735900878906,28.126672744750977
2022-01-07,168.98753356933594,136.20016479492188,329.97967529296875,304.9288635253906,27.197364807128906
2022-01-10,169.0071563720703,137.84278869628906,326.2799987792969,305.1522216796875,27.350093841552734
2022-01-11,171.84375,138.9029541015625,332.5456237792969,305.8416748046875,27.76633644104004
2022-01-12,172.28543090820312,140.58734130859375,331.4416809082031,309.03619384765625,27.947998046875
2022-01-13,169.0071563720703,137.7608184814453,324.6986999511719,295.9569091796875,26.526596069335938
2022-01-14,169.87091064453125,138.6489715576172,330.0890808105469,301.20037841796875,26.89292335510254
2022-01-18,166.661376953125,135.18724060058594,316.4141540527344,293.8693542480469,25.855817794799805
2022-01-19,163.15731811523438,134.31100463867188,317.8462829589844,294.5296630859375,25.02133560180664
2022-01-20,161.4691162109375,132.5127716064453,314.8327941894531,292.84979248046875,24.10601234436035
2022-01-21,159.40794372558594,129.57440185546875,301.5158386230469,287.44140625,23.331422805786133
2022-01-24,158.6325225830078,130.02420043945312,307.0256042480469,287.7715759277344,23.329425811767578
2022-01-25,156.82655334472656,126.17826080322266,298.5123291015625,280.12017822265625,22.283336639404297
2022-01-26,156.73818969726562,128.4625701904297,293.0224914550781,288.10162353515625,22.730518341064453
2022-01-27,156.27688598632812,128.23593139648438,293.03240966796875,291.1408996582031,21.904027938842773
2022-01-28,167.1815643310547,132.55599975585938,300.0638427734375,299.31658935546875,22.798397064208984
2022-01-31,171.54930114746094,134.49688720703125,311.55078125,301.95770263671875,24.44139862060547
2022-02-01,171.38241577148438,136.8234100341797,317.2594909667969,299.8021545410156,24.593122482299805
2022-02-02,172.5897216796875,147.11769104003906,321.2376708984375,304.3657531738281,25.19602394104004
2022-02-03,169.70401000976562,142.2369384765625,236.46275329589844,292.5099792480469,23.904376983642578
2022-02-04,169.41905212402344,142.43875122070312,235.79641723632812,297.0639343261719,24.274703979492188
2022-02-07,168.70162963867188,138.3711395263672,223.682861328125,292.21868896484375,24.68295669555664
2022-02-08,171.8170166015625,138.56796264648438,218.97865295410156,295.7239685058594,25.06226348876953
2022-02-09,173.2420196533203,140.74786376953125,230.73416137695312,302.1809997558594,26.656356811523438
2022-02-10,169.1536865234375,137.79360961914062,226.8256378173828,293.6071472167969,25.776966094970703
2022-02-11,165.73367309570312,133.4819793701172,218.3520965576172,286.4801330566406,23.905372619628906
2022-02-14,165.96954345703125,134.71804809570312,216.51222229003906,286.4413757324219,24.22279930114746
2022-02-15,169.8121337890625,135.7941131591797,219.794189453125,291.7525939941406,26.44674301147461
2022-02-16,169.57627868652344,136.9168701171875,215.3585205078125,291.41204833984375,26.462709426879883
2022-02-17,165.96954345703125,131.7488555908203,206.57672119140625,282.87890625,24.462356567382812
2022-02-18,164.41673278808594,129.62559509277344,205.03517150878906,280.1545104980469,23.59893798828125
2022-02-22,161.4881134033203,129.0395965576172,200.9774169921875,279.9501647949219,23.347393035888672
2022-02-23,157.3113555908203,126.8273696899414,197.3672332763672,272.70135498046875,22.346220016479492
2022-02-24,159.9353790283203,131.89993286132812,206.46731567382812,286.6346435546875,23.704744338989258
2022-02-25,162.00897216796875,133.6579132080078,209.33157348632812,289.2812194824219,24.11299705505371
2022-02-28,162.27432250976562,134.2518310546875,209.8785858154297,290.7212219238281,24.34058380126953
2022-03-01,160.38743591308594,133.2622833251953,202.37974548339844,286.98492431640625,23.43423843383789
2022-03-02,163.6895294189453,133.76925659179688,206.97451782226562,292.0833740234375,24.180004119873047
2022-03-03,163.36520385742188,133.10125732421875,201.86257934570312,287.9288024902344,23.67483901977539
2022-03-04,160.3579559326172,131.12010192871094,198.96844482421875,282.0324401855469,22.89812469482422
2022-03-07,156.5546417236328,125.62508392333984,186.44712829589844,271.3780822753906,21.31673812866211
2022-03-08,154.7266845703125,126.34675598144531,189.2517547607422,268.4007263183594,21.47846794128418
2022-03-09,160.14170837402344,132.62460327148438,197.41696166992188,280.7090759277344,22.975990295410156
2022-03-10,155.78805541992188,131.6400146484375,194.14492797851562,277.877685546875,22.620580673217773
2022-03-11,152.0634002685547,129.0962677001953,186.58636474609375,272.50677490234375,22.063505172729492
2022-03-14,148.02420043945312,125.20012664794922,185.61172485351562,268.9747619628906,21.294775009155273
2022-03-15,152.41717529296875,128.42776489257812,190.9822540283203,279.39556884765625,22.935062408447266
2022-03-16,156.8396453857422,132.48593139648438,202.5189666748047,286.4400939941406,24.455549240112305
2022-03-17,157.85189819335938,133.04110717773438,206.70599365234375,287.2476501464844,24.7251033782959
2022-03-18,161.1539764404297,135.31398010253906,215.30880737304688,292.31695556640625,26.409311294555664
2022-03-21,162.5298614501953,135.29013061523438,210.33607482910156,291.0812683105469,26.689847946166992
2022-03-22,165.91055297851562,139.0341796875,215.46792602539062,295.8489074707031,26.480195999145508
2022-03-23,167.27664184570312,137.451171875,212.2953338623047,291.40234375,25.59166717529297
2022-03-24,171.07009887695312,140.72801208496094,218.3719940185547,295.8878479003906,28.1035099029541
2022-03-25,171.7088623046875,140.82839965820312,220.6097412109375,295.4792175292969,27.646268844604492
2022-03-28,172.57374572753906,140.61221313476562,222.37005615234375,302.3095703125,28.172395706176758
2022-03-29,175.87583923339844,141.6559295654297,228.60585021972656,306.8924255371094,28.608673095703125
2022-03-30,174.70632934570312,141.09231567382812,226.60682678222656,305.38421630859375,27.644271850585938
2022-03-31,171.6007537841797,138.2384490966797,221.14678955078125,299.9841613769531,27.24094009399414
2022-04-01,171.3059539794922,139.31497192382812,223.6232147216797,301.0641784667969,26.667888641357422
2022-04-04,175.3647918701172,142.11917114257812,232.6138458251953,306.4642333984375,27.314817428588867
2022-04-05,172.0430450439453,139.75286865234375,230.57501220703125,302.4847717285156,25.8881778717041
2022-04-06,168.86871337890625,135.73394775390625,222.08164978027344,291.41204833984375,24.3666934967041
2022-04-07,169.17333984375,135.07839965820312,221.73355102539062,293.23150634765625,24.16802215576172
2022-04-08,167.15869140625,132.49290466308594,221.116943359375,288.9503479003906,23.08081817626953
2022-04-11,162.89346313476562,128.05552673339844,215.2789764404297,277.5565490722656,21.88080596923828
2022-04-12,164.7705841064453,126.95311737060547,212.97164916992188,274.44305419921875,21.468488693237305
2022-04-13,167.4633331298828,129.11961364746094,213.81700134277344,279.8528747558594,22.16632843017578
2022-04-14,162.44140625,125.97449493408203,209.03321838378906,272.2732238769531,21.22289276123047
2022-04-18,162.2252197265625,126.91535186767578,209.62001037597656,272.9445495605469,21.747028350830078
2022-04-19,164.5150146484375,129.23394775390625,216.12432861328125,277.59552001953125,22.161344528198242
2022-04-20,164.3479461669922,127.27667236328125,199.3264923095703,278.6269226074219,21.446523666381836
2022-04-21,163.55194091796875,124.07040405273438,187.0438690185547,273.2268371582031,20.14966583251953
2022-04-22,159.00172424316406,118.92227935791016,183.10546875,266.62982177734375,19.482770919799805
2022-04-25,160.0729217529297,122.34027862548828,185.96975708007812,273.1392517089844,19.869131088256836
2022-04-26,154.09771728515625,117.94265747070312,179.9627227783203,262.92279052734375,18.756973266601562
2022-04-27,153.87168884277344,113.61312866210938,173.9954376220703,275.57171630859375,18.38459014892578
2022-04-28,160.81983947753906,117.81591033935547,204.60752868652344,281.8086242675781,19.749332427978516
2022-04-29,154.93307495117188,113.4292221069336,199.37620544433594,270.02557373046875,18.516368865966797
2022-05-02,155.23776245117188,115.88796997070312,209.97805786132812,276.78790283203125,19.500743865966797
2022-05-03,156.73153686523438,116.63450622558594,210.87315368652344,274.1706237792969,19.569625854492188
2022-05-04,163.15882873535156,121.5321273803711,222.1910400390625,282.1491394042969,20.300418853759766
2022-05-05,154.06822204589844,115.81094360351562,207.14361572265625,269.86016845703125,18.812881469726562
2022-05-06,154.79656982421875,115.05646514892578,202.658203125,267.31103515625,18.6441593170166
2022-05-09,149.658935546875,111.84024810791016,195.13946533203125,257.43511962890625,16.922006607055664
2022-05-10,152.0702667236328,113.71302032470703,196.5716094970703,262.2221984863281,17.565942764282227
2022-05-11,144.186767578125,112.92524719238281,187.71022033691406,253.513916015625,16.602537155151367
2022-05-12,140.30899047851562,112.17127227783203,190.19659423828125,248.45433044433594,16.148290634155273
2022-05-13,144.78713989257812,115.35865783691406,197.53628540039062,254.06849670410156,17.676759719848633
2022-05-16,143.24191284179688,113.76273345947266,198.9485626220703,254.438232421875,17.235490798950195
2022-05-17,146.88351440429688,115.77864837646484,201.51446533203125,259.6145935058594,18.14698028564453
2022-05-18,138.59645080566406,111.2323989868164,191.1911163330078,247.79441833496094,16.9100284576416
2022-05-19,135.18125915527344,109.72593688964844,190.2462921142578,246.877685546875,17.095722198486328
2022-05-20,135.41746520996094,108.25873565673828,192.4840087890625,246.31202697753906,16.666427612304688
2022-05-23,140.85028076171875,110.82335662841797,195.15931701660156,254.20187377929688,16.870094299316406
2022-05-24,138.14370727539062,105.3382568359375,180.29090881347656,253.19735717773438,16.1273250579834
2022-05-25,138.30120849609375,105.17422485351562,182.82699584960938,256.025634765625,16.946964263916016
2022-05-26,141.5097198486328,107.14988708496094,190.5844268798828,259.32196044921875,17.821517944335938
2022-05-27,147.27719116210938,111.64691925048828,194.0653533935547,266.4803771972656,18.779937744140625
2022-05-31,146.4898223876953,113.08379364013672,192.58346557617188,265.1443176269531,18.641162872314453
2022-06-01,146.36184692382812,113.21302032470703,187.61074829101562,265.6807556152344,18.289743423461914
2022-06-02,148.82240295410156,116.92127227783203,197.7749786376953,267.7872619628906,19.559646606445312
2022-06-03,143.08447265625,113.858154296875,189.7390899658203,263.3401184082031,18.689083099365234
2022-06-06,143.83242797851562,116.12407684326172,193.1901397705078,262.1014709472656,18.754974365234375
2022-06-07,146.36184692382812,116.45109558105469,194.58250427246094,265.7586975097656,18.894742965698242
2022-06-08,145.6237030029297,116.49534606933594,195.56712341308594,263.720458984375,18.62114143371582
2022-06-09,140.38771057128906,114.15089416503906,182.99607849121094,258.2394714355469,18.022005081176758
2022-06-10,134.96475219726562,110.4988021850586,174.612060546875,246.73141479492188,16.94955062866211
2022-06-13,129.79763793945312,105.75822448730469,163.36375427246094,236.26681518554688,15.624462127685547
2022-06-14,130.6636962890625,106.07929992675781,162.83665466308594,238.441650390625,15.813190460205078
2022-06-15,133.29156494140625,109.1101303100586,168.42604064941406,245.53179931640625,16.503192901611328
2022-06-16,128.00634765625,105.40137481689453,159.99227905273438,238.90980529785156,15.578527450561523
2022-06-17,129.48268127441406,106.5047607421875,162.8466033935547,241.52349853515625,15.857128143310547
2022-06-21,133.72459411621094,110.87902069091797,156.193115234375,247.46282958984375,16.542139053344727
2022-06-22,133.2128448486328,110.82286071777344,154.99966430664062,246.86793518066406,16.33643913269043
2022-06-23,136.08673095703125,111.57286834716797,157.88385009765625,252.45616149902344,16.201629638671875
2022-06-24,139.42320251464844,117.27167510986328,169.23159790039062,261.0775451660156,17.101335525512695
2022-06-27,139.42320251464844,115.14295196533203,168.56524658203125,258.33697509765625,16.84469985961914
2022-06-28,135.26983642578125,111.33975982666016,159.8032989501953,250.1350555419922,15.95898151397705
2022-06-29,137.0315399169922,111.03558349609375,163.04551696777344,253.82156372070312,15.519613265991211
2022-06-30,134.5612030029297,108.31340026855469,160.3701934814453,250.47634887695312,15.137165069580078
2022-07-01,136.73626708984375,108.08924865722656,159.1568603515625,253.15835571289062,14.502080917358398
2022-07-05,139.32476806640625,112.5877685546875,167.27232360839844,256.34747314453125,14.9424467086792
2022-07-06,140.66331481933594,113.88897705078125,168.84373474121094,259.62432861328125,15.108206748962402
2022-07-07,144.0391387939453,118.07485961914062,171.25051879882812,261.7601013183594,15.835159301757812
2022-07-08,144.71824645996094,118.64196014404297,169.94766235351562,261.0384521484375,15.81518840789795
2022-07-11,142.58251953125,114.98688507080078,161.99130249023438,257.9664306640625,15.13017463684082
2022-07-12,143.55685424804688,113.34076690673828,162.37918090820312,247.39454650878906,15.060276985168457
2022-07-13,143.1927490234375,110.68965911865234,162.59799194335938,246.46804809570312,15.142157554626465
2022-07-14,146.12567138671875,109.70954132080078,157.1876678466797,247.79441833496094,15.349858283996582
2022-07-15,147.798828125,111.11112213134766,163.80137634277344,250.36911010742188,15.739296913146973
2022-07-18,144.7477569580078,108.3800048828125,166.31756591796875,247.96022033691406,16.077810287475586
2022-07-19,148.61572265625,113.13150787353516,174.82093811035156,253.1095733642578,16.9675235748291
2022-07-20,150.62350463867188,113.22097778320312,182.09100341796875,255.78175354003906,17.781349182128906
2022-07-21,152.89703369140625,113.6583480834961,182.17059326171875,258.2882385253906,18.02400016784668
2022-07-22,151.6569061279297,107.25674438476562,168.34646606445312,253.91903686523438,17.294050216674805
2022-07-25,150.53494262695312,106.86907958984375,165.74072265625,252.42691040039062,16.999479293823242
2022-07-26,149.2062530517578,104.39390563964844,158.2816619873047,245.6683349609375,16.509185791015625
2022-07-27,154.3142852783203,112.38597869873047,168.65475463867188,262.0917663574219,17.76437759399414
2022-07-28,154.86544799804688,113.53907012939453,159.8430938720703,269.5719909667969,17.95809555053711
2022-07-29,159.9439697265625,115.62655639648438,158.23193359375,273.7948303222656,18.1368408203125
2022-08-01,158.9597625732422,114.17524719238281,159.0574188232422,271.1324462890625,18.414440155029297
2022-08-02,157.4834747314453,114.44364166259766,159.31597900390625,268.0213317871094,18.499313354492188
2022-08-03,163.50682067871094,117.37606811523438,167.87899780273438,275.4821472167969,18.865785598754883
2022-08-04,163.19189453125,117.48539733886719,169.63934326171875,276.6329345703125,19.18732452392578
2022-08-05,162.9651641845703,116.76969146728516,166.19822692871094,275.91119384765625,18.96164894104004
2022-08-08,162.49208068847656,116.60071563720703,169.3210906982422,273.38525390625,17.76736831665039
2022-08-09,162.54139709472656,115.9346923828125,167.61048889160156,275.3162841796875,17.061389923095703
2022-08-10,166.799072265625,118.98638916015625,177.366943359375,282.006591796875,18.070932388305664
2022-08-11,166.05987548828125,118.13151550292969,176.52159118652344,279.9195251464844,17.916152954101562
2022-08-12,169.6178436279297,120.95458984375,179.51516723632812,284.6885681152344,18.682050704956055
2022-08-15,170.69210815429688,121.35221099853516,179.90304565429688,286.2099609375,19.004587173461914
2022-08-16,170.53440856933594,120.97447204589844,178.49078369140625,285.4687805175781,18.851806640625
2022-08-17,172.03250122070312,118.83729553222656,173.89599609375,284.7162170410156,18.3085880279541
2022-08-18,171.6382598876953,119.45360565185547,173.70703125,283.59228515625,18.745962142944336
2022-08-19,169.04620361328125,116.51123809814453,167.04359436035156,279.6634216308594,17.82328987121582
2022-08-22,165.15318298339844,113.55894470214844,162.16036987304688,271.4537658691406,17.00946617126465
2022-08-23,164.8180389404297,113.18121337890625,160.23097229003906,270.1734924316406,17.156253814697266
2022-08-24,165.11373901367188,113.0122299194336,162.36923217773438,269.5382385253906,17.19719696044922
2022-08-25,167.5776824951172,115.95458221435547,167.85910034179688,272.5289306640625,17.88719940185547
2022-08-26,161.26011657714844,109.68219757080078,160.8972930908203,262.0128173828125,16.23657989501953
2022-08-29,159.05242919921875,108.76768493652344,158.30154418945312,259.2176818847656,15.778240203857422
2022-08-30,156.61805725097656,108.2905502319336,156.30250549316406,257.00885009765625,15.445720672607422
2022-08-31,154.95245361328125,107.57484436035156,162.041015625,255.5428466796875,15.072257041931152
2022-09-01,155.6817626953125,109.08577728271484,164.457763671875,254.49705505371094,13.916925430297852
2022-09-02,153.562744140625,107.20704650878906,159.44528198242188,250.25552368164062,13.62734317779541
2022-09-06,152.30123901367188,106.1732406616211,157.6749725341797,247.5092010498047,13.44560432434082
2022-09-07,153.71063232421875,108.79750061035156,159.51490783691406,252.23948669433594,13.698315620422363
2022-09-08,152.23223876953125,107.73388671875,161.17578125,252.6597137451172,13.973999977111816
2022-09-09,155.10028076171875,109.99034881591797,168.2270965576172,258.4651184082031,14.370546340942383
2022-09-12,161.07284545898438,110.1990966796875,168.03814697265625,260.6054382324219,14.488409996032715
2022-09-13,151.6211700439453,103.69808959960938,152.29449462890625,246.2777557373047,13.115981101989746
2022-09-14,153.0699920654297,104.37403106689453,150.64356994628906,246.5025634765625,13.112987518310547
2022-09-15,150.17237854003906,102.29649353027344,148.73402404785156,239.81759643554688,12.914215087890625
2022-09-16,148.5264892578125,102.18714904785156,145.4918212890625,239.19212341308594,13.182906150817871
2022-09-19,152.25196838378906,102.45553588867188,147.21238708496094,238.9771270751953,13.366695404052734
2022-09-20,154.6370391845703,100.53704833984375,145.29290771484375,236.9540252685547,13.160929679870605
2022-09-21,151.5029296875,98.6881332397461,141.34457397460938,233.53335571289062,13.245834350585938
2022-09-22,150.5370330810547,99.54300689697266,142.04075622558594,235.51734924316406,12.54663372039795
2022-09-23,148.26036071777344,98.15135955810547,139.64390563964844,232.5266876220703,12.50168514251709
2022-09-26,148.59548950195312,97.58474731445312,135.6259307861328,232.0673828125,12.214015007019043
2022-09-27,149.57119750976562,96.91874694824219,133.66668701171875,231.0509490966797,12.3988037109375
2022-09-28,147.6788787841797,99.45355224609375,140.83737182617188,235.6053009033203,12.72143268585205
2022-09-29,140.42503356933594,96.83921813964844,135.6657257080078,232.11624145507812,12.206024169921875
2022-09-30,136.20677185058594,95.07977294921875,134.93971252441406,227.62049865722656,12.125115394592285
2022-10-03,140.3954620361328,98.05195617675781,137.85374450683594,235.28280639648438,12.497690200805664
2022-10-04,143.99282836914062,101.03406524658203,139.51461791992188,243.23826599121094,13.15194034576416
2022-10-05,144.2884979248047,100.82530975341797,138.22169494628906,243.55099487304688,13.193894386291504
2022-10-06,143.33245849609375,100.81537628173828,138.31121826171875,241.19561767578125,13.114983558654785
2022-10-07,138.06948852539062,98.09171295166016,132.72186279296875,228.93014526367188,12.062190055847168
2022-10-10,138.39476013183594,97.27660369873047,133.06002807617188,224.05322265625,11.656651496887207
2022-10-11,136.9755096435547,96.60065460205078,127.83866119384766,220.30027770996094,11.57275104522705
2022-10-12,136.34474182128906,96.97838592529297,126.8043441772461,220.63258361816406,11.486848831176758
2022-10-13,140.92767333984375,98.46943664550781,129.57913208007812,228.93014526367188,11.946319580078125
2022-10-14,136.38417053222656,95.98434448242188,126.06837463378906,223.37889099121094,11.214160919189453
2022-10-17,140.3560333251953,99.3740234375,133.30865478515625,232.1455535888672,11.874403953552246
2022-10-18,141.6767120361328,100.16925048828125,132.07542419433594,233.0935516357422,11.953314781188965
2022-10-19,141.7851104736328,99.03604125976562,132.50308227539062,231.11935424804688,12.037217140197754
2022-10-20,141.32191467285156,99.3740234375,130.8123779296875,230.79681396484375,12.180054664611816
2022-10-21,145.1459503173828,100.52709197998047,129.3006591796875,236.63148498535156,12.451742172241211
2022-10-24,147.29449462890625,101.90882110595703,129.01223754882812,241.64523315429688,12.58459186553955
2022-10-25,150.14285278320312,103.85713195800781,136.7597198486328,244.9779052734375,13.245834350585938
2022-10-26,147.19595336914062,94.36405944824219,129.11167907714844,226.07632446289062,12.88125228881836
2022-10-27,142.71156311035156,91.67021942138672,97.40562438964844,221.60992431640625,13.160929679870605
2022-10-28,153.4937744140625,95.7159652709961,98.65874481201172,230.52317810058594,13.8181791305542
2022-10-31,151.12840270996094,93.94657135009766,92.65170288085938,226.86798095703125,13.48156452178955
2022-11-01,148.4772186279297,89.9306640625,94.6805648803711,222.99771118164062,13.527512550354004
2022-11-02,142.938232421875,86.4515151977539,90.0459976196289,215.11068725585938,13.203883171081543
2022-11-03,136.87696838378906,82.93262481689453,88.42488861083984,209.39328002929688,13.405649185180664
2022-11-04,136.6104278564453,86.06385040283203,90.29464721679688,216.37144470214844,14.139811515808105
2022-11-07,137.1434783935547,87.96246337890625,96.19229125976562,222.70452880859375,14.284645080566406
2022-11-08,137.71609497070312,88.3700180053711,95.94364929199219,223.68185424804688,14.58530044555664
2022-11-09,133.1453094482422,86.79943084716797,100.91637420654297,219.42068481445312,13.760245323181152
2022-11-10,144.99183654785156,93.37997436523438,111.2596206665039,237.4720001220703,15.731987953186035
2022-11-11,147.78565979003906,95.83525085449219,112.40335083007812,241.50839233398438,16.308326721191406
2022-11-14,146.38377380371094,95.12947082519531,113.59680938720703,236.0744171142578,16.2763671875
2022-11-15,148.1212921142578,97.8531494140625,116.44120788574219,236.4849090576172,16.646942138671875
2022-11-16,146.88731384277344,98.26069641113281,112.6122055053711,236.9161376953125,15.891804695129395
2022-11-17,148.79261779785156,97.77362060546875,110.84191131591797,236.86712646484375,15.65907096862793
2022-11-18,149.35531616210938,96.84916687011719,111.43863677978516,236.4163055419922,15.391378402709961
2022-11-21,146.1172332763672,95.03007507324219,109.26058959960938,237.22975158691406,15.299483299255371
2022-11-22,148.25950622558594,96.47142791748047,110.83197784423828,240.15042114257812,16.01966094970703
2022-11-23,149.13816833496094,97.8730239868164,111.62760162353516,242.64962768554688,16.500106811523438
2022-11-25,146.21597290039062,96.87898254394531,110.80213928222656,242.56143188476562,16.251394271850586
2022-11-28,142.37574768066406,95.47740173339844,108.18647766113281,236.94554138183594,15.80889892578125
2022-11-29,139.36473083496094,94.62251281738281,108.86276245117188,235.5440216064453,15.621114730834961
2022-11-30,146.13697814941406,100.38793182373047,117.45561981201172,250.05908203125,16.907968521118164
2022-12-01,146.41343688964844,100.38793182373047,119.78286743164062,249.61807250976562,17.119779586791992
2022-12-02,145.91983032226562,99.84121704101562,122.81622314453125,249.9414825439453,16.86100959777832
2022-12-05,144.75489807128906,98.8869400024414,121.76200866699219,245.21743774414062,16.595247268676758
2022-12-06,141.08248901367188,96.40185546875,113.49734497070312,240.2386016845703,15.972800254821777
2022-12-07,139.13768005371094,94.37401580810547,113.3083724975586,239.50355529785156,16.105684280395508
2022-12-08,140.82579040527344,93.15132904052734,114.70074462890625,242.47323608398438,17.15375328063965
2022-12-09,140.3420867919922,92.2765884399414,115.26763153076172,240.53262329101562,16.98590087890625
2022-12-12,142.6422882080078,92.75371551513672,114.08412170410156,247.4814453125,17.519428253173828
2022-12-13,143.6097412109375,95.05989074707031,119.49444580078125,251.8036346435547,18.055952072143555
2022-12-14,141.37864685058594,94.50322723388672,120.92658233642578,252.09767150878906,17.65830421447754
2022-12-15,134.75442504882812,90.31832885742188,115.51628112792969,244.0511474609375,16.93694305419922
2022-12-16,132.78988647460938,89.72190856933594,118.77837371826172,239.8171844482422,16.556285858154297
2022-12-19,130.67727661132812,87.91275787353516,113.85538482666016,235.66162109375,16.239561080932617
2022-12-20,130.6082000732422,88.48929595947266,116.45113372802734,236.98472595214844,16.070716857910156
2022-12-21,133.7178955078125,89.04595947265625,119.10657501220703,239.56234741210938,16.486345291137695
2022-12-22,130.5390625,87.23680877685547,116.4809799194336,233.4466094970703,15.3253755569458
2022-12-23,130.17376708984375,88.69805908203125,117.39595794677734,233.97589111328125,15.19249439239502
2022-12-27,128.3671875,86.8690185546875,116.2422866821289,232.24111938476562,14.10845947265625
2022-12-28,124.42821502685547,85.5071792602539,114.98916625976562,229.85951232910156,14.02353286743164
2022-12-29,127.95256042480469,87.9227066040039,119.60385131835938,236.21046447753906,14.5900297164917
2022-12-30,128.26844787597656,87.70401763916016,119.68340301513672,235.04417419433594,14.601019859313965
2023-01-03,123.47061157226562,88.58870697021484,124.05941009521484,234.8089599609375,14.302285194396973
2023-01-04,124.74413299560547,87.55490112304688,126.675048828125,224.53765869140625,14.735899925231934
2023-01-05,123.42124938964844,85.68611145019531,126.24739837646484,217.88287353515625,14.25233268737793
2023-01-06,127.96241760253906,86.81930541992188,129.31057739257812,220.45069885253906,14.845804214477539
2023-01-09,128.48562622070312,87.49525451660156,128.76358032226562,222.5970916748047,15.614120483398438
2023-01-10,129.05824279785156,87.89286804199219,132.26438903808594,224.29263305664062,15.894871711730957
2023-01-11,131.782958984375,90.9743881225586,132.16493225097656,231.07481384277344,15.986787796020508
2023-01-12,131.7039794921875,90.58670806884766,135.96408081054688,233.76025390625,16.496335983276367
2023-01-13,133.03668212890625,91.5708236694336,136.2326202392578,234.46592712402344,16.883991241455078
2023-01-17,134.2016143798828,90.74576568603516,134.6214599609375,235.56362915039062,17.686281204223633
2023-01-18,133.48097229003906,90.5767822265625,132.2942352294922,231.11402893066406,17.361568450927734
2023-01-19,133.54019165039062,92.49527740478516,135.40713500976562,227.31129455566406,16.75010871887207
2023-01-20,136.10693359375,97.43563842773438,138.6095733642578,235.43621826171875,17.823158264160156
2023-01-23,139.30552673339844,99.19509887695312,142.48831176757812,237.74920654296875,19.175952911376953
2023-01-24,140.7073211669922,97.1175537109375,142.35899353027344,237.21995544433594,19.24789047241211
2023-01-25,140.04591369628906,94.65234375,140.72796630859375,235.8184356689453,19.30584144592285
2023-01-26,142.11904907226562,96.9386215209961,146.49632263183594,243.06124877929688,19.784412384033203
2023-01-27,144.0638427734375,98.77759552001953,150.91207885742188,243.21807861328125,20.346914291381836
2023-01-30,141.1713409423828,96.36209106445312,146.2576141357422,237.8766326904297,19.144981384277344
2023-01-31,142.44482421875,98.2507553100586,148.15719604492188,242.87506103515625,19.519649505615234
2023-02-01,143.57022094726562,99.83128356933594,152.28456115722656,247.71665954589844,20.924402236938477
2023-02-02,148.89132690429688,107.09769439697266,187.74005126953125,259.3306884765625,21.68971824645996
2023-02-03,152.5242462158203,104.15534210205078,185.5122833251953,253.20516967773438,21.081260681152344
2023-02-06,149.78965759277344,102.28655242919922,185.04481506347656,251.65660095214844,21.07027244567871
2023-02-07,152.67234802246094,106.99828338623047,190.57449340820312,262.231689453125,22.15330696105957
2023-02-08,149.9772491455078,98.77759552001953,182.42916870117188,261.4183044433594,22.18527603149414
2023-02-09,148.94068908691406,94.44358825683594,176.9492645263672,258.3702392578125,22.31715965270996
2023-02-10,149.3065185546875,94.0062026977539,173.19979858398438,257.860595703125,21.246112823486328
2023-02-13,152.11448669433594,94.04596710205078,178.4510040283203,265.9168395996094,21.768648147583008
2023-02-14,151.4718017578125,94.11556243896484,178.500732421875,266.7499694824219,22.950597763061523
2023-02-15,153.57777404785156,96.36209106445312,176.19338989257812,264.6178283691406,22.74378204345703
2023-02-16,151.97607421875,94.94060516357422,171.4991455078125,257.572998046875,21.982458114624023
2023-02-17,150.8291473388672,93.78751373291016,171.93673706054688,253.55441284179688,21.36900520324707
2023-02-21,146.80506896972656,91.24278259277344,171.14108276367188,248.25852966308594,20.636655807495117
2023-02-22,147.23020935058594,91.1036148071289,170.18634033203125,247.11878967285156,20.73556900024414
2023-02-23,147.7146759033203,90.34815216064453,171.101318359375,250.32186889648438,23.642980575561523
2023-02-24,145.05502319335938,88.59864807128906,169.46034240722656,244.8687744140625,23.265321731567383
2023-02-27,146.25137329101562,89.33423614501953,168.61495971679688,245.79232788085938,23.480125427246094
2023-02-28,145.7471466064453,89.5230941772461,173.98550415039062,245.06527709960938,23.195383071899414
2023-03-01,143.67080688476562,89.8213119506836,172.47381591796875,241.97027587890625,22.677841186523438
2023-03-02,144.26405334472656,91.4515380859375,173.57774353027344,246.7257843017578,23.293292999267578
2023-03-03,149.32630920410156,93.0916976928711,184.2392578125,250.83277893066406,23.868783950805664
2023-03-06,152.09471130371094,94.5628662109375,183.89114379882812,252.38519287109375,23.5330810546875
2023-03-07,149.8898468017578,93.30044555664062,183.50328063964844,249.71267700195312,23.271270751953125
2023-03-08,151.14553833007812,93.68811798095703,183.9607696533203,249.27053833007812,24.16362953186035
2023-03-09,148.89126586914062,91.7696304321289,180.6986846923828,247.91465759277344,23.419164657592773
2023-03-10,146.82479858398438,90.0896987915039,178.53054809570312,244.24977111816406,22.948501586914062
2023-03-13,148.7726287841797,90.56684112548828,179.91297912597656,249.48672485351562,22.949501037597656
2023-03-14,150.8686981201172,93.40978240966797,192.9613800048828,256.23675537109375,24.045713424682617
2023-03-15,151.26417541503906,95.53703308105469,196.67105102539062,260.80560302734375,24.210594177246094
2023-03-16,154.09193420410156,99.72193145751953,203.81187438964844,271.3777160644531,25.522647857666016
2023-03-17,153.25152587890625,101.0141830444336,194.542724609375,274.5513000488281,25.706520080566406
2023-03-20,155.62440490722656,100.61656951904297,196.73072814941406,267.47698974609375,25.881393432617188
2023-03-21,157.48324584960938,104.29450988769531,201.05699157714844,268.9999694824219,26.18017578125
2023-03-22,156.0496063232422,102.75375366210938,198.7198028564453,267.5359802246094,26.448984146118164
2023-03-23,157.1371612548828,104.97045135498047,203.16542053222656,272.8122253417969,27.171464920043945
2023-03-24,158.4423065185547,104.81141662597656,204.88597106933594,275.6714172363281,26.75975799560547
2023-03-27,156.4945068359375,101.84917449951172,201.7332763671875,271.5545959472656,26.511940002441406
2023-03-28,155.87161254882812,100.42769622802734,199.58506774902344,270.4246520996094,26.39102554321289
2023-03-29,158.9564208984375,100.7855453491211,204.22958374023438,275.61248779296875,26.964614868164062
2023-03-30,160.5284881591797,100.28852844238281,206.70599365234375,279.0906982421875,27.363325119018555
2023-03-31,163.03982543945312,103.11161041259766,210.7836151123047,283.26641845703125,27.757043838500977
2023-04-03,164.29550170898438,103.73784637451172,211.90748596191406,282.21514892578125,27.944910049438477
2023-04-04,163.76161193847656,104.09569549560547,213.54844665527344,282.1659851074219,27.433277130126953
2023-04-05,161.9126739501953,103.84720611572266,210.32614135742188,279.3756103515625,26.861690521240234
2023-04-06,162.80255126953125,107.77364349365234,214.92095947265625,286.5088806152344,27.017578125
2023-04-10,160.20220947265625,105.80545043945312,213.5782928466797,284.33740234375,27.559186935424805
2023-04-11,158.98606872558594,104.7219467163086,212.68321228027344,277.8919982910156,27.14948081970215
2023-04-12,158.29397583007812,104.01617431640625,212.8323974609375,278.5404052734375,26.475967407226562
2023-04-13,163.69239807128906,106.78955841064453,219.14773559570312,284.779541015625,26.443988800048828
2023-04-14,163.34634399414062,108.22096252441406,220.28150939941406,281.1441650390625,26.738773345947266
2023-04-17,163.3660888671875,105.3382568359375,217.66586303710938,283.7576599121094,26.982601165771484
2023-04-18,164.5921173095703,103.87700653076172,216.701171875,283.335205078125,27.647125244140625
2023-04-19,165.7390594482422,103.55892181396484,214.5231170654297,283.41387939453125,27.910932540893555
2023-04-20,164.77008056640625,104.66230010986328,211.90748596191406,281.1146545410156,27.08452796936035
2023-04-21,163.15846252441406,104.78160095214844,211.72842407226562,280.77081298828125,27.099515914916992
2023-04-24,163.46498107910156,105.3382568359375,211.6289825439453,276.8504333496094,27.022571563720703
2023-04-25,161.9225616455078,103.23088836669922,206.41757202148438,270.6113586425781,26.222143173217773
2023-04-26,161.9126739501953,103.09172058105469,208.2574920654297,290.2129821777344,26.936634063720703
2023-04-27,166.51022338867188,106.94859313964844,237.25839233398438,299.5078430175781,27.20644187927246
2023-04-28,167.76589965820312,106.7000732421875,239.00877380371094,301.89544677734375,27.729066848754883
2023-05-01,167.67691040039062,106.5609130859375,241.85316467285156,300.22509765625,28.889230728149414
2023-05-02,166.6387481689453,104.69212341308594,237.93467712402344,300.0777282714844,28.189733505249023
2023-05-03,165.5610809326172,104.78160095214844,235.7367401123047,299.0853271484375,27.782026290893555
2023-05-04,163.91978454589844,104.06588745117188,232.2458953857422,300.0777282714844,27.542200088500977
2023-05-05,171.61204528808594,104.94063568115234,231.50991821289062,305.2262268066406,28.659395217895508
2023-05-08,171.54281616210938,107.12752532958984,231.99725341796875,303.2611389160156,29.130056381225586
2023-05-09,169.83236694335938,106.71002960205078,232.09671020507812,301.63995361328125,28.550474166870117
2023-05-10,171.60214233398438,111.08378601074219,231.80828857421875,306.8572082519531,28.864248275756836
2023-05-11,171.78997802734375,115.87505340576172,234.5034942626953,304.6956481933594,28.557472229003906
2023-05-12,170.8593292236328,116.80945587158203,232.53428649902344,303.5755920410156,28.31964111328125
2023-05-15,170.36428833007812,115.81541442871094,237.55674743652344,304.0570068359375,28.93219757080078
2023-05-16,170.36428833007812,118.79753112792969,237.51698303222656,306.2971496582031,29.1920108795166
2023-05-17,170.9781036376953,120.11959838867188,241.16693115234375,309.19219970703125,30.156320571899414
2023-05-18,173.31472778320312,122.09774780273438,245.50315856933594,313.6429748535156,31.65523910522461
2023-05-19,173.42364501953125,122.02815246582031,244.29974365234375,313.46575927734375,31.241539001464844
2023-05-22,172.47315979003906,124.30450439453125,246.96514892578125,316.2622375488281,31.153602600097656
2023-05-23,169.85931396484375,121.82933807373047,245.39378356933594,310.4328918457031,30.665952682495117
2023-05-24,170.1365509033203,120.17923736572266,247.85028076171875,309.0444641113281,30.51605796813965
2023-05-25,171.27517700195312,122.74385833740234,251.311279296875,320.9296569824219,37.95271301269531
2023-05-26,173.69094848632812,123.86712646484375,260.6102600097656,327.79296875,38.91801834106445
2023-05-30,175.54241943359375,122.93273162841797,261.087646484375,326.138671875,40.082183837890625
2023-05-31,175.492919921875,122.13750457763672,263.2756652832031,323.3618469238281,37.806819915771484
2023-06-01,178.30474853515625,122.98242950439453,271.1226501464844,327.4877014160156,39.74142837524414
2023-06-02,179.15625,123.92676544189453,271.1226501464844,330.26446533203125,39.29874038696289
2023-06-05,177.79981994628906,125.2587890625,269.9092712402344,330.7962341308594,39.142860412597656
2023-06-06,177.43348693847656,126.551025390625,269.6407165527344,328.5708312988281,38.62623596191406
2023-06-07,176.05726623535156,121.76969909667969,262.1617736816406,318.42852783203125,37.45195007324219
2023-06-08,178.77999877929688,121.41184997558594,263.13641357421875,320.27978515625,38.48632049560547
2023-06-09,179.16615295410156,121.5013198852539,263.5044250488281,321.7863464355469,38.74615478515625
2023-06-12,181.9680633544922,122.90290069580078,269.57110595703125,326.7689208984375,39.45771789550781
2023-06-13,181.49282836914062,123.09178924560547,269.83966064453125,329.1715393066406,40.99676513671875
2023-06-14,182.12648010253906,122.93273162841797,271.85858154296875,332.1748352050781,42.97056198120117
2023-06-15,184.1660919189453,124.3442611694336,280.2922668457031,342.77008056640625,42.62677001953125
2023-06-16,183.08689880371094,122.79357147216797,279.4668273925781,337.08843994140625,42.66574478149414
2023-06-20,183.17599487304688,122.36611938476562,282.7786560058594,332.8739013671875,43.78105926513672
2023-06-21,182.13641357421875,119.83133697509766,280.1033630371094,328.4526672363281,43.01852798461914
2023-06-22,185.146240234375,122.41583251953125,283.3256530761719,334.5085144042969,42.998538970947266
2023-06-23,184.82943725585938,121.61064910888672,287.1546936035156,329.8903503417969,42.18304443359375
2023-06-26,183.43341064453125,117.6344985961914,276.95062255859375,323.5686950683594,40.60700988769531
2023-06-27,186.19577026367188,117.62456512451172,285.4837951660156,329.4472351074219,41.850242614746094
2023-06-28,187.37396240234375,119.46353149414062,283.73345947265625,330.7076416015625,41.09171676635742
2023-06-29,187.71058654785156,118.38996887207031,279.9939270019531,329.91986083984375,40.79689407348633
2023-06-30,192.04718017578125,118.98638916015625,285.4142150878906,335.3258361816406,42.27598571777344
2023-07-03,190.55213928222656,119.1852035522461,284.4594421386719,332.8148498535156,42.38691329956055
2023-07-05,189.433349609375,121.02417755126953,292.76385498046875,332.972412109375,42.29097366333008
2023-07-06,189.9085693359375,119.39395904541016,290.3968505859375,336.0446472167969,42.077110290527344
2023-07-07,188.78977966308594,118.76770782470703,288.9448547363281,332.0566711425781,42.47685623168945
2023-07-10,186.74029541015625,115.7557601928711,292.495361328125,326.7491455078125,42.154052734375
2023-07-11,186.215576171875,116.44166564941406,296.6625061035156,327.37939453125,42.3789176940918
2023-07-12,187.88880920410156,118.22099304199219,307.6521911621094,332.0369567871094,43.875
2023-07-13,188.6511688232422,123.79755401611328,311.70001220703125,337.41339111328125,45.94872283935547
2023-07-14,188.7996826171875,124.67230224609375,307.18475341796875,339.953857421875,45.44103240966797
2023-07-17,192.06695556640625,123.9068832397461,308.92523193359375,340.4363708496094,46.43242263793945
2023-07-18,191.80955505371094,123.0221939086914,310.3473815917969,353.9857177734375,47.46479034423828
2023-07-19,193.1659698486328,121.30250549316406,314.28582763671875,349.6431579589844,47.04804611206055
2023-07-20,191.2154998779297,118.48937225341797,300.86944580078125,341.5588684082031,45.492000579833984
2023-07-21,190.03729248046875,119.30448150634766,292.65447998046875,338.50634765625,44.28174591064453
2023-07-24,190.8392791748047,120.80548858642578,290.0188903808594,339.8258056640625,44.584564208984375
2023-07-25,191.7006378173828,121.48143768310547,292.86334228515625,345.60595703125,45.65091323852539
2023-07-26,192.57192993164062,128.4993438720703,296.94097900390625,332.59820556640625,45.424049377441406
2023-07-27,191.30459594726562,128.62855529785156,310.00927734375,325.6561584472656,45.87177658081055
2023-07-28,193.88873291015625,131.78961181640625,323.7041320800781,333.18902587890625,46.721248626708984
2023-07-31,194.5026092529297,131.92877197265625,316.8616638183594,330.7765808105469,46.700260162353516
2023-08-01,193.6709442138672,130.7657470703125,320.9492492675781,331.19012451171875,46.4783935546875
2023-08-02,190.6709442138672,127.61466217041016,312.5950927734375,322.4854736328125,44.24177169799805
2023-08-03,189.27491760253906,127.6842269897461,311.481201171875,321.6583557128906,44.48762512207031
2023-08-04,180.18594360351562,127.34626007080078,309.03460693359375,322.7611999511719,44.65251922607422
2023-08-07,177.07705688476562,130.74586486816406,314.8327941894531,325.0555419921875,45.389068603515625
2023-08-08,178.0176544189453,130.6166229248047,310.9342346191406,321.0577087402344,44.636531829833984
2023-08-09,176.42361450195312,128.8870391845703,303.5447692871094,317.29620361328125,42.527828216552734
2023-08-10,176.2057647705078,128.91685485839844,304.07183837890625,317.9854431152344,42.36193084716797
2023-08-11,176.2652587890625,128.78759765625,299.99420166015625,316.0948486328125,40.82986831665039
2023-08-14,177.92095947265625,130.54705810546875,304.5193786621094,319.0784606933594,43.72608947753906
2023-08-15,175.92819213867188,129.00631713867188,300.30255126953125,316.9317932128906,43.9129753112793
2023-08-16,175.0557403564453,127.9327392578125,292.684326171875,316.16217041015625,43.45925521850586
2023-08-17,172.5077667236328,129.1454620361328,283.53448486328125,312.6887512207031,43.31734085083008
2023-08-18,172.9935760498047,126.70013427734375,281.7045593261719,312.29400634765625,43.272369384765625
2023-08-21,174.33200073242188,127.60470581054688,288.3182373046875,317.62261962890625,46.938114166259766
2023-08-22,175.71006774902344,128.31045532226562,286.03082275390625,318.19488525390625,45.63991165161133
2023-08-23,179.5667266845703,131.58087158203125,292.63458251953125,322.6748962402344,47.08702850341797
2023-08-24,174.86737060546875,129.00631713867188,285.1854248046875,315.73785400390625,47.133995056152344
2023-08-25,177.07821655273438,129.10569763183594,283.94232177734375,318.7080383300781,45.98969650268555
2023-08-28,178.64468383789062,130.2289581298828,288.6763000488281,319.4185485839844,46.80619430541992
2023-08-29,182.54098510742188,133.7677764892578,296.3641357421875,324.0661926269531,48.75399398803711
2023-08-30,186.04071044921875,135.06993103027344,293.48992919921875,324.4411926269531,49.23369598388672
2023-08-31,186.25881958007812,135.3582305908203,294.2756042480469,323.4248046875,49.32464599609375
2023-09-01,187.835205078125,134.85125732421875,294.762939453125,324.31292724609375,48.47916793823242
2023-09-05,188.0731201171875,134.9606170654297,298.5123291015625,329.13824462890625,48.51813888549805
2023-09-06,181.34136962890625,133.65841674804688,297.5377197265625,328.4771423339844,47.03593444824219
2023-09-07,176.03724670410156,134.45362854003906,297.0404357910156,325.54638671875,46.21636962890625
2023-09-08,176.6519012451172,135.5669708251953,296.2646789550781,329.84869384765625,45.547725677490234
2023-09-11,177.82179260253906,136.10372924804688,305.88189697265625,333.4701843261719,45.153934478759766
2023-09-12,174.78805541992188,134.5331573486328,300.01409912109375,327.3817138671875,44.84609603881836
2023-09-13,172.71595764160156,135.89498901367188,303.39556884765625,331.6150207519531,45.46077346801758
2023-09-14,174.23284912109375,137.27671813964844,310.0191955566406,334.2201232910156,45.55672073364258
2023-09-15,173.50909423828125,136.5808563232422,298.67144775390625,325.8522644042969,43.876617431640625
2023-09-18,176.44369506835938,137.3860321044922,300.8992919921875,324.7076110839844,43.94258117675781
2023-09-19,177.5343017578125,137.21705627441406,303.405517578125,324.30303955078125,43.4968147277832
2023-09-20,173.98500061035156,132.9427032470703,298.03497314453125,316.52728271484375,42.21649932861328
2023-09-21,172.43833923339844,129.66236877441406,294.116455078125,315.3037109375,40.99514389038086
2023-09-22,173.29100036621094,129.47349548339844,297.44818115234375,312.8169860839844,41.58783721923828
2023-09-25,174.56993103027344,130.328369140625,299.1885986328125,313.34002685546875,42.19950485229492
2023-09-26,170.48526000976562,127.80352783203125,297.3288269042969,308.0114440917969,41.888675689697266
2023-09-27,168.9683837890625,129.76177978515625,296.1154479980469,308.65283203125,42.445377349853516
2023-09-28,169.22616577148438,131.52120971679688,302.30157470703125,309.4916076660156,43.066043853759766
2023-09-29,169.74169921875,130.0798797607422,298.572021484375,311.57366943359375,43.475830078125
2023-10-02,172.25990295410156,133.37013244628906,305.1459655761719,317.54364013671875,44.758148193359375
2023-10-03,170.9214630126953,131.6405029296875,299.2980651855469,309.2449035644531,43.49381637573242
2023-10-04,172.1707000732422,134.4337615966797,303.9127197265625,314.7412109375,44.01754379272461
2023-10-05,173.40997314453125,134.26475524902344,303.1270446777344,315.13592529296875,44.66419982910156
2023-10-06,175.9678497314453,136.7598114013672,313.7089538574219,322.9314270019531,45.73762512207031
2023-10-09,177.45498657226562,137.5948028564453,316.62298583984375,325.45758056640625,45.24888229370117
2023-10-10,176.860107421875,137.2369384765625,320.0840148925781,324.0464782714844,45.77360153198242
2023-10-11,178.25804138183594,139.71212768554688,326.0314025878906,328.0232238769531,46.781070709228516
2023-10-12,179.16021728515625,138.14149475097656,322.391357421875,326.7798767089844,46.91999435424805
2023-10-13,177.31617736816406,136.54112243652344,312.9730529785156,323.3952331542969,45.43678283691406
2023-10-16,177.18728637695312,138.270751953125,319.3977355957031,328.24029541015625,46.0704460144043
2023-10-17,175.63075256347656,138.8870391845703,322.232177734375,327.6679382324219,43.91459655761719
2023-10-18,174.33200073242188,137.13754272460938,315.2405700683594,325.7437438964844,42.17352294921875
2023-10-19,173.95526123046875,136.9287872314453,311.1032409667969,326.9377136230469,42.078575134277344
2023-10-20,171.39736938476562,134.79161071777344,306.9659118652344,322.3492126464844,41.36495590209961
2023-10-23,171.51634216308594,135.68624877929688,312.2967224121094,324.96417236328125,42.95210647583008
2023-10-24,171.95254516601562,137.98245239257812,310.8446960449219,326.1582336425781,43.639739990234375
2023-10-25,169.63265991210938,124.86116790771484,297.89569091796875,336.1640930175781,41.75674819946289
2023-10-26,165.45875549316406,121.55101013183594,286.7767333984375,323.5531005859375,40.30451965332031
2023-10-27,166.77734375,121.4416732788086,295.11102294921875,325.4477233886719,40.47842788696289
2023-10-30,168.82957458496094,123.718017578125,301.0086669921875,332.8485412597656,41.139076232910156
2023-10-31,169.30548095703125,123.34028625488281,299.626220703125,333.637939453125,40.75828170776367
2023-11-01,172.47802734375,125.69615936279297,310.1484680175781,341.4926452636719,42.302459716796875
2023-11-02,176.04718017578125,126.72994995117188,309.173828125,343.7128601074219,43.48282241821289
2023-11-03,175.13504028320312,128.33038330078125,312.8835144042969,348.1336364746094,44.98102569580078
2023-11-06,177.6929168701172,129.47349548339844,314.076904296875,351.81427001953125,45.726627349853516
2023-11-07,180.26071166992188,130.189208984375,317.08050537109375,355.76141357421875,45.93052291870117
2023-11-08,181.32151794433594,131.0540008544922,318.0352478027344,358.39605712890625,46.549190521240234
2023-11-09,180.84564208984375,129.46356201171875,318.8010559082031,355.91925048828125,46.924983978271484
2023-11-10,185.04489135742188,131.79954528808594,326.9761962890625,364.780517578125,48.30924987792969
2023-11-13,183.45654296875,131.30255126953125,327.3938903808594,361.83001708984375,48.59409713745117
2023-11-14,186.0773468017578,132.8234100341797,334.47503662109375,365.37255859375,49.629547119140625
2023-11-15,186.64320373535156,133.81744384765625,330.8946838378906,365.5208435058594,48.861961364746094
2023-11-16,188.33082580566406,136.11367797851562,332.3666076660156,371.94793701171875,49.45363998413086
2023-11-17,188.3109893798828,134.50332641601562,333.2120361328125,365.6988830566406,49.27174377441406
2023-11-20,190.0581817626953,135.437744140625,338.1150817871094,373.2036437988281,50.38214874267578
2023-11-21,189.25405883789062,136.1534423828125,335.1413879394531,368.8827209472656,49.91739273071289
2023-11-22,189.91917419433594,137.66436767578125,339.6268005371094,373.6090393066406,48.69004821777344
2023-11-24,188.58892822265625,135.8751220703125,336.38458251953125,373.1937561035156,47.75054931640625
2023-11-27,188.4102325439453,135.59678649902344,332.8738708496094,374.36053466796875,48.21630096435547
2023-11-28,189.01580810546875,136.38206481933594,337.1404113769531,378.4046325683594,47.79552459716797
2023-11-29,187.9932861328125,134.18524169921875,330.3874816894531,374.59783935546875,48.11436080932617
2023-11-30,188.569091796875,131.7399139404297,325.3650207519531,374.65716552734375,46.745086669921875
2023-12-01,189.84970092773438,131.07391357421875,323.0477600097656,370.3065490722656,46.740089416503906
2023-12-04,188.05284118652344,128.4993438720703,318.2739562988281,364.996826171875,45.48575973510742
2023-12-05,192.01382446289062,130.2091064453125,316.5533752441406,368.3388671875,46.545291900634766
2023-12-06,190.92185974121094,129.24488830566406,315.7179260253906,364.6606750488281,45.482757568359375
2023-12-07,192.857666015625,136.11367797851562,324.8080749511719,366.7864990234375,46.57527542114258
2023-12-08,194.28720092773438,134.18524169921875,330.9344787597656,370.0296936035156,47.484867095947266
2023-12-11,191.7755889892578,132.49539184570312,323.5052185058594,367.1325378417969,46.606258392333984
2023-12-12,193.2944793701172,131.72996520996094,332.3964538574219,370.177978515625,47.635799407958984
2023-12-13,196.5208740234375,131.77969360351562,332.9136047363281,370.1681213378906,48.06661605834961
2023-12-14,196.66976928710938,131.1534423828125,331.3521728515625,361.82281494140625,48.328495025634766
2023-12-15,196.13369750976562,131.80947875976562,333.0926818847656,366.5690002441406,48.868255615234375
2023-12-18,194.4658966064453,134.9904022216797,342.73968505859375,368.4674072265625,50.054725646972656
2023-12-19,195.50827026367188,135.83534240722656,348.4483947753906,369.070556640625,49.581932067871094
2023-12-20,193.4136199951172,137.51527404785156,347.3742980957031,366.4601745605469,48.089595794677734
2023-12-21,193.2646942138672,139.58287048339844,352.15802001953125,369.3474426269531,48.96820831298828
2023-12-22,192.19253540039062,140.64649963378906,351.46185302734375,370.375732421875,48.80828094482422
2023-12-26,191.64654541015625,140.6763153076172,352.8939514160156,370.454833984375,49.257076263427734
2023-12-27,191.74583435058594,139.5331573486328,355.8776550292969,369.8714904785156,49.395023345947266
2023-12-28,192.17269897460938,139.39401245117188,356.3650207519531,371.06787109375,49.49997329711914
2023-12-29,191.1303253173828,138.8572235107422,352.02874755859375,371.8193664550781,49.49997329711914
2024-01-02,184.2904052734375,137.34628295898438,344.400634765625,366.7073669433594,48.14657211303711
2024-01-03,182.91050720214844,138.09181213378906,342.5905456542969,366.4404602050781,47.54783630371094
2024-01-04,180.58753967285156,135.57688903808594,345.22607421875,363.810302734375,47.97665023803711
2024-01-05,179.8628387451172,134.92083740234375,350.0296936035156,363.6224060058594,49.07516098022461
2024-01-08,184.21099853515625,138.01229858398438,356.703125,370.48455810546875,52.22975540161133
2024-01-09,183.79405212402344,140.10972595214844,355.4797668457031,371.5721740722656,53.116363525390625
2024-01-10,184.83644104003906,141.43179321289062,368.44866943359375,378.47381591796875,54.32582473754883
2024-01-11,184.24078369140625,141.2329864501953,367.65301513671875,380.3129577636719,54.79761505126953
2024-01-12,184.56838989257812,141.79957580566406,372.44671630859375,384.1098937988281,54.68566131591797
2024-01-16,182.2950439453125,141.64053344726562,365.4550476074219,385.8896789550781,56.3569221496582
2024-01-17,181.35191345214844,140.6266326904297,366.360107421875,385.0986633300781,56.02806854248047
2024-01-18,187.25869750976562,142.6246337890625,374.0777893066406,389.4492492675781,57.08160400390625
2024-01-19,190.16738891601562,145.50733947753906,381.35784912109375,394.1953430175781,59.46453857421875
2024-01-22,192.48043823242188,145.1196746826172,379.69696044921875,392.0596008300781,59.627464294433594
2024-01-23,193.76107788085938,146.16339111328125,383.09832763671875,394.4227600097656,59.846370697021484
2024-01-24,193.0860137939453,147.81349182128906,388.56829833984375,398.04168701171875,61.3347053527832
2024-01-25,192.75840759277344,150.96461486816406,391.03472900390625,400.32574462890625,61.58959197998047
2024-01-26,191.02113342285156,151.28271484375,391.9895324707031,399.3963317871094,61.00385284423828
2024-01-29,190.3361358642578,152.59483337402344,398.8319396972656,405.121337890625,62.43721008300781
2024-01-30,186.6729736328125,150.5570526123047,397.877197265625,404.0040588378906,62.746070861816406
2024-01-31,183.0594482421875,139.26478576660156,388.0113830566406,393.11761474609375,61.499629974365234
2024-02-01,185.5015411376953,140.3184814453125,392.62603759765625,399.2480163574219,62.998966217041016
2024-02-02,184.4989013671875,141.53118896484375,472.39837646484375,406.6044921875,66.13057708740234
2024-02-05,186.31558227539062,142.82342529296875,456.90338134765625,401.0970153808594,69.30116271972656
2024-02-06,187.923828125,143.24095153808594,452.2389831542969,400.9388122558594,68.19265747070312
2024-02-07,188.03302001953125,144.67234802246094,467.0278625488281,409.4027099609375,70.06781005859375
2024-02-08,186.950927734375,145.0401611328125,467.43560791015625,409.4620666503906,69.61001586914062
2024-02-09,187.71629333496094,148.11172485351562,465.5559387207031,415.8298034667969,72.1009292602539
2024-02-12,186.02651977539062,146.65048217773438,466.3416442871094,410.5991516113281,72.21585845947266
2024-02-13,183.92918395996094,144.27474975585938,457.6095275878906,401.759521484375,72.0959243774414
2024-02-14,183.04452514648438,145.06996154785156,470.6977233886719,405.6426696777344,73.86713409423828
2024-02-15,182.7562713623047,141.91885375976562,481.3890686035156,402.740234375,72.62567138671875
2024-02-16,181.21556091308594,139.68228149414062,470.7375183105469,400.263671875,72.58069610595703
2024-02-20,180.47007751464844,140.27870178222656,469.17608642578125,399.005615234375,69.42110443115234
2024-02-21,181.2255096435547,141.70018005371094,465.97027587890625,398.4013671875,67.4419937133789
2024-02-22,183.26319885253906,143.23098754882812,483.9906005859375,407.7823486328125,78.5030746459961
2024-02-23,181.42433166503906,143.1017608642578,481.89984130859375,406.4847106933594,78.78194427490234
2024-02-26,180.0724639892578,136.7498779296875,479.6199035644531,403.7110290527344,79.05682373046875
2024-02-27,181.5336456298828,138.05206298828125,484.906494140625,403.6515808105469,78.6659927368164
2024-02-28,180.33091735839844,135.5669708251953,481.8898620605469,403.8893127441406,77.62845611572266
2024-02-29,179.66494750976562,137.63458251953125,487.9729919433594,409.7536926269531,79.07681274414062
2024-03-01,178.58148193359375,136.3224334716797,500.0893859863281,411.5962219238281,82.24239349365234
2024-03-04,174.04885864257812,132.55502319335938,495.9975280761719,411.0216979980469,85.19908142089844
2024-03-05,169.09873962402344,131.8790740966797,488.0625915527344,398.8669128417969,85.92979431152344
2024-03-06,168.104736328125,130.6166229248047,493.90673828125,398.31219482421875,88.66470336914062
2024-03-07,167.9854736328125,133.57888793945312,509.9359130859375,405.2960205078125,92.63212585449219
2024-03-08,169.70509338378906,134.60276794433594,503.723388671875,402.4034423828125,87.49317169189453
2024-03-11,171.71295166015625,136.84925842285156,481.46173095703125,400.7193603515625,85.7398681640625
2024-03-12,172.1900634765625,137.67433166503906,497.5506286621094,411.3782653808594,91.87643432617188
2024-03-13,170.10267639160156,138.9566192626953,493.3890380859375,411.1999816894531,90.85183715820312
2024-03-14,171.96145629882812,142.2469024658203,489.66546630859375,421.22491455078125,87.90900421142578
2024-03-15,171.58372497558594,140.3383331298828,481.96954345703125,412.5075988769531,87.80204772949219
2024-03-18,172.6771240234375,146.79959106445312,494.7928466796875,413.39910888671875,88.4197998046875
2024-03-19,175.02296447753906,146.15347290039062,494.0560607910156,417.45068359375,89.36243438720703
2024-03-20,177.59742736816406,147.853271484375,503.2952575683594,421.2347717285156,90.33604431152344
2024-03-21,170.3412322998047,146.72007751464844,505.5254211425781,425.33587646484375,91.39861297607422
2024-03-22,171.24578857421875,149.87118530273438,507.3373718261719,424.7118225097656,94.2514877319336
2024-03-25,169.82437133789062,149.17535400390625,500.8062438964844,418.8870544433594,94.96418762207031
2024-03-26,168.69122314453125,149.7717742919922,493.7076416015625,417.68841552734375,92.524169921875
2024-03-27,172.26959228515625,149.97056579589844,491.6865539550781,417.4704895019531,90.2140884399414
2024-03-28,170.4505615234375,150.03021240234375,483.4429931640625,416.7671813964844,90.3200454711914
2024-04-01,169.00929260253906,154.5630340576172,489.1875915527344,420.58099365234375,90.32704162597656
2024-04-02,167.826416015625,153.6385955810547,495.1811218261719,417.48040771484375,89.4164047241211
2024-04-03,168.6315460205078,153.99642944335938,504.5098571777344,416.4997253417969,88.92859649658203
2024-04-04,167.8065643310547,149.6326141357422,508.6715087890625,413.953857421875,85.87081146240234
2024-04-05,168.56198120117188,151.59085083007812,525.0192260742188,421.5220642089844,87.97297668457031
2024-04-08,167.43878173828125,153.92684936523438,516.96484375,420.600830078125,87.09832763671875
2024-04-09,168.65147399902344,155.6664276123047,514.6251831054688,422.27490234375,85.32002258300781
2024-04-10,166.77279663085938,155.2091522216797,517.5422973632812,419.2833251953125,87.00436401367188
2024-04-11,173.98919677734375,158.4596710205078,520.8576049804688,423.909423828125,90.57994079589844
2024-04-12,175.4901580810547,156.7896728515625,509.64715576171875,417.9360656738281,88.1509017944336
2024-04-15,171.6533203125,153.93679809570312,498.0285339355469,409.7536926269531,85.9667739868164
2024-04-16,168.36318969726562,153.47952270507812,497.5606384277344,410.68487548828125,87.38021850585938
2024-04-17,166.99148559570312,154.54315185546875,491.9952087402344,407.9706115722656,84.00155639648438
2024-04-18,166.0372314453125,155.07992553710938,499.5916442871094,400.47174072265625,84.6373062133789
2024-04-19,164.00949096679688,153.17137145996094,478.952880859375,395.3701171875,76.16968536376953
2024-04-22,164.8444366455078,155.3483428955078,479.6099548339844,397.19281005859375,79.48635864257812
2024-04-23,165.89805603027344,157.31649780273438,493.9167175292969,403.7407531738281,82.39020538330078
2024-04-24,168.00535583496094,158.1813507080078,491.328125,405.2166748046875,79.64530181884766
2024-04-25,168.87013244628906,155.07000732421875,439.4375305175781,395.2908630371094,82.59912872314453
2024-04-26,168.2836456298828,170.9249267578125,441.3391418457031,402.5024719238281,87.7000961303711
2024-04-29,172.45846557617188,165.15945434570312,430.716064453125,398.470703125,87.72207641601562
2024-04-30,169.30747985839844,161.80958557128906,428.2768859863281,385.67205810546875,86.36762237548828
2024-05-01,168.2836456298828,162.8831329345703,437.25714111328125,391.2293701171875,83.00794982910156
2024-05-02,171.99127197265625,165.62667846679688,439.7362060546875,394.10211181640625,85.78285217285156
2024-05-03,182.27915954589844,166.2429656982422,449.970947265625,402.8392639160156,88.75366973876953
2024-05-06,180.6191864013672,167.09786987304688,463.6305847167969,409.6546325683594,92.10333251953125
2024-05-07,181.3050079345703,170.2290802001953,466.1792907714844,405.4941101074219,90.5179672241211
2024-05-08,181.6429901123047,168.37022399902344,470.5201416015625,406.682861328125,90.37602233886719
2024-05-09,183.46200561523438,168.94677734375,473.3277282714844,408.44610595703125,88.7116928100586
2024-05-10,182.1979217529297,167.64459228515625,474.10430908203125,410.84332275390625,89.84223175048828
2024-05-13,185.41287231445312,168.13165283203125,465.9503173828125,409.83294677734375,90.363037109375
2024-05-14,186.55751037597656,169.3245086669922,469.7734680175781,412.6462707519531,91.31965637207031
2024-05-15,188.83688354492188,171.4815673828125,479.4207763671875,419.8609313964844,94.59234619140625
2024-05-16,188.956298828125,173.1416015625,471.1473693847656,417.7868347167969,94.32144927978516
2024-05-17,188.98617553710938,175.0104217529297,469.83319091796875,417.0127868652344,92.44219970703125
2024-05-20,190.15072631835938,175.86526489257812,466.7766418457031,422.103759765625,94.74227905273438
2024-05-21,191.4546356201172,176.78973388671875,462.585205078125,425.77557373046875,95.34805297851562
2024-05-22,190.01136779785156,175.32852172851562,465.7213439941406,427.2443542480469,94.91222381591797
2024-05-23,186.01010131835938,172.51536560058594,463.7301330566406,423.7511291503906,103.75769805908203
2024-05-24,189.0956573486328,173.94677734375,476.11541748046875,426.8870544433594,106.4266357421875
2024-05-28,189.10560607910156,175.34835815429688,477.8079528808594,427.0458984375,113.85567474365234
2024-05-29,189.4042205810547,174.8513641357422,472.2723693847656,425.9046630859375,114.77930450439453
2024-05-30,190.39956665039062,171.08396911621094,464.9945373535156,411.5149230957031,110.45602416992188
2024-05-31,191.3551025390625,171.47161865234375,464.7755126953125,411.971435546875,109.5893783569336
2024-06-03,193.12680053710938,172.1376190185547,475.3886413574219,410.3736572265625,114.95423889160156
2024-06-04,193.44532775878906,172.75392150878906,474.8907775878906,412.9042663574219,116.39067077636719
2024-06-05,194.95823669433594,174.36427307128906,492.88128662109375,420.7839050292969,122.39127349853516
2024-06-06,193.57470703125,175.6763916015625,491.5870361328125,421.28997802734375,120.9498519897461
2024-06-07,195.97349548339844,173.41993713378906,490.7905578613281,420.62506103515625,120.83989715576172
2024-06-10,192.22103881835938,174.1663055419922,500.3880920410156,424.614501953125,121.74153900146484
2024-06-11,206.1857147216797,175.7685546875,505.2366638183594,429.3879089355469,120.87181854248047
2024-06-12,212.07818603515625,176.93292236328125,506.60064697265625,437.70416259765625,125.16045379638672
2024-06-13,213.24273681640625,174.3155975341797,501.88153076171875,438.2201843261719,129.56906127929688
2024-06-14,211.50088500976562,175.937744140625,502.43963623046875,439.2026672363281,131.83836364746094
2024-06-17,215.6614227294922,176.38558959960938,504.90118408203125,444.9585266113281,130.9386444091797
2024-06-18,213.29248046875,174.2459259033203,497.7855224609375,442.9439697265625,135.5371856689453
2024-06-20,208.7039337158203,175.45008850097656,499.988037109375,442.3088684082031,130.73870849609375
2024-06-21,206.524169921875,178.76405334472656,493.09161376953125,446.3578186035156,126.530029296875
2024-06-24,207.17112731933594,178.35601806640625,497.20751953125,444.26385498046875,118.07270050048828
2024-06-25,208.0968017578125,183.14283752441406,508.8576354980469,447.5188903808594,126.05016326904297
2024-06-26,212.25733947753906,182.9935760498047,511.36907958984375,448.71966552734375,126.36009216308594
2024-06-27,213.1033935546875,184.5161895751953,517.7870483398438,449.4044494628906,123.95084381103516
2024-06-28,209.6395721435547,181.2718963623047,502.4993896484375,443.54931640625,123.50098419189453
2024-07-01,215.74102783203125,182.10784912109375,502.9578552246094,453.2549133300781,124.26074981689453
2024-07-02,219.2446746826172,184.34701538085938,507.7613525390625,455.7855224609375,122.63126373291016
2024-07-03,220.5187225341797,184.92420959472656,508.2198181152344,457.26416015625,128.23948669433594
2024-07-05,225.28639221191406,189.68118286132812,538.0675659179688,464.0024719238281,125.7902603149414
2024-07-08,226.759521484375,188.1187286376953,527.5138549804688,462.69256591796875,128.1595001220703
2024-07-09,227.61549377441406,188.0689697265625,528.1914672851562,456.04351806640625,131.33851623535156
2024-07-10,231.89549255371094,190.25836181640625,532.8654174804688,462.7024841308594,134.86740112304688
2024-07-11,226.5106964111328,184.6754150390625,510.9504699707031,451.2403869628906,127.35977935791016
2024-07-12,229.46685791015625,184.17784118652344,497.1676330566406,450.09912109375,129.19918823242188
2024-07-15,233.3088836669922,185.6307830810547,494.4669189453125,450.5059814453125,128.39944458007812
2024-07-16,233.7269287109375,183.0333709716797,488.1186218261719,446.09979248046875,126.3200912475586
2024-07-17,227.81459045410156,180.14735412597656,460.41351318359375,440.1454162597656,117.9527359008789
2024-07-18,223.13644409179688,176.83340454101562,474.2262268066406,437.0193786621094,121.0517578125
2024-07-19,223.26585388183594,176.8035430908203,475.16302490234375,433.7841796875,117.89276123046875
2024-07-22,222.91748046875,180.79420471191406,485.73675537109375,439.5698547363281,123.50098419189453
2024-07-23,223.9626007080078,180.9136199951172,487.0223693847656,441.4653015136719,122.55128479003906
2024-07-24,217.522705078125,171.7978057861328,459.6959533691406,425.63665771484375,114.21391296386719
2024-07-25,216.4776153564453,166.4735870361328,451.86279296875,415.216552734375,112.24453735351562
2024-07-26,216.94541931152344,166.19493103027344,464.1108703613281,422.0342712402344,113.02428436279297
2024-07-29,217.22410583496094,168.71273803710938,464.1208190917969,423.48321533203125,111.55474853515625
2024-07-30,217.78150939941406,169.4690704345703,461.6094055175781,419.7021789550781,103.6972427368164
2024-07-31,221.04623413085938,170.71302795410156,473.20965576171875,415.16693115234375,116.98303985595703
2024-08-01,217.3435516357422,169.9368133544922,496.0414733886719,413.93634033203125,109.1755142211914
2024-08-02,218.83657836914062,165.85659790039062,486.4742736816406,405.3819274902344,107.23611450195312
2024-08-05,208.2958526611328,158.4822998046875,474.10662841796875,392.1434326171875,100.41827392578125
2024-08-06,206.26535034179688,157.5269317626953,492.4039306640625,396.56951904296875,104.21707916259766
2024-08-07,208.8433074951172,158.1737823486328,487.2516174316406,395.39849853515625,98.87876892089844
2024-08-08,212.3170623779297,161.24888610839844,507.8909606933594,399.6260986328125,104.93685150146484
2024-08-09,215.23342895507812,162.8809814453125,516.003173828125,402.93072509765625,104.71692657470703
2024-08-12,216.7680206298828,161.5076446533203,514.1893920898438,403.7147216796875,108.9855728149414
2024-08-13,220.4949493408203,163.36862182617188,526.7363891601562,410.8599548339844,116.10331726074219
2024-08-14,220.94334411621094,159.5968780517578,524.9625244140625,413.6882629394531,118.04270935058594
2024-08-15,223.93284606933594,160.52243041992188,535.4963989257812,418.5796203613281,122.82120513916016
2024-08-16,225.25819396972656,162.17442321777344,525.6202392578125,416.0345153808594,124.54065704345703
2024-08-19,225.0987548828125,165.8665313720703,527.473876953125,419.07672119140625,129.9589385986328
2024-08-20,225.71656799316406,166.3740692138672,524.9325561523438,422.32769775390625,127.20980834960938
2024-08-21,225.60696411132812,165.05047607421875,533.3338012695312,421.67156982421875,128.4594268798828
2024-08-22,223.74349975585938,163.01036071777344,530.1148681640625,413.13153076171875,123.700927734375
2024-08-23,226.04542541503906,164.82159423828125,526.1982421875,414.36431884765625,129.32913208007812
2024-08-26,226.38421630859375,165.35899353027344,519.341796875,411.08349609375,126.42005920410156
2024-08-27,227.2312469482422,163.8861083984375,517.3285522460938,411.43145751953125,128.25949096679688
2024-08-28,225.6966552734375,162.06494140625,515.0165405273438,408.2103271484375,125.5703353881836
2024-08-29,228.98509216308594,161.00010681152344,516.4515991210938,410.71563720703125,117.55286407470703
2024-08-30,228.19784545898438,162.59239196777344,519.5310668945312,414.7122802734375,119.33230590820312
2024-09-03,221.98968505859375,156.6013946533203,510.013671875,407.05706787109375,107.96588897705078
2024-09-04,220.076416015625,155.69578552246094,510.99029541015625,406.5202331542969,106.17645263671875
2024-09-05,221.60105895996094,156.48199462890625,515.0962524414062,406.0132141113281,107.17613983154297
2024-09-06,220.0465087890625,150.19244384765625,498.5628662109375,399.3621520996094,102.79752349853516
2024-09-09,220.13621520996094,148.18948364257812,503.06744384765625,403.3587646484375,106.4363784790039
2024-09-10,219.3389892578125,148.13966369628906,503.06744384765625,411.7894287109375,108.06585693359375
2024-09-11,221.88006591796875,150.6309051513672,510.08343505859375,420.57794189453125,116.87307739257812
2024-09-12,221.98968505859375,154.1485595703125,523.8064575195312,424.514892578125,119.11256408691406
2024-09-13,221.72061157226562,156.90887451171875,522.8297729492188,428.083984375,119.07256317138672
2024-09-16,215.56227111816406,157.5067596435547,531.96728515625,428.8296203613281,116.75309753417969
2024-09-17,216.03062438964844,158.76235961914062,534.999755859375,432.61749267578125,115.5633773803711
2024-09-18,219.9169464111328,159.25064086914062,536.6257934570312,428.302734375,113.3438949584961
2024-09-19,228.0683135986328,161.57247924804688,557.7236328125,436.1368713378906,117.84285736083984
2024-09-20,227.40066528320312,163.0174102783203,559.9681396484375,432.73675537109375,115.97328186035156
2024-09-23,225.6767120361328,161.2834930419922,563.0205688476562,430.9870300292969,116.23323059082031
2024-09-24,226.5735626220703,161.72195434570312,561.9432983398438,426.67230224609375,120.8421630859375
2024-09-25,225.57705688476562,160.9247589111328,566.9110107421875,429.5951232910156,123.48155975341797
2024-09-26,226.72305297851562,162.16041564941406,566.4421997070312,428.7998046875,124.01143646240234
2024-09-27,226.99208068847656,163.3761444091797,565.9633178710938,425.5289611816406,121.3720474243164
2024-09-30,232.183837890625,165.26950073242188,571.0308227539062,427.7956848144531,121.41203308105469
2024-10-01,225.41763305664062,166.40550231933594,575.0508422851562,418.24163818359375,116.97305297851562
2024-10-02,225.98562622070312,165.2794647216797,571.39990234375,414.7023620605469,118.82262420654297
2024-10-03,224.8795166015625,165.2794647216797,581.3353881835938,414.11578369140625,122.82170867919922
2024-10-04,226.0055694580078,166.4752655029297,594.4730224609375,413.6385498046875,124.89122772216797
2024-10-07,220.91348266601562,162.4095458984375,583.3405151367188,407.1565246582031,127.69059753417969
2024-10-08,224.9791717529297,163.8046417236328,591.4305419921875,412.29638671875,132.85939025878906
2024-10-09,228.73597717285156,161.29347229003906,589.056396484375,415.0303955078125,132.61944580078125
2024-10-10,228.23770141601562,161.51268005371094,582.392822265625,413.4198303222656,134.77896118164062
2024-10-11,226.75294494628906,162.6686248779297,588.497802734375,413.89703369140625,134.7689666748047
2024-10-14,230.48980712890625,164.3826141357422,588.966552734375,416.7006530761719,138.03822326660156
2024-10-15,233.03086853027344,164.88087463378906,584.8267822265625,416.302978515625,131.5697021484375
2024-10-16,230.96812438964844,164.5819091796875,575.3700561523438,413.6982116699219,135.68873596191406
2024-10-17,231.33682250976562,162.35971069335938,575.509765625,414.2947082519531,136.89846801757812
2024-10-18,234.17684936523438,162.84800720214844,575.0508422851562,415.72637939453125,137.9682159423828
2024-10-21,235.6516571044922,163.49574279785156,573.744140625,416.3427429199219,143.67691040039062
2024-10-22,235.03382873535156,164.56198120117188,580.5772705078125,425.0219421386719,143.55694580078125
2024-10-23,229.95169067382812,162.2102508544922,562.3023681640625,422.1288757324219,139.52786254882812
2024-10-24,229.76235961914062,162.1504364013672,566.3823852539062,422.25811767578125,140.37767028808594
2024-10-25,230.5994110107422,164.69154357910156,571.8388671875,425.658203125,141.5074005126953
2024-10-28,232.5824432373047,166.13644409179688,576.7366943359375,424.1072998046875,140.48765563964844
2024-10-29,232.85150146484375,169.08609008789062,591.819580078125,429.43609619140625,141.21746826171875
2024-10-30,229.29400634765625,173.84934997558594,590.3431396484375,430.0126953125,139.3079071044922
2024-10-31,225.11868286132812,170.51107788085938,566.1827392578125,403.985107421875,132.72943115234375
2024-11-01,222.1291961669922,170.69044494628906,565.7638549804688,407.9816589355469,135.3688201904297
2024-11-04,221.23233032226562,168.6476287841797,559.2997436523438,406.082763671875,136.0186767578125
2024-11-05,222.66729736328125,169.14588928222656,571.0208740234375,409.0653076171875,139.87777709960938
2024-11-06,221.93984985351562,175.89218139648438,570.6417846679688,417.7345886230469,145.5764617919922
2024-11-07,226.6831817626953,180.11734008789062,590.2434692382812,422.9540100097656,148.84571838378906
2024-11-08,226.41383361816406,177.7257537841797,587.8892822265625,420.08087158203125,147.5959930419922
2024-11-11,223.69039916992188,179.71875,581.7344360351562,415.57720947265625,145.22654724121094
2024-11-12,223.69039916992188,180.9842987060547,583.38037109375,420.5679931640625,148.25582885742188
2024-11-13,224.57826232910156,178.25389099121094,578.572265625,422.7253723144531,146.236328125
2024-11-14,227.67080688476562,174.96543884277344,575.7391967773438,424.4055480957031,146.7261962890625
2024-11-15,224.4585418701172,171.88624572753906,552.7160034179688,412.5847473144531,141.94729614257812
2024-11-18,227.47128295898438,174.68641662597656,553.0352172851562,413.34033203125,140.11770629882812
2024-11-19,227.73065185546875,177.49655151367188,559.7088012695312,415.3585205078125,146.97613525390625
2024-11-20,228.44891357421875,175.36402893066406,564.1278686523438,413.0718688964844,145.8563995361328
2024-11-21,227.97007751464844,167.04327392578125,561.7039184570312,411.2887268066406,146.63623046875
2024-11-22,229.3168182373047,164.1833038330078,557.7636108398438,415.40289306640625,141.9173126220703
2024-11-25,232.30960083007812,167.06317138671875,563.7188110351562,417.1860656738281,135.98867797851562
2024-11-26,234.49432373046875,168.52804565429688,572.1281127929688,426.350830078125,136.8884735107422
2024-11-27,234.36465454101562,168.63766479492188,567.798828125,421.3699645996094,135.30882263183594
2024-11-29,236.75888061523438,168.358642578125,572.9061889648438,421.83819580078125,138.21817016601562
2024-12-02,239.013427734375,170.88975524902344,591.3706665039062,429.3293762207031,138.59808349609375
2024-12-03,242.06607055664062,170.74026489257812,612.139404296875,429.5485534667969,140.2277069091797
2024-12-04,242.42520141601562,173.75965881347656,612.26904296875,435.7447204589844,145.1065673828125
2024-12-05,242.4551239013672,172.0357208251953,607.4310302734375,440.9248046875,145.03659057617188
2024-12-06,242.25559997558594,174.09848022460938,622.2345581054688,441.87115478515625,142.41702270507812
2024-12-09,246.1562042236328,174.95645141601562,612.0595703125,444.311767578125,138.78758239746094
2024-12-10,247.1737518310547,184.7333526611328,617.79541015625,441.6320495605469,135.04820251464844
2024-12-11,245.89682006835938,194.939208984375,631.1224975585938,447.2704162597656,139.28750610351562
2024-12-12,247.36329650878906,191.50735473632812,629.2371826171875,447.83819580078125,137.3178253173828
2024-12-13,247.5328826904297,189.3723907470703,618.8228759765625,445.5569763183594,134.22833251953125
2024-12-16,250.4358673095703,196.19625854492188,623.2056274414062,449.86041259765625,131.9786834716797
2024-12-17,252.8699951171875,194.95916748046875,618.41357421875,452.7194519042969,130.36895751953125
2024-12-18,247.4530792236328,187.9557342529297,596.200439453125,435.71484375,128.88919067382812
2024-12-19,249.1888885498047,188.06546020507812,594.5831298828125,435.356201171875,130.6588897705078
2024-12-20,253.87759399414062,190.95863342285156,584.2802124023438,434.9278869628906,134.67825317382812
2024-12-23,254.6557159423828,194.17103576660156,598.8560180664062,433.5830383300781,139.64744567871094
2024-12-24,257.57867431640625,195.64755249023438,606.742919921875,437.64739990234375,140.19737243652344
2024-12-26,258.39666748046875,195.1387481689453,602.3502197265625,436.43206787109375,139.90740966796875
2024-12-27,254.9749298095703,192.30543518066406,598.8160400390625,428.881103515625,136.9878692626953
2024-12-30,251.5930938720703,190.78904724121094,590.26025390625,423.2029113769531,137.46780395507812
2024-12-31,249.8173828125,188.85360717773438,584.539794921875,419.88568115234375,134.26832580566406
2025-01-02,243.26319885253906,188.98329162597656,598.2470703125,416.97686767578125,138.2876739501953
2025-01-03,242.7743682861328,191.3377227783203,603.6281127929688,421.7286071777344,144.44668579101562
2025-01-06,244.41041564941406,196.40576171875,629.15576171875,426.21136474609375,149.40586853027344
2025-01-07,241.62713623046875,195.02902221679688,616.8661499023438,420.7523498535156,140.11737060546875
2025-01-08,242.11593627929688,193.49264526367188,609.7080078125,422.9339599609375,140.08738708496094
2025-01-10,236.280029296875,191.58712768554688,614.8394775390625,417.345458984375,135.88807678222656
2025-01-13,233.83592224121094,190.5595703125,607.3219604492188,415.5921936035156,133.20849609375
2025-01-14,232.71861267089844,189.2127685546875,593.2652587890625,414.0780334472656,131.7387237548828
2025-01-15,237.2975616455078,195.0888671875,616.0973510742188,424.67724609375,136.218017578125
2025-01-16,227.710693359375,192.45509338378906,610.2870483398438,422.953857421875,133.54844665527344
2025-01-17,229.4265594482422,195.53781127929688,611.754638671875,427.3868408203125,137.68777465820312
2025-01-21,222.10421752929688,197.58297729492188,615.4385375976562,426.85888671875,140.80726623535156
2025-01-22,223.29135131835938,197.9022216796875,622.4668579101562,444.4910888671875,147.04627990722656
2025-01-23,223.1217803955078,197.5131378173828,635.3953857421875,444.9991149902344,147.1962432861328
2025-01-24,222.24388122558594,199.73788452148438,646.4171142578125,442.3592834472656,142.5969696044922
2025-01-27,229.3068389892578,191.35769653320312,658.7865600585938,432.8956604003906,118.40088653564453
2025-01-28,237.68663024902344,194.83946228027344,673.212646484375,445.4872741699219,128.9691925048828
2025-01-29,238.78399658203125,194.94920349121094,675.3690185546875,440.6358947753906,123.6800308227539
2025-01-30,237.0182342529297,200.39633178710938,685.8616333007812,413.4006042480469,124.62987518310547
2025-01-31,235.4320831298828,203.5388946533203,688.0380249023438,413.4703369140625,120.05062103271484
2025-02-03,227.4613037109375,200.75546264648438,696.3042602539062,409.3462219238281,116.64117431640625
2025-02-04,232.23977661132812,205.89334106445312,703.0231323242188,410.7906494140625,118.63085174560547
2025-02-05,231.9105682373047,190.8788299560547,703.7020263671875,411.7071228027344,124.80985260009766
2025-02-06,232.6587677001953,191.148193359375,710.8101806640625,414.2274475097656,128.65921020507812
2025-02-07,227.08221435546875,184.90293884277344,713.3359985351562,408.1806945800781,129.81903076171875
2025-02-10,227.3518524169922,186.03028869628906,716.2112426757812,410.6412048339844,133.54844665527344
2025-02-11,232.3153533935547,184.8830108642578,718.6072387695312,409.86419677734375,132.77857971191406
2025-02-12,236.55978393554688,183.17701721191406,724.1780395507812,407.473388671875,131.11883544921875
2025-02-13,241.21368408203125,185.70106506347656,727.352783203125,408.9676513671875,135.26815795898438
2025-02-14,244.2796630859375,184.79319763183594,735.4492797851562,406.86572265625,138.8275909423828
2025-02-18,244.14984130859375,183.33665466308594,715.1829223632812,408.07110595703125,139.37750244140625
2025-02-19,244.54930114746094,184.83311462402344,702.6038818359375,413.1814270019531,139.20751953125
2025-02-20,245.508056640625,184.12478637695312,693.6885986328125,415.3674621582031,140.08738708496094
2025-02-21,245.22842407226562,179.23634338378906,682.4173583984375,407.4619445800781,134.40829467773438
2025-02-24,246.77639770507812,178.8273162841797,667.0228881835938,403.2596740722656,130.25897216796875
2025-02-25,246.71646118164062,175.00633239746094,656.4105224609375,397.17083740234375,126.60955810546875
2025-02-26,240.0452117919922,172.3226776123047,672.5836791992188,398.99749755859375,131.25881958007812
2025-02-27,236.98922729492188,168.1026611328125,657.1492309570312,391.8106994628906,120.13060760498047
2025-02-28,241.5232696533203,169.8784637451172,667.0927734375,396.26251220703125,124.89983367919922
2025-03-03,237.71826171875,166.6161651611328,653.964599609375,387.778076171875,114.04158782958984
2025-03-04,235.6210174560547,170.51695251464844,638.9395141601562,387.8978576660156,115.97127532958984
2025-03-05,235.4312744140625,172.6120147705078,655.3822021484375,400.2851257324219,117.28106689453125
2025-03-06,235.0218048095703,171.94358825683594,626.8894653320312,396.1627197265625,110.55215454101562
2025-03-07,238.7569122314453,173.45001220703125,624.6232299804688,392.5892639160156,112.67181396484375
2025-03-10,227.1820831298828,165.66943359375,596.9990844726562,379.46337890625,106.96273040771484
2025-03-11,220.55078125,163.84164428710938,604.7063598632812,379.7528381347656,108.74244689941406
2025-03-12,216.69583129882812,166.90794372558594,618.5333862304688,382.5676574707031,115.73196411132812
2025-03-13,209.4053955078125,162.56320190429688,589.6613159179688,378.0758972167969,115.57197570800781
2025-03-14,213.21041870117188,165.28990173339844,607.1328125,387.84796142578125,121.66155242919922
2025-03-17,213.71974182128906,164.09133911132812,604.4349365234375,387.98773193359375,119.52169799804688
2025-03-18,212.4114532470703,160.47572326660156,581.9122314453125,382.81719970703125,115.42198181152344
2025-03-19,214.95811462402344,163.69183349609375,583.6109619140625,387.1093444824219,117.51183319091797
2025-03-20,213.81961059570312,162.6031494140625,585.5494384765625,386.131103515625,118.52176666259766
2025-03-21,217.98414611816406,163.79171752929688,595.7915649414062,390.54302978515625,117.69182586669922
2025-03-24,220.44091796875,167.4772491455078,618.3742065429688,392.35968017578125,121.40157318115234
2025-03-25,223.45697021484375,170.353759765625,625.8284912109375,394.4358825683594,120.68162536621094
2025-03-26,221.2398681640625,164.86041259765625,610.51025390625,389.2554016113281,113.75210571289062
2025-03-27,223.5568389892578,162.04383850097656,602.11669921875,389.8642578125,111.4222640991211
2025-03-28,217.6146240234375,154.14340209960938,576.2965698242188,378.1058349609375,109.66238403320312
2025-03-31,221.83909606933594,154.45301818847656,575.9168701171875,374.7021179199219,108.37247467041016
2025-04-01,222.897705078125,156.8800811767578,585.5494384765625,381.4896545410156,110.14234924316406
2025-04-02,223.59678649902344,156.85011291503906,583.4810180664062,381.43975830078125,110.4123306274414
2025-04-03,202.9239044189453,150.5377655029297,531.2112426757812,372.42626953125,101.79293060302734
2025-04-04,188.13330078125,145.4239501953125,504.3419494628906,359.18060302734375,94.30345153808594
2025-04-07,181.2223663330078,146.5725555419922,515.8530883789062,357.2042236328125,97.63321685791016
2025-04-08,172.19419860839844,144.52503967285156,510.05755615234375,353.9102783203125,96.29331970214844
2025-04-09,198.58958435058594,158.51809692382812,585.3196411132812,389.7744140625,114.32205963134766
2025-04-10,190.17062377929688,152.63522338867188,545.8699951171875,380.65118408203125,107.56253051757812
2025-04-11,197.89048767089844,156.9499969482422,543.152099609375,387.7381896972656,110.92229461669922
2025-04-14,202.25477600097656,158.87767028808594,531.0713500976562,387.0993347167969,110.70230865478516
2025-04-15,201.87527465820312,156.12100219726562,521.1190795898438,385.0231628417969,112.19220733642578
2025-04-16,194.0155792236328,153.1446075439453,501.9237976074219,370.92901611328125,104.48274230957031
2025-04-17,196.72203063964844,150.97723388671875,501.0944519042969,367.1060485839844,101.48294830322266
2025-04-21,192.9070281982422,147.49143981933594,484.2873840332031,358.4619140625,96.90327453613281
2025-04-22,199.47842407226562,151.28684997558594,499.8953552246094,366.1478271484375,98.88313293457031
2025-04-23,204.33206176757812,155.16217041015625,519.8699951171875,373.7039489746094,102.70286560058594
2025-04-24,208.09710693359375,159.08740234375,532.7401123046875,386.59027099609375,106.422607421875
2025-04-25,209.00592041015625,161.76417541503906,546.8492431640625,391.1319580078125,111.0022964477539
2025-04-28,209.8647918701172,160.41580200195312,549.3173217773438,390.4432067871094,108.72245025634766
2025-04-29,210.9333953857422,159.9663543701172,554.0137329101562,393.31793212890625,109.0124282836914
2025-04-30,212.22171020507812,158.6079864501953,548.577880859375,394.53570556640625,108.91243743896484
2025-05-01,213.04063415527344,161.10496520996094,571.7700805664062,424.6204528808594,111.60224914550781
2025-05-02,205.08106994628906,163.8316650390625,596.56103515625,434.48236083984375,114.49205017089844
2025-05-05,198.62953186035156,164.01145935058594,598.8092651367188,435.3707275390625,113.81209564208984
2025-05-06,198.25001525878906,163.03262329101562,586.8584594726562,432.5159606933594,113.53211975097656
2025-05-07,195.99298095703125,151.19696044921875,596.3511352539062,432.555908203125,117.05187225341797
2025-05-08,197.2313690185547,154.0934600830078,597.5502319335938,437.3670654296875,117.36185455322266
2025-05-09,198.27000427246094,152.5653076171875,592.0344848632812,437.9260559082031,116.64189910888672
2025-05-12,210.7899932861328,158.26840209960938,638.9383544921875,448.4367370605469,122.99146270751953
2025-05-13,212.92999267578125,159.33709716796875,655.525634765625,448.3169860839844,129.9209747314453
2025-05-14,212.3300018310547,165.1700439453125,658.85302734375,452.1099853515625,135.33059692382812
2025-05-15,211.4499969482422,163.76174926757812,643.3849487304688,453.1300048828125,134.8206329345703
2025-05-16,211.25999450683594,165.9890594482422,639.8477172851562,454.2699890136719,135.39059448242188
2025-05-19,208.77999877929688,166.338623046875,639.9376220703125,458.8699951171875,135.5605926513672
2025-05-20,206.86000061035156,163.78172302246094,636.6101684570312,458.1700134277344,134.37066650390625
2025-05-21,202.08999633789062,168.35618591308594,635.0114135742188,452.57000732421875,131.7908477783203
2025-05-22,201.36000061035156,170.66339111328125,636.08056640625,454.8599853515625,132.82078552246094
2025-05-23,195.27000427246094,168.26629638671875,626.577880859375,450.17999267578125,131.2808837890625
2025-05-27,200.2100067138672,172.69093322753906,641.826171875,460.69000244140625,135.49058532714844
2025-05-28,200.4199981689453,172.15159606933594,643.085205078125,457.3599853515625,134.80064392089844
2025-05-29,199.9499969482422,171.65219116210938,644.5540771484375,458.67999267578125,139.1803436279297
2025-05-30,200.85000610351562,171.5323486328125,646.9921875,460.3599853515625,135.12062072753906
2025-06-02,201.6999969482422,168.82562255859375,670.3842163085938,461.9700012207031,137.37046813964844
2025-06-03,203.27000427246094,165.97906494140625,666.3372802734375,462.9700012207031,141.21018981933594
2025-06-04,202.82000732421875,167.8468017578125,687.4210815429688,463.8699951171875,141.91014099121094
2025-06-05,200.6300048828125,168.00662231445312,684.0936279296875,467.67999267578125,139.98028564453125
2025-06-06,203.9199981689453,173.46998596191406,697.173583984375,470.3800048828125,141.7101593017578
2025-06-09,201.4499969482422,176.08999633789062,693.5263671875,472.75,142.62010192871094
2025-06-10,202.6699981689453,178.60000610351562,701.8599853515625,470.9200134277344,143.95001220703125
2025-06-11,198.77999877929688,177.35000610351562,693.6063232421875,472.6199951171875,142.8300018310547
2025-06-12,199.1999969482422,175.6999969482422,692.826904296875,478.8699951171875,145.0
2025-06-13,196.4499969482422,174.6699981689453,682.344970703125,474.9599914550781,141.97000122070312
2025-06-16,198.4199981689453,176.77000427246094,702.1199951171875,479.1400146484375,144.69000244140625
2025-06-17,195.63999938964844,175.9499969482422,697.22998046875,478.0400085449219,144.1199951171875
2025-06-18,196.5800018310547,173.32000732421875,695.77001953125,480.239990234375,145.47999572753906
2025-06-20,201.0,166.63999938964844,682.3499755859375,477.3999938964844,143.85000610351562
2025-06-23,201.5,165.19000244140625,698.530029296875,486.0,144.1699981689453
2025-06-24,200.3000030517578,166.77000427246094,712.2000122070312,490.1099853515625,147.89999389648438
2025-06-25,201.55999755859375,170.67999267578125,708.6799926757812,492.2699890136719,154.30999755859375
2025-06-26,201.0,173.5399932861328,726.0900268554688,497.45001220703125,155.02000427246094
2025-06-27,201.0800018310547,178.52999877929688,733.6300048828125,495.94000244140625,157.75
2025-06-30,205.1699981689453,176.22999572753906,738.0900268554688,497.4100036621094,157.99000549316406
2025-07-01,207.82000732421875,175.83999633789062,719.219970703125,492.04998779296875,153.3000030517578
2025-07-02,212.44000244140625,178.63999938964844,713.5700073242188,491.0899963378906,157.25
2025-07-03,213.5500030517578,179.52999877929688,719.010009765625,498.8399963378906,159.33999633789062
2025-07-07,209.9499969482422,176.7899932861328,718.3499755859375,497.7200012207031,158.24000549316406
2025-07-08,210.00999450683594,174.36000061035156,720.6699829101562,496.6199951171875,160.0
2025-07-09,211.13999938964844,176.6199951171875,732.780029296875,503.510009765625,162.8800048828125
2025-07-10,212.41000366210938,177.6199951171875,727.239990234375,501.4800109863281,164.10000610351562
2025-07-11,211.16000366210938,180.19000244140625,717.510009765625,503.32000732421875,164.9199981689453
2025-07-14,208.6199951171875,181.55999755859375,720.9199829101562,503.0199890136719,164.07000732421875
2025-07-15,209.11000061035156,182.0,710.3900146484375,505.82000732421875,170.6999969482422
2025-07-16,210.16000366210938,182.97000122070312,702.9099731445312,505.6199951171875,171.3699951171875
2025-07-17,210.02000427246094,183.5800018310547,701.4099731445312,511.70001220703125,173.0
2025-07-18,211.17999267578125,185.05999755859375,704.280029296875,510.04998779296875,172.41000366210938
2025-07-21,212.47999572753906,190.10000610351562,712.969970703125,510.05999755859375,171.3800048828125
2025-07-22,214.39999389648438,191.33999633789062,704.8099975585938,505.2699890136719,167.02999877929688
2025-07-23,214.14999389648438,190.22999572753906,713.5800170898438,505.8699951171875,170.77999877929688
2025-07-24,213.75999450683594,192.1699981689453,714.7999877929688,510.8800048828125,173.74000549316406
2025-07-25,213.8800048828125,193.17999267578125,712.6799926757812,513.7100219726562,173.5
2025-07-28,214.0500030517578,192.5800018310547,717.6300048828125,512.5,176.75
2025-07-29,212.2100067138672,195.13999938964844,708.1799926757812,512.219970703125,176.44000244140625
