Date,AUBANK.NS,AXISBANK.NS,BANDHANBNK.NS,BANKBARODA.NS,CANBK.NS,FEDERALBNK.NS,HDFCBANK.NS,ICICIBANK.NS,IDFCFIRSTB.NS,INDUSINDBK.NS,KOTAKBANK.NS,PNB.NS,SBIN.NS,UNIONBANK.NS
2018-01-01,329.1474914550781,562.4501953125,,143.17227172851562,63.07107925415039,101.98914337158203,869.4623413085938,300.3548583984375,53.558345794677734,1547.8099365234375,994.7457275390625,157.50303649902344,283.36627197265625,125.14315795898438
2018-01-02,328.4275207519531,556.4824829101562,,140.025146484375,61.55857467651367,100.9570541381836,877.8310546875,299.77410888671875,52.679542541503906,1566.96875,997.9786987304688,154.3947296142578,279.8138427734375,122.59538269042969
2018-01-03,332.5738220214844,557.4274291992188,,139.9365234375,61.6897087097168,101.0508804321289,868.5949096679688,304.90423583984375,52.87483596801758,1553.910400390625,994.8948364257812,154.58029174804688,279.4447326660156,123.63177490234375
2018-01-04,335.1807861328125,556.88037109375,,145.2999267578125,63.394569396972656,101.94224548339844,871.9940185546875,304.6138610839844,53.26541519165039,1569.49462890625,995.1932983398438,163.71963500976562,284.6580810546875,127.38866424560547
2018-01-05,347.3217468261719,560.2122192382812,,143.43824768066406,63.79673767089844,105.17925262451172,873.7286376953125,302.8715515136719,56.8782844543457,1618.6783447265625,997.8294677734375,163.30210876464844,282.6742858886719,125.48863220214844
2018-01-08,353.5536193847656,562.400390625,,143.30526733398438,63.77925491333008,108.41625213623047,872.3220825195312,304.08148193359375,61.858184814453125,1639.3623046875,1000.8635864257812,163.0237579345703,282.1667175292969,125.79090881347656
2018-01-09,347.29693603515625,562.251220703125,,145.83184814453125,63.770511627197266,108.04094696044922,873.7755737304688,302.5811462402344,61.321136474609375,1644.2711181640625,1004.49462890625,162.0495147705078,280.7826232910156,124.45225524902344
2018-01-10,347.3714294433594,559.7646484375,,144.05880737304688,62.01319885253906,106.16441345214844,874.010009765625,302.0003356933594,61.760536193847656,1652.897216796875,997.0335693359375,158.33810424804688,277.8299865722656,122.42266082763672
2018-01-11,352.3370666503906,555.7365112304688,,144.7680206298828,62.16182327270508,106.96192932128906,877.9248657226562,299.5804748535156,66.93572998046875,1620.679931640625,1012.353515625,160.28659057617188,278.844970703125,119.87489318847656
2018-01-12,350.1770324707031,552.106201171875,,144.5020751953125,61.89079666137695,107.9471206665039,874.5257568359375,307.5177001953125,65.91045379638672,1625.3983154296875,1018.0237426757812,161.63198852539062,278.8910827636719,118.83851623535156
2018-01-15,351.5674133300781,557.52685546875,,145.74319458007812,61.96074295043945,106.58663940429688,889.7396240234375,318.7458801269531,62.73699188232422,1603.6181640625,1032.9456787109375,159.72987365722656,279.21405029296875,120.52265167236328
2018-01-16,348.93560791015625,560.1625366210938,,139.13864135742188,59.364105224609375,98.28302001953125,890.8648071289062,323.3921203613281,58.635894775390625,1586.651611328125,1027.8721923828125,153.60606384277344,273.26251220703125,117.75894927978516
2018-01-17,352.08880615234375,582.0438842773438,,146.45240783691406,62.030677795410156,98.61140441894531,886.3404541015625,332.2488098144531,59.31940841674805,1579.83642578125,1021.7542724609375,162.88458251953125,283.36627197265625,121.34310913085938
2018-01-18,351.6170349121094,581.6460571289062,,143.9258270263672,61.07770919799805,95.84352111816406,906.8756103515625,335.0558776855469,56.92710494995117,1601.4259033203125,1041.0533447265625,158.19891357421875,279.8138427734375,119.09760284423828
2018-01-19,357.72479248046875,587.066650390625,,146.6297149658203,63.420799255371094,96.78179931640625,915.267822265625,342.26708984375,57.31768798828125,1605.1431884765625,1055.0301513671875,163.67324829101562,285.3501281738281,122.07721710205078
2018-01-22,355.88751220703125,608.2517700195312,,146.09780883789062,63.46450424194336,95.32748413085938,920.4954223632812,340.234375,57.95237731933594,1604.3807373046875,1068.5096435546875,163.30210876464844,282.81268310546875,121.21356964111328
2018-01-23,353.8019104003906,616.7556762695312,,153.5001983642578,65.48411560058594,96.8756103515625,914.845947265625,350.6882019042969,58.098846435546875,1642.650634765625,1069.8525390625,172.3950653076172,293.5161437988281,125.2727279663086
2018-01-24,347.5203857421875,604.6712036132812,,158.11009216308594,66.31468200683594,96.8756103515625,917.822998046875,341.4443664550781,57.7570915222168,1636.884033203125,1074.4783935546875,180.6065673828125,304.4042053222656,128.59776306152344
2018-01-25,339.77398681640625,612.7772216796875,,148.1811065673828,63.18473434448242,94.90526580810547,925.9338989257812,349.2363586425781,56.82946014404297,1649.179931640625,1086.664794921875,167.8485870361328,288.9486999511719,122.42266082763672
2018-01-29,341.8843994140625,602.2841186523438,,143.9258270263672,60.42198944091797,94.52995300292969,937.5142822265625,346.187255859375,56.585350036621094,1660.90380859375,1109.2962646484375,161.39999389648438,287.9798583984375,118.92488098144531
2018-01-30,337.31597900390625,590.5477905273438,,142.0198211669922,61.095191955566406,94.4361343383789,935.5685424804688,341.9283447265625,55.75536346435547,1654.7559814453125,1082.3870849609375,160.19381713867188,289.3177490234375,117.54302978515625
2018-01-31,326.0191345214844,590.3985595703125,,139.00567626953125,59.687591552734375,94.24848175048828,940.3507690429688,341.637939453125,55.46242904663086,1671.0074462890625,1103.1783447265625,158.98760986328125,289.0409851074219,117.67257690429688
2018-02-01,329.17236328125,589.6029052734375,,135.06068420410156,57.68547439575195,91.52751922607422,933.5292358398438,335.104248046875,54.77891159057617,1711.3743896484375,1115.115966796875,155.46176147460938,282.39739990234375,114.08842468261719
2018-02-02,317.4037780761719,561.8534545898438,,135.814208984375,54.43312072753906,87.53990173339844,913.2986450195312,324.3600158691406,51.458980560302734,1678.823486328125,1080.2979736328125,150.17300415039062,274.36981201171875,110.1156234741211
2018-02-05,307.3483581542969,563.196044921875,,139.626220703125,55.54346466064453,88.38433074951172,897.287841796875,319.1330871582031,51.70309066772461,1632.785400390625,1056.7213134765625,151.8895263671875,275.0156555175781,109.38152313232422
2018-02-06,299.651611328125,560.659912109375,,136.92234802246094,55.77078628540039,87.39917755126953,889.2941284179688,320.1010437011719,50.09194564819336,1604.0472412109375,1028.41943359375,149.43069458007812,269.20257568359375,108.17240905761719
2018-02-07,301.91094970703125,556.333251953125,,136.4790802001953,54.96643829345703,87.63372802734375,878.0420532226562,321.8917541503906,50.97075653076172,1583.935302734375,1030.906494140625,145.25537109375,270.1714172363281,106.79056549072266
2018-02-08,299.651611328125,565.38427734375,,138.4737548828125,56.50518035888672,88.900390625,881.863037109375,323.1500549316406,51.996028900146484,1592.6090087890625,1046.2762451171875,147.85337829589844,278.10675048828125,108.08605194091797
2018-02-09,294.7108154296875,554.54296875,,138.51808166503906,56.15547180175781,88.99420928955078,867.1181030273438,316.2776184082031,51.94720458984375,1572.592529296875,1026.6287841796875,145.4873504638672,273.4931640625,109.03605651855469
2018-02-12,296.4736328125,561.1571044921875,,149.5108642578125,57.318267822265625,89.22877502441406,879.8470458984375,315.79364013671875,52.38661193847656,1608.765380859375,1037.521728515625,149.98741149902344,266.4344177246094,110.02925872802734
2018-02-14,294.93426513671875,540.9667358398438,,146.98431396484375,53.99597930908203,89.27568817138672,882.89453125,308.7276611328125,52.53307342529297,1615.10400390625,1037.024169921875,135.3273468017578,254.85433959960938,104.67461395263672
2018-02-15,293.29559326171875,540.7677612304688,,141.00033569335938,54.26700973510742,88.80656433105469,882.3084716796875,318.11676025390625,51.996028900146484,1607.1927490234375,1036.7259521484375,118.99713134765625,257.1611328125,103.81097412109375
2018-02-16,289.49688720703125,534.9491577148438,,135.10499572753906,53.759925842285156,90.2608642578125,880.7613525390625,310.76031494140625,51.84955978393555,1581.21875,1044.73388671875,116.49193572998047,250.6559295654297,102.21321105957031
2018-02-19,285.3257141113281,537.6346435546875,,127.52529907226562,53.19163513183594,87.91520690917969,880.57373046875,309.5019836425781,51.01957702636719,1554.1007080078125,1050.7030029296875,108.09486389160156,247.7493896484375,94.6994400024414
2018-02-20,285.99609375,528.8324584960938,,128.36749267578125,54.42437744140625,86.1794204711914,873.5411376953125,307.08209228515625,50.97075653076172,1546.7137451171875,1040.357177734375,108.1412582397461,248.810546875,96.16763305664062
2018-02-21,287.9078674316406,532.9102783203125,,129.34263610839844,54.50306701660156,86.3201675415039,870.8219604492188,308.9696044921875,51.117218017578125,1519.595947265625,1049.5587158203125,108.83715057373047,252.17843627929688,94.5267105102539
2018-02-22,285.89678955078125,527.3901977539062,,127.12635803222656,54.06592559814453,84.20906829833984,868.8527221679688,308.1468505859375,50.18959426879883,1547.4764404296875,1066.9180908203125,106.33194732666016,251.53256225585938,92.71304321289062
2018-02-23,285.9464416503906,533.7557373046875,,129.03236389160156,54.879005432128906,88.900390625,881.6755981445312,312.40582275390625,50.72663879394531,1566.539794921875,1075.2244873046875,105.26492309570312,254.7158966064453,93.7926025390625
2018-02-26,294.23907470703125,549.3214111328125,,127.43663787841797,54.18832015991211,90.40160369873047,896.2095336914062,316.5680236816406,51.068397521972656,1612.1015625,1099.39794921875,103.91952514648438,253.23960876464844,92.92894744873047
2018-02-27,291.95489501953125,535.4962768554688,,125.39765167236328,51.68785858154297,90.02629852294922,891.989990234375,311.8250427246094,50.82428741455078,1606.2872314453125,1087.3612060546875,91.25433349609375,246.91897583007812,88.99933624267578
2018-02-28,293.5686950683594,525.8983154296875,,125.8409194946289,52.32609176635742,88.43125915527344,883.3867797851562,303.21026611328125,50.287235260009766,1602.0455322265625,1084.8741455078125,94.08428192138672,247.2880401611328,91.15847778320312
2018-03-01,297.0198059082031,522.9144897460938,,122.6051254272461,50.7611198425293,88.19669342041016,878.7686767578125,295.1763610839844,50.62899398803711,1620.7276611328125,1089.997314453125,93.75953674316406,241.89013671875,89.4743423461914
2018-03-05,291.3589782714844,521.720947265625,,123.04838562011719,49.0037956237793,87.07077026367188,876.7058715820312,293.62762451171875,49.65254211425781,1610.0997314453125,1094.2750244140625,92.8780746459961,243.13583374023438,87.012939453125
2018-03-06,289.76995849609375,514.5597534179688,,119.90126037597656,46.85305404663086,85.99178314208984,865.5944213867188,285.5936279296875,48.969032287597656,1630.2117919921875,1076.816162109375,90.7904052734375,236.7229461669922,83.5583267211914
2018-03-07,284.48162841796875,509.8851623535156,,117.55199432373047,43.618186950683594,84.25599670410156,859.1947021484375,277.5112609863281,47.74846649169922,1624.44482421875,1079.452392578125,88.60995483398438,227.58802795410156,82.6514892578125
2018-03-08,290.71343994140625,517.7425537109375,,119.1033935546875,43.91544723510742,87.30534362792969,868.688720703125,287.4327392578125,48.2855110168457,1614.8179931640625,1076.6669921875,89.67698669433594,236.95361328125,83.12649536132812
2018-03-09,292.2528381347656,502.62457275390625,,116.62115478515625,41.17018508911133,88.19669342041016,867.8448486328125,283.3189697265625,48.773738861083984,1618.05908203125,1076.816162109375,88.70274353027344,233.67796325683594,80.70826721191406
2018-03-12,288.7272033691406,516.3998413085938,,117.10873413085938,41.720985412597656,88.61890411376953,875.4398803710938,291.01416015625,48.57844924926758,1654.0411376953125,1094.8717041015625,87.77488708496094,233.3089141845703,78.72188568115234
2018-03-13,289.6706848144531,528.633544921875,,125.48629760742188,44.06407928466797,90.40160369873047,872.1580200195312,294.5955810546875,48.969032287597656,1648.5125732421875,1078.2586669921875,90.88318634033203,235.01589965820312,84.20606231689453
2018-03-14,288.3299255371094,533.2584838867188,,129.20968627929688,45.39299011230469,89.04112243652344,874.150634765625,296.24102783203125,49.11549377441406,1652.182373046875,1076.1197509765625,92.13580322265625,237.1842803955078,88.09249877929688
2018-03-15,295.80328369140625,526.7935180664062,,127.43663787841797,46.24105453491211,87.86829376220703,881.7928466796875,291.78857421875,49.066673278808594,1660.1890869140625,1079.99951171875,91.4399185180664,234.0932159423828,87.44476318359375
2018-03-16,288.5534362792969,519.781494140625,,127.48097229003906,46.922996520996094,87.53990173339844,868.759033203125,288.5458679199219,49.017852783203125,1643.9375,1055.2291259765625,91.71826171875,232.80140686035156,86.23564147949219
2018-03-19,288.4044189453125,516.6484985351562,,118.21688842773438,46.19733810424805,85.10041809082031,866.0631103515625,285.1096496582031,48.1878662109375,1638.313720703125,1043.5404052734375,89.5842056274414,228.78759765625,83.25605773925781
2018-03-20,287.60992431640625,518.28955078125,,120.43317413330078,44.448760986328125,85.61646270751953,862.4296264648438,282.641357421875,48.0902214050293,1636.26416015625,1039.859619140625,89.86256408691406,229.8487091064453,83.29922485351562
2018-03-21,290.2417297363281,523.4615478515625,,120.21154022216797,45.06076431274414,85.33499145507812,871.5250854492188,279.9311218261719,48.13904571533203,1650.371337890625,1045.6292724609375,90.55844116210938,228.83372497558594,82.78104400634766
2018-03-22,287.73406982421875,515.4052734375,,119.63529205322266,44.52745056152344,85.24115753173828,875.6744384765625,274.17181396484375,47.94375228881836,1671.0074462890625,1047.5693359375,89.5842056274414,222.8822021484375,81.78783416748047
2018-03-23,285.77264404296875,496.80609130859375,,118.08389282226562,42.796363830566406,85.05350494384766,863.3908081054688,266.71856689453125,46.625545501708984,1667.576171875,1033.3934326171875,86.42948913574219,216.6538848876953,75.00817108154297
2018-03-26,293.29559326171875,504.56402587890625,,125.44197845458984,47.29893493652344,85.89794158935547,887.7235107421875,272.6230773925781,46.381431579589844,1677.34619140625,1033.9404296875,88.88832092285156,227.44964599609375,78.67869567871094
2018-03-27,309.2104797363281,509.4375915527344,465.1225891113281,127.3923110961914,47.00168228149414,85.28807067871094,887.3250122070312,274.80096435546875,47.60199737548828,1704.4637451171875,1044.385986328125,92.27497100830078,234.69296264648438,81.3991928100586
2018-03-28,306.90142822265625,507.7467346191406,457.5144348144531,126.15119171142578,46.14487838745117,83.69302368164062,884.2775268554688,269.42889404296875,46.234962463378906,1712.6134033203125,1042.3466796875,88.42439270019531,230.5868682861328,81.18328857421875
2018-04-02,318.9679260253906,496.3585205078125,464.0008850097656,125.79657745361328,46.21482467651367,84.63127899169922,905.4221801757812,253.45770263671875,46.82083511352539,1720.0960693359375,1090.8428955078125,89.35224151611328,227.12667846679688,82.09011840820312
2018-04-03,312.4381408691406,498.8450012207031,471.5602722167969,128.85507202148438,47.01042938232422,85.89794158935547,898.2490234375,261.3948669433594,47.60199737548828,1744.0206298828125,1097.557861328125,88.56355285644531,231.1405029296875,83.7310562133789
2018-04-04,315.76513671875,489.5951843261719,474.0962829589844,124.0235595703125,45.900081634521484,85.75721740722656,882.94140625,260.039794921875,47.113773345947266,1715.091796875,1072.687744140625,87.58931732177734,228.1878204345703,82.60830688476562
2018-04-05,324.181884765625,500.38671875,496.677001953125,131.02703857421875,49.502140045166016,87.7275619506836,894.9671630859375,269.71923828125,48.33433532714844,1750.930908203125,1112.47998046875,90.0017318725586,239.26040649414062,86.66747283935547
2018-04-06,326.466064453125,497.5022888183594,495.7503662109375,133.3319549560547,49.99174499511719,91.24603271484375,901.7653198242188,271.6551208496094,48.676090240478516,1738.73046875,1113.3748779296875,94.7801742553711,239.6295166015625,88.04931640625
2018-04-09,336.2484130859375,516.4993286132812,501.7978210449219,135.9028778076172,49.98299789428711,92.41886901855469,909.1027221679688,271.84869384765625,49.1643180847168,1772.9969482421875,1112.429931640625,97.65652465820312,240.50608825683594,90.12207794189453
2018-04-10,333.36834716796875,543.2045288085938,505.8946228027344,135.85853576660156,50.24528884887695,90.77690887451172,900.5697631835938,279.5439147949219,48.43198013305664,1761.4158935546875,1107.8538818359375,97.6101303100586,242.95127868652344,89.21524810791016
2018-04-11,330.5379333496094,536.8887939453125,520.3793334960938,133.50929260253906,49.064998626708984,92.98182678222656,899.632080078125,275.43017578125,48.236690521240234,1768.8505859375,1120.239013671875,94.82656860351562,237.1842803955078,87.35839080810547
2018-04-12,336.3973693847656,545.79052734375,521.5985717773438,131.9578857421875,48.61037063598633,92.55961608886719,904.2970581054688,277.5596008300781,47.74846649169922,1770.8048095703125,1128.6949462890625,93.94510650634766,234.18548583984375,85.24244689941406
2018-04-13,328.89923095703125,539.6239013671875,515.648681640625,133.37628173828125,49.65077209472656,92.55961608886719,902.5155029296875,279.0115966796875,47.79728698730469,1774.1409912109375,1145.10888671875,93.99150848388672,231.55572509765625,85.19927215576172
2018-04-16,328.6509704589844,539.4747314453125,506.0408935546875,132.84439086914062,49.3272819519043,92.32504272460938,910.5325927734375,278.3824462890625,47.89493179321289,1777.3341064453125,1165.99951171875,91.99662017822266,229.75643920898438,84.63788604736328
2018-04-17,322.394287109375,529.5286254882812,492.6778259277344,131.0713653564453,48.03334045410156,93.21638488769531,913.533203125,282.3994445800781,47.99258041381836,1779.4307861328125,1158.7872314453125,90.88318634033203,228.9721221923828,84.16288757324219
2018-04-18,326.5902404785156,515.4550170898438,491.7511901855469,125.57496643066406,48.48796844482422,93.07565307617188,906.07861328125,280.75384521484375,48.2855110168457,1757.2696533203125,1147.9442138671875,90.14090728759766,227.4035186767578,83.21286010742188
2018-04-19,323.2135925292969,510.13385009765625,492.6778259277344,128.85507202148438,48.66282272338867,92.13739776611328,909.0791625976562,280.31829833984375,48.1878662109375,1747.1182861328125,1147.894287109375,89.16666412353516,227.12667846679688,83.47196960449219
2018-04-20,324.7281494140625,502.97265625,482.8749694824219,127.30365753173828,45.235626220703125,90.8238296508789,917.0025634765625,273.1070556640625,47.504356384277344,1727.95947265625,1146.849853515625,86.84703063964844,222.5592498779297,79.15370178222656
2018-04-23,326.1432800292969,503.4699401855469,486.09381103515625,127.7912368774414,46.013736724853516,91.1522216796875,907.5554809570312,270.4451904296875,47.35788345336914,1786.6273193359375,1162.9156494140625,87.31096649169922,223.71263122558594,81.0537338256836
2018-04-24,346.72589111328125,502.1272277832031,477.8028869628906,125.75226593017578,45.235626220703125,91.4336929321289,907.2037353515625,274.99456787109375,46.67436981201172,1789.487060546875,1159.9315185546875,86.42948913574219,222.00563049316406,79.75825500488281
2018-04-25,348.31488037109375,495.7120056152344,482.1434326171875,120.87642669677734,44.47499465942383,90.02629852294922,900.5228881835938,269.96124267578125,46.283790588378906,1761.2254638671875,1161.7716064453125,85.64083099365234,218.86839294433594,78.41960144042969
2018-04-26,366.11669921875,491.0870666503906,482.8262634277344,121.76294708251953,44.35258865356445,91.10530090332031,904.976806640625,269.912841796875,46.0885009765625,1793.7762451171875,1179.5289306640625,84.43461608886719,215.17750549316406,78.20368957519531
2018-04-27,363.3111877441406,536.2919921875,493.99462890625,126.94904327392578,45.64653778076172,92.18429565429688,901.7653198242188,278.67279052734375,46.82083511352539,1796.445068359375,1182.5628662109375,86.66146850585938,223.85107421875,81.70146942138672
2018-04-30,358.4447937011719,514.5100708007812,500.822509765625,132.04652404785156,46.50334167480469,92.2312240600586,911.5640258789062,275.0914001464844,47.2114143371582,1809.1221923828125,1204.796630859375,88.51717376708984,227.35739135742188,82.39239501953125
2018-05-02,351.9894714355469,520.92529296875,503.16339111328125,127.92422485351562,44.82470703125,92.88800811767578,923.3787841796875,268.0252990722656,46.67436981201172,1780.8131103515625,1250.3087158203125,86.10475158691406,222.37469482421875,79.41280364990234
2018-05-03,346.5272521972656,530.5232543945312,489.70281982421875,126.81608581542969,45.00830841064453,91.52751922607422,922.628662109375,272.8650817871094,45.64909744262695,1790.2017822265625,1227.1298828125,85.40886688232422,223.2051544189453,79.11051940917969
2018-05-04,336.8442077636719,517.493896484375,492.19012451171875,124.0235595703125,44.693565368652344,93.87318420410156,932.2866821289062,273.7846374511719,45.30733871459961,1802.593017578125,1227.0303955078125,84.94493865966797,223.2512969970703,78.72188568115234
2018-05-07,333.5173034667969,533.208740234375,482.3385009765625,127.25933074951172,45.94379425048828,94.9521713256836,927.0827026367188,280.51190185546875,44.770286560058594,1801.306396484375,1238.570068359375,87.03260803222656,227.44964599609375,80.10372161865234
2018-05-08,326.5405578613281,539.3255615234375,482.19219970703125,129.0767059326172,45.830135345458984,97.06327056884766,922.2301635742188,299.38690185546875,44.477352142333984,1782.05224609375,1235.3865966796875,85.96556854248047,230.7252960205078,81.18328857421875
2018-05-09,345.01275634765625,545.5418701171875,476.5836486816406,127.92422485351562,45.10447692871094,94.90526580810547,927.5514526367188,296.967041015625,44.33088684082031,1791.1072998046875,1244.638427734375,86.29032135009766,228.83372497558594,79.36962127685547
2018-05-10,350.37567138671875,544.6964721679688,474.48651123046875,122.91539764404297,43.46956253051758,83.88068389892578,934.255859375,297.01544189453125,42.67091751098633,1797.0645751953125,1241.00732421875,84.80575561523438,228.78759765625,75.61272430419922
2018-05-11,353.10675048828125,550.31591796875,472.4381408691406,126.50579071044922,43.1373291015625,84.49056243896484,943.1871948242188,300.98406982421875,42.8662109375,1805.5479736328125,1260.704345703125,82.39334106445312,231.00210571289062,76.08773803710938
2018-05-14,345.8817443847656,548.9235229492188,468.1463623046875,126.50579071044922,43.60070037841797,84.34980773925781,947.8756713867188,300.1612854003906,41.30388641357422,1825.3262939453125,1264.9818115234375,82.85726928710938,234.0009307861328,76.0445556640625
2018-05-15,345.73272705078125,546.7353515625,471.9504089355469,123.80191802978516,42.31550598144531,81.06588745117188,955.4004516601562,298.3705749511719,40.03450012207031,1827.1849365234375,1277.16796875,79.74895477294922,228.83372497558594,74.01496887207031
2018-05-16,348.2155456542969,547.0337524414062,470.6336364746094,117.06440734863281,42.140647888183594,78.48567199707031,948.625732421875,287.72308349609375,40.42508316040039,1835.4296875,1274.7305908203125,70.14567565917969,224.31240844726562,72.93540954589844
2018-05-17,345.112060546875,536.5406494140625,471.9504089355469,115.2470474243164,41.94830322265625,77.50048828125,950.688720703125,286.51318359375,41.206241607666016,1824.7066650390625,1264.0865478515625,70.93435668945312,223.94332885742188,73.53997802734375
2018-05-18,342.976806640625,530.0259399414062,467.75616455078125,112.32154083251953,41.213897705078125,77.40666961669922,943.374755859375,276.93048095703125,40.03450012207031,1839.6239013671875,1287.6632080078125,69.35700988769531,220.390869140625,71.8990249633789
2018-05-21,349.8790588378906,524.0086059570312,457.27056884765625,115.15839385986328,42.953731536865234,75.90544891357422,934.4199829101562,280.0278625488281,39.30215835571289,1834.8101806640625,1270.005615234375,72.51171112060547,225.5580596923828,75.09453582763672
2018-05-22,344.292724609375,520.4777221679688,458.78240966796875,117.81793212890625,42.96247482299805,77.2190170288086,932.9430541992188,280.995849609375,40.32743453979492,1814.79345703125,1256.1280517578125,75.6664047241211,234.27774047851562,76.34683227539062
2018-05-23,352.1632995605469,517.4442138671875,483.7528381347656,121.09806823730469,42.43790054321289,77.17210388183594,922.441162109375,282.6897277832031,39.49745178222656,1766.8492431640625,1248.8162841796875,74.7385482788086,242.8590087890625,75.00817108154297
2018-05-24,346.005859375,531.567626953125,465.4640197753906,123.09272003173828,42.85755920410156,77.78196716308594,931.1146850585938,288.1587219238281,39.106868743896484,1783.1005859375,1268.811767578125,76.17671966552734,247.7493896484375,75.26727294921875
2018-05-25,345.58380126953125,535.595703125,471.2189025878906,125.26468658447266,44.27390670776367,79.18936920166016,941.7572631835938,286.17437744140625,39.888031005859375,1825.2784423828125,1289.10546875,77.33654022216797,246.3192138671875,77.08094024658203
2018-05-28,340.692626953125,543.2045288085938,472.6331787109375,128.89939880371094,46.24105453491211,81.34737396240234,957.46337890625,289.65899658203125,41.10859298706055,1824.802001953125,1290.39892578125,82.30055236816406,251.0250244140625,81.096923828125
2018-05-29,339.32708740234375,544.7958374023438,467.9512939453125,124.46681213378906,44.912132263183594,81.44120025634766,952.9625244140625,280.6086730957031,39.888031005859375,1789.391845703125,1277.5657958984375,79.4706039428711,243.8739776611328,78.11731719970703
2018-05-30,342.3561096191406,538.728759765625,458.343505859375,122.73809051513672,44.78973388671875,80.78441619873047,960.3468627929688,275.7689208984375,39.106868743896484,1796.5882568359375,1296.467041015625,79.88813781738281,246.5037384033203,77.55595397949219
2018-05-31,346.254150390625,542.9558715820312,458.9287414550781,121.31969451904297,44.9645881652832,79.5646743774414,1009.464599609375,276.64007568359375,39.7415657043457,1863.8822021484375,1327.653564453125,77.61489868164062,248.71824645996094,78.3332290649414
2018-06-01,346.3038330078125,533.7557373046875,463.4156494140625,121.40833282470703,44.754764556884766,77.87580871582031,995.8521728515625,280.0278625488281,39.79038619995117,1825.70751953125,1311.1402587890625,76.96540069580078,246.0885467529297,77.03775024414062
2018-06-04,347.1231689453125,534.1535034179688,462.2939147949219,116.62115478515625,44.26516342163086,76.18692779541016,965.4661254882812,277.5596008300781,38.228065490722656,1813.12548828125,1297.163330078125,77.1973648071289,242.67445373535156,75.6559066772461
2018-06-05,341.8595886230469,528.0367431640625,458.4897766113281,113.25238800048828,44.343849182128906,77.17210388183594,973.6761474609375,274.99456787109375,37.446903228759766,1810.456787109375,1297.909423828125,76.68704986572266,243.18194580078125,75.1377182006836
2018-06-06,346.9493408203125,528.5341186523438,483.5090026855469,115.46867370605469,45.56785202026367,78.11036682128906,970.7271728515625,274.80096435546875,40.03450012207031,1829.9013671875,1308.8521728515625,78.58914184570312,249.2718963623047,78.07413482666016
2018-06-07,349.9287414550781,539.4747314453125,485.80120849609375,116.48816680908203,47.61368179321289,80.78441619873047,973.0154418945312,281.5766296386719,41.05977249145508,1811.4576416015625,1303.6295166015625,79.88813781738281,248.810546875,80.06053924560547
2018-06-08,347.5203857421875,534.501708984375,485.8500061035156,117.24169921875,48.30437088012695,81.25354766845703,966.9525146484375,279.0115966796875,40.913307189941406,1800.2578125,1311.488525390625,83.9242935180664,251.901611328125,82.30603790283203
2018-06-11,345.4844665527344,537.0379638671875,499.6032409667969,118.52716827392578,48.077056884765625,82.23873138427734,963.6260375976562,277.2208557128906,41.15742111206055,1815.6038818359375,1316.4622802734375,84.99132537841797,252.8243408203125,80.83782196044922
2018-06-12,357.92340087890625,534.2530517578125,507.4064636230469,118.21688842773438,48.872657775878906,82.98933410644531,964.3572998046875,278.1888427734375,41.93857955932617,1863.2149658203125,1322.381591796875,85.13050842285156,260.9903869628906,81.6583023071289
2018-06-13,355.11785888671875,537.734130859375,522.5252075195312,121.23102569580078,49.02128601074219,81.394287109375,958.506591796875,281.43145751953125,42.71974182128906,1861.4925537109375,1318.75048828125,84.71297454833984,265.465576171875,82.5219497680664
2018-06-14,357.84893798828125,529.130859375,533.7424926757812,119.8125991821289,48.52294158935547,80.45601654052734,961.31396484375,275.6237487792969,43.110321044921875,1878.66796875,1325.7142333984375,85.0841064453125,260.75970458984375,81.35601043701172
2018-06-15,353.42950439453125,525.8983154296875,536.619873046875,116.39952087402344,47.15031051635742,78.72023010253906,957.6336669921875,273.44586181640625,42.23151779174805,1882.447509765625,1333.025634765625,83.36759185791016,256.0076904296875,78.07413482666016
2018-06-18,353.777099609375,519.7318115234375,538.3756103515625,115.60164642333984,46.80934143066406,78.81405639648438,952.7030029296875,283.60931396484375,41.40153503417969,1883.021484375,1308.4542236328125,82.114990234375,255.45411682128906,78.20368957519531
2018-06-19,355.7633972167969,514.4105834960938,521.0621948242188,113.34103393554688,45.83888244628906,77.68814849853516,954.7555541992188,283.41571044921875,40.18096923828125,1848.14453125,1296.467041015625,80.53763580322266,251.53256225585938,77.8150405883789
2018-06-20,351.9646301269531,516.3004150390625,526.4268798828125,110.90311431884766,45.74271011352539,78.34493255615234,970.160888671875,283.80291748046875,41.206241607666016,1882.4954833984375,1317.7059326171875,79.98091888427734,252.17843627929688,76.86502075195312
2018-06-21,342.8030090332031,510.2829895019531,524.3297729492188,108.15492248535156,44.60613250732422,77.2190170288086,970.8450927734375,288.40069580078125,41.499176025390625,1875.89306640625,1307.1114501953125,77.3829345703125,247.8878173828125,74.2740707397461
2018-06-22,337.8125305175781,522.8151245117188,522.9154663085938,107.71166229248047,45.3580207824707,77.78196716308594,982.9948120117188,291.01416015625,41.05977249145508,1868.9559326171875,1314.5225830078125,75.99114990234375,251.94776916503906,74.05815887451172
2018-06-25,342.0830383300781,512.4215087890625,521.354736328125,103.54505157470703,43.70561981201172,77.6412353515625,988.4680786132812,280.4150695800781,41.255062103271484,1884.9351806640625,1321.0882568359375,74.04266357421875,247.7032928466797,71.16492462158203
2018-06-26,340.8664855957031,511.4267883300781,518.4285278320312,104.65318298339844,44.247676849365234,78.34493255615234,987.8782348632812,278.8663330078125,40.718013763427734,1897.709228515625,1322.928466796875,74.08905029296875,246.7344207763672,72.07174682617188
2018-06-27,332.3006896972656,505.1110534667969,510.96661376953125,102.08229064941406,43.277217864990234,77.6412353515625,996.7958984375,270.1064147949219,39.985679626464844,1884.2655029296875,1317.307861328125,71.21271514892578,241.4749298095703,70.2580795288086
2018-06-28,329.2220458984375,501.87860107421875,499.6032409667969,100.17628479003906,43.50453186035156,73.7474365234375,1005.406982421875,262.70159912109375,38.37453079223633,1882.6866455078125,1332.13037109375,67.54769897460938,237.13816833496094,68.91943359375
2018-06-29,325.6219482421875,508.04510498046875,513.600341796875,99.86600494384766,43.98539352416992,76.79679870605469,994.8378295898438,266.57342529296875,37.93513107299805,1848.814208984375,1335.9603271484375,70.656005859375,239.30654907226562,70.77627563476562
2018-07-02,330.0909729003906,509.4873046875,514.6732177734375,100.75251770019531,43.52201843261719,76.28076171875,978.2293090820312,268.5093688964844,37.691017150878906,1864.697998046875,1330.9864501953125,72.51171112060547,238.84519958496094,70.1285400390625
2018-07-03,332.9958801269531,508.79107666015625,545.4960327148438,100.17628479003906,42.796363830566406,78.15727233886719,976.7902221679688,264.15350341796875,38.276885986328125,1866.80322265625,1346.107421875,71.5838623046875,237.5995330810547,69.7398910522461
2018-07-04,337.7629089355469,511.9737854003906,534.9617309570312,100.26493072509766,42.778873443603516,78.34493255615234,992.5258178710938,264.4923095703125,38.4721794128418,1891.01123046875,1358.144287109375,70.60960388183594,237.5533905029297,68.87625122070312
2018-07-05,332.3006896972656,508.2440185546875,526.768310546875,100.39790344238281,42.63024139404297,77.07827758789062,1002.056884765625,262.8468017578125,37.446903228759766,1879.672607421875,1357.8956298828125,70.09928894042969,236.6306915283203,68.61714172363281
2018-07-06,337.3408203125,510.9295654296875,530.9136962890625,102.43689727783203,43.30344772338867,76.46839904785156,997.9990844726562,261.3948669433594,37.98395538330078,1874.8404541015625,1364.0633544921875,71.39828491210938,237.32273864746094,70.21490478515625
2018-07-09,316.63409423828125,522.417236328125,544.2281494140625,103.72234344482422,43.64441680908203,79.61158752441406,1002.9533081054688,262.5080261230469,37.98395538330078,1873.7880859375,1377.89111328125,72.18695831298828,241.33653259277344,70.21490478515625
2018-07-10,317.3789978027344,529.6777954101562,565.7357788085938,105.93863677978516,43.82802200317383,78.29801940917969,1012.7438354492188,264.63751220703125,38.52100372314453,1851.589111328125,1365.008544921875,72.23335266113281,243.36651611328125,70.5171890258789
2018-07-11,316.7085876464844,533.6561889648438,553.4456787109375,103.01312255859375,42.883785247802734,76.89061737060547,1013.6167602539062,260.13653564453125,38.52100372314453,1832.1654052734375,1380.435546875,70.09928894042969,239.07586669921875,67.92622375488281
2018-07-12,322.07147216796875,535.446533203125,550.2699584960938,105.89430236816406,42.306758880615234,74.9671859741211,1021.96826171875,263.57275390625,38.276885986328125,1854.5076904296875,1383.2724609375,70.60960388183594,242.44378662109375,67.75348663330078
2018-07-13,315.93890380859375,520.1793823242188,555.9373168945312,104.07695007324219,40.523216247558594,73.09066009521484,1029.0220947265625,259.1685791015625,37.153968811035156,1840.7288818359375,1397.7537841796875,68.52193450927734,237.83018493652344,66.1557388305664
2018-07-16,315.29339599609375,519.2841796875,544.6026000976562,100.22061157226562,38.87955093383789,69.57217407226562,1023.3366088867188,250.94100952148438,35.2498893737793,1839.7720947265625,1401.8345947265625,68.52193450927734,232.155517578125,64.2557144165039
2018-07-17,315.29339599609375,534.9990234375,549.879150390625,107.09111022949219,41.04779052734375,82.84860229492188,1027.06396484375,257.9102783203125,36.56809997558594,1822.7882080078125,1394.0216064453125,73.02202606201172,239.02972412109375,69.69671630859375
2018-07-18,315.8396301269531,523.710205078125,586.7657470703125,104.298583984375,39.83252716064453,80.64366149902344,1026.8045654296875,254.2804412841797,35.98222351074219,1818.033203125,1391.9813232421875,69.7745361328125,239.4910888671875,65.8102798461914
2018-07-19,312.58709716796875,523.9588012695312,603.3768920898438,106.42621612548828,40.680580139160156,80.54985046386719,1031.4755859375,252.82852172851562,36.07987594604492,1813.9024658203125,1341.071533203125,69.86732482910156,240.0908660888672,66.06938171386719
2018-07-20,313.8285217285156,530.8215942382812,671.67822265625,106.603515625,41.40624237060547,80.45601654052734,1032.8675537109375,257.28106689453125,35.98222351074219,1827.639404296875,1327.0377197265625,70.09928894042969,241.2904052734375,66.28528594970703
2018-07-23,318.76934814453125,537.435791015625,665.6199951171875,111.9669418334961,43.18104553222656,82.42637634277344,1017.4857788085938,266.71856689453125,37.57700729370117,1863.759033203125,1330.77001953125,73.25398254394531,245.76556396484375,68.1853256225586
2018-07-24,318.27276611328125,543.1547241210938,692.4910888671875,117.50765991210938,44.20396041870117,82.28563690185547,1019.0429077148438,265.5570983886719,38.57374572753906,1870.7235107421875,1306.0865478515625,73.5787353515625,246.22691345214844,70.17171478271484
2018-07-25,316.41070556640625,529.37939453125,679.2020263671875,116.8427734375,45.279335021972656,81.53502655029297,1024.0443115234375,265.8474426269531,38.27472686767578,1887.678466796875,1308.72412109375,73.53234100341797,250.8404998779297,70.68991088867188
2018-07-26,317.8009948730469,538.728759765625,649.3019409179688,123.09272003173828,48.76774215698242,82.80168151855469,1034.542724609375,276.4949035644531,38.07537841796875,1883.1634521484375,1305.09130859375,75.01690673828125,265.465576171875,73.45360565185547
2018-07-27,316.013427734375,550.2661743164062,671.3362426757812,122.2061996459961,48.828941345214844,85.19425201416016,1039.048583984375,283.80291748046875,39.17178726196289,1903.52880859375,1304.9420166015625,76.08393096923828,264.5889587402344,73.45360565185547
2018-07-30,318.1751403808594,566.5778198242188,674.21875,134.7947235107422,50.59499740600586,84.72511291503906,1023.8319091796875,297.4993896484375,41.165260314941406,1892.625732421875,1299.119384765625,79.70256805419922,274.4159240722656,76.13092041015625
2018-07-31,319.9890441894531,547.4315795898438,685.3091430664062,135.94720458984375,49.7469482421875,83.50537872314453,1028.3614501953125,294.4987487792969,39.91933822631836,1916.5933837890625,1300.7119140625,78.96028137207031,270.8172912597656,74.6627197265625
2018-08-01,320.11328125,542.2098388671875,690.7811279296875,133.15467834472656,49.82563018798828,82.19181060791016,1018.54736328125,289.7073974609375,39.42097091674805,1922.5491943359375,1306.5343017578125,81.09435272216797,272.293701171875,76.0445556640625
2018-08-02,326.6979064941406,544.298583984375,683.4525756835938,130.5394287109375,48.91636657714844,82.80872344970703,1005.1001586914062,288.9814453125,39.96917724609375,1943.39501953125,1274.18701171875,79.00668334960938,271.1864318847656,75.00817108154297
2018-08-03,326.648193359375,571.6502075195312,682.7198486328125,132.62277221679688,50.769859313964844,82.80872344970703,1001.06591796875,295.2247314453125,41.01575469970703,1936.4781494140625,1303.349365234375,81.79023742675781,276.1229248046875,76.30364227294922
2018-08-06,326.9463806152344,593.581298828125,673.0950317382812,133.4649658203125,51.48677444458008,83.94763946533203,997.5980224609375,305.0010070800781,41.36460876464844,1921.060302734375,1276.7747802734375,83.55315399169922,284.6580810546875,78.24687194824219
2018-08-07,327.7415466308594,589.8515625,660.0015258789062,129.5642852783203,50.51631546020508,82.95109558105469,1005.4304809570312,303.113525390625,41.31477355957031,1915.77685546875,1277.6705322265625,76.87261199951172,280.5519714355469,74.70589447021484
2018-08-08,324.8840637207031,593.083984375,676.9058227539062,131.73623657226562,50.437625885009766,83.75782012939453,1008.001953125,308.48565673828125,40.91607666015625,1921.8768310546875,1282.2490234375,74.64576721191406,284.8426208496094,73.45360565185547
2018-08-09,320.31207275390625,617.7005004882812,713.0107421875,137.18832397460938,51.749061584472656,84.99165344238281,999.5797119140625,322.32733154296875,42.660369873046875,1906.89111328125,1271.2508544921875,77.3829345703125,292.8702392578125,76.99457550048828
2018-08-10,344.7373962402344,612.180419921875,686.6282348632812,131.4702911376953,49.37099838256836,84.65945434570312,997.668701171875,318.0683898925781,43.25841522216797,1901.5596923828125,1279.462158203125,77.2437515258789,280.9210510253906,73.88542175292969
2018-08-13,342.6004638671875,601.6376342773438,669.8215942382812,129.1210174560547,47.19402313232422,83.18836212158203,986.9109497070312,314.4869384765625,44.45449447631836,1915.3924560546875,1281.1044921875,74.59938049316406,271.4170837402344,73.02177429199219
2018-08-14,339.1714782714844,614.7167358398438,682.915283203125,129.697265625,47.32516860961914,84.27982330322266,985.7079467773438,321.79498291015625,44.404659271240234,1918.9468994140625,1286.9271240234375,74.13545227050781,272.109130859375,73.71269226074219
2018-08-16,346.7251892089844,620.087646484375,684.6251831054688,126.50579071044922,46.79185104370117,85.1340103149414,979.3851928710938,323.5856628417969,45.202049255371094,1906.0745849609375,1239.550537109375,75.6664047241211,270.07916259765625,72.89222717285156
2018-08-17,345.6070556640625,623.9168090820312,687.8009033203125,129.60861206054688,48.49671173095703,81.85962677001953,980.1638793945312,329.1029968261719,46.44797134399414,1912.0303955078125,1257.316650390625,77.42932891845703,278.752685546875,74.7922592163086
2018-08-20,342.07867431640625,621.0325317382812,683.7457275390625,133.8638916015625,50.27151107788086,77.35140991210938,989.057861328125,327.6026611328125,47.74373245239258,1912.55859375,1268.7626953125,78.12521362304688,283.873779296875,76.51956176757812
2018-08-21,347.6445617675781,632.3212280273438,669.3818969726562,133.7752227783203,49.7207145690918,77.68359375,988.9869995117188,327.9898376464844,46.94633865356445,1898.1494140625,1257.466064453125,77.61489868164062,283.27398681640625,76.30364227294922
2018-08-23,348.5639343261719,628.3428955078125,650.474609375,132.84439086914062,49.187400817871094,77.35140991210938,981.3668823242188,326.39276123046875,47.145687103271484,1880.1375732421875,1241.8397216796875,78.40357208251953,279.07562255859375,76.64910888671875
2018-08-24,347.7688293457031,636.4489135742188,659.1708984375,130.6724090576172,48.32185745239258,77.44632720947266,976.6250610351562,320.9966125488281,46.6971549987793,1852.2314453125,1248.6077880859375,79.60977935791016,277.230224609375,74.83544158935547
2018-08-27,358.3290710449219,646.693359375,673.5835571289062,133.02169799804688,49.79940414428711,75.83285522460938,981.62646484375,330.4762878417969,47.046016693115234,1874.517822265625,1268.9117431640625,79.09945678710938,284.1967468261719,77.55595397949219
2018-08-28,357.3351745605469,656.4901733398438,682.0357666015625,127.52529907226562,48.01585388183594,75.5955810546875,988.4208374023438,329.50396728515625,47.29520034790039,1857.514892578125,1279.06396484375,76.91900634765625,281.75152587890625,73.92860412597656
2018-08-29,362.4040832519531,653.357177734375,670.4568481445312,130.9383544921875,49.31854248046875,76.7344970703125,980.7064208984375,331.2054748535156,48.09259033203125,1830.521240234375,1282.547607421875,78.0788345336914,285.7653503417969,75.95819091796875
2018-08-30,366.1312561035156,646.245849609375,661.9069213867188,133.11033630371094,50.035457611083984,76.7344970703125,974.855712890625,334.80291748046875,48.39160919189453,1801.7987060546875,1272.047119140625,78.96028137207031,284.7503967285156,78.1604995727539
2018-08-31,365.311279296875,645.7484741210938,678.908935546875,135.59259033203125,49.60706329345703,76.9717788696289,972.5436401367188,333.1014099121094,47.44470977783203,1831.5299072265625,1281.203857421875,81.79023742675781,285.6730651855469,77.51277160644531
2018-09-03,362.8265075683594,628.3925170898438,655.4089965820312,134.4844207763672,49.80814743041992,76.63959503173828,979.07861328125,324.88568115234375,47.74373245239258,1822.307861328125,1263.13916015625,80.1200942993164,282.6742858886719,77.94458770751953
2018-09-04,356.4654541015625,638.338623046875,623.701171875,129.03236389160156,47.4563102722168,73.08048248291016,968.1083984375,319.3923034667969,44.8033561706543,1782.5379638671875,1251.693115234375,77.1509780883789,273.4931640625,73.19450378417969
2018-09-05,348.5639343261719,634.2109985351562,620.8676147460938,128.14584350585938,46.84431076049805,73.79229736328125,965.301025390625,320.51043701171875,44.703678131103516,1781.8175048828125,1232.3345947265625,77.10457611083984,273.6315612792969,71.8990249633789
2018-09-06,337.9539489746094,634.7579956054688,628.4402465820312,129.5199737548828,47.02790832519531,73.41266632080078,968.297119140625,319.5381774902344,44.75352096557617,1805.977294921875,1254.9779052734375,77.2437515258789,273.5393371582031,71.63993072509766
2018-09-07,345.1101379394531,642.0684204101562,643.5858154296875,131.2486572265625,47.29019546508789,74.0770263671875,970.538330078125,325.8093566894531,45.600746154785156,1801.9906005859375,1239.1024169921875,78.310791015625,269.11029052734375,72.15812683105469
2018-09-10,337.9539489746094,648.2349243164062,631.5182495117188,129.96322631835938,46.310997009277344,71.70428466796875,963.0834350585938,323.67034912109375,44.65384292602539,1757.1295166015625,1217.60400390625,76.73343658447266,262.8358459472656,70.38763427734375
2018-09-11,342.07867431640625,646.6436157226562,606.0640258789062,124.55545806884766,45.94379425048828,71.94155883789062,943.856201171875,317.49639892578125,43.75678253173828,1754.583740234375,1200.733642578125,75.80558776855469,260.75970458984375,69.7398910522461
2018-09-12,345.1101379394531,632.0228881835938,598.7844848632812,118.39418029785156,46.319732666015625,72.36865234375,949.2586669921875,313.9476013183594,43.507598876953125,1756.36083984375,1224.6209716796875,75.29527282714844,263.25103759765625,70.1285400390625
2018-09-14,345.1349182128906,632.9677734375,610.99853515625,119.14772033691406,47.089111328125,73.88721466064453,957.6336669921875,319.2464904785156,44.703678131103516,1799.0609130859375,1233.72802734375,76.82621765136719,268.18756103515625,72.41722106933594
2018-09-17,339.096923828125,622.5740966796875,610.2168579101562,119.90126037597656,46.77436447143555,73.6973876953125,939.987060546875,316.6699523925781,44.10564041137695,1803.1435546875,1224.6209716796875,77.01178741455078,263.25103759765625,71.07855987548828
2018-09-18,335.56854248046875,605.317626953125,605.2334594726562,100.26493072509766,43.15481948852539,71.51446533203125,938.5715942382812,310.0098876953125,43.70694351196289,1788.8302001953125,1209.592041015625,73.5787353515625,252.6398162841797,64.64435577392578
2018-09-19,335.9164123535156,605.5166015625,588.5245971679688,103.14611053466797,43.04990768432617,71.32464599609375,925.4310302734375,312.0516662597656,43.15873718261719,1733.593994140625,1221.137451171875,73.53234100341797,250.5175323486328,67.75348663330078
2018-09-21,320.5108337402344,595.9684448242188,556.5724487304688,98.80217742919922,41.85212707519531,69.7586441040039,929.63037109375,308.3083801269531,40.36787414550781,1693.0556640625,1174.65673828125,67.59407806396484,249.68711853027344,63.73751449584961
2018-09-24,306.5712890625,594.12841796875,535.2222290039062,95.47774505615234,40.741783142089844,68.24008178710938,908.6101684570312,300.1899108886719,38.67341995239258,1608.280517578125,1143.3045654296875,64.20741271972656,243.9201202392578,62.442047119140625
2018-09-25,309.92572021484375,611.0367431640625,554.080810546875,97.02914428710938,40.8292121887207,68.19263458251953,921.2081298828125,302.4747314453125,37.82619094848633,1629.9425048828125,1177.7919921875,62.119747161865234,249.9639129638672,60.58518600463867
2018-09-26,307.01849365234375,614.1199951171875,539.9613037109375,96.76319122314453,41.11772918701172,67.86043548583984,928.6630859375,304.4193420410156,38.125213623046875,1634.7938232421875,1163.907470703125,62.2125358581543,243.45880126953125,60.97382736206055
2018-09-27,300.4090270996094,596.9132690429688,557.3052368164062,92.50791931152344,39.806297302246094,66.81643676757812,932.4142456054688,298.14813232421875,36.530433654785156,1615.7733154296875,1137.0838623046875,57.990806579589844,244.84288024902344,58.38287353515625
2018-09-28,285.4010009765625,609.942626953125,552.3219604492188,88.20831298828125,38.61726760864258,67.10116577148438,946.5220336914062,297.07861328125,36.181575775146484,1623.5064697265625,1136.238037109375,55.392822265625,244.9812469482422,56.78511428833008
2018-10-01,278.6424255371094,590.2494506835938,441.8575744628906,92.55224609375,40.70681381225586,69.33155059814453,960.3939208984375,305.2943420410156,37.2281494140625,1577.97265625,1116.7301025390625,58.64030456542969,252.68597412109375,59.76470947265625
2018-10-03,280.65509033203125,569.1637573242188,436.1902160644531,91.57707977294922,40.531959533691406,66.62661743164062,958.364990234375,295.2799377441406,37.37765884399414,1574.17822265625,1093.0916748046875,59.985694885253906,250.70208740234375,59.20334243774414
2018-10-04,276.1576843261719,583.0882568359375,447.9157409667969,91.62140655517578,40.05984115600586,64.58606719970703,923.732421875,307.72503662109375,36.58026885986328,1526.915283203125,1069.453125,60.124874114990234,250.37916564941406,58.771514892578125
2018-10-05,273.6728820800781,565.4339599609375,448.30657958984375,87.85371398925781,38.35498046875,64.8233413696289,927.2948608398438,298.78009033203125,35.23467254638672,1544.0625,1047.2579345703125,59.243408203125,238.3838348388672,57.00102996826172
2018-10-08,280.3569030761719,553.5484008789062,460.42303466796875,86.43528747558594,37.891605377197266,66.72152709960938,917.716552734375,302.231689453125,33.639892578125,1537.001953125,1099.1134033203125,58.315555572509766,245.2119598388672,57.34648895263672
2018-10-09,283.0653076171875,549.8683471679688,475.7151184082031,82.66759490966797,37.80418395996094,67.14861297607422,915.6404418945312,297.75921630859375,33.49038314819336,1544.5906982421875,1103.24365234375,58.12998580932617,242.6283416748047,56.78511428833008
2018-10-10,288.6560363769531,586.0223388671875,500.4364318847656,84.75090789794922,40.69807052612305,69.85354614257812,928.167724609375,310.982177734375,35.78288269042969,1573.4576416015625,1132.406005859375,61.51665115356445,257.1150207519531,61.92384338378906
2018-10-11,288.3578796386719,577.7173461914062,459.4459228515625,83.28815460205078,39.36915588378906,67.6706314086914,914.2014770507812,303.0581359863281,35.03532791137695,1529.845458984375,1110.3104248046875,59.660945892333984,241.89013671875,59.20334243774414
2018-10-12,307.0433349609375,581.7454833984375,457.1007385253906,85.54877471923828,40.35709762573242,69.99591064453125,935.1036987304688,310.54461669921875,36.380924224853516,1587.626953125,1161.66796875,61.70222091674805,243.36651611328125,59.678348541259766
2018-10-15,308.23602294921875,573.4404907226562,459.9833068847656,86.30230712890625,40.19098663330078,71.94155883789062,947.4656372070312,304.662353515625,35.98222732543945,1562.8907470703125,1164.9525146484375,62.67646408081055,242.8590087890625,59.54880142211914
2018-10-16,313.85162353515625,585.6741333007812,453.33880615234375,88.87320709228516,41.371273040771484,77.49378204345703,940.2466430664062,311.760009765625,36.181575775146484,1556.7427978515625,1170.2276611328125,64.90331268310547,249.41029357910156,61.36248016357422
2018-10-17,296.2097473144531,572.9432983398438,444.0561218261719,88.29696655273438,38.582298278808594,74.5041275024414,931.682861328125,306.0721435546875,34.98548889160156,1540.7484130859375,1170.4765625,61.70222091674805,240.9674530029297,57.735130310058594
2018-10-19,268.15667724609375,559.5160522460938,406.77862548828125,90.77921295166016,38.643497467041016,77.2564926147461,928.4507446289062,306.70416259765625,35.23467254638672,1514.6192626953125,1193.3187255859375,61.23830032348633,240.9213104248047,55.70555114746094
2018-10-22,259.6587829589844,559.0187377929688,399.5967712402344,90.95651245117188,36.94738006591797,75.73795318603516,943.1484375,318.0311584472656,34.686466217041016,1392.379638671875,1158.532958984375,60.95993423461914,240.22927856445312,54.150978088378906
2018-10-23,263.13739013671875,559.7149658203125,390.6560363769531,90.15864562988281,36.38783645629883,75.54813385009766,936.5191650390625,313.8990173339844,34.28777313232422,1415.146484375,1168.9337158203125,60.0784797668457,235.8925018310547,54.10779571533203
2018-10-24,261.32354736328125,561.0576782226562,383.81610107421875,91.00084686279297,37.19218063354492,77.68359375,940.0108032226562,313.07257080078125,35.13500213623047,1461.44873046875,1171.5711669921875,61.05272674560547,235.93862915039062,54.75553512573242
2018-10-25,263.9574279785156,558.024169921875,371.35772705078125,87.27747344970703,37.00857925415039,76.544677734375,928.9462280273438,311.079345703125,33.93891525268555,1432.389892578125,1180.2305908203125,60.913543701171875,230.26394653320312,54.9714469909668
2018-10-26,260.32965087890625,534.800048828125,371.7485656738281,87.63208770751953,37.165950775146484,75.40576171875,925.3603515625,306.8985900878906,33.24119567871094,1388.8734130859375,1153.158203125,61.377471923828125,228.9259796142578,53.67597579956055
2018-10-29,262.7398681640625,563.6436767578125,389.5811767578125,94.94583892822266,41.65104293823242,77.06668090820312,908.8933715820312,339.712890625,34.13826370239258,1357.172607421875,1132.75439453125,65.78477478027344,247.19580078125,60.196537017822266
2018-10-30,271.3868713378906,559.6652221679688,375.8036804199219,97.51673126220703,44.807220458984375,78.91743469238281,902.4999389648438,336.115478515625,34.53696060180664,1310.5823974609375,1118.521728515625,67.31572723388672,252.04000854492188,65.4648208618164
2018-10-31,276.1079406738281,579.2590942382812,381.324462890625,98.09297180175781,45.80390548706055,78.53778839111328,902.0280151367188,345.1575927734375,34.487117767333984,1368.988525390625,1113.8935546875,68.33636474609375,259.6524353027344,66.19892120361328
2018-11-01,280.13330078125,598.9025268554688,401.89300537109375,95.47774505615234,44.02910614013672,78.44287872314453,902.2404174804688,343.8936767578125,34.98548889160156,1406.30859375,1104.3387451171875,68.9394760131836,263.8046569824219,66.80347442626953
2018-11-02,278.12060546875,607.356689453125,417.0873718261719,97.42808532714844,42.57778549194336,78.20561218261719,919.8162231445312,344.6228942871094,35.483856201171875,1481.093505859375,1127.8773193359375,64.06825256347656,263.29718017578125,65.42163848876953
2018-11-05,275.71038818359375,621.0325317382812,425.9792175292969,98.5805435180664,43.014930725097656,76.1650390625,922.90673828125,339.9559631347656,35.13500213623047,1427.9228515625,1124.1451416015625,65.32084655761719,272.1552734375,68.61714172363281
2018-11-06,272.9523010253906,604.1739501953125,427.5425720214844,97.91566467285156,42.324241638183594,76.02267456054688,918.447998046875,343.3103332519531,35.03532791137695,1417.35595703125,1120.0146484375,65.50640869140625,264.3121643066406,68.1853256225586
2018-11-07,275.71038818359375,603.5771484375,429.3014831542969,98.35891723632812,42.45539093017578,76.82940673828125,923.8267211914062,346.03265380859375,35.03532791137695,1425.4732666015625,1128.972412109375,65.83116912841797,264.4044189453125,68.48760223388672
2018-11-09,273.573486328125,609.8928833007812,421.6310119628906,98.84650421142578,43.084869384765625,77.35140991210938,917.9052734375,346.9563293457031,36.43075942993164,1436.0401611328125,1130.21630859375,66.48065948486328,261.3594665527344,70.68991088867188
2018-11-12,270.6662902832031,603.2787475585938,416.15911865234375,96.98482513427734,41.63356018066406,76.02267456054688,906.4161987304688,342.58111572265625,36.032066345214844,1434.2149658203125,1148.2811279296875,65.41363525390625,256.4690856933594,67.8398666381836
2018-11-13,266.7651672363281,614.96533203125,422.5104064941406,96.3642578125,42.53407287597656,74.88375091552734,909.5774536132812,350.89404296875,35.23467254638672,1427.058349609375,1160.423828125,64.94969940185547,256.5613098144531,69.00579833984375
2018-11-14,286.6185607910156,609.3956298828125,423.6829833984375,99.95465087890625,44.177730560302734,74.5041275024414,923.732421875,356.4360046386719,35.583534240722656,1453.9559326171875,1124.593017578125,65.64559936523438,261.6824645996094,69.65353393554688
2018-11-15,291.7868957519531,622.7232666015625,449.2348937988281,99.99898529052734,44.70230484008789,74.36175537109375,931.9423828125,359.74176025390625,36.480594635009766,1452.611083984375,1156.7908935546875,66.01673126220703,263.34332275390625,70.47399139404297
2018-11-16,297.0545959472656,616.4573364257812,465.3086242675781,102.12661743164062,46.10991287231445,75.83285522460938,945.6964111328125,357.3596496582031,36.331085205078125,1441.9959716796875,1163.111083984375,67.91883087158203,268.41827392578125,71.337646484375
2018-11-19,294.4952087402344,612.97607421875,467.2629089355469,102.25959014892578,45.6552848815918,77.11415100097656,950.2259521484375,352.3524475097656,35.93238830566406,1477.39501953125,1169.72998046875,68.0116195678711,265.88079833984375,70.60355377197266
2018-11-20,292.5820007324219,609.3458251953125,451.58001708984375,97.69403839111328,44.912132263183594,75.92776489257812,949.541748046875,347.9772033691406,35.384185791015625,1496.511474609375,1164.454833984375,66.15592193603516,261.5440368652344,69.04896545410156
2018-11-21,293.02923583984375,623.46923828125,456.1725158691406,99.4670639038086,46.0049934387207,78.72760009765625,952.5142822265625,346.8591003417969,36.28125,1485.800537109375,1171.173095703125,67.45491027832031,264.86578369140625,70.94900512695312
2018-11-22,292.7559509277344,611.235595703125,443.6652526855469,97.42808532714844,45.620304107666016,76.59213256835938,946.2625732421875,342.2894287109375,38.872764587402344,1468.6531982421875,1165.101806640625,66.52705383300781,260.8519592285156,69.35125732421875
2018-11-26,293.15350341796875,627.6466064453125,443.1766662597656,96.54156494140625,46.101165771484375,76.92431640625,967.1647338867188,346.4701843261719,39.57048416137695,1501.218505859375,1165.0521240234375,66.1095199584961,264.26605224609375,69.13533782958984
2018-11-27,302.64532470703125,621.8778686523438,454.31597900390625,96.58588409423828,46.78310775756836,77.11415100097656,973.8648071289062,344.81732177734375,39.6701545715332,1526.0028076171875,1168.0380859375,67.22293853759766,267.0341796875,70.56036376953125
2018-11-28,290.9917297363281,624.5633544921875,455.8793640136719,92.8625259399414,45.82139587402344,77.49378204345703,985.7786254882812,349.0467224121094,38.67341995239258,1549.8262939453125,1154.80029296875,64.57855987548828,262.55902099609375,68.573974609375
2018-11-29,290.79296875,627.9946899414062,475.86163330078125,93.08415222167969,45.64653778076172,80.91053009033203,1005.5013427734375,352.15802001953125,38.324562072753906,1595.16796875,1207.2528076171875,64.62495422363281,264.26605224609375,68.91943359375
2018-11-30,282.3944091796875,622.375244140625,472.5882263183594,93.12848663330078,44.728538513183594,80.95797729492188,1004.2745361328125,345.303466796875,38.324562072753906,1567.5498046875,1228.154296875,64.85691833496094,262.65130615234375,67.8398666381836
2018-12-03,293.998291015625,621.4302978515625,480.2098693847656,94.81285858154297,45.10447692871094,80.10380554199219,997.1262817382812,345.6437683105469,38.224884033203125,1591.0853271484375,1220.3411865234375,66.29508972167969,264.6351318359375,69.7398910522461
2018-12-04,302.5210876464844,619.8886108398438,476.0082092285156,95.61072540283203,44.38756561279297,80.62579345703125,984.0328369140625,348.02587890625,38.872764587402344,1571.344482421875,1219.544921875,64.53217315673828,260.71356201171875,68.27169799804688
2018-12-05,304.1610107421875,611.6334838867188,467.0674743652344,95.25611877441406,44.15150451660156,79.72415161132812,990.4733276367188,341.65740966796875,37.6268424987793,1540.460205078125,1205.809814453125,63.97545623779297,258.4990539550781,65.76709747314453
2018-12-06,305.9003601074219,596.8137817382812,459.3970031738281,93.3057861328125,42.9974479675293,80.38851928710938,989.4588623046875,338.0113830566406,36.480594635009766,1507.6546630859375,1174.7064208984375,61.33107376098633,254.34683227539062,63.521610260009766
2018-12-07,303.81317138671875,600.6927490234375,461.2047119140625,94.32527160644531,43.224761962890625,79.2496109008789,994.4367065429688,342.43524169921875,36.380924224853516,1505.1092529296875,1273.6396484375,61.23830032348633,254.11614990234375,63.046592712402344
2018-12-10,292.7559509277344,587.1163940429688,461.2047119140625,93.92634582519531,42.15813446044922,78.20561218261719,985.5426025390625,336.74749755859375,35.78288269042969,1493.2454833984375,1192.721435546875,60.171260833740234,253.00889587402344,61.79430389404297
2018-12-11,296.010986328125,600.9910888671875,456.1725158691406,96.67454528808594,43.4171028137207,79.39197540283203,971.76513671875,333.2958679199219,36.28125,1491.660400390625,1212.9759521484375,63.743492126464844,259.5140380859375,63.39205551147461
2018-12-12,305.75128173828125,616.6064453125,461.1558837890625,100.5308837890625,45.130706787109375,83.56800079345703,983.9149169921875,340.24761962890625,37.477333068847656,1519.902587890625,1231.33935546875,65.6919937133789,263.2049255371094,66.54438781738281
2018-12-13,310.57171630859375,615.760986328125,492.7171325683594,99.15678405761719,45.38425064086914,84.84928894042969,991.4641723632812,339.85870361328125,39.271461486816406,1546.704345703125,1258.4613037109375,66.20230102539062,266.6650695800781,66.6739273071289
2018-12-14,314.0007629394531,616.9048461914062,521.5912475585938,98.75785827636719,46.59076690673828,86.60511016845703,988.8218994140625,342.1435852050781,39.02227783203125,1540.7003173828125,1250.0509033203125,67.40850830078125,266.84967041015625,67.19213104248047
2018-12-17,317.6533508300781,613.821533203125,551.540283203125,99.11246490478516,46.43339538574219,88.07621765136719,1005.1001586914062,348.5119934082031,39.221622467041016,1569.038818359375,1216.708251953125,67.59407806396484,267.1264953613281,67.23529815673828
2018-12-18,318.2497253417969,616.0594482421875,558.428955078125,99.6886978149414,47.06288528442383,87.50675201416016,1007.577392578125,352.2066345214844,41.065589904785156,1574.9947509765625,1231.28955078125,68.89308166503906,270.12530517578125,69.48079681396484
2018-12-19,319.2187194824219,638.189453125,543.6743774414062,102.48121643066406,47.95465087890625,90.02186584472656,1001.9154052734375,356.33880615234375,42.660369873046875,1549.15380859375,1219.893310546875,71.39828491210938,277.4609069824219,71.76947784423828
2018-12-20,317.13153076171875,629.5364379882812,525.3042602539062,101.86066436767578,46.94047927856445,90.54386901855469,1008.52099609375,352.1094055175781,43.75678253173828,1549.345947265625,1230.4932861328125,70.60960388183594,271.3247985839844,71.2081069946289
2018-12-21,316.4855041503906,617.5015869140625,514.7514038085938,102.0379638671875,46.424652099609375,87.7914810180664,996.11181640625,344.37982177734375,43.00922775268555,1513.61083984375,1221.435791015625,70.84156799316406,269.3409423828125,71.16492462158203
2018-12-24,301.3780822753906,611.6831665039062,512.2597045898438,102.30391693115234,46.573280334472656,89.02531433105469,981.720703125,342.9700012207031,42.959388732910156,1500.8343505859375,1232.6829833984375,71.16632080078125,270.402099609375,71.72630310058594
2018-12-26,294.221923828125,616.158935546875,532.8770751953125,104.34290313720703,47.36888122558594,87.7440185546875,1001.3964233398438,345.98406982421875,42.959388732910156,1495.166748046875,1242.2874755859375,72.14057159423828,271.4170837402344,72.11494445800781
2018-12-27,295.91156005859375,614.2193603515625,528.2357177734375,103.19043731689453,47.604942321777344,89.3100357055664,993.2335815429688,345.78961181640625,42.610530853271484,1502.4193115234375,1234.424560546875,72.32614135742188,269.5716247558594,72.46040344238281
2018-12-28,289.2772521972656,621.6788940429688,523.5943603515625,104.91914367675781,48.51420211791992,88.5032958984375,1001.6558227539062,350.7481994628906,42.809879302978516,1520.911376953125,1235.51953125,72.79005432128906,272.016845703125,74.23088073730469
2018-12-31,309.1554260253906,616.5568237304688,537.5673217773438,105.31808471679688,48.094539642333984,88.5032958984375,1001.0895385742188,350.1648254394531,43.20857238769531,1536.3297119140625,1250.5982666015625,72.4653091430664,273.0318298339844,74.18770599365234
2019-01-01,309.0809020996094,623.9168090820312,543.9674682617188,109.3073959350586,49.22237014770508,88.26603698730469,1013.5460815429688,353.6650390625,43.20857238769531,1532.775146484375,1244.57666015625,74.04266357421875,276.4459228515625,76.26046752929688
2019-01-02,308.23602294921875,616.7059936523438,539.5216674804688,105.80565643310547,48.155738830566406,89.97441101074219,1004.298095703125,354.4914855957031,42.56069564819336,1514.5234375,1234.7728271484375,72.23335266113281,271.1864318847656,76.17410278320312
2019-01-03,308.7826843261719,604.6712036132812,521.5912475585938,105.7613296508789,48.3131103515625,87.31693267822266,996.41845703125,353.1789245605469,42.90955352783203,1498.6728515625,1229.4482421875,72.23335266113281,268.6028137207031,76.64910888671875
2019-01-04,310.02508544921875,616.25830078125,516.8034057617188,107.88896942138672,49.475914001464844,89.97441101074219,999.084228515625,355.0748291015625,45.00270462036133,1487.2413330078125,1242.0885009765625,75.4344482421875,274.6466064453125,79.67189025878906
2019-01-07,306.2979431152344,634.0120849609375,486.6589050292969,108.77547454833984,48.654083251953125,89.78457641601562,1000.5940551757812,357.50555419921875,45.99944305419922,1497.76025390625,1240.744873046875,74.7385482788086,273.4009094238281,78.24687194824219
2019-01-08,309.62750244140625,647.3895263671875,466.1391906738281,109.79497528076172,50.34145736694336,90.40149688720703,992.2661743164062,369.6103515625,45.84992980957031,1515.6280517578125,1223.1279296875,75.80558776855469,281.70538330078125,81.6583023071289
2019-01-09,313.5037536621094,666.4859619140625,444.984375,108.99710845947266,49.04751205444336,91.96751403808594,998.7777099609375,371.6521301269531,46.09911346435547,1538.6829833984375,1232.43408203125,74.87773895263672,281.70538330078125,79.45597839355469
2019-01-10,323.89013671875,659.6729736328125,460.7649841308594,109.44036865234375,49.14368438720703,90.78114318847656,994.861328125,368.97833251953125,46.79682922363281,1504.24462890625,1213.822021484375,75.3880386352539,281.93603515625,80.14690399169922
2019-01-11,324.08892822265625,662.9054565429688,444.0072326660156,107.40138244628906,48.654083251953125,90.54386901855469,996.4656372070312,368.0547180175781,46.547645568847656,1455.4927978515625,1217.45458984375,74.83133697509766,279.3524169921875,80.8810043334961
2019-01-14,325.579833984375,655.644775390625,433.06341552734375,107.22407531738281,48.61037063598633,85.98818969726562,991.6292724609375,362.9988708496094,46.74699401855469,1425.617431640625,1206.0584716796875,76.54785919189453,277.1840515136719,81.3991928100586
2019-01-15,328.08941650390625,657.0372314453125,442.19952392578125,107.3570556640625,48.146995544433594,86.36783599853516,1001.1839599609375,362.41552734375,46.89650344848633,1436.328369140625,1207.7008056640625,76.03755187988281,278.3374938964844,81.31282806396484
2019-01-16,322.3992919921875,660.4188842773438,438.3887634277344,107.26840209960938,48.146995544433594,86.55764770507812,1000.3818359375,364.894775390625,48.1922607421875,1466.5880126953125,1197.1007080078125,78.1716079711914,279.7215270996094,83.08331298828125
2019-01-17,325.5300598144531,673.0006713867188,439.463623046875,105.67267608642578,48.16448211669922,83.99508666992188,1006.0911254882812,364.2142333984375,47.09585189819336,1463.0335693359375,1214.219970703125,78.44996643066406,274.4159240722656,81.91738891601562
2019-01-18,309.20513916015625,661.015625,430.0831604003906,104.60885620117188,47.666141510009766,85.41874694824219,1005.1237182617188,361.686279296875,46.94633865356445,1457.173828125,1234.3748779296875,76.87261199951172,272.1552734375,79.88780212402344
2019-01-21,302.4962158203125,656.7388305664062,416.84307861328125,103.23475646972656,46.861793518066406,84.1849136352539,1013.569580078125,361.3946228027344,46.248626708984375,1448.2401123046875,1261.646240234375,74.46019744873047,269.8485107421875,74.53315734863281
2019-01-22,295.8370056152344,658.0318603515625,399.5967712402344,100.88549041748047,46.06618881225586,84.9441909790039,1007.7661743164062,358.818115234375,46.74699401855469,1442.4761962890625,1285.682861328125,72.92923736572266,267.8185119628906,72.50357818603516
2019-01-23,292.7559509277344,658.0318603515625,404.7266845703125,98.66920471191406,45.541622161865234,83.99508666992188,993.3985595703125,357.2138366699219,47.145687103271484,1436.1361083984375,1270.50439453125,72.14057159423828,264.4967041015625,71.46720123291016
2019-01-24,292.2838439941406,660.07080078125,404.43353271484375,100.17628479003906,45.86510467529297,84.37474060058594,991.9124145507812,354.6859130859375,46.94633865356445,1431.62109375,1261.7955322265625,72.4653091430664,265.78851318359375,71.25128936767578
2019-01-25,292.905029296875,666.1378784179688,414.74224853515625,97.69403839111328,44.47499465942383,82.09689331054688,988.9635620117188,347.2966613769531,46.49781036376953,1426.4339599609375,1260.203125,71.07353210449219,263.34332275390625,68.61714172363281
2019-01-28,294.3213195800781,652.7604370117188,408.1466369628906,96.76319122314453,42.03573226928711,79.86652374267578,983.3721923828125,334.0250549316406,45.600746154785156,1386.85595703125,1254.5299072265625,70.60960388183594,259.8370361328125,67.71031188964844
2019-01-29,295.116455078125,657.1864624023438,400.2319030761719,100.8411636352539,43.06739044189453,82.09689331054688,970.8450927734375,337.23358154296875,46.049278259277344,1404.2913818359375,1245.5223388671875,71.72303009033203,258.914306640625,69.13533782958984
2019-01-30,291.6129455566406,687.2235717773438,396.6653747558594,100.79683685302734,43.67064666748047,82.09689331054688,960.0399780273438,355.7554626464844,44.604007720947266,1417.9803466796875,1216.45947265625,71.67665100097656,265.2348937988281,70.1285400390625
2019-01-31,290.34564208984375,718.8023681640625,394.7110900878906,99.6886978149414,43.7405891418457,81.52745056152344,981.3905029296875,354.3456115722656,45.05253982543945,1446.2708740234375,1249.8519287109375,71.90860748291016,270.9556884765625,71.46720123291016
2019-02-01,288.0099792480469,713.3817138671875,395.5905456542969,98.49189758300781,41.62481689453125,81.85962677001953,986.3446655273438,344.81732177734375,44.65384292602539,1455.4927978515625,1249.8021240234375,68.56832885742188,262.4205627441406,70.34445190429688
2019-02-04,285.1028137207031,716.6141967773438,394.5645446777344,97.7826919555664,41.09149932861328,83.56800079345703,993.1627807617188,344.7200622558594,43.15873718261719,1445.4061279296875,1266.224609375,67.87244415283203,262.0054016113281,68.61714172363281
2019-02-05,291.9856262207031,725.565673828125,407.1206359863281,95.69937133789062,40.418296813964844,82.80872344970703,997.4800415039062,342.872802734375,42.809879302978516,1481.0455322265625,1273.1419677734375,68.10440826416016,262.65130615234375,67.49440002441406
2019-02-06,299.24114990234375,721.8358154296875,430.32745361328125,96.8075180053711,41.196414947509766,81.1478042602539,1001.5377807617188,349.3384094238281,41.46428298950195,1465.963623046875,1273.490234375,69.7745361328125,266.7112121582031,68.573974609375
2019-02-07,297.1788024902344,726.212158203125,449.9189147949219,96.54156494140625,41.4499626159668,81.7172622680664,998.9899291992188,348.7064208984375,44.35482406616211,1455.3006591796875,1278.5166015625,70.19207763671875,265.188720703125,68.05577087402344
2019-02-08,291.24017333984375,715.5202026367188,454.12054443359375,92.9955062866211,39.91121292114258,79.86652374267578,1001.5377807617188,345.2548522949219,44.10564041137695,1440.0267333984375,1293.2967529296875,66.06312561035156,263.8969421386719,62.61476516723633
2019-02-11,292.6813659667969,707.0162353515625,453.5831298828125,92.1089859008789,39.342926025390625,79.2021484375,1009.55908203125,340.3448486328125,44.85319137573242,1451.506103515625,1295.436767578125,65.7383804321289,258.822021484375,62.3124885559082
2019-02-12,287.1403503417969,701.7944946289062,461.0092468261719,91.00084686279297,38.57354736328125,78.58523559570312,1004.8641967773438,334.7542724609375,45.10237503051758,1438.24951171875,1292.5504150390625,66.20230102539062,254.11614990234375,60.80109786987305
2019-02-14,286.2209777832031,691.2517700195312,468.3866271972656,91.88735961914062,39.11561584472656,76.21249389648438,995.663330078125,334.41400146484375,44.55417251586914,1457.7501220703125,1280.756103515625,67.0373764038086,246.45761108398438,61.27610397338867
2019-02-15,285.773681640625,682.8970336914062,462.1818542480469,89.40511322021484,37.6380615234375,76.11758422851562,991.157470703125,332.6638488769531,44.255149841308594,1450.0653076171875,1277.620849609375,64.99610900878906,242.6283416748047,59.28970718383789
2019-02-18,283.8604431152344,689.5608520507812,457.63818359375,87.89803314208984,37.35829162597656,75.92776489257812,986.0852661132812,329.358154296875,42.959388732910156,1457.2698974609375,1271.0517578125,64.02185821533203,239.8601837158203,58.68514633178711
2019-02-19,281.2762451171875,689.3121337890625,464.9666748046875,90.82353973388672,37.568119049072266,75.2634048461914,983.3250122070312,333.7333984375,43.25841522216797,1422.2071533203125,1274.4359130859375,64.90331268310547,242.5821990966797,59.16015625
2019-02-20,280.4811706542969,696.57275390625,466.3346252441406,91.26679229736328,38.215091705322266,75.5955810546875,994.7905883789062,335.62933349609375,44.604007720947266,1422.4952392578125,1283.692138671875,65.9703369140625,247.01126098632812,60.15336227416992
2019-02-21,286.44464111328125,693.4398193359375,477.52276611328125,91.31112670898438,38.730918884277344,75.54813385009766,998.3529663085938,341.5602111816406,44.85319137573242,1413.609619140625,1283.0948486328125,67.87244415283203,247.2880401611328,61.79430389404297
2019-02-22,285.64947509765625,698.263671875,472.3928527832031,91.13382720947266,38.818355560302734,75.40576171875,986.8165893554688,342.2894287109375,45.401397705078125,1405.2041015625,1232.085693359375,67.91883087158203,250.01007080078125,61.49201583862305
2019-02-25,285.0779724121094,699.9048461914062,469.1194763183594,91.22247314453125,38.9582405090332,76.68704986572266,1002.8353881835938,345.7409973144531,45.7502555847168,1432.4857177734375,1235.1214599609375,68.19719696044922,249.2718963623047,61.53519821166992
2019-02-26,283.2392578125,706.3200073242188,468.04461669921875,89.9813461303711,38.11018371582031,77.54122161865234,995.8757934570312,338.5461730957031,45.3515625,1419.901611328125,1230.3438720703125,66.66622161865234,245.76556396484375,60.196537017822266
2019-02-27,283.2392578125,714.3265991210938,469.31488037109375,89.5380859375,40.427040100097656,77.30396270751953,987.1940307617188,335.9696350097656,44.8033561706543,1418.556640625,1210.43798828125,66.34148406982422,246.96510314941406,60.54199981689453
2019-02-28,288.03485107421875,705.7232055664062,469.070556640625,89.5380859375,40.470760345458984,79.58179473876953,980.2581176757812,340.44207763671875,44.604007720947266,1415.8189697265625,1207.402099609375,67.08377075195312,248.2568817138672,61.88066482543945
2019-03-01,283.0653076171875,698.61181640625,469.070556640625,95.83235168457031,42.38544464111328,81.33761596679688,982.9948120117188,344.4284362792969,47.345035552978516,1454.484130859375,1220.191650390625,71.11992645263672,251.8555145263672,66.63074493408203
2019-03-05,288.85479736328125,728.1018676757812,475.3730773925781,99.77735137939453,44.30013656616211,84.42218017578125,994.2008056640625,353.1789245605469,50.883453369140625,1480.9013671875,1234.6236572265625,76.68704986572266,255.0850067138672,69.65353393554688
2019-03-06,292.78082275390625,716.713623046875,489.5903015136719,99.37841796875,44.20396041870117,82.80872344970703,992.8560791015625,361.6376953125,51.082801818847656,1474.417236328125,1235.4697265625,76.45508575439453,256.6075134277344,68.44441223144531
2019-03-07,288.556640625,729.7927856445312,485.2908935546875,102.12661743164062,44.999568939208984,83.47308349609375,1003.3543701171875,360.5195617675781,48.790306091308594,1470.958740234375,1231.388916015625,79.28502655029297,259.9754638671875,69.04896545410156
2019-03-08,290.4699401855469,729.4446411132812,490.6651306152344,100.70818328857422,44.41379165649414,83.09345245361328,1004.156494140625,360.32513427734375,48.790306091308594,1458.2305908203125,1233.0811767578125,77.75407409667969,259.4679260253906,67.45121765136719
2019-03-11,289.87359619140625,730.5386352539062,499.6058349609375,102.88015747070312,45.34927749633789,86.60511016845703,1004.2745361328125,365.4295654296875,49.936553955078125,1454.9644775390625,1243.68115234375,79.65617370605469,265.14263916015625,71.42401885986328
2019-03-12,292.1844482421875,738.5452270507812,510.207763671875,102.25959014892578,44.83345031738281,85.75092315673828,1024.35107421875,377.4371643066406,49.6873664855957,1507.270751953125,1257.4161376953125,79.2386474609375,264.72735595703125,71.42401885986328
2019-03-13,301.4526062011719,734.0198364257812,505.17547607421875,102.43689727783203,45.987510681152344,86.41529083251953,1050.561279296875,381.0345764160156,49.886714935302734,1571.920654296875,1255.325927734375,78.72832489013672,270.494384765625,71.337646484375
2019-03-14,293.9237365722656,736.6057739257812,501.8532409667969,103.32341003417969,45.81264877319336,85.41874694824219,1049.7120361328125,377.1454772949219,50.43492126464844,1616.445556640625,1262.98974609375,78.357177734375,269.3409423828125,71.51039123535156
2019-03-15,303.5895690917969,731.1353759765625,499.9478454589844,104.74183654785156,46.26728057861328,86.74748229980469,1063.0413818359375,384.34027099609375,51.880191802978516,1636.1866455078125,1318.9259033203125,79.84174346923828,275.3386535644531,71.59674072265625
2019-03-18,293.9486389160156,742.9712524414062,481.13812255859375,106.86947631835938,47.59619903564453,86.55764770507812,1067.0283203125,387.0140075683594,52.07954025268555,1648.2425537109375,1337.3389892578125,80.3984603881836,275.8461608886719,72.33085632324219
2019-03-19,287.786376953125,756.7962646484375,489.15057373046875,110.28256225585938,48.32185745239258,89.02531433105469,1070.000732421875,387.3543701171875,52.37855911254883,1657.2723388671875,1341.419677734375,83.97068786621094,279.6292724609375,75.6990966796875
2019-03-20,283.2392578125,751.6740112304688,486.3169250488281,110.99176788330078,48.29562759399414,87.64912414550781,1084.7457275390625,382.0068359375,52.1792106628418,1645.9368896484375,1345.2515869140625,86.80064392089844,280.3213195800781,76.3900146484375
2019-03-22,279.6860046386719,752.9671020507812,490.37200927734375,106.47053527832031,47.517513275146484,85.84581756591797,1073.96435546875,380.9373779296875,52.627742767333984,1631.7196044921875,1329.973876953125,84.94493865966797,275.0156555175781,75.00817108154297
2019-03-25,274.1449890136719,741.6782836914062,476.69219970703125,104.7861557006836,47.246482849121094,84.27982330322266,1076.3941650390625,372.8674621582031,51.63100814819336,1617.2623291015625,1302.50341796875,83.78511810302734,271.2786865234375,75.48318481445312
2019-03-26,276.43096923828125,753.0167846679688,476.6433410644531,107.09111022949219,49.1699104309082,86.08309936523438,1090.572998046875,383.1736145019531,52.37855911254883,1647.1378173828125,1336.6422119140625,85.8263931274414,280.04449462890625,79.06733703613281
2019-03-27,285.52520751953125,755.204833984375,481.4312744140625,107.75598907470703,50.00922775268555,87.12711334228516,1084.9580078125,382.2985534667969,53.524810791015625,1733.2099609375,1326.5897216796875,86.66146850585938,284.9348449707031,81.01055145263672
2019-03-28,292.3832092285156,776.4894409179688,510.4031066894531,115.33570098876953,51.836490631103516,88.88294982910156,1086.5386962890625,389.44476318359375,54.471710205078125,1749.3963623046875,1334.45263671875,88.47077941894531,294.34661865234375,83.7310562133789
2019-04-01,292.7559509277344,761.4708862304688,517.975830078125,117.64064025878906,51.35563278198242,93.1064224243164,1090.7852783203125,387.20849609375,55.71763229370117,1674.4195556640625,1333.10888671875,90.46565246582031,297.8067626953125,83.25605773925781
2019-04-02,303.4404296875,763.26123046875,519.197265625,118.08389282226562,51.73157501220703,92.44205474853516,1082.7877197265625,386.1390075683594,54.77073287963867,1704.67919921875,1333.1588134765625,91.20794677734375,303.5736999511719,85.32881164550781
2019-04-03,297.6012268066406,757.39306640625,537.6162109375,117.06440734863281,49.86060333251953,90.35403442382812,1081.796875,381.22900390625,54.37203598022461,1703.7666015625,1327.933349609375,87.63570404052734,295.73065185546875,81.87421417236328
2019-04-04,298.76910400390625,758.0396118164062,533.3167724609375,116.31086730957031,49.27482986450195,90.2591323852539,1077.6446533203125,377.9718933105469,53.823829650878906,1667.7911376953125,1316.6865234375,86.89342498779297,296.9302062988281,79.75825500488281
2019-04-05,295.563720703125,758.08935546875,535.6130981445312,115.77896881103516,48.95134353637695,93.72335052490234,1087.8597412109375,379.72198486328125,54.02317810058594,1698.3389892578125,1329.675048828125,86.38311004638672,292.5472717285156,80.31963348388672
2019-04-08,289.5008850097656,750.5302734375,534.4893798828125,115.2470474243164,47.85848617553711,92.20478057861328,1080.2161865234375,376.3677062988281,54.02317810058594,1682.0565185546875,1336.9407958984375,86.38311004638672,288.6257629394531,79.67189025878906
2019-04-09,289.6499328613281,759.2828369140625,539.6681518554688,117.06440734863281,50.166603088378906,93.15388488769531,1079.20166015625,386.1390075683594,54.471710205078125,1697.522705078125,1335.1492919921875,87.54292297363281,290.4250793457031,81.78783416748047
2019-04-10,290.9917297363281,756.7465209960938,537.0787353515625,114.98109436035156,49.23111343383789,92.82170104980469,1055.6572265625,383.27081298828125,54.37203598022461,1678.6461181640625,1343.5595703125,86.61506652832031,286.87261962890625,80.83782196044922
2019-04-11,293.327392578125,748.24267578125,527.3074951171875,114.09457397460938,49.064998626708984,91.54041290283203,1065.1646728515625,379.2358703613281,54.22252655029297,1672.114013671875,1336.89111328125,86.01195526123047,290.5634460449219,80.53555297851562
2019-04-12,294.19708251953125,760.2276611328125,521.7866821289062,116.26653289794922,49.80814743041992,91.68277740478516,1068.8212890625,383.65972900390625,54.02317810058594,1668.4156494140625,1337.139892578125,86.61506652832031,290.8863830566406,80.75146484375
2019-04-15,297.42730712890625,758.73583984375,522.51953125,115.91193389892578,49.09123229980469,92.44205474853516,1079.9329833984375,381.8609924316406,53.823829650878906,1680.0391845703125,1367.3970947265625,87.0790023803711,291.2093811035156,80.06053924560547
2019-04-16,300.4090270996094,766.9412231445312,544.9935302734375,116.04490661621094,48.96882629394531,93.15388488769531,1087.6002197265625,395.7159118652344,53.4749755859375,1743.6806640625,1379.8883056640625,86.10475158691406,291.3477783203125,79.71508026123047
2019-04-18,306.5712890625,767.040771484375,554.9602661132812,112.1885757446289,48.47922897338867,92.06241607666016,1082.2213134765625,393.18798828125,52.827091217041016,1694.8326416015625,1363.2171630859375,83.55315399169922,286.78033447265625,78.59233093261719
2019-04-22,302.222900390625,751.4253540039062,549.6836547851562,109.75065612792969,46.77436447143555,90.40149688720703,1070.4490966796875,383.5625,51.680843353271484,1624.4190673828125,1350.3277587890625,80.3984603881836,286.0882568359375,75.00817108154297
2019-04-23,302.9683532714844,749.1876220703125,562.5818481445312,109.13008880615234,47.29019546508789,90.21168518066406,1059.408447265625,385.50701904296875,51.48149871826172,1586.330078125,1348.984130859375,80.90876770019531,281.6592102050781,76.08773803710938
2019-04-24,303.5646667480469,748.7896728515625,591.6513671875,110.90311431884766,47.82351303100586,90.49640655517578,1075.662841796875,389.9795227050781,51.93002700805664,1632.343994140625,1360.33056640625,81.97579956054688,286.7342224121094,76.95138549804688
2019-04-25,310.6462707519531,736.9042358398438,576.9456176757812,108.15492248535156,47.482540130615234,90.59130859375,1067.9720458984375,384.4375305175781,52.57790756225586,1617.1661376953125,1354.010498046875,80.49124145507812,282.5358581542969,75.6990966796875
2019-04-26,317.03216552734375,755.8016967773438,586.179443359375,109.26306915283203,47.80602264404297,90.8285903930664,1076.2291259765625,395.9103698730469,51.780517578125,1631.9598388671875,1372.77197265625,81.79023742675781,288.3489685058594,76.0445556640625
2019-04-30,320.36175537109375,762.7141723632812,585.73974609375,103.41206359863281,45.541622161865234,88.02875518798828,1093.451171875,396.20208740234375,49.787044525146484,1543.2459716796875,1380.03759765625,78.77471160888672,285.99603271484375,72.11494445800781
2019-05-02,318.8211975097656,748.2923583984375,610.4122314453125,102.74717712402344,45.84762191772461,89.45240020751953,1111.5457763671875,384.5833740234375,50.33524703979492,1499.8258056640625,1399.7442626953125,79.88813781738281,284.3351135253906,72.93540954589844
2019-05-03,313.7273864746094,753.2156982421875,608.2625732421875,105.53970336914062,46.695682525634766,92.6793441772461,1117.278564453125,390.6600646972656,50.48476028442383,1495.310791015625,1411.1407470703125,80.86238098144531,286.04217529296875,73.45360565185547
2019-05-06,310.42266845703125,743.4188842773438,589.9902954101562,102.83582305908203,46.43339538574219,95.0046157836914,1098.6412353515625,390.1739501953125,50.086063385009766,1468.0770263671875,1403.7755126953125,80.02730560302734,284.8887634277344,72.46040344238281
2019-05-07,317.7527160644531,737.8490600585938,577.3363647460938,99.77735137939453,45.02579116821289,93.67587280273438,1095.7630615234375,375.7843017578125,48.59095764160156,1456.1173095703125,1401.5360107421875,77.89325714111328,281.8437805175781,70.5171890258789
2019-05-08,318.6969299316406,731.5332641601562,558.1847534179688,98.35891723632812,44.894649505615234,93.58097839355469,1088.63818359375,371.6035461425781,49.18899917602539,1430.13232421875,1395.614013671875,77.89325714111328,275.2001953125,70.99217987060547
2019-05-09,313.4044189453125,727.0575561523438,558.8199462890625,98.7135238647461,44.929622650146484,92.29969024658203,1080.9239501953125,370.82568359375,48.49128723144531,1418.41259765625,1378.992431640625,78.1716079711914,276.1690673828125,70.94900512695312
2019-05-10,320.560546875,731.0856323242188,561.5558471679688,100.75251770019531,46.424652099609375,92.06241607666016,1083.5662841796875,374.4231262207031,48.989654541015625,1383.2056884765625,1391.5831298828125,80.02730560302734,284.24285888671875,72.58995056152344
2019-05-13,321.25628662109375,728.151611328125,540.596435546875,93.79337310791016,42.560302734375,91.5878677368164,1079.17822265625,365.8670654296875,42.809879302978516,1338.4405517578125,1382.824462890625,74.04266357421875,283.1817321777344,65.50799560546875
2019-05-14,322.6974182128906,727.4056396484375,530.3853759765625,97.33943176269531,43.46082305908203,93.20133209228516,1079.50830078125,369.8533935546875,41.61379623413086,1376.2890625,1376.454345703125,76.96540069580078,290.3327941894531,68.48760223388672
2019-05-15,323.3931579589844,718.0562744140625,541.0849609375,95.56640625,42.58652877807617,92.44205474853516,1078.942138671875,366.59625244140625,40.61705780029297,1324.7034912109375,1389.244140625,76.36229705810547,287.9798583984375,61.70793533325195
2019-05-16,318.42364501953125,727.9029541015625,544.9935302734375,97.33943176269531,42.4466438293457,92.72677612304688,1090.242431640625,371.89520263671875,41.01575469970703,1304.7225341796875,1406.5125732421875,75.15608215332031,291.3477783203125,60.58518600463867
2019-05-17,327.9900207519531,744.9108276367188,548.1691284179688,99.51139068603516,42.93624496459961,93.58097839355469,1114.5185546875,378.89556884765625,41.61379623413086,1319.4681396484375,1453.142578125,76.77983093261719,294.5773010253906,61.01701354980469
2019-05-20,343.4452819824219,778.1803588867188,591.2605590820312,108.9527816772461,46.46836853027344,98.32646179199219,1147.664794921875,396.39654541015625,42.90955352783203,1435.800048828125,1495.49267578125,81.97579956054688,318.0604553222656,63.91024398803711
2019-05-21,346.7003479003906,768.7813110351562,574.1607666015625,111.523681640625,45.46293640136719,96.14353942871094,1134.1466064453125,389.0558776855469,43.25841522216797,1390.74658203125,1480.9114990234375,79.88813781738281,311.4630126953125,61.79430389404297
2019-05-22,341.5568542480469,774.9479370117188,585.8374633789062,111.83396911621094,44.999568939208984,96.23845672607422,1135.1138916015625,394.1116943359375,42.510860443115234,1459.0950927734375,1488.22705078125,78.4963607788086,314.7386169433594,61.49201583862305
2019-05-23,346.3027648925781,772.212646484375,601.8623657226562,113.07508087158203,45.30556106567383,97.14008331298828,1100.363525390625,399.45916748046875,41.91281509399414,1535.8011474609375,1492.7059326171875,77.66128540039062,315.7536315917969,60.23972702026367
2019-05-24,338.8733215332031,788.9220581054688,582.6618041992188,121.76294708251953,48.2693977355957,100.31956481933594,1119.8267822265625,419.7797546386719,44.90302658081055,1583.9765625,1504.5994873046875,81.83662414550781,327.8873596191406,64.77389526367188
2019-05-27,336.6370544433594,809.5104370117188,586.081787109375,124.95439910888672,49.126197814941406,102.54994201660156,1136.3408203125,423.4257507324219,45.7502555847168,1549.2979736328125,1522.2166748046875,82.81086730957031,333.74664306640625,66.8466567993164
2019-05-28,345.2342834472656,804.0401611328125,581.3915405273438,123.93490600585938,49.09123229980469,102.07539367675781,1140.044677734375,422.2590637207031,45.401397705078125,1555.8782958984375,1503.9029541015625,79.98091888427734,332.2240905761719,68.61714172363281
2019-05-29,347.7191467285156,800.360107421875,575.5287475585938,120.87642669677734,47.63991165161133,102.1703109741211,1140.375,411.5639953613281,45.700416564941406,1545.3114013671875,1506.7891845703125,75.85197448730469,321.70513916015625,67.88304901123047
2019-05-30,347.9924011230469,803.1947021484375,582.0267333984375,119.7682876586914,47.57870864868164,102.59739685058594,1151.0618896484375,414.38360595703125,45.600746154785156,1524.417724609375,1528.1385498046875,75.57361602783203,326.2264709472656,67.6671371459961
2019-05-31,345.9549255371094,803.940673828125,578.1670532226562,118.12822723388672,46.82682800292969,101.88557434082031,1144.3619384765625,411.95294189453125,45.251888275146484,1542.1412353515625,1515.0006103515625,74.83133697509766,325.2575988769531,65.4648208618164
2019-06-03,346.0542907714844,808.2672119140625,586.0328979492188,116.62115478515625,47.58745574951172,102.12284088134766,1159.342529296875,411.1750793457031,45.15221405029297,1597.185302734375,1524.057861328125,76.13033294677734,327.9796447753906,66.11255645751953
2019-06-04,347.84332275390625,818.3624267578125,578.557861328125,117.55199432373047,48.03334045410156,102.31267547607422,1157.077880859375,407.4804992675781,45.3515625,1573.5057373046875,1524.157470703125,76.45508575439453,325.16534423828125,67.40803527832031
2019-06-06,350.0548095703125,803.3439331054688,568.7865600585938,110.23824310302734,45.76893615722656,99.65520477294922,1143.4180908203125,400.1397705078125,42.26167678833008,1462.6976318359375,1507.1376953125,73.81069946289062,310.8631896972656,63.34886932373047
2019-06-07,350.77532958984375,799.6638793945312,546.4591674804688,107.53436279296875,45.978763580322266,100.5093765258789,1154.8839111328125,405.0497741699219,42.41118240356445,1491.083984375,1504.699462890625,73.48595428466797,315.615234375,63.82388687133789
2019-06-10,351.17291259765625,809.7590942382812,539.814697265625,104.56452941894531,45.16567611694336,100.03483581542969,1151.36865234375,404.5635986328125,42.06232833862305,1490.5555419921875,1495.5423583984375,71.76941680908203,317.69134521484375,62.74431610107422
2019-06-11,352.1419677734375,810.405517578125,546.8012084960938,107.53436279296875,46.888023376464844,102.02794647216797,1155.2376708984375,409.6680908203125,42.41118240356445,1527.97216796875,1500.6185302734375,72.92923736572266,320.2749328613281,64.039794921875
2019-06-12,350.2535400390625,809.162353515625,542.208740234375,107.53436279296875,46.94922637939453,99.7500991821289,1145.1640625,406.41094970703125,42.510860443115234,1508.0390625,1476.5322265625,73.48595428466797,317.4145202636719,64.38525390625
2019-06-13,352.9122619628906,815.726806640625,534.0496826171875,107.31273651123047,45.85636901855469,101.26866912841797,1153.4918212890625,407.9665832519531,41.91281509399414,1430.228271484375,1496.9359130859375,70.70238494873047,319.7213134765625,62.78749465942383
2019-06-14,350.77532958984375,796.8789672851562,526.3303833007812,105.58402252197266,46.03996658325195,100.60429382324219,1148.96240234375,406.16790771484375,41.663631439208984,1370.6214599609375,1466.9276123046875,71.21271514892578,317.2299499511719,62.873863220214844
2019-06-17,340.78662109375,773.5056762695312,527.5517578125,103.36773681640625,45.20939254760742,100.65174865722656,1142.7813720703125,402.7163391113281,41.26493835449219,1344.5404052734375,1453.49072265625,70.47042846679688,311.73980712890625,62.57157897949219
2019-06-18,340.36419677734375,771.5662841796875,545.8729248046875,103.27908325195312,45.48042297363281,99.56029510498047,1140.5400390625,410.44586181640625,40.81640625,1353.5223388671875,1454.98388671875,70.00650024414062,313.7698059082031,63.99660873413086
2019-06-19,339.6187744140625,766.5433959960938,531.1182861328125,102.65852355957031,45.0345344543457,98.7535629272461,1145.77734375,408.1610107421875,40.36787414550781,1326.9610595703125,1490.7650146484375,69.9601058959961,312.6625061035156,62.61476516723633
2019-06-20,334.8231506347656,767.23974609375,526.500244140625,105.05211639404297,46.922996520996094,98.7535629272461,1151.949462890625,421.3840026855469,41.962650299072266,1379.074951171875,1511.21826171875,71.39828491210938,318.4756164550781,65.076171875
2019-06-21,346.2033996582031,766.8916015625,521.4892578125,104.65318298339844,47.33391189575195,97.61463165283203,1146.1807861328125,418.8560791015625,42.26167678833008,1391.611083984375,1482.802734375,71.35189056396484,322.39715576171875,65.42163848876953
2019-06-24,344.24041748046875,758.73583984375,524.5842895507812,104.83048248291016,47.75356674194336,97.66209411621094,1147.961181640625,417.54351806640625,42.26167678833008,1404.0032958984375,1463.6927490234375,71.30549621582031,325.9035339355469,65.03299713134766
2019-06-25,347.2469787597656,777.4344482421875,518.4924926757812,106.38189697265625,48.007110595703125,98.65863800048828,1153.0650634765625,421.6270446777344,42.3115119934082,1392.57177734375,1476.930419921875,71.5374526977539,328.99456787109375,65.24890899658203
2019-06-26,344.6877136230469,784.3468627929688,525.7141723632812,107.6673355102539,48.69779968261719,99.13319396972656,1171.6759033203125,426.4884033203125,42.710205078125,1378.3065185546875,1483.598876953125,73.20759582519531,330.470947265625,67.06258392333984
2019-06-27,343.3955993652344,796.133056640625,528.4161987304688,107.62301635742188,48.69779968261719,103.02449035644531,1169.0172119140625,428.72467041015625,42.76004409790039,1393.0999755859375,1474.6409912109375,72.37252807617188,334.16180419921875,67.0193862915039
2019-06-28,349.980224609375,804.1893310546875,529.3496704101562,107.8003158569336,49.72945785522461,102.88211822509766,1160.2103271484375,424.9814147949219,43.10890197753906,1354.9632568359375,1470.1622314453125,73.81069946289062,333.33135986328125,69.9990005493164
2019-07-01,344.29010009765625,806.0790405273438,535.9818725585938,107.49004364013672,49.895572662353516,103.4990463256836,1180.0555419921875,426.8287048339844,44.10564041137695,1377.1536865234375,1474.2430419921875,75.01690673828125,333.6081848144531,72.11494445800781
2019-07-02,346.7997131347656,798.2714233398438,549.5902709960938,106.82514190673828,49.51088333129883,102.97703552246094,1184.5419921875,424.64111328125,44.255149841308594,1360.775146484375,1464.588623046875,74.552978515625,336.3302001953125,71.337646484375
2019-07-03,345.7064514160156,801.8519897460938,545.7091674804688,111.25772094726562,50.31523132324219,104.21086120605469,1182.0020751953125,423.86328125,44.8033561706543,1412.6968994140625,1468.072021484375,75.3880386352539,337.8526611328125,72.33085632324219
2019-07-04,345.1597595214844,805.4866943359375,549.5410766601562,114.71513366699219,50.2103157043457,103.30921173095703,1179.224609375,424.1063537597656,44.85319137573242,1434.31103515625,1490.7650146484375,76.13033294677734,339.00604248046875,73.28086853027344
2019-07-05,339.41998291015625,802.7481689453125,537.99609375,115.6459732055664,50.90974807739258,101.88557434082031,1173.812255859375,424.252197265625,43.25841522216797,1472.207763671875,1510.0738525390625,75.89836120605469,342.0048828125,72.63313293457031
2019-07-08,337.9539489746094,779.6447143554688,522.4718017578125,110.50419616699219,47.2027702331543,99.7500991821289,1143.9970703125,414.0919189453125,41.962650299072266,1418.3646240234375,1468.370849609375,67.54769897460938,327.8411865234375,66.54438781738281
2019-07-09,329.8784484863281,782.9310302734375,515.0535888671875,111.61233520507812,48.12950897216797,101.31610870361328,1129.540283203125,416.6198425292969,42.809879302978516,1433.350341796875,1455.97900390625,68.9858627319336,331.7165832519531,67.49440002441406
2019-07-10,326.3251953125,766.0514526367188,525.222900390625,110.14958190917969,48.13825607299805,99.93993377685547,1134.0982666015625,418.9532470703125,42.510860443115234,1428.6912841796875,1468.918212890625,67.50129699707031,326.82623291015625,66.54438781738281
2019-07-11,334.2764587402344,763.2133178710938,546.3969116210938,111.70098114013672,49.030033111572266,99.51283264160156,1142.8338623046875,414.7239074707031,42.610530853271484,1480.5650634765625,1477.9752197265625,69.17143249511719,335.1307067871094,67.75348663330078
2019-07-12,331.3444519042969,752.6573486328125,550.2780151367188,111.65665435791016,49.72945785522461,100.84156799316406,1136.543212890625,415.2100524902344,42.959388732910156,1450.0653076171875,1477.4775390625,69.9601058959961,335.4997863769531,67.8398666381836
2019-07-15,331.990478515625,746.632568359375,539.8138427734375,108.15492248535156,47.89345169067383,101.26866912841797,1136.94677734375,410.5917053222656,42.21183395385742,1417.019775390625,1501.82568359375,68.15078735351562,332.2240905761719,64.5147933959961
2019-07-16,333.7546691894531,757.885498046875,541.6806640625,110.10525512695312,48.37431716918945,101.74320983886719,1135.2613525390625,412.8280029296875,41.91281509399414,1415.1944580078125,1495.2032470703125,70.28485870361328,336.1918029785156,66.97621154785156
2019-07-17,332.661376953125,749.470703125,529.9391479492188,112.85345458984375,48.99505615234375,99.19482421875,1138.228515625,412.9252014160156,43.05906677246094,1442.1400146484375,1528.2154541015625,69.9137191772461,343.61968994140625,66.8466567993164
2019-07-18,333.0096130371094,737.3214111328125,519.5732421875,107.57868194580078,46.94922637939453,95.34819793701172,1145.0888671875,407.04290771484375,41.663631439208984,1413.513427734375,1531.8504638671875,67.91883087158203,335.5458984375,64.73072052001953
2019-07-19,328.0345153808594,726.2177734375,518.1485595703125,104.60885620117188,46.39842224121094,95.0116195678711,1127.878662109375,398.9244079589844,40.11868667602539,1366.1546630859375,1492.6639404296875,67.54769897460938,328.4870910644531,63.82388687133789
2019-07-22,326.4424743652344,724.4252319335938,492.5530700683594,104.91914367675781,46.22356414794922,91.93431091308594,1090.6571044921875,401.0686340332031,40.01901626586914,1362.55224609375,1448.2496337890625,67.26934051513672,323.73516845703125,64.47161865234375
2019-07-23,326.6414794921875,724.9730224609375,460.8658447265625,99.73302459716797,44.79847717285156,90.5399169921875,1074.633544921875,401.5072326660156,38.922603607177734,1360.9671630859375,1487.7843017578125,63.46513366699219,315.7536315917969,62.528404235839844
2019-07-24,314.8753356933594,709.3381958007812,432.6174621582031,97.69403839111328,43.38213348388672,89.48209381103516,1082.89453125,398.1447448730469,37.477333068847656,1308.3729248046875,1490.970947265625,63.279563903808594,313.35455322265625,61.01701354980469
2019-07-25,315.4722900390625,720.14306640625,453.34930419921875,97.11780548095703,41.83464431762695,88.90509796142578,1085.339599609375,398.6320495605469,38.82292938232422,1336.85546875,1478.8717041015625,61.28468322753906,314.92315673828125,60.3692741394043
2019-07-26,328.0842590332031,726.8153076171875,481.6468200683594,99.77735137939453,42.02698516845703,91.64582061767578,1081.185546875,405.2109375,42.21183395385742,1359.766357421875,1505.5599365234375,63.09400177001953,316.1227111816406,60.58518600463867
2019-07-29,326.8902282714844,717.2552490234375,483.6610107421875,96.63021850585938,41.93081283569336,89.96292114257812,1065.5181884765625,418.4661560058594,41.36460876464844,1375.9049072265625,1496.2489013671875,64.30020904541016,317.2299499511719,60.80109786987305
2019-07-30,325.6464538574219,704.6577758789062,472.3125305175781,91.00084686279297,40.61064147949219,87.12602996826172,1069.29248046875,414.56756591796875,39.6701545715332,1284.6455078125,1492.46484375,62.073368072509766,302.2358093261719,57.864681243896484
2019-07-31,337.4623107910156,671.2970581054688,472.3616943359375,94.59122467041016,41.33629608154297,88.85701751708984,1069.0074462890625,413.83660888671875,41.81314468383789,1357.220703125,1513.22802734375,64.20741271972656,306.5264587402344,58.38287353515625
2019-08-01,326.9648742675781,666.5170288085938,471.8703918457031,93.57173919677734,40.51447296142578,86.06820678710938,1054.8360595703125,406.4779357910156,41.41444778442383,1343.5799560546875,1489.5767822265625,62.63007354736328,292.63958740234375,56.65557098388672
2019-08-02,332.8106384277344,671.048095703125,456.7882080078125,92.9955062866211,40.6893310546875,83.95256805419922,1051.2989501953125,400.1914978027344,41.2150993347168,1328.449951171875,1501.3277587890625,62.76925277709961,284.6119689941406,55.87827682495117
2019-08-05,315.7459411621094,659.695556640625,463.7152404785156,91.44410705566406,40.03361511230469,84.04873657226562,1034.634521484375,392.4429931640625,40.96591567993164,1333.541259765625,1454.0255126953125,61.795005798339844,277.045654296875,56.09419250488281
2019-08-06,327.8106384277344,676.1766967773438,473.73724365234375,92.37493896484375,40.601898193359375,84.76998138427734,1039.31103515625,399.850341796875,41.56395721435547,1361.3033447265625,1479.1207275390625,63.04759979248047,278.10675048828125,56.61239242553711
2019-08-07,330.4474182128906,657.2059936523438,468.9227294921875,86.52393341064453,39.386634826660156,83.47174072265625,1036.8896484375,398.0472412109375,41.2150993347168,1370.189208984375,1470.1580810546875,59.428985595703125,267.49554443359375,54.88508224487305
2019-08-08,332.8603515625,657.3552856445312,478.40435791015625,88.69590759277344,39.84126663208008,83.95256805419922,1060.2244873046875,403.8951416015625,42.3115119934082,1365.553955078125,1496.498046875,61.84139633178711,271.6016540527344,55.57600021362305
2019-08-09,343.15887451171875,658.0523681640625,490.7353820800781,88.51859283447266,39.96366882324219,84.5295639038086,1083.4168701171875,409.4994201660156,44.2053108215332,1364.9261474609375,1525.725830078125,61.74861526489258,268.8334655761719,55.92146301269531
2019-08-13,340.89520263671875,646.7495727539062,485.3804626464844,86.96719360351562,38.678466796875,80.10594940185547,1054.1474609375,399.850341796875,43.00922775268555,1326.34619140625,1505.1119384765625,60.63518142700195,261.4517517089844,54.36688995361328
2019-08-14,345.845458984375,660.4423828125,488.9176940917969,89.62674713134766,39.395381927490234,81.25993347167969,1058.4676513671875,406.7216491699219,44.15547561645508,1352.8065185546875,1485.5936279296875,60.82075881958008,267.3571472167969,54.53961944580078
2019-08-16,346.9897155761719,672.8406372070312,493.7321472167969,90.82353973388672,41.266353607177734,82.02925872802734,1057.636962890625,408.329833984375,45.600746154785156,1389.74462890625,1492.7138671875,63.1867790222168,268.41827392578125,55.57600021362305
2019-08-19,348.2583923339844,682.1517333984375,489.6054382324219,90.95651245117188,40.4095573425293,82.41390991210938,1047.738037109375,412.6669921875,45.30172348022461,1393.0281982421875,1490.1246337890625,62.44450759887695,264.6812438964844,55.40327453613281
2019-08-20,346.24346923828125,669.5543212890625,479.48516845703125,87.49910736083984,39.386634826660156,81.5003433227539,1054.2662353515625,406.331787109375,44.75352096557617,1356.6693115234375,1498.83837890625,60.86715316772461,261.7747497558594,53.330509185791016
2019-08-21,345.29815673828125,661.9362182617188,457.2795104980469,84.08601379394531,38.43366622924805,79.0481185913086,1056.7589111328125,401.6047058105469,43.308250427246094,1320.3106689453125,1499.4854736328125,59.428985595703125,255.96156311035156,52.035030364990234
2019-08-22,334.1290588378906,658.4010009765625,450.4508056640625,80.36265563964844,36.68509292602539,77.31714630126953,1032.1895751953125,388.9830017089844,42.859718322753906,1289.8427734375,1472.099853515625,57.016563415527344,247.79551696777344,50.56681823730469
2019-08-23,328.2335205078125,661.1395874023438,451.82635498046875,82.88922119140625,37.891605377197266,77.60563659667969,1026.77734375,385.37677001953125,43.35808563232422,1265.55517578125,1464.0833740234375,59.011444091796875,250.14845275878906,51.300926208496094
2019-08-26,337.1141052246094,680.8572387695312,461.455322265625,84.26332092285156,39.13309097290039,79.81745147705078,1071.1441650390625,401.21484375,43.15873718261719,1302.2518310546875,1506.50634765625,61.006324768066406,258.54522705078125,53.0714111328125
2019-08-27,335.0743103027344,680.1102905273438,465.778564453125,86.25798797607422,40.138526916503906,80.82718658447266,1072.9483642578125,407.9886779785156,43.10890197753906,1338.5625,1495.3031005859375,62.30532455444336,263.6201477050781,54.10779571533203
2019-08-28,333.05938720703125,675.3800659179688,466.417236328125,83.7757339477539,39.6751594543457,78.7115478515625,1067.0374755859375,402.48193359375,42.01249313354492,1319.0069580078125,1477.4775390625,60.913543701171875,262.8819580078125,52.07821273803711
2019-08-29,329.0295104980469,658.4010009765625,457.2795104980469,81.38215637207031,38.57354736328125,77.31714630126953,1057.2808837890625,394.14862060546875,42.859718322753906,1304.2318115234375,1444.81396484375,60.35683059692383,253.2857208251953,51.516841888427734
2019-08-30,335.1737976074219,661.1395874023438,461.40625,82.09135437011719,38.57354736328125,79.72128295898438,1057.755615234375,399.26556396484375,43.407920837402344,1347.8814697265625,1425.49462890625,60.217655181884766,252.68597412109375,50.8259162902832
2019-09-03,331.7658386230469,643.0151977539062,446.6188049316406,81.07186126708984,34.44691848754883,78.27879333496094,1049.6845703125,382.20916748046875,42.859718322753906,1297.85791015625,1408.4161376953125,55.114463806152344,247.65708923339844,46.291744232177734
2019-09-04,335.0743103027344,644.6085205078125,444.26068115234375,82.71192169189453,33.686283111572266,78.80770874023438,1067.1561279296875,387.4235534667969,42.56069564819336,1272.4117431640625,1420.515380859375,55.578392028808594,253.83932495117188,46.37811279296875
2019-09-05,335.9449462890625,646.89892578125,441.2148132324219,83.11085510253906,33.49394607543945,77.8941421508789,1061.1739501953125,379.1390075683594,42.76004409790039,1263.2374267578125,1404.2833251953125,56.691810607910156,252.17843627929688,47.112213134765625
2019-09-06,331.8902282714844,668.3095703125,441.902587890625,83.68708801269531,33.520172119140625,79.96170043945312,1066.277587890625,381.429443359375,42.809879302978516,1285.4486083984375,1435.552734375,56.87738800048828,252.77822875976562,47.587223052978516
2019-09-09,331.9150695800781,668.7576293945312,441.902587890625,84.70658111572266,34.613033294677734,82.94283294677734,1068.034423828125,385.4255676269531,43.00922775268555,1289.21484375,1465.178955078125,58.083587646484375,256.51519775390625,48.62360382080078
2019-09-11,329.6513977050781,678.865478515625,441.263916015625,87.80938720703125,35.75834655761719,82.41390991210938,1068.8414306640625,384.5970764160156,43.70694351196289,1325.0908203125,1469.0625,60.171260833740234,263.2049255371094,51.56002426147461
2019-09-12,332.8106384277344,660.1436767578125,447.0118408203125,89.62674713134766,35.58348846435547,82.46199798583984,1078.1231689453125,392.49176025390625,43.00922775268555,1342.570068359375,1451.4859619140625,59.892906188964844,264.86578369140625,51.08501434326172
2019-09-13,332.9847412109375,671.4464111328125,447.2083435058594,88.60724639892578,35.56600570678711,83.80831909179688,1071.76123046875,402.9205017089844,42.1619987487793,1350.6336669921875,1478.0748291015625,60.217655181884766,269.15643310546875,51.25774002075195
2019-09-16,331.7658386230469,668.1104125976562,442.0499267578125,87.63208770751953,35.531028747558594,82.22159576416016,1065.447021484375,401.7021789550781,42.461021423339844,1328.760498046875,1468.813720703125,59.892906188964844,262.69744873046875,51.08501434326172
2019-09-17,317.2384948730469,637.7870483398438,438.70928955078125,84.35197448730469,33.93109130859375,80.5386962890625,1049.87451171875,390.4936828613281,41.56395721435547,1286.8970947265625,1442.274658203125,57.89802169799805,252.77822875976562,48.580421447753906
2019-09-18,325.2484436035156,645.7039794921875,436.8915710449219,85.06118774414062,34.26331329345703,81.30802154541016,1038.670166015625,389.2266845703125,41.36460876464844,1284.772705078125,1458.656005859375,58.4083366394043,258.729736328125,49.0554313659668
2019-09-19,320.7957458496094,635.5463256835938,436.2037658691406,83.86438751220703,33.19668960571289,80.25019836425781,1045.48291015625,376.79986572265625,40.46754455566406,1238.2740478515625,1446.556640625,57.48048782348633,252.87049865722656,47.93268585205078
2019-09-20,320.6464538574219,677.5210571289062,488.279052734375,88.91753387451172,35.251258850097656,91.16499328613281,1139.0594482421875,406.9165954589844,42.959388732910156,1370.9134521484375,1532.44775390625,60.95993423461914,278.3836364746094,51.387290954589844
2019-09-23,339.5519104003906,722.4833374023438,518.0503540039062,89.27213287353516,36.67634963989258,92.22280883789062,1193.800048828125,434.9864807128906,43.15873718261719,1459.7100830078125,1633.7745361328125,62.02696228027344,289.5022888183594,52.725948333740234
2019-09-24,333.3081359863281,701.4711303710938,497.3184814453125,87.9423599243164,35.53977584838867,90.68416595458984,1190.5242919921875,429.723388671875,42.660369873046875,1464.297119140625,1611.3680419921875,61.377471923828125,279.21405029296875,51.73275375366211
2019-09-25,320.4225769042969,692.0603637695312,481.0572509765625,82.88922119140625,33.52891159057617,88.56851196289062,1177.1356201171875,423.1932373046875,42.809879302978516,1452.3223876953125,1594.9366455078125,58.733089447021484,258.5913391113281,48.666786193847656
2019-09-26,325.4971923828125,696.9898681640625,495.0094909667969,84.8838882446289,33.695030212402344,90.0110092163086,1179.7943115234375,440.4933166503906,43.45775604248047,1494.9100341796875,1620.0816650390625,58.2691650390625,260.0676574707031,48.83951950073242
2019-09-27,330.09918212890625,697.6868896484375,490.1458435058594,84.30764770507812,33.15296936035156,90.0110092163086,1181.4085693359375,437.81298828125,42.36134719848633,1430.0146484375,1636.662353515625,58.315555572509766,259.4679260253906,48.27814865112305
2019-09-30,328.109130859375,682.1517333984375,483.317138671875,82.49029541015625,31.893999099731445,86.93370819091797,1165.50390625,422.7059020996094,40.068851470947266,1336.099853515625,1637.6083984375,57.48048782348633,249.87164306640625,45.60082244873047
2019-10-01,325.3230895996094,676.3261108398438,462.14312744140625,80.93889617919922,31.14211082458496,84.38531494140625,1185.7764892578125,413.83660888671875,38.52391052246094,1253.5322265625,1641.3427734375,54.4649658203125,236.16932678222656,43.95988845825195
2019-10-03,323.3081359863281,665.620849609375,470.15093994140625,80.58428192138672,31.719141006469727,85.39505767822266,1161.8006591796875,416.4681396484375,37.028804779052734,1212.44140625,1609.0279541015625,54.789710998535156,234.5084228515625,44.47807312011719
2019-10-04,320.67132568359375,653.6707153320312,475.89886474609375,78.54529571533203,31.474336624145508,82.46199798583984,1129.6590576171875,403.4078063964844,37.925865173339844,1221.9053955078125,1556.646728515625,53.769081115722656,230.6330108642578,43.57123947143555
2019-10-07,324.85040283203125,670.6497802734375,471.1826171875,77.34850311279297,31.369428634643555,81.64459228515625,1127.0003662109375,405.5520324707031,37.327823638916016,1198.4871826171875,1549.1778564453125,53.11957931518555,229.8487091064453,42.837135314941406
2019-10-09,319.029541015625,683.4463500976562,472.1651611328125,80.7172622680664,32.21748352050781,82.60625457763672,1166.1685791015625,425.6298828125,38.27472686767578,1263.7686767578125,1605.64208984375,54.233009338378906,240.7829132080078,44.17580032348633
2019-10-10,317.76092529296875,670.15185546875,497.80975341796875,77.8360824584961,31.14211082458496,81.0676040649414,1139.961669921875,412.95941162109375,36.8294563293457,1186.367431640625,1578.2066650390625,52.37730026245117,234.5084228515625,42.405311584472656
2019-10-11,325.2981872558594,669.9029541015625,573.31884765625,80.53995513916016,31.3082275390625,80.92334747314453,1138.2999267578125,417.6864318847656,37.327823638916016,1181.2491455078125,1581.144287109375,52.79483413696289,234.87750244140625,42.31894302368164
2019-10-14,320.2484436035156,680.657958984375,558.7770385742188,78.27934265136719,31.334455490112305,80.057861328125,1143.6171875,417.9788513183594,37.6268424987793,1207.7095947265625,1578.903564453125,53.16597366333008,235.70794677734375,42.75077438354492
2019-10-15,320.1737976074219,687.1807250976562,612.8174438476562,78.01338958740234,31.579252243041992,81.69267272949219,1161.325927734375,420.9028015136719,38.324562072753906,1228.616943359375,1608.8785400390625,53.722686767578125,238.4761199951172,43.26896286010742
2019-10-16,322.1141357421875,690.516845703125,573.4171142578125,77.39282989501953,31.491825103759766,79.09620666503906,1159.4744873046875,424.2653503417969,39.072113037109375,1230.789794921875,1598.870361328125,53.21236801147461,236.26156616210938,43.39850997924805
2019-10-17,322.3131103515625,707.3466186523438,558.58056640625,78.89989471435547,32.61091613769531,81.11568450927734,1158.429931640625,429.43096923828125,39.81966781616211,1294.14013671875,1597.8746337890625,54.789710998535156,244.93511962890625,45.08263397216797
2019-10-18,325.57183837890625,706.5996704101562,545.0214233398438,79.60911560058594,33.021827697753906,80.77909851074219,1166.9757080078125,426.70196533203125,39.57048416137695,1296.6025390625,1608.530029296875,55.90313720703125,248.810546875,44.99626541137695
2019-10-22,342.9101257324219,709.786376953125,549.5902709960938,79.91939544677734,33.17045593261719,80.34636688232422,1176.7559814453125,439.71356201171875,39.6701545715332,1295.00927734375,1622.0733642578125,56.3670654296875,249.59486389160156,45.42809295654297
2019-10-23,345.3976745605469,711.8776245117188,546.0039672851562,81.9583740234375,33.49394607543945,80.10594940185547,1178.93994140625,443.5634460449219,39.52064895629883,1286.8970947265625,1606.9366455078125,56.87738800048828,254.1623077392578,46.37811279296875
2019-10-24,339.17877197265625,704.7573852539062,560.5948486328125,79.69776916503906,32.80325698852539,77.8941421508789,1173.7174072265625,443.2222595214844,38.7232551574707,1238.9984130859375,1606.4884033203125,55.439208984375,242.21310424804688,44.43489456176758
2019-10-25,342.4872741699219,705.653564453125,584.4707641601562,81.1605224609375,33.695030212402344,77.17289733886719,1166.9757080078125,457.20855712890625,40.51738357543945,1228.423828125,1581.9908447265625,56.320674896240234,259.7908935546875,46.16219711303711
2019-10-27,341.7658386230469,707.1473388671875,581.8179321289062,81.20484161376953,33.660057067871094,77.74988555908203,1175.236572265625,457.6471252441406,41.514122009277344,1232.8662109375,1586.3726806640625,56.552635192871094,260.02154541015625,46.032649993896484
2019-10-29,343.084228515625,735.3795776367188,613.3578491210938,82.49029541015625,34.14091491699219,78.95195770263672,1179.7943115234375,465.2981262207031,41.61379623413086,1270.1905517578125,1568.9949951171875,57.48048782348633,258.9604187011719,46.853118896484375
2019-10-30,343.1837463378906,744.2922973632812,603.5323486328125,84.70658111572266,34.980228424072266,78.90387725830078,1185.34912109375,459.2065734863281,42.36134719848633,1252.7113037109375,1572.331298828125,59.10422897338867,267.49554443359375,49.31452560424805
2019-10-31,341.11907958984375,733.2882080078125,601.6163330078125,86.16932678222656,35.59223175048828,80.58677673339844,1168.257568359375,451.3118896484375,44.50433349609375,1268.1624755859375,1567.9495849609375,60.63518142700195,288.2566833496094,49.53044128417969
2019-11-01,342.4872741699219,745.1885375976562,588.5484008789062,88.65157318115234,36.212974548339844,82.75050354003906,1177.4681396484375,450.53216552734375,43.75678253173828,1332.526611328125,1573.3270263671875,62.30532455444336,289.3177490234375,50.869102478027344
2019-11-04,341.6911926269531,739.51220703125,579.7054443359375,90.38027954101562,36.3441162109375,85.01039123535156,1174.4295654296875,458.57305908203125,43.55743408203125,1305.921630859375,1564.513916015625,63.279563903808594,290.00982666015625,50.73955154418945
2019-11-05,335.6961975097656,734.981201171875,576.7577514648438,90.33595275878906,36.1605224609375,81.16378021240234,1176.94580078125,456.4775390625,42.90955352783203,1274.825927734375,1547.4351806640625,60.0784797668457,294.5311584472656,49.40089416503906
2019-11-06,331.6165771484375,744.1429443359375,572.3362426757812,88.16397857666016,36.87743377685547,81.25993347167969,1193.2303466796875,468.5144958496094,42.36134719848633,1296.9405517578125,1564.513916015625,59.61455154418945,293.0086669921875,49.48725509643555
2019-11-07,340.8454284667969,731.6949462890625,558.6788330078125,85.2828140258789,36.65011978149414,80.73101806640625,1199.924560546875,466.4189453125,42.3115119934082,1334.506591796875,1577.4100341796875,57.48048782348633,293.562255859375,48.23495864868164
2019-11-08,343.0344543457031,722.4833374023438,541.1893920898438,83.15518188476562,35.20754623413086,79.00004577636719,1192.233154296875,477.0426940917969,42.01249313354492,1374.0037841796875,1593.59228515625,57.016563415527344,291.57843017578125,47.241764068603516
2019-11-11,357.4125671386719,730.6492919921875,540.2559814453125,85.54877471923828,35.56600570678711,79.96170043945312,1200.9215087890625,484.20635986328125,42.41118240356445,1395.49072265625,1610.173095703125,57.24852752685547,293.654541015625,47.673587799072266
2019-11-13,402.0643005371094,708.2428588867188,554.1099853515625,82.7562484741211,34.438175201416016,79.38470458984375,1194.0848388671875,473.43646240234375,41.71346664428711,1365.69873046875,1599.119384765625,55.94953155517578,283.08941650390625,45.557640075683594
2019-11-14,415.9448547363281,712.92333984375,547.8215942382812,82.71192169189453,34.988975524902344,81.25993347167969,1209.609619140625,486.0094299316406,41.56395721435547,1327.9395751953125,1590.953369140625,55.94953155517578,282.35125732421875,45.16899490356445
2019-11-15,398.4075622558594,713.919189453125,550.1797485351562,83.59844207763672,35.8807487487793,81.0676040649414,1213.4078369140625,487.1790466308594,42.11216354370117,1312.391845703125,1615.998779296875,57.43410110473633,297.0224914550781,46.24856185913086
2019-11-18,398.1091003417969,719.9439697265625,548.9024658203125,85.01686096191406,36.859947204589844,83.56791687011719,1198.3577880859375,485.717041015625,42.36134719848633,1327.2637939453125,1620.4302978515625,57.89802169799805,299.97515869140625,47.28494644165039
2019-11-19,406.7408752441406,744.690673828125,526.893310546875,87.76505279541016,38.66972351074219,84.48148345947266,1207.7108154296875,480.989990234375,42.660369873046875,1344.9842529296875,1617.04443359375,59.521766662597656,304.8655700683594,50.91228103637695
2019-11-20,406.1687927246094,745.6366577148438,516.5274047851562,87.6764144897461,38.90578079223633,85.25080871582031,1209.0875244140625,482.4519958496094,43.00922775268555,1418.9091796875,1592.7957763671875,59.28980255126953,303.38922119140625,50.39408874511719
2019-11-21,406.4672546386719,734.3339233398438,524.6334228515625,87.41045379638672,38.7921257019043,84.48148345947266,1218.5828857421875,485.6195983886719,42.959388732910156,1396.5528564453125,1588.61328125,58.68669891357422,305.7421569824219,49.70316696166992
2019-11-22,399.15380859375,729.055908203125,517.55908203125,87.85371398925781,38.678466796875,84.43339538574219,1200.9215087890625,484.20635986328125,42.859718322753906,1396.5528564453125,1562.572021484375,59.05784225463867,303.8505554199219,49.098609924316406
2019-11-25,410.6463928222656,751.6117553710938,530.0866088867188,89.13916015625,39.6052131652832,86.06820678710938,1206.9510498046875,485.1810302734375,43.407920837402344,1445.5140380859375,1596.978271484375,59.75373077392578,310.12506103515625,50.04862976074219
2019-11-26,399.37774658203125,749.1221313476562,534.55712890625,88.56291961669922,38.94075393676758,84.28915405273438,1210.7017822265625,497.7539978027344,43.00922775268555,1463.9107666015625,1597.7252197265625,58.64030456542969,309.5714416503906,49.65998840332031
2019-11-27,410.5965881347656,749.7694702148438,543.20361328125,90.55758666992188,39.718868255615234,84.09681701660156,1213.8826904296875,492.6858215332031,43.407920837402344,1474.00244140625,1611.1689453125,59.10422897338867,316.9992980957031,50.61000442504883
2019-11-28,402.3876647949219,747.4789428710938,572.9258422851562,94.32527160644531,40.59315872192383,87.41453552246094,1201.4437255859375,505.9898681640625,44.15547561645508,1514.46533203125,1608.2811279296875,62.119747161865234,322.304931640625,55.96464920043945
2019-11-29,409.8254699707031,735.97705078125,571.0590209960938,92.9955062866211,39.718868255615234,85.49121856689453,1210.6068115234375,499.6058044433594,46.6971549987793,1515.2861328125,1608.4801025390625,60.86715316772461,315.4306945800781,54.45325469970703
2019-12-02,414.55181884765625,741.2052001953125,558.4823608398438,92.55224609375,39.59646987915039,83.90448760986328,1201.87109375,497.94891357421875,46.74699401855469,1521.949462890625,1626.2061767578125,61.006324768066406,312.339599609375,53.848697662353516
2019-12-03,403.3826904296875,730.3505249023438,568.307861328125,89.62674713134766,37.9615478515625,82.798583984375,1192.0433349609375,496.4382019042969,45.00270462036133,1491.7230224609375,1639.89892578125,58.36194610595703,310.2634582519531,51.128196716308594
2019-12-04,404.20361328125,736.773681640625,559.85791015625,91.97601318359375,39.176815032958984,84.5295639038086,1188.4825439453125,515.833740234375,45.65058135986328,1491.3369140625,1644.3802490234375,59.1506233215332,315.4306945800781,51.56002426147461
2019-12-05,401.9399108886719,726.2177734375,567.3253173828125,90.64623260498047,38.048980712890625,83.42366790771484,1182.7379150390625,514.7128295898438,44.45449447631836,1457.9718017578125,1642.4383544921875,57.80523681640625,310.21734619140625,50.22136306762695
2019-12-06,401.9896545410156,714.6162109375,552.734375,86.0363540649414,36.40531921386719,80.92334747314453,1183.1654052734375,511.49658203125,43.15873718261719,1415.577392578125,1667.3343505859375,55.856746673583984,295.26934814453125,47.45767593383789
2019-12-09,402.53692626953125,728.956298828125,533.7219848632812,85.94770050048828,37.24463653564453,81.01953125,1180.2216796875,513.1533813476562,42.56069564819336,1400.2708740234375,1652.3468017578125,56.41345977783203,292.224365234375,48.019046783447266
2019-12-10,396.8901672363281,712.72412109375,511.9584655761719,84.75090789794922,36.83372497558594,80.39444732666016,1186.4410400390625,515.2977294921875,41.962650299072266,1363.1878662109375,1655.4840087890625,55.34642791748047,289.1793518066406,46.594024658203125
2019-12-11,398.1339111328125,713.570556640625,506.01409912109375,84.83955383300781,37.218406677246094,80.92334747314453,1185.7288818359375,520.0247192382812,42.809879302978516,1371.927490234375,1679.533447265625,55.253639221191406,288.6257629394531,46.982666015625
2019-12-12,397.78570556640625,719.0974731445312,506.7509460449219,86.78988647460938,38.09269332885742,82.02925872802734,1199.8294677734375,521.779052734375,43.05906677246094,1394.6214599609375,1708.4625244140625,56.41345977783203,296.9763488769531,48.19178009033203
2019-12-13,395.5468444824219,748.8732299804688,506.01409912109375,90.20297241210938,39.84126663208008,83.6159896850586,1200.0670166015625,523.43603515625,43.507598876953125,1434.456787109375,1685.70751953125,59.80011749267578,306.84942626953125,51.47365188598633
2019-12-16,395.6214904785156,744.1429443359375,480.9098815917969,89.5380859375,39.7888069152832,82.70242309570312,1193.89501953125,525.5802612304688,42.90955352783203,1442.182373046875,1696.86083984375,59.10422897338867,306.2034912109375,50.3077278137207
2019-12-17,396.5916442871094,742.5496826171875,471.624755859375,90.6019058227539,40.05984115600586,82.65433502197266,1206.9510498046875,527.43212890625,42.660369873046875,1441.5548095703125,1706.172119140625,60.032081604003906,307.1723937988281,50.3077278137207
2019-12-18,395.1240234375,738.765380859375,491.27581787109375,87.6764144897461,39.03692626953125,82.70242309570312,1227.1285400390625,527.67578125,42.461021423339844,1449.32861328125,1717.176025390625,58.64030456542969,301.68218994140625,48.83951950073242
2019-12-19,395.1488952636719,739.4624633789062,509.3056335449219,87.36612701416016,38.99320602416992,83.37557220458984,1223.7579345703125,526.5061645507812,43.607269287109375,1438.802490234375,1722.3046875,59.011444091796875,302.7894592285156,49.098609924316406
2019-12-20,396.7657775878906,736.773681640625,507.7826232910156,89.27213287353516,40.21721649169922,84.14490509033203,1231.2591552734375,532.256591796875,43.25841522216797,1436.91943359375,1685.6578369140625,59.985694885253906,311.73980712890625,51.08501434326172
2019-12-23,394.1041259765625,740.0599975585938,494.9603576660156,88.3856201171875,39.50904083251953,82.60625457763672,1236.6715087890625,527.5782470703125,42.90955352783203,1444.98291015625,1697.8070068359375,59.05784225463867,306.71099853515625,50.48046112060547
2019-12-24,390.298095703125,737.5703735351562,489.7037048339844,88.56291961669922,39.47407150268555,82.3658447265625,1224.0902099609375,527.38330078125,43.407920837402344,1469.6566162109375,1704.4293212890625,58.91865921020508,305.83441162109375,50.39408874511719
2019-12-26,408.1588439941406,733.4375610351562,492.4057312011719,87.80938720703125,38.51235580444336,82.3658447265625,1206.333740234375,525.0928955078125,43.45775604248047,1463.4278564453125,1687.2012939453125,58.2691650390625,304.3580627441406,47.02585220336914
2019-12-27,400.04937744140625,756.9893188476562,498.301025390625,92.41926574707031,39.203041076660156,84.81805419921875,1210.6541748046875,535.472900390625,44.55417251586914,1472.602294921875,1678.58740234375,60.63518142700195,311.1861877441406,47.93268585205078
2019-12-30,399.6264953613281,750.9644165039062,495.8446960449219,91.22247314453125,38.774635314941406,84.1929931640625,1217.4434814453125,530.1611328125,44.8033561706543,1478.879150390625,1683.3673095703125,59.75373077392578,308.5564270019531,47.500858306884766
2019-12-31,399.5518493652344,750.9644165039062,499.3818664550781,90.33595275878906,38.70469665527344,84.57763671875,1207.9005126953125,525.2391967773438,45.00270462036133,1458.213134765625,1677.342529296875,59.70733642578125,307.9566650390625,47.328125
2020-01-01,396.86529541015625,745.5869140625,494.22344970703125,90.33595275878906,38.75715637207031,85.34696960449219,1214.072509765625,523.1436767578125,45.65058135986328,1433.39453125,1667.085205078125,60.032081604003906,308.60260009765625,47.112213134765625
2020-01-02,395.9697570800781,753.8025512695312,490.2932434082031,92.59656524658203,40.01612854003906,88.71276092529297,1221.811279296875,526.89599609375,45.99944305419922,1476.5615234375,1664.5958251953125,61.88779067993164,313.0777282714844,47.63040542602539
2020-01-03,396.98968505859375,739.86083984375,497.3184814453125,89.40511322021484,38.75715637207031,87.46261596679688,1204.38720703125,525.1903686523438,45.30172348022461,1476.4166259765625,1650.205810546875,60.35683059692383,307.9105224609375,47.28494644165039
2020-01-06,393.7807312011719,720.2427368164062,489.4089660644531,84.92821502685547,36.27417755126953,83.76023864746094,1178.3226318359375,512.373779296875,43.507598876953125,1419.005615234375,1645.6748046875,56.97017288208008,294.34661865234375,45.730369567871094
2020-01-07,398.35784912109375,722.7322998046875,484.7418518066406,85.23849487304688,36.379093170166016,84.00064849853516,1196.9808349609375,509.6447448730469,43.35808563232422,1411.521484375,1663.8985595703125,57.38770294189453,293.7929382324219,45.51445770263672
2020-01-08,415.8702392578125,721.487548828125,476.4884033203125,84.48495483398438,36.33538055419922,83.6159896850586,1193.847412109375,512.6173706054688,42.959388732910156,1408.5760498046875,1647.9652099609375,56.4598503112793,295.08477783203125,44.866722106933594
2020-01-09,416.0941162109375,739.7611694335938,478.6008605957031,86.25798797607422,37.32332229614258,86.21246337890625,1207.23583984375,532.4514770507812,44.2053108215332,1455.9437255859375,1658.1229248046875,58.083587646484375,304.6810607910156,45.38490676879883
2020-01-10,410.2732238769531,736.972900390625,483.562744140625,86.0363540649414,37.44572448730469,85.39505767822266,1217.965576171875,526.554931640625,43.806617736816406,1440.106201171875,1677.69091796875,57.94441223144531,306.57257080078125,45.47127914428711
2020-01-13,417.1637878417969,734.3339233398438,505.031494140625,86.4796142578125,37.79543685913086,86.59712982177734,1221.0989990234375,524.9467163085938,44.15547561645508,1486.8463134765625,1684.064453125,58.64030456542969,305.1885070800781,45.38490676879883
2020-01-14,421.6911315917969,744.7902221679688,509.50213623046875,86.70124053955078,37.69052505493164,87.7030258178711,1224.4224853515625,523.9720458984375,44.45449447631836,1430.83544921875,1669.823974609375,58.2691650390625,302.65106201171875,45.34172821044922
2020-01-15,426.5916442871094,743.1968994140625,483.71014404296875,86.87854766845703,38.1451530456543,87.55878448486328,1219.4375,522.022705078125,44.85319137573242,1352.4686279296875,1668.62890625,58.82587432861328,299.19085693359375,45.47127914428711
2020-01-16,436.5418701171875,734.2342529296875,467.54718017578125,86.56826782226562,38.3112678527832,89.38591766357422,1222.6658935546875,523.5335693359375,44.85319137573242,1338.900390625,1694.4708251953125,58.77947998046875,298.31427001953125,45.557640075683594
2020-01-17,436.69110107421875,736.8235473632812,472.6073303222656,86.30230712890625,38.7484130859375,88.08769226074219,1213.6451416015625,518.562744140625,43.35808563232422,1305.8734130859375,1691.03515625,58.68669891357422,293.4238586425781,45.42809295654297
2020-01-20,440.745849609375,724.1763305664062,475.2602233886719,83.95303344726562,38.26755142211914,90.1552505493164,1191.568603515625,521.291748046875,42.90955352783203,1286.26953125,1611.1689453125,57.155738830566406,289.7330322265625,44.90990447998047
2020-01-21,441.9647521972656,714.6162109375,468.43145751953125,83.99736785888672,38.32000732421875,90.97264862060547,1181.551025390625,517.588134765625,43.05906677246094,1290.5185546875,1618.339111328125,57.016563415527344,289.4561767578125,44.69398880004883
2020-01-22,441.3179931640625,709.636962890625,467.2032775878906,83.59844207763672,38.27629470825195,90.1552505493164,1178.2276611328125,509.595947265625,43.20857238769531,1281.875732421875,1578.903564453125,56.59902572631836,291.71685791015625,44.47807312011719
2020-01-23,484.85028076171875,719.9937744140625,466.8102722167969,84.1303482055664,38.591041564941406,90.8764877319336,1182.0257568359375,514.322998046875,43.45775604248047,1286.124755859375,1599.1689453125,57.341312408447266,298.2220153808594,45.25536346435547
2020-01-24,532.6859741210938,734.3339233398438,473.4425048828125,84.75090789794922,38.258811950683594,92.31897735595703,1181.740966796875,520.317138671875,43.85645294189453,1270.9630126953125,1636.1146240234375,57.851627349853516,299.0063171386719,45.21217727661133
2020-01-27,508.4820556640625,737.1720581054688,466.3190002441406,81.8697280883789,36.78126525878906,91.98240661621094,1151.97314453125,523.6309814453125,43.607269287109375,1227.60302734375,1611.616943359375,56.92377471923828,291.76300048828125,44.78035354614258
2020-01-28,519.3030395507812,734.0848999023438,454.2336120605469,82.6232681274414,35.60097885131836,91.64582061767578,1161.4683837890625,514.8103637695312,43.15873718261719,1211.7171630859375,1619.2850341796875,56.135101318359375,290.74798583984375,44.47807312011719
2020-01-29,520.7208862304688,732.1928100585938,443.2781677246094,83.0665283203125,35.68840026855469,91.21308135986328,1173.47998046875,513.2509155273438,43.90629196166992,1215.09716796875,1633.6251220703125,56.552635192871094,291.9936828613281,44.47807312011719
2020-01-30,521.2184448242188,727.8609008789062,430.0628356933594,82.53461456298828,35.36491775512695,89.43400573730469,1164.1746826171875,518.708984375,40.61705780029297,1189.2645263671875,1621.475830078125,55.624786376953125,286.6880798339844,43.70078659057617
2020-01-31,529.52685546875,726.2675170898438,442.49212646484375,82.18000793457031,35.43485641479492,87.84727478027344,1164.4119873046875,512.3250122070312,40.567222595214844,1215.6767578125,1684.711669921875,56.08871078491211,293.839111328125,43.09623718261719
2020-02-03,519.3775634765625,706.002197265625,430.3576354980469,76.15170288085938,32.68960189819336,85.01039123535156,1132.6026611328125,502.4810485839844,39.072113037109375,1219.78076171875,1669.2762451171875,53.21236801147461,275.0617980957031,41.153018951416016
2020-02-04,523.2831420898438,712.0269775390625,430.25933837890625,77.21552276611328,32.47102737426758,86.30862426757812,1167.7353515625,517.3444213867188,40.41770935058594,1229.00341796875,1691.234375,52.70204544067383,282.58197021484375,41.45529556274414
2020-02-05,545.0990600585938,721.0394287109375,421.7111511230469,78.1463623046875,32.173770904541016,87.36644744873047,1181.8359375,525.4340209960938,40.91607666015625,1229.1480712890625,1682.7200927734375,52.79483413696289,286.9648742675781,41.88711929321289
2020-02-06,544.0542602539062,733.8858032226562,418.0265808105469,81.2491683959961,33.14423370361328,88.95318603515625,1177.230712890625,527.8707275390625,41.91281509399414,1288.49072265625,1667.03564453125,54.418575286865234,297.06866455078125,42.31894302368164
2020-02-07,561.2432250976562,745.0391845703125,434.9755859375,81.6037826538086,33.2229118347168,87.75110626220703,1179.509521484375,522.8512573242188,41.862979888916016,1254.2564697265625,1646.1727294921875,54.5577507019043,295.7768249511719,42.27576446533203
2020-02-10,560.0740966796875,738.0184326171875,449.4682312011719,79.87506103515625,32.724571228027344,86.59712982177734,1177.7054443359375,520.4146118164062,41.11542510986328,1231.2242431640625,1662.355224609375,53.11957931518555,293.88525390625,44.00307083129883
2020-02-11,578.5567016601562,746.831787109375,451.38421630859375,80.09669494628906,32.80325698852539,86.98178100585938,1177.990234375,526.0675659179688,41.36460876464844,1248.3172607421875,1670.47119140625,52.84122848510742,299.28314208984375,42.9666862487793
2020-02-12,572.9098510742188,752.1097412109375,461.60272216796875,78.23501586914062,32.29616928100586,86.93370819091797,1185.96630859375,535.37548828125,40.81640625,1233.59033203125,1707.765380859375,51.49583435058594,295.4538879394531,42.14621353149414
2020-02-13,571.2681274414062,744.690673828125,444.16241455078125,78.0577163696289,31.99890899658203,85.77970886230469,1178.749755859375,527.285888671875,40.766571044921875,1188.540283203125,1682.7698974609375,51.403053283691406,302.1435241699219,41.84394073486328
2020-02-14,570.1736450195312,733.4375610351562,444.6536865234375,76.63928985595703,31.52680015563965,83.80831909179688,1157.812744140625,531.9641723632812,39.47080612182617,1135.66796875,1673.95654296875,50.28963088989258,294.7156982421875,41.2393798828125
2020-02-17,567.2880249023438,735.3297119140625,426.3782653808594,72.96024322509766,30.565078735351562,81.21184539794922,1155.723876953125,527.8707275390625,38.773094177246094,1132.7225341796875,1684.064453125,48.20195770263672,289.9176025390625,40.375732421875
2020-02-18,571.7158813476562,730.5995483398438,414.9806823730469,71.80776977539062,30.215368270874023,78.7115478515625,1152.0206298828125,527.4808959960938,38.324562072753906,1101.57861328125,1683.96484375,48.24835205078125,293.0086669921875,37.35294723510742
2020-02-19,579.94970703125,737.9686889648438,407.66064453125,71.89642333984375,30.363996505737305,81.21184539794922,1165.2664794921875,530.9895629882812,39.769832611083984,1102.9791259765625,1694.022705078125,48.89784622192383,295.59228515625,38.17341613769531
2020-02-20,584.3775024414062,741.2052001953125,408.6923522949219,72.91592407226562,30.189136505126953,84.14490509033203,1155.6761474609375,533.1337890625,40.16852569580078,1141.6552734375,1678.935791015625,49.037025451660156,302.32806396484375,38.17341613769531
2020-02-24,576.7158203125,722.4335327148438,401.1266784667969,70.83261108398438,28.947650909423828,83.3274917602539,1148.8870849609375,516.4185180664062,39.17178726196289,1130.115234375,1671.267822265625,46.71739196777344,297.9913024902344,36.44611358642578
2020-02-25,576.1685791015625,725.7197875976562,396.85260009765625,70.96559143066406,28.48427963256836,83.08707427978516,1139.7242431640625,517.4906616210938,39.221622467041016,1114.2777099609375,1668.828125,46.299861907958984,301.54376220703125,36.40292739868164
2020-02-26,586.5416870117188,726.3671264648438,387.2236022949219,71.09856414794922,27.959705352783203,81.78884887695312,1138.72705078125,510.4244689941406,38.82292938232422,1096.07421875,1659.566650390625,45.603973388671875,302.8356018066406,35.6688232421875
2020-02-27,586.8900146484375,732.790283203125,391.841552734375,69.41417694091797,27.19907569885254,85.4431381225586,1138.9171142578125,502.28607177734375,38.47407150268555,1077.291259765625,1675.749267578125,43.56269454956055,297.06866455078125,34.891536712646484
2020-02-28,578.5567016601562,694.400634765625,376.80853271484375,67.64114379882812,25.127016067504883,82.60625457763672,1118.21728515625,484.64495849609375,36.6799430847168,1066.185546875,1613.608642578125,41.799774169921875,279.5830993652344,32.08467102050781
2020-03-02,574.9994506835938,681.3551635742188,387.1744384765625,63.07559585571289,24.15655517578125,79.6251220703125,1120.0687255859375,493.2705993652344,37.327823638916016,1042.236083984375,1592.3475341796875,39.665714263916016,265.188720703125,31.393747329711914
2020-03-03,584.1785278320312,684.2927856445312,393.8066711425781,64.62700653076172,24.786043167114258,81.25993347167969,1122.1578369140625,501.7012939453125,37.67668151855469,1070.0484619140625,1619.5340576171875,41.289451599121094,267.4494323730469,31.35056495666504
2020-03-04,573.6312866210938,679.3634033203125,393.41363525390625,64.98161315917969,24.287700653076172,80.25019836425781,1090.8704833984375,495.4635314941406,37.27798843383789,1029.39208984375,1601.2601318359375,41.24306106567383,263.25103759765625,31.436931610107422
2020-03-05,584.4273071289062,675.081298828125,415.81585693359375,65.29187774658203,24.32267189025879,80.00977325439453,1093.2445068359375,491.7111511230469,37.6268424987793,1038.1318359375,1644.479736328125,41.753379821777344,266.2037658691406,34.114253997802734
2020-03-06,564.0541381835938,654.91552734375,396.8034362792969,63.607505798339844,22.818897247314453,76.9805679321289,1077.6246337890625,474.0212707519531,36.131736755371094,979.9965209960938,1624.264404296875,39.29457092285156,249.59486389160156,31.696027755737305
2020-03-09,528.880126953125,620.957275390625,367.76904296875,61.479862213134766,21.27140998840332,70.05663299560547,1051.41748046875,446.146240234375,32.942176818847656,872.1273193359375,1571.58447265625,36.88215255737305,233.86251831054688,29.234617233276367
2020-03-11,512.1636962890625,616.7747192382812,369.53765869140625,59.04194641113281,20.397123336791992,68.6141586303711,1057.5894775390625,453.8459777832031,33.19136047363281,824.2766723632812,1582.68798828125,35.67594528198242,226.1578369140625,28.41415023803711
2020-03-12,469.327880859375,540.9911499023438,329.1056823730469,50.22111892700195,17.223459243774414,60.68049240112305,969.7576904296875,414.8599853515625,27.460119247436523,757.73974609375,1458.954833984375,31.31503677368164,196.16957092285156,25.08909034729004
2020-03-13,479.17864990234375,566.4349365234375,321.83477783203125,57.93380355834961,18.779687881469727,65.87344360351562,1015.8101196289062,435.8636779785156,29.652942657470703,776.1846313476562,1463.9342041015625,34.701698303222656,223.2974090576172,26.773210525512695
2020-03-16,457.7358703613281,506.4852294921875,269.80865478515625,56.47105407714844,17.424543380737305,60.68049240112305,949.0579833984375,392.6866455078125,26.513219833374023,641.3724365234375,1377.9432373046875,33.217132568359375,206.08876037597656,25.607280731201172
2020-03-17,419.4274597167969,486.3194580078125,253.25265502929688,58.64301300048828,17.34585952758789,56.06454849243164,925.8893432617188,357.94036865234375,25.16762351989746,583.4301147460938,1317.1971435546875,32.753204345703125,198.5224609375,25.650463104248047
2020-03-18,340.2732849121094,471.48138427734375,220.4845733642578,57.756500244140625,16.760086059570312,52.16984176635742,832.6452026367188,346.0496520996094,23.772192001342773,444.9964294433594,1167.07421875,34.09859848022461,198.56861877441406,25.520915985107422
2020-03-19,309.3778076171875,426.46929931640625,197.2472381591797,54.47639083862305,17.319631576538086,50.39077377319336,850.35400390625,329.9678955078125,20.532794952392578,428.8208923339844,1205.8125,34.51613235473633,187.91123962402344,24.916358947753906
2020-03-20,322.48724365234375,426.3697509765625,227.55894470214844,56.072120666503906,16.830028533935547,50.871604919433594,838.294921875,336.9366760253906,20.532794952392578,425.247802734375,1257.09814453125,35.30480194091797,193.632080078125,25.175453186035156
2020-03-23,290.24847412109375,307.3666076660156,170.62008666992188,47.73887252807617,13.306652069091797,38.562408447265625,732.6118774414062,276.80072021484375,18.090787887573242,324.9111328125,1093.6810302734375,32.84599685668945,167.5653533935547,22.2822208404541
2020-03-24,261.2434997558594,301.8895263671875,158.2399444580078,49.112972259521484,14.058538436889648,36.3505973815918,728.9562377929688,288.9838562011719,19.037689208984375,301.6376647949219,1148.103515625,33.681060791015625,169.04168701171875,23.6640625
2020-03-25,235.37290954589844,325.4411315917969,152.0498504638672,51.595218658447266,14.626825332641602,36.83142852783203,813.5121459960938,308.8667297363281,20.383285522460938,290.96661376953125,1284.78271484375,31.825353622436523,175.22389221191406,23.189056396484375
2020-03-26,247.13906860351562,339.9804382324219,211.83811950683594,49.60055923461914,15.282539367675781,40.19722366333008,855.6239624023438,321.8782958984375,21.67904281616211,420.9504089355469,1367.2379150390625,30.990291595458984,177.85362243652344,24.35498809814453
2020-03-27,259.4773864746094,358.2541198730469,245.1957550048828,48.18212890625,15.745912551879883,42.745609283447266,858.8048706054688,331.2349853515625,22.326921463012695,397.0009460449219,1393.2791748046875,31.036684036254883,180.80630493164062,25.08909034729004
2020-03-30,246.61669921875,366.61920166015625,212.47677612304688,46.49775314331055,15.186369895935059,39.13939666748047,789.6788940429688,305.4554443359375,20.931489944458008,399.2220458984375,1288.317626953125,30.526363372802734,172.4557342529297,24.484533309936523
2020-03-31,251.4176483154297,377.4241027832031,200.19488525390625,47.47291946411133,15.824600219726562,39.47597885131836,818.4022827148438,315.5430908203125,21.031164169311523,339.2518615722656,1290.6580810546875,30.016040802001953,181.6367645263672,24.78681182861328
2020-04-01,239.47738647460938,357.1587219238281,191.4993133544922,45.43393325805664,15.77214241027832,39.716392517089844,787.7798461914062,303.26251220703125,20.532794952392578,330.51220703125,1176.73388671875,28.253124237060547,172.13279724121094,24.829994201660156
2020-04-03,231.5669403076172,324.0967712402344,178.3822479248047,43.173316955566406,14.714254379272461,38.370079040527344,772.7771606445312,279.383544921875,19.585893630981445,302.45849609375,1136.103515625,27.510839462280273,161.936767578125,24.70044708251953
2020-04-07,238.00970458984375,387.233154296875,164.3317413330078,42.68573760986328,15.177627563476562,41.06270980834961,850.8762817382812,317.83349609375,20.383285522460938,370.685546875,1193.065673828125,27.88197898864746,171.99436950683594,25.045907974243164
2020-04-08,238.95498657226562,389.7227783203125,190.36936950683594,42.863037109375,15.282539367675781,39.28364562988281,844.0396728515625,310.8647766113281,20.48295783996582,385.4607849121094,1182.708984375,28.29951286315918,168.8571319580078,25.045907974243164
2020-04-09,246.96493530273438,418.40301513671875,188.89553833007812,45.123653411865234,16.051916122436523,39.37981414794922,878.365234375,334.0127258300781,21.978063583374023,381.8393859863281,1267.6041259765625,29.13458251953125,173.2400360107422,24.87317657470703
2020-04-13,248.63160705566406,417.2079772949219,189.63246154785156,44.19281005859375,15.439913749694824,39.0913200378418,850.1641235351562,322.2681579589844,22.127574920654297,396.324951171875,1245.6959228515625,29.08818817138672,169.31849670410156,24.484533309936523
2020-04-15,249.87539672851562,415.5648193359375,183.5406494140625,43.39494323730469,15.116427421569824,39.81256103515625,819.7316284179688,319.0518493652344,22.526269912719727,409.5550842285156,1168.8668212890625,28.856225967407227,168.2573699951172,25.002723693847656
2020-04-16,255.7708740234375,420.7929992675781,194.74171447753906,43.9711799621582,15.01151180267334,40.58189010620117,835.351318359375,333.3304443359375,24.071212768554688,420.467529296875,1126.1451416015625,28.809833526611328,173.93206787109375,25.305002212524414
2020-04-17,268.5569152832031,476.80914306640625,212.52590942382812,44.50309371948242,15.186369895935059,44.236175537109375,864.359619140625,366.0299377441406,26.313871383666992,458.1783142089844,1181.314697265625,29.505722045898438,178.3149871826172,25.132272720336914
2020-04-20,281.49224853515625,454.05413818359375,212.23114013671875,45.38960647583008,16.086885452270508,44.28425598144531,897.166015625,352.1412048339844,24.768930435180664,441.0370788574219,1172.85009765625,30.47996711730957,177.62295532226562,25.477731704711914
2020-04-21,278.5818176269531,418.90093994140625,191.9414520263672,43.04033660888672,14.722996711730957,41.68778610229492,875.1367797851562,323.437744140625,23.622682571411133,387.1025085449219,1125.4482421875,28.856225967407227,170.47189331054688,24.31180191040039
2020-04-22,264.6763610839844,429.3572692871094,195.38038635253906,42.81871032714844,14.495681762695312,42.36094284057617,881.736083984375,327.433837890625,23.87186622619629,401.6363220214844,1147.3568115234375,28.856225967407227,174.1166229248047,24.570898056030273
2020-04-23,251.8654327392578,428.2618408203125,197.5419921875,42.95168685913086,14.626825332641602,43.27452087402344,906.7562866210938,344.0028991699219,23.622682571411133,395.890380859375,1244.4510498046875,28.949010848999023,172.27117919921875,24.5277156829834
2020-04-24,257.7360534667969,402.2703857421875,194.98736572265625,41.090003967285156,14.224654197692871,41.44737243652344,890.7091674804688,326.3617248535156,22.127574920654297,369.76806640625,1234.39306640625,28.021160125732422,165.85829162597656,23.879976272583008
2020-04-27,256.8157043457031,425.52325439453125,204.71463012695312,41.444610595703125,14.24213981628418,42.79369354248047,882.7805786132812,339.0809020996094,22.02790069580078,393.4278564453125,1298.176513671875,28.531476974487305,166.91943359375,23.707246780395508
2020-04-28,255.04949951171875,453.5562438964844,217.24215698242188,41.932193756103516,14.67928409576416,44.95741653442383,884.394775390625,350.72796630859375,22.177412033081055,451.9977722167969,1321.130615234375,28.995403289794922,170.05667114257812,23.145872116088867
2020-04-29,267.7609558105469,437.2742004394531,230.3592071533203,42.64140701293945,15.282539367675781,44.717002868652344,927.788330078125,361.05926513671875,21.928226470947266,454.9432067871094,1322.3255615234375,29.969648361206055,175.408447265625,23.361783981323242
2020-04-30,270.7709045410156,443.05010986328125,257.7724304199219,43.6165771484375,15.369969367980957,46.928810119628906,951.2418212890625,370.51336669921875,21.82855224609375,452.0943603515625,1351.553466796875,29.969648361206055,175.7775115966797,23.534515380859375
2020-05-04,257.2385559082031,401.1251525878906,236.7458038330078,40.64674758911133,14.233397483825684,42.36094284057617,876.4186401367188,329.4805603027344,20.532794952392578,408.5411071777344,1272.48388671875,27.97476577758789,165.0278778076172,22.541316986083984
2020-05-05,244.37789916992188,387.3825378417969,232.1278076171875,39.00669479370117,13.95362377166748,41.30312728881836,865.4515991210938,322.4631042480469,20.582630157470703,404.34033203125,1233.19775390625,27.093307495117188,157.2308807373047,22.02312469482422
2020-05-06,232.1639404296875,387.233154296875,244.9501190185547,37.49961853027344,14.189681053161621,42.12053298950195,898.6378784179688,332.74566650390625,20.88165283203125,410.9070739746094,1240.766357421875,27.23248291015625,157.87681579589844,21.15947151184082
2020-05-07,220.5719451904297,395.69781494140625,247.7995147705078,37.676918029785156,14.224654197692871,41.495460510253906,878.3176879882812,328.21356201171875,20.68230438232422,438.76763916015625,1194.80859375,27.557231903076172,157.55384826660156,20.814014434814453
2020-05-08,209.5520477294922,380.46142578125,235.8123779296875,36.43579864501953,13.962367057800293,41.01462936401367,882.163330078125,329.13946533203125,20.23377227783203,425.247802734375,1212.3848876953125,27.093307495117188,153.77073669433594,20.554916381835938
2020-05-11,199.0793914794922,377.9718017578125,235.66500854492188,36.34714889526367,13.78750991821289,41.44737243652344,869.58203125,312.0343017578125,20.333446502685547,418.5361633300781,1183.5054931640625,26.722164154052734,152.66346740722656,20.598098754882812
2020-05-12,189.12916564941406,385.2414855957031,229.8188018798828,36.3914680480957,13.95362377166748,39.86064147949219,856.0511474609375,313.0577392578125,20.13409996032715,430.89715576171875,1152.3856201171875,26.629379272460938,154.00137329101562,20.684463500976562
2020-05-13,198.58187866210938,412.278564453125,247.7995147705078,39.139671325683594,15.57105541229248,41.495460510253906,880.833984375,329.4805603027344,21.778717041015625,433.2148742675781,1181.762939453125,28.392301559448242,160.6449737548828,21.677663803100586
2020-05-14,208.5072784423828,400.2786865234375,247.40650939941406,38.25315475463867,15.090197563171387,43.65918731689453,848.597412109375,319.1005554199219,20.831815719604492,413.32135009765625,1168.2196044921875,27.18609046936035,154.97024536132812,21.46175193786621
2020-05-15,207.7112274169922,386.93438720703125,239.4478302001953,36.879051208496094,14.67928409576416,42.072452545166016,843.3275146484375,314.51971435546875,20.781978607177734,404.34033203125,1173.39794921875,26.722164154052734,153.5400390625,21.332202911376953
2020-05-18,197.4873809814453,357.30810546875,225.59384155273438,34.219505310058594,13.568938255310059,38.081573486328125,794.426513671875,290.93316650390625,19.785242080688477,363.8289794921875,1109.0169677734375,25.37677764892578,143.29788208007812,20.382186889648438
2020-05-19,191.96499633789062,353.0260009765625,216.5543670654297,32.35782241821289,13.359108924865723,36.78334045410156,788.7293701171875,292.6875305175781,19.536056518554688,355.18597412109375,1125.746826171875,24.68088722229004,140.99110412597656,19.777629852294922
2020-05-20,199.85057067871094,360.99273681640625,218.22470092773438,32.490806579589844,13.525223731994629,37.60074996948242,813.844482421875,297.90191650390625,19.187198638916016,345.0460510253906,1155.2735595703125,24.68088722229004,141.54470825195312,19.863994598388672
2020-05-21,209.40277099609375,355.7147521972656,207.1710205078125,33.28866958618164,13.586423873901367,37.79308319091797,816.1707763671875,296.6836242675781,18.788503646850586,334.9061584472656,1145.4644775390625,25.052030563354492,140.206787109375,20.036725997924805
2020-05-22,198.9550323486328,335.5489501953125,199.4088592529297,33.200016021728516,13.507737159729004,35.91785430908203,796.5154418945312,283.6719970703125,18.788503646850586,326.7459716796875,1155.3731689453125,24.727279663085938,139.1918182373047,19.73444938659668
2020-05-26,190.54708862304688,339.880859375,198.622802734375,32.889732360839844,13.778767585754395,36.97567367553711,809.3817138671875,285.28021240234375,19.785242080688477,336.2581787109375,1148.40234375,24.77367401123047,139.6992950439453,19.777629852294922
2020-05-27,195.87045288085938,385.3908386230469,215.326171875,34.130855560302734,14.626825332641602,39.37981414794922,858.0452270507812,310.7673034667969,20.333446502685547,356.2965087890625,1212.484619140625,25.51595687866211,146.34286499023438,20.07990837097168
2020-05-28,198.0595245361328,389.3244323730469,218.37210083007812,34.219505310058594,14.565625190734863,41.15887451171875,897.5458374023438,318.56451416015625,20.183937072753906,373.5826416015625,1224.3348388671875,24.820066452026367,145.9737548828125,20.209455490112305
2020-05-29,194.82568359375,383.349365234375,214.3436279296875,34.529788970947266,14.653054237365723,43.1783561706543,903.622802734375,323.5352478027344,22.02790069580078,380.1494140625,1218.9078369140625,24.820066452026367,148.8341827392578,20.42536735534668
2020-06-01,204.00477600097656,395.29949951171875,222.6953125,37.63259506225586,16.078142166137695,44.86125946044922,937.8060302734375,330.6501770019531,23.572843551635742,396.0352783203125,1243.206298828125,27.093307495117188,156.90797424316406,22.02312469482422
2020-06-02,214.12913513183594,408.3948059082031,236.45103454589844,37.32231140136719,16.113115310668945,45.77482604980469,950.4822387695312,339.5682067871094,23.772192001342773,419.79156494140625,1337.313232421875,27.139698028564453,157.09251403808594,22.152673721313477
2020-06-03,224.82566833496094,407.8470764160156,245.88352966308594,38.25315475463867,16.987401962280273,45.29399490356445,970.6598510742188,347.80401611328125,23.622682571411133,417.52215576171875,1380.781494140625,28.067550659179688,161.38311767578125,24.095890045166016
2020-06-04,235.67141723632812,392.71026611328125,229.3766632080078,37.942874908447266,17.02237319946289,43.89959716796875,951.1469116210938,339.03216552734375,22.82529067993164,400.8154602050781,1328.848388671875,28.76344108581543,160.59881591796875,25.175453186035156
2020-06-05,239.6266326904297,403.61474609375,243.37802124023438,41.22298049926758,18.23763084411621,45.53441619873047,981.1995849609375,348.1451721191406,24.170886993408203,407.8651428222656,1332.234375,31.31503677368164,173.28619384765625,26.211837768554688
2020-06-08,250.2982635498047,428.4610290527344,258.65673828125,40.55809783935547,17.59065818786621,46.303741455078125,964.6303100585938,350.6792297363281,25.665992736816406,436.1119384765625,1331.188720703125,30.248004913330078,172.36346435546875,25.520915985107422
2020-06-09,241.39280700683594,418.3034362792969,255.3160400390625,40.602420806884766,17.58191680908203,46.59223556518555,937.4736328125,339.71441650390625,24.968276977539062,447.9900817871094,1298.7242431640625,29.505722045898438,170.195068359375,24.5277156829834
2020-06-10,242.1639404296875,425.67266845703125,264.0607604980469,41.66624069213867,18.333803176879883,47.890472412109375,941.7940063476562,344.05157470703125,25.665992736816406,482.46575927734375,1326.707275390625,31.407817840576172,173.19390869140625,25.305002212524414
2020-06-11,230.57191467285156,411.73089599609375,262.8325500488281,40.026187896728516,17.66060447692871,46.159488677978516,919.7173461914062,332.5994873046875,24.81876564025879,505.2081298828125,1293.296875,30.433576583862305,163.459228515625,24.829994201660156
2020-06-12,235.9699249267578,406.30352783203125,278.5533752441406,40.29214096069336,18.141460418701172,46.97689437866211,933.1533203125,335.4747009277344,25.765666961669922,510.3263244628906,1274.4755859375,30.665536880493164,165.30465698242188,24.743627548217773
2020-06-15,226.9152069091797,387.98004150390625,263.96246337890625,40.73539733886719,17.957860946655273,44.76508712768555,901.91357421875,322.706787109375,25.16762351989746,473.7261047363281,1243.7041015625,31.222253799438477,160.27586364746094,25.26181983947754
2020-06-16,238.10922241210938,379.9634704589844,263.3238220214844,39.760231018066406,17.739288330078125,45.0055046081543,940.4171752929688,334.25640869140625,24.81876564025879,465.2762451171875,1271.4881591796875,30.758325576782227,159.53768920898438,24.95954132080078
2020-06-17,233.0843505859375,387.98004150390625,258.6075744628906,39.80455780029297,17.616886138916016,44.90933609008789,929.8299560546875,333.2817077636719,25.366971969604492,474.3055419921875,1238.6253662109375,30.758325576782227,159.58383178710938,25.045907974243164
2020-06-18,235.7460479736328,403.71435546875,266.91015625,40.73539733886719,18.08026123046875,46.35182189941406,968.4758911132812,343.0769348144531,25.516483306884766,482.0794677734375,1297.9276123046875,31.454214096069336,165.7660369873047,25.391366958618164
2020-06-19,241.8654327392578,415.3158874511719,285.5295104980469,41.71056365966797,18.770946502685547,48.99637222290039,981.1995849609375,354.57781982421875,25.765666961669922,467.0627746582031,1297.0811767578125,32.010929107666016,170.24122619628906,26.514116287231445
2020-06-22,253.95498657226562,428.3614196777344,305.8191833496094,43.793880462646484,19.55780792236328,52.21792221069336,976.831787109375,358.2327575683594,28.1578369140625,473.0984191894531,1349.711181640625,33.217132568359375,173.19390869140625,28.32778549194336
2020-06-23,266.6415710449219,441.8052978515625,344.7282409667969,44.76904296875,19.89003562927246,54.28548049926758,989.6978759765625,366.61474609375,28.307348251342773,502.55242919921875,1384.1175537109375,34.74808883666992,177.5768280029297,31.048288345336914
2020-06-24,279.9499816894531,422.88427734375,325.5684509277344,45.74421310424805,19.146888732910156,51.20817947387695,980.3924560546875,339.2758483886719,27.460119247436523,465.17962646484375,1338.30908203125,33.86663055419922,170.33349609375,28.41415023803711
2020-06-25,293.9300537109375,419.94659423828125,329.5478210449219,46.09881591796875,18.32505989074707,50.198448181152344,976.831787109375,342.1023254394531,26.911914825439453,458.8542785644531,1375.9515380859375,34.423343658447266,170.93324279785156,28.759611129760742
2020-06-26,284.70123291015625,423.08349609375,332.0533142089844,45.965843200683594,18.272600173950195,51.400516510009766,1003.1337890625,340.25048828125,26.712566375732422,475.65753173828125,1334.5245361328125,33.959415435791016,170.33349609375,29.234617233276367
2020-06-29,270.4723815917969,403.1168212890625,322.47344970703125,43.66090393066406,17.835460662841797,49.5733642578125,1021.7447509765625,334.4025573730469,25.865341186523438,463.5379638671875,1350.0101318359375,32.799598693847656,165.39694213867188,28.28460121154785
2020-06-30,270.3977355957031,404.9591064453125,313.7287292480469,43.08466339111328,17.58191680908203,49.044456481933594,1012.0594482421875,342.5409240722656,25.61615753173828,458.51629638671875,1354.7899169921875,32.242889404296875,164.6587677001953,27.46413230895996
2020-07-01,277.86041259765625,431.4485778808594,320.1644592285156,45.56691360473633,18.44746208190918,51.16010284423828,1029.863037109375,354.82147216796875,26.264036178588867,475.5610046386719,1351.1053466796875,33.77384948730469,170.51803588867188,28.068687438964844
2020-07-02,286.2932434082031,421.44036865234375,340.20849609375,45.65556335449219,18.281347274780273,51.496681213378906,1034.421142578125,353.6519470214844,26.712566375732422,477.8303527832031,1346.3751220703125,33.63467025756836,171.1177978515625,27.982324600219727
2020-07-03,282.06439208984375,426.6684875488281,341.0927734375,44.99067306518555,18.010316848754883,50.9677734375,1019.7506713867188,351.84881591796875,26.662731170654297,470.49102783203125,1348.167724609375,33.35631561279297,170.42578125,27.680044174194336
2020-07-06,296.14398193359375,432.1954345703125,350.7217712402344,45.611236572265625,18.342546463012695,51.59284210205078,1047.3345947265625,352.6772766113281,27.111263275146484,478.8926696777344,1362.2091064453125,34.423343658447266,173.51686096191406,27.809593200683594
2020-07-07,310.9449768066406,445.48992919921875,387.8131408691406,45.03499984741211,18.272600173950195,53.80465316772461,1049.3760986328125,366.5173034667969,28.1578369140625,508.2500305175781,1362.5576171875,34.144989013671875,174.02435302734375,27.76641273498535
2020-07-08,321.5419616699219,442.30322265625,372.68182373046875,46.76370620727539,19.059459686279297,52.314090728759766,1054.3134765625,359.5973205566406,27.808979034423828,533.6480712890625,1347.1219482421875,34.56252670288086,177.06930541992188,28.068687438964844
2020-07-09,310.02459716796875,451.8633117675781,374.4504089355469,46.80803298950195,18.998262405395508,53.083412170410156,1068.1768798828125,360.9617919921875,27.95848846435547,537.4625854492188,1362.4581298828125,34.423343658447266,183.712890625,28.241418838500977
2020-07-10,309.6017150878906,437.77215576171875,367.4251708984375,45.74421310424805,18.290090560913086,52.12175369262695,1049.3284912109375,351.2153015136719,27.01158905029297,520.7559814453125,1343.7362060546875,32.521240234375,180.4833984375,27.680044174194336
2020-07-13,310.7210693359375,438.2202453613281,363.642333984375,44.81337356567383,18.08026123046875,51.01585388183594,1025.7327880859375,344.6363830566406,26.812240600585938,521.1422119140625,1329.99365234375,32.05731201171875,177.8074951171875,27.248218536376953
2020-07-14,316.34295654296875,415.96319580078125,346.25115966796875,43.439273834228516,17.643115997314453,49.140625,1005.41259765625,336.79046630859375,25.81550407409668,493.2816162109375,1292.8988037109375,31.129465103149414,171.6714324951172,26.298202514648438
2020-07-15,313.4325256347656,424.8760070800781,343.3034973144531,42.15382385253906,17.730545043945312,47.890472412109375,1000.0004272460938,337.03411865234375,25.16762351989746,486.2803039550781,1284.633056640625,30.619150161743164,169.59530639648438,26.039106369018555
2020-07-16,317.95989990234375,432.1954345703125,336.52392578125,42.64140701293945,17.730545043945312,50.00611114501953,1008.9261474609375,335.9132385253906,25.516483306884766,500.8140869140625,1317.1473388671875,30.851110458374023,171.85598754882812,25.82319450378418
2020-07-17,325.34796142578125,431.2991943359375,346.6441955566406,43.793880462646484,17.879173278808594,50.054195404052734,1043.0142822265625,344.831298828125,26.463382720947266,502.93865966796875,1321.92724609375,31.175857543945312,173.65525817871094,27.032306671142578
2020-07-20,341.5917053222656,432.1954345703125,344.38433837890625,43.12899398803711,18.010316848754883,51.64093017578125,1075.8680419921875,353.7981262207031,27.210935592651367,510.61602783203125,1313.5623779296875,32.05731201171875,176.0081787109375,26.816390991210938
2020-07-21,358.6563720703125,444.3446960449219,347.0372619628906,43.793880462646484,18.18517303466797,52.3621711730957,1081.090576171875,369.19757080078125,27.01158905029297,505.54608154296875,1353.3460693359375,32.242889404296875,179.3760986328125,26.90275764465332
2020-07-22,359.4026184082031,476.9585266113281,337.8995056152344,43.173316955566406,17.85294532775879,54.52589797973633,1069.5062255859375,371.4393005371094,26.911914825439453,495.93731689453125,1336.7652587890625,31.778961181640625,177.16159057617188,26.600479125976562
2020-07-23,375.17376708984375,458.9338073730469,343.8439636230469,43.66090393066406,17.879173278808594,54.910560607910156,1073.351806640625,382.306640625,27.210935592651367,496.2753601074219,1368.33349609375,31.825353622436523,182.92855834960938,26.643661499023438
2020-07-24,393.68121337890625,443.7471923828125,335.39398193359375,43.08466339111328,17.704317092895508,55.343299865722656,1062.6220703125,372.1215515136719,28.35718536376953,504.33892822265625,1344.383544921875,31.129465103149414,177.11546325683594,26.384567260742188
2020-07-27,385.0742492675781,429.7555847167969,324.4876708984375,41.355960845947266,17.43328857421875,53.75657272338867,1025.020751953125,349.41217041015625,27.260774612426758,489.2739562988281,1317.0972900390625,29.969648361206055,172.6864013671875,25.520915985107422
2020-07-28,390.87030029296875,435.2327575683594,334.6079406738281,41.48893737792969,17.555686950683594,53.41999053955078,1031.8096923828125,343.1744384765625,27.75914192199707,508.8777770996094,1378.2918701171875,29.784076690673828,174.80865478515625,25.218639373779297
2020-07-29,371.3429260253906,439.0667419433594,330.4812316894531,41.97651672363281,17.52945899963379,53.660404205322266,1010.8726196289062,342.1510009765625,28.108001708984375,531.6201171875,1383.6693115234375,30.387184143066406,176.4234161376953,25.650463104248047
2020-07-30,352.78570556640625,424.0793151855469,332.20068359375,40.73539733886719,17.372087478637695,52.073673248291016,997.62646484375,336.2057189941406,26.911914825439453,502.021240234375,1379.2379150390625,29.45932960510254,172.13279724121094,25.305002212524414
2020-07-31,368.38275146484375,429.85516357421875,339.07855224609375,41.48893737792969,17.80923080444336,51.8332633972168,980.6774291992188,338.0087585449219,26.513219833374023,505.7875061035156,1360.06787109375,29.644901275634766,176.65408325195312,25.045907974243164
2020-08-03,354.9499206542969,415.61468505859375,303.41192626953125,41.53326416015625,17.80048942565918,50.43886184692383,951.4317626953125,334.54876708984375,26.01485252380371,485.7973937988281,1303.10595703125,30.526363372802734,177.3922576904297,25.08909034729004
2020-08-04,346.64141845703125,427.3656005859375,301.5450744628906,41.22298049926758,18.263858795166016,50.29460906982422,989.080810546875,342.1023254394531,26.712566375732422,475.705810546875,1318.44189453125,30.15522003173828,176.79251098632812,25.132272720336914
2020-08-05,361.1439514160156,433.1414794921875,305.5244445800781,41.090003967285156,18.036544799804688,50.34269332885742,975.6923828125,343.2718811035156,26.862079620361328,475.8506774902344,1328.649169921875,30.248004913330078,176.65408325195312,25.434551239013672
2020-08-06,366.4921875,431.1995849609375,294.8146057128906,41.0013542175293,17.914146423339844,50.43886184692383,988.1785888671875,349.6558532714844,26.862079620361328,477.92694091796875,1334.5245361328125,30.016040802001953,176.19273376464844,25.391366958618164
2020-08-07,352.9847412109375,431.4983215332031,302.1346130371094,42.863037109375,17.81797218322754,52.55450439453125,991.1697387695312,348.87615966796875,28.307348251342773,491.54339599609375,1336.9146728515625,30.433576583862305,175.9158935546875,25.391366958618164
2020-08-10,349.2533874511719,429.3074951171875,296.14105224609375,43.04033660888672,17.80923080444336,51.78517532348633,997.62646484375,354.33416748046875,28.307348251342773,491.88134765625,1354.5411376953125,30.47996711730957,178.8224639892578,25.477731704711914
2020-08-11,346.740966796875,446.13720703125,295.35504150390625,41.7548942565918,17.7218017578125,52.21792221069336,1012.8190307617188,358.037841796875,30.201148986816406,504.0975341796875,1358.9227294921875,30.47996711730957,179.9758758544922,26.514116287231445
2020-08-12,360.2483825683594,449.2243347167969,292.1617126464844,43.08466339111328,17.879173278808594,51.92942428588867,1010.0180053710938,357.5505065917969,30.948701858520508,502.79388427734375,1329.54541015625,31.361425399780273,187.58828735351562,26.643661499023438
2020-08-13,356.5419616699219,446.23681640625,285.8242492675781,42.64140701293945,17.861690521240234,51.92942428588867,1005.6026000976562,358.7200622558594,31.247724533081055,500.958984375,1330.690673828125,30.851110458374023,186.29647827148438,26.125473022460938
2020-08-14,352.188720703125,434.0377197265625,283.1713562011719,40.86837387084961,17.71306037902832,50.583106994628906,982.2440795898438,352.2386779785156,30.15131187438965,489.80511474609375,1302.010498046875,29.923255920410156,181.31381225585938,25.477731704711914
2020-08-17,351.8404541015625,436.3281555175781,282.2870788574219,40.91270065307617,17.494487762451172,50.823516845703125,980.6298828125,351.0691223144531,29.403759002685547,495.5510559082031,1322.0269775390625,30.108827590942383,178.17657470703125,25.34818458557129
2020-08-18,358.2086181640625,443.94635009765625,282.974853515625,41.22298049926758,17.844200134277344,51.44859313964844,1003.1812744140625,360.18206787109375,31.197885513305664,503.7112121582031,1363.653076171875,30.47996711730957,180.02200317382812,25.391366958618164
2020-08-19,363.9548645019531,442.35302734375,284.5960388183594,42.19814682006836,18.473690032958984,52.79491424560547,1012.7716064453125,364.9578857421875,31.048376083374023,504.242431640625,1349.9600830078125,31.732566833496094,181.82131958007812,25.82319450378418
2020-08-20,361.1439514160156,433.1414794921875,283.56439208984375,42.0651741027832,18.18517303466797,52.50642013549805,1005.55517578125,358.4277038574219,30.849029541015625,495.79248046875,1332.7818603515625,32.56763458251953,179.69908142089844,25.82319450378418
2020-08-21,359.900146484375,438.6186218261719,287.0033264160156,42.863037109375,18.23763084411621,53.75657272338867,1030.8602294921875,361.7414855957031,30.799190521240234,495.93731689453125,1333.82763671875,33.07796096801758,183.0669708251953,26.298202514648438
2020-08-24,364.701171875,443.94635009765625,289.8035888671875,42.863037109375,18.097745895385742,54.52589797973633,1060.675537109375,370.7082824707031,32.04511642456055,511.0023193359375,1381.4786376953125,32.753204345703125,185.88125610351562,26.686847686767578
2020-08-25,367.2882385253906,449.9213562011719,288.2806396484375,43.173316955566406,18.65728759765625,54.237403869628906,1063.1917724609375,376.55621337890625,31.845767974853516,518.1002807617188,1394.2750244140625,32.660423278808594,191.87893676757812,26.384567260742188
2020-08-26,364.67626953125,461.42340087890625,292.8495178222656,42.95168685913086,18.58734703063965,54.52589797973633,1062.0048828125,379.48016357421875,32.34413528442383,548.181884765625,1430.7227783203125,32.84599685668945,193.632080078125,26.341384887695312
2020-08-27,363.4076232910156,471.0830383300781,305.67181396484375,43.173316955566406,18.456205368041992,53.94890213012695,1055.975341796875,382.2579345703125,31.795928955078125,585.0718383789062,1414.092529296875,32.753204345703125,198.98382568359375,26.384567260742188
2020-08-28,366.51702880859375,507.0827331542969,314.46563720703125,45.74421310424805,20.073633193969727,58.132110595703125,1058.25439453125,399.31427001953125,33.54022216796875,642.8209838867188,1460.996337890625,34.376949310302734,207.47283935546875,27.118671417236328
2020-08-31,332.3379821777344,494.68450927734375,300.4642639160156,43.39494323730469,18.797176361083984,53.17958068847656,1059.5360107421875,384.5970764160156,31.89560317993164,608.5867919921875,1395.519775390625,32.521240234375,195.61590576171875,26.08228874206543
2020-09-01,348.7558898925781,483.68048095703125,300.6607971191406,42.15382385253906,18.666032791137695,52.55450439453125,1070.408203125,381.0395812988281,31.29755973815918,605.9310302734375,1424.6978759765625,32.196495056152344,201.2445068359375,25.82319450378418
2020-09-02,350.0245361328125,482.3858337402344,311.9601135253906,41.88786697387695,18.840890884399414,53.75657272338867,1076.9124755859375,382.4528503417969,31.646419525146484,618.581787109375,1417.57763671875,32.28927993774414,199.53746032714844,25.564098358154297
2020-09-03,342.6365051269531,472.97515869140625,307.4403991699219,41.932193756103516,18.58734703063965,53.56424331665039,1073.826416015625,373.0474548339844,31.646419525146484,610.1800537109375,1390.8890380859375,32.010929107666016,196.67703247070312,25.693645477294922
2020-09-04,328.0096130371094,453.3072509765625,308.96337890625,40.691078186035156,18.054031372070312,51.78517532348633,1062.81201171875,363.10601806640625,31.596582412719727,595.0186157226562,1374.3084716796875,31.222253799438477,190.63327026367188,25.34818458557129
2020-09-07,323.6812438964844,456.7927551269531,301.7416076660156,40.957027435302734,17.81797218322754,50.823516845703125,1054.4559326171875,363.9344787597656,31.596582412719727,587.8240966796875,1363.0555419921875,31.361425399780273,191.83279418945312,25.002723693847656
2020-09-08,320.397705078125,442.50238037109375,300.1203918457031,40.114837646484375,17.459516525268555,50.10227966308594,1056.3077392578125,366.1761779785156,30.201148986816406,579.8087158203125,1345.0804443359375,31.222253799438477,188.2803192138672,24.829994201660156
2020-09-09,319.1290588378906,429.45684814453125,295.6006774902344,39.31697463989258,17.074831008911133,49.332950592041016,1041.1627197265625,358.281494140625,29.30408477783203,583.8646240234375,1320.6328125,30.526363372802734,179.7913360595703,24.39816665649414
2020-09-10,327.2882385253906,444.9919738769531,301.69244384765625,40.42511749267578,17.546945571899414,49.284873962402344,1035.5130615234375,361.30291748046875,30.550006866455078,599.1710815429688,1314.010498046875,31.129465103149414,182.83628845214844,24.87317657470703
2020-09-11,334.9001770019531,445.3405456542969,306.35955810546875,40.73539733886719,17.634374618530273,49.813785552978516,1024.2135009765625,361.1080017089844,30.948701858520508,589.41748046875,1324.815185546875,31.268646240234375,187.03465270996094,24.743627548217773
2020-09-14,348.70611572265625,438.7181701660156,296.14105224609375,40.91270065307617,17.555686950683594,51.30434799194336,1004.55810546875,354.4803771972656,30.948701858520508,588.4517822265625,1299.27197265625,31.175857543945312,183.15924072265625,24.70044708251953
2020-09-15,348.30810546875,447.68072509765625,298.4009094238281,41.26730728149414,17.58191680908203,52.16984176635742,1016.4747314453125,362.13134765625,32.04511642456055,611.677001953125,1318.44189453125,30.897502899169922,184.68173217773438,24.31180191040039
2020-09-16,354.8752746582031,444.1455383300781,299.7764892578125,41.17865753173828,17.52945899963379,51.496681213378906,1038.456298828125,365.2015686035156,31.995275497436523,600.3299560546875,1319.8858642578125,31.175857543945312,182.88241577148438,24.095890045166016
2020-09-17,350.6961975097656,441.0583801269531,299.97296142578125,40.42511749267578,17.415802001953125,50.631195068359375,1028.91357421875,359.6460266113281,31.845767974853516,596.1773071289062,1299.6702880859375,30.851110458374023,180.344970703125,23.750429153442383
2020-09-18,361.4673156738281,441.5065612792969,293.53729248046875,39.937530517578125,17.25843048095703,49.90994644165039,1003.9409790039062,360.18206787109375,30.998538970947266,592.1697998046875,1271.786865234375,30.248004913330078,177.7152099609375,23.189056396484375
2020-09-21,346.1439208984375,421.5897216796875,272.36334228515625,37.98719787597656,16.725116729736328,47.890472412109375,996.3446044921875,341.8099365234375,29.353923797607422,541.3736572265625,1282.491943359375,28.43869400024414,171.4407501220703,22.498132705688477
2020-09-22,332.23846435546875,410.2868957519531,262.783447265625,37.49961853027344,15.649740219116211,46.97689437866211,983.1461791992188,345.4161071777344,28.606369018554688,525.3429565429688,1265.26416015625,27.88197898864746,171.80984497070312,22.02312469482422
2020-09-23,325.54693603515625,418.0046691894531,263.2746887207031,36.8347282409668,15.413681983947754,46.59223556518555,994.3980712890625,342.9307861328125,28.35718536376953,509.9400329589844,1270.0938720703125,27.23248291015625,169.59530639648438,21.720848083496094
2020-09-24,315.62158203125,400.7765808105469,250.35415649414062,35.32765197753906,14.565625190734863,43.995765686035156,978.3985595703125,327.1901550292969,26.911914825439453,473.4364318847656,1240.9156494140625,26.026273727416992,162.72108459472656,21.46175193786621
2020-09-25,326.4921875,413.3241882324219,260.3761901855469,36.8347282409668,15.230083465576172,45.87099075317383,991.3121337890625,339.8118896484375,29.254249572753906,497.1927490234375,1247.8369140625,26.95412826538086,168.11895751953125,20.943559646606445
2020-09-28,332.03948974609375,437.423583984375,275.5566101074219,38.430458068847656,15.912028312683105,48.56362533569336,1000.9972534179688,353.7981262207031,30.300823211669922,536.0623168945312,1273.380126953125,27.97476577758789,172.7786865234375,21.418567657470703
2020-09-29,326.5419616699219,425.0751647949219,268.7769775390625,36.65742874145508,15.632256507873535,47.313472747802734,1008.9261474609375,347.9989318847656,29.951963424682617,517.8588256835938,1257.9945068359375,27.000520706176758,170.7487030029297,21.332202911376953
2020-09-30,325.54693603515625,422.88427734375,268.236572265625,36.3914680480957,15.53608512878418,46.73648452758789,1024.166015625,345.7572326660156,29.852291107177734,509.3124084472656,1262.923828125,26.49020004272461,171.0716552734375,21.029926300048828
2020-10-01,331.34295654296875,441.8551025390625,280.76409912109375,37.189334869384766,15.684714317321777,48.56362533569336,1051.0850830078125,359.8409729003906,30.250986099243164,571.8899536132812,1299.6204833984375,25.979881286621094,175.59298706054688,20.943559646606445
2020-10-05,333.556884765625,442.30322265625,287.2489929199219,36.8347282409668,15.7808837890625,48.85212326049805,1058.11181640625,363.64208984375,30.101476669311523,580.9192504882812,1309.130859375,26.258235931396484,174.1627655029297,21.202655792236328
2020-10-06,365.39764404296875,447.78033447265625,300.6607971191406,37.277984619140625,15.973228454589844,49.76569747924805,1086.3603515625,370.95196533203125,31.048376083374023,601.4404296875,1332.682373046875,26.304630279541016,176.79251098632812,21.116291046142578
2020-10-07,360.29815673828125,451.21600341796875,309.06158447265625,36.79039764404297,15.640997886657715,49.477203369140625,1103.594482421875,372.95001220703125,31.49690818786621,597.8673706054688,1319.1888427734375,25.74791717529297,175.9620361328125,21.029926300048828
2020-10-08,362.636474609375,450.0209655761719,313.2374267578125,37.76556396484375,15.675970077514648,50.198448181152344,1131.653076171875,377.6770935058594,31.397233963012695,596.5154418945312,1314.60791015625,25.794309616088867,176.70021057128906,21.116291046142578
2020-10-09,368.6563720703125,466.1038513183594,319.77142333984375,39.272647857666016,16.14808464050293,50.919681549072266,1171.2962646484375,391.3221740722656,31.845767974853516,601.6819458007812,1314.35888671875,26.81494903564453,182.97470092773438,21.504932403564453
2020-10-12,364.5767517089844,466.0540466308594,322.1295471191406,37.056358337402344,15.745912551879883,50.486942291259766,1152.400390625,393.8075256347656,31.048376083374023,593.3768310546875,1307.4378662109375,26.397417068481445,183.3437957763672,21.504932403564453
2020-10-13,370.7458801269531,459.43170166015625,315.00604248046875,36.613101959228516,15.632256507873535,50.43886184692383,1137.96728515625,386.2052307128906,31.29755973815918,587.3411865234375,1339.3544921875,25.8407039642334,180.57565307617188,20.943559646606445
2020-10-14,366.5668029785156,469.3403015136719,315.1534423828125,37.277984619140625,15.483625411987305,50.871604919433594,1150.35888671875,396.4877624511719,31.14805030822754,601.295654296875,1347.719482421875,26.11905860900879,184.58946228027344,20.814014434814453
2020-10-15,360.9946594238281,460.676513671875,298.4500732421875,35.77090835571289,15.33499813079834,49.76569747924805,1110.2410888671875,381.0883483886719,29.951963424682617,577.4910278320312,1304.101806640625,25.701526641845703,177.94589233398438,20.209455490112305
2020-10-16,364.0792541503906,470.4357604980469,307.53863525390625,35.72658157348633,15.361226081848145,50.198448181152344,1138.822021484375,386.0590515136719,30.59984588623047,587.4378051757812,1330.989501953125,25.46956443786621,180.80630493164062,20.07990837097168
2020-10-19,382.0394287109375,490.90032958984375,318.0519714355469,38.65208435058594,15.632256507873535,54.045066833496094,1142.81005859375,406.5267333984375,31.646419525146484,605.5929565429688,1370.9722900390625,25.933488845825195,188.23419189453125,20.554916381835938
2020-10-20,392.2633056640625,491.89617919921875,313.5813293457031,37.100685119628906,15.518597602844238,54.67013931274414,1162.180419921875,404.0900573730469,31.49690818786621,603.8065185546875,1363.1053466796875,25.37677764892578,187.35760498046875,20.33900260925293
2020-10-21,384.8503723144531,499.3650207519531,310.535400390625,37.72124481201172,15.527341842651367,54.814388275146484,1183.7823486328125,409.64556884765625,31.14805030822754,606.5587158203125,1387.50341796875,25.237600326538086,188.00350952148438,21.07310676574707
2020-10-22,387.53692626953125,508.17816162109375,304.8857421875,37.98719787597656,15.439913749694824,54.33356475830078,1171.058837890625,402.43316650390625,31.646419525146484,587.8723754882812,1387.2545166015625,25.237600326538086,187.58828735351562,20.857194900512695
2020-10-23,392.7110290527344,505.091064453125,302.3802490234375,38.25315475463867,15.65848445892334,53.85274124145508,1173.4326171875,406.3805236816406,31.34739875793457,587.29296875,1377.2958984375,25.42317008972168,187.12692260742188,21.029926300048828
2020-10-26,384.3031005859375,491.29864501953125,293.9302978515625,37.85422134399414,15.684714317321777,52.073673248291016,1149.7891845703125,394.1973876953125,30.500171661376953,595.50146484375,1411.005126953125,25.979881286621094,181.49835205078125,20.98674201965332
2020-10-27,392.8603210449219,505.9873352050781,291.0318298339844,38.03152847290039,15.413681983947754,51.977508544921875,1170.8687744140625,399.5579528808594,30.998538970947266,592.9423217773438,1581.0447998046875,25.37677764892578,179.60678100585938,20.72764778137207
2020-10-28,397.6861877441406,502.6014404296875,283.9082946777344,37.23366165161133,15.212599754333496,50.150360107421875,1148.5548095703125,386.0102844238281,30.799190521240234,572.5176391601562,1544.8956298828125,25.14481544494629,175.7313690185547,20.598098754882812
2020-10-29,389.47723388671875,491.7966003417969,288.1332702636719,38.07585144042969,14.985282897949219,49.044456481933594,1127.28515625,389.7627258300781,30.450332641601562,568.5099487304688,1564.364501953125,24.68088722229004,174.1166229248047,20.382186889648438
2020-10-30,385.7458801269531,490.4521789550781,284.39959716796875,36.967708587646484,15.072711944580078,48.51554489135742,1123.8193359375,382.6477966308594,30.500171661376953,565.6128540039062,1540.9622802734375,24.820066452026367,174.6240997314453,20.770828247070312
2020-11-02,382.810546875,520.476806640625,295.6497497558594,39.760231018066406,15.273797988891602,49.66953659057617,1153.919677734375,406.8677978515625,30.15131187438965,606.8001708984375,1574.123779296875,25.933488845825195,180.89857482910156,20.684463500976562
2020-11-03,384.1787109375,531.9290161132812,302.920654296875,39.937530517578125,15.492368698120117,51.44859313964844,1184.9693603515625,432.5986022949219,30.400497436523438,624.4241943359375,1586.9700927734375,25.794309616088867,188.9262237548828,20.598098754882812
2020-11-04,387.8603210449219,522.9664306640625,307.1456298828125,39.937530517578125,15.632256507873535,50.67927169799805,1193.9423828125,425.970947265625,30.500171661376953,654.7955932617188,1623.9156494140625,25.46956443786621,191.00233459472656,20.554916381835938
2020-11-05,377.0393981933594,537.0575561523438,315.3990783691406,40.55809783935547,15.999454498291016,52.073673248291016,1205.1468505859375,427.3842468261719,31.048376083374023,689.8990478515625,1668.4796142578125,25.701526641845703,201.75198364257812,20.814014434814453
2020-11-06,384.1787109375,539.4973754882812,325.1263122558594,40.602420806884766,16.095626831054688,52.65066909790039,1241.6566162109375,431.5752258300781,31.54674530029297,713.3173217773438,1710.90234375,25.74791717529297,202.2594757080078,21.15947151184082
2020-11-09,402.3876647949219,562.7005004882812,334.1658020019531,41.444610595703125,16.209285736083984,53.56424331665039,1272.89599609375,450.97076416015625,32.842506408691406,748.8552856445312,1720.960205078125,26.53659439086914,202.5363006591797,21.46175193786621
2020-11-10,426.5667419433594,581.17333984375,338.9311828613281,42.73006057739258,16.83877182006836,56.401126861572266,1323.31640625,471.5846252441406,34.1880989074707,806.5560302734375,1745.6571044921875,27.464447021484375,213.79345703125,21.720848083496094
2020-11-11,421.4672546386719,606.1192626953125,333.23236083984375,41.843544006347656,16.497800827026367,55.24714279174805,1319.802978515625,474.2161865234375,33.14152526855469,760.926513671875,1800.3287353515625,27.139698028564453,216.1002197265625,21.548118591308594
2020-11-12,411.41754150390625,597.2064819335938,331.8568115234375,40.46944808959961,16.06939697265625,54.141231536865234,1302.4739990234375,464.6158752441406,32.842506408691406,742.8196411132812,1747.4495849609375,27.000520706176758,209.2721405029297,21.37538719177246
2020-11-13,419.99957275390625,607.8120727539062,338.243408203125,41.26730728149414,15.999454498291016,54.47781753540039,1290.22509765625,473.24151611328125,32.942176818847656,742.1918334960938,1755.964111328125,27.371658325195312,211.7173309326172,21.332202911376953
2020-11-14,424.0294189453125,610.6005859375,337.55560302734375,41.355960845947266,16.095626831054688,54.42972946166992,1300.5750732421875,474.55731201171875,33.590057373046875,744.0266723632812,1763.183837890625,27.464447021484375,211.90185546875,21.504932403564453
2020-11-17,443.7060546875,626.1854248046875,346.4967956542969,42.15382385253906,16.165571212768555,55.82413101196289,1337.369384765625,474.0699768066406,33.49038314819336,757.2568359375,1789.17529296875,27.6964111328125,221.63653564453125,21.504932403564453
2020-11-18,445.6960754394531,633.6541748046875,355.1432800292969,43.9711799621582,16.497800827026367,59.526512145996094,1337.606689453125,485.0347900390625,34.1880989074707,799.8927001953125,1822.98388671875,28.624263763427734,232.52459716796875,22.152673721313477
2020-11-19,439.7508239746094,608.9573974609375,346.44769287109375,42.50843048095703,16.31420135498047,56.3530387878418,1304.9903564453125,466.6138916015625,33.291038513183594,789.9459838867188,1818.7515869140625,27.835586547851562,221.22129821777344,21.807212829589844
2020-11-20,436.8403625488281,605.322509765625,343.7947998046875,42.15382385253906,16.31420135498047,56.20879364013672,1332.8116455078125,468.02716064453125,33.49038314819336,783.1859741210938,1881.5394287109375,27.650014877319336,223.98947143554688,22.06630516052246
2020-11-23,432.6612854003906,593.1234741210938,347.7250061035156,41.57759094238281,16.410371780395508,56.06454849243164,1324.21826171875,456.3800964355469,36.72977828979492,820.6070556640625,1889.954345703125,27.88197898864746,220.25244140625,22.1094913482666
2020-11-24,434.9995422363281,617.0735473632812,352.4903869628906,41.53326416015625,16.305458068847656,56.25687789916992,1365.617919921875,466.077880859375,36.77961730957031,824.421630859375,1916.8917236328125,28.206729888916016,225.0044403076172,22.19585609436035
2020-11-25,425.9945983886719,597.3557739257812,361.72637939453125,43.48359680175781,16.873743057250977,56.93003845214844,1332.004638671875,460.71728515625,35.683204650878906,825.7252807617188,1854.701416015625,29.08818817138672,224.2201385498047,23.05950927734375
2020-11-26,428.3826599121094,610.0030517578125,360.154296875,45.34528350830078,17.485746383666992,57.555110931396484,1354.6507568359375,463.2513732910156,35.683204650878906,821.379638671875,1881.24072265625,29.73768424987793,226.48077392578125,23.534515380859375
2020-11-27,417.4373779296875,599.0985107421875,360.596435546875,45.5225830078125,18.15020179748535,60.391998291015625,1368.1341552734375,461.350830078125,36.63010787963867,828.236083984375,1899.16552734375,31.036684036254883,225.37353515625,24.182254791259766
2020-12-01,434.2781982421875,601.1400756835938,370.61846923828125,47.65022277832031,19.216833114624023,63.08462905883789,1360.9652099609375,472.80291748046875,36.97896194458008,864.7880249023438,1868.0457763671875,31.964534759521484,228.87985229492188,24.95954132080078
2020-12-02,441.1190185546875,605.571533203125,365.8039245605469,47.96050262451172,18.491174697875977,62.55572509765625,1335.945068359375,468.27081298828125,36.6799430847168,866.5262451171875,1806.65234375,31.500606536865234,227.8648681640625,25.391366958618164
2020-12-03,437.95977783203125,600.1940307617188,370.0289306640625,51.683868408203125,19.225576400756836,63.08462905883789,1307.6964111328125,469.63531494140625,36.8294563293457,865.5123291015625,1813.4239501953125,33.217132568359375,236.49224853515625,26.73002815246582
2020-12-04,438.034423828125,611.9448852539062,386.5357971191406,52.348751068115234,19.44414710998535,63.469303131103516,1315.6724853515625,489.3232421875,36.97896194458008,882.3155517578125,1838.56884765625,33.07796096801758,243.13583374023438,26.90275764465332
2020-12-07,447.0891418457031,616.6751708984375,403.8287048339844,53.32392120361328,20.528263092041016,63.805870056152344,1302.9962158203125,497.5103759765625,36.63010787963867,903.0781860351562,1812.9759521484375,33.17074203491211,248.764404296875,27.032306671142578
2020-12-08,451.641357421875,618.0693969726562,396.85260009765625,57.80082321166992,23.955469131469727,62.98847198486328,1306.842041015625,495.5122985839844,36.92912673950195,885.2609252929688,1826.1707763671875,37.67082977294922,250.8866729736328,29.234617233276367
2020-12-09,457.16375732421875,631.5630493164062,392.9715270996094,58.155433654785156,22.407981872558594,64.04629516601562,1336.1824951171875,498.5337219238281,38.52391052246094,896.6561889648438,1875.7137451171875,36.557403564453125,249.4564666748047,29.32098388671875
2020-12-10,453.25823974609375,624.4426879882812,407.66064453125,58.82032012939453,21.42003631591797,62.98847198486328,1315.909912109375,494.09906005859375,37.477333068847656,884.4400024414062,1895.381591796875,35.629554748535156,248.71824645996094,28.241418838500977
2020-12-11,457.8602294921875,610.7001342773438,415.81585693359375,58.02245330810547,21.900894165039062,63.70970916748047,1313.013916015625,502.3835754394531,37.327823638916016,892.0691528320312,1912.410400390625,37.578041076660156,251.3941650390625,28.630062103271484
2020-12-14,462.4124755859375,613.339111328125,403.14093017578125,59.39655303955078,22.276840209960938,65.77726745605469,1302.9013671875,512.47119140625,37.6268424987793,889.6549072265625,1931.2816162109375,38.273929595947266,253.00889587402344,29.234617233276367
2020-12-15,459.0045166015625,604.5756225585938,404.9586486816406,59.5295295715332,21.332609176635742,64.81562805175781,1321.0849609375,504.9176330566406,37.6268424987793,894.9662475585938,1943.0325927734375,37.67082977294922,249.73321533203125,28.932340621948242
2020-12-16,455.6214294433594,603.579833984375,402.9935302734375,58.86465072631836,20.974151611328125,65.15219116210938,1339.5057373046875,499.4596252441406,37.6268424987793,890.1859741210938,1944.4266357421875,35.21201705932617,248.57986450195312,28.32778549194336
2020-12-17,469.2283935546875,602.8827514648438,399.2598571777344,56.5597038269043,21.69980812072754,64.5271224975586,1369.0362548828125,497.4615783691406,37.27798843383789,903.705810546875,1957.2730712890625,34.33055877685547,247.01126098632812,27.59368324279785
2020-12-18,446.2682189941406,606.9656372070312,401.07757568359375,55.939144134521484,21.262664794921875,63.805870056152344,1340.1229248046875,504.04052734375,36.8294563293457,874.1553344726562,1941.239990234375,33.913021087646484,250.471435546875,26.859577178955078
2020-12-21,418.1339111328125,580.0779418945312,367.76904296875,52.12712860107422,19.085689544677734,58.084022521972656,1303.3760986328125,481.96466064453125,34.13826370239258,813.798828125,1912.858642578125,31.639781951904297,235.01589965820312,24.916358947753906
2020-12-22,425.8702087402344,587.2978515625,389.77825927734375,52.12712860107422,20.143579483032227,59.43033981323242,1303.8033447265625,487.61761474609375,34.487117767333984,811.867431640625,1895.032958984375,30.990291595458984,237.5533905029297,25.08909034729004
2020-12-23,432.2135009765625,589.9866333007812,392.0871887207031,53.67852783203125,21.105295181274414,61.78639602661133,1306.2247314453125,490.833984375,35.78288269042969,826.0149536132812,1912.7589111328125,29.505722045898438,242.67445373535156,25.607280731201172
2020-12-24,431.7657470703125,607.6627807617188,391.2029113769531,53.94448471069336,21.114036560058594,62.69997024536133,1326.5921630859375,500.53173828125,35.78288269042969,823.552490234375,1952.4432373046875,29.180973052978516,246.22691345214844,25.82319450378418
2020-12-28,425.9945983886719,615.0819091796875,399.0633239746094,55.31858444213867,21.900894165039062,64.81562805175781,1341.5472412109375,506.9156494140625,36.8294563293457,837.2171630859375,1980.62548828125,30.062437057495117,253.93162536621094,26.341384887695312
2020-12-29,422.1140441894531,627.5796508789062,405.9903564453125,55.27425765991211,22.093238830566406,64.81562805175781,1355.1729736328125,515.3952026367188,36.58026885986328,881.5911865234375,1990.982177734375,30.804719924926758,256.4229431152344,27.55049705505371
2020-12-30,424.1040954589844,622.5007934570312,399.0141906738281,55.05262756347656,22.617813110351562,64.67137145996094,1360.2056884765625,515.3463745117188,36.530433654785156,868.2162475585938,2009.554443359375,30.387184143066406,255.50021362304688,27.59368324279785
2020-12-31,424.1787109375,617.8701782226562,395.23138427734375,54.47639083862305,22.547868728637695,64.1424560546875,1363.81396484375,521.4867553710938,36.92912673950195,864.2568969726562,1987.2974853515625,30.665536880493164,253.700927734375,27.248218536376953
2021-01-01,435.4970703125,621.2062377929688,393.2171630859375,57.180267333984375,23.30849838256836,65.4406967163086,1353.1317138671875,514.128173828125,37.27798843383789,869.2785034179688,1985.7540283203125,32.28927993774414,257.8070068359375,27.72322654724121
2021-01-04,439.42742919921875,622.1024780273438,390.072998046875,58.332740783691406,23.430896759033203,67.84484100341797,1344.538330078125,518.2216796875,38.47407150268555,867.057373046875,1957.3726806640625,32.98516845703125,259.3294982910156,27.982324600219727
2021-01-05,440.12396240234375,661.687255859375,394.8383483886719,58.155433654785156,23.675697326660156,69.5277328491211,1354.6982421875,523.6309814453125,39.57048416137695,890.0411987304688,1951.5968017578125,33.03156280517578,259.9754638671875,27.680044174194336
2021-01-06,442.5617370605469,651.5296630859375,389.0904235839844,58.06678009033203,23.098669052124023,69.91238403320312,1348.8587646484375,532.8414306640625,41.26493835449219,890.7171020507812,1962.202392578125,32.660423278808594,263.0203552246094,27.507314682006836
2021-01-07,441.7906494140625,668.3095703125,398.71942138671875,58.64301300048828,23.256040573120117,72.74928283691406,1344.7757568359375,527.38330078125,45.65058135986328,919.3985595703125,1944.27734375,32.89238739013672,265.465576171875,27.55049705505371
2021-01-08,444.5766906738281,669.9029541015625,412.0821228027344,58.11111068725586,22.90632438659668,72.84544372558594,1359.3985595703125,528.309326171875,44.255149841308594,907.5686645507812,1962.5010986328125,32.84599685668945,263.8969421386719,27.46413230895996
2021-01-11,447.4871520996094,664.1768188476562,401.2740783691406,56.95863723754883,22.539127349853516,71.93186950683594,1378.19921875,530.8921508789062,44.304988861083984,897.2356567382812,1930.086669921875,32.3820686340332,260.66741943359375,27.075489044189453
2021-01-12,450.1737060546875,672.8904418945312,384.6198425292969,62.72098922729492,24.331411361694336,73.27818298339844,1406.2578125,534.1084594726562,46.996177673339844,895.8353881835938,1895.5308837890625,33.86663055419922,269.8946228027344,28.50051498413086
2021-01-13,444.0294189453125,684.9401245117188,368.55511474609375,66.71031188964844,25.31935691833496,71.93186950683594,1396.430419921875,542.3929443359375,45.89976501464844,910.41748046875,1874.269775390625,33.959415435791016,283.08941650390625,28.67324447631836
2021-01-14,454.7259216308594,673.189208984375,366.63909912109375,67.55249786376953,25.01335906982422,72.17228698730469,1394.626220703125,539.2740478515625,46.09911346435547,936.4432373046875,1884.7760009765625,34.33055877685547,283.5046691894531,28.67324447631836
2021-01-15,457.83538818359375,672.0438842773438,362.1194152832031,66.62166595458984,24.00792694091797,70.53746795654297,1392.632080078125,529.2352294921875,48.29193878173828,932.7736206054688,1856.1455078125,33.35631561279297,280.367431640625,28.155054092407227
2021-01-18,442.4622497558594,654.2681884765625,349.78839111328125,64.7599868774414,23.238554000854492,68.85456848144531,1408.2518310546875,519.6348876953125,46.49781036376953,900.8087158203125,1839.2659912109375,32.89238739013672,271.69390869140625,27.507314682006836
2021-01-19,447.4373779296875,665.9693603515625,355.9784240722656,67.15357208251953,24.226499557495117,72.50886535644531,1427.954833984375,532.5978393554688,49.986392974853516,907.665283203125,1879.1494140625,33.86663055419922,275.523193359375,27.85277557373047
2021-01-20,457.8851013183594,672.940185546875,353.5220642089844,70.43367004394531,24.821014404296875,74.33600616455078,1416.702880859375,537.0323486328125,51.28215026855469,915.19775390625,1875.763671875,34.28416442871094,279.1678771972656,27.982324600219727
2021-01-21,454.3776550292969,673.039794921875,334.7553405761719,67.64114379882812,23.798099517822266,73.3262710571289,1400.370849609375,538.6893310546875,49.53786087036133,894.0971069335938,1850.0709228515625,33.07796096801758,272.0629577636719,27.507314682006836
2021-01-22,446.0691833496094,641.8201293945312,308.6194763183594,65.02593231201172,23.291011810302734,70.48938751220703,1370.697998046875,520.2684326171875,49.3385124206543,862.6634521484375,1820.394775390625,32.05731201171875,261.7747497558594,26.859577178955078
2021-01-25,440.12396240234375,655.662353515625,304.1488342285156,65.46917724609375,23.36969566345215,68.51798248291016,1389.0238037109375,524.4107055664062,47.89324188232422,820.0276489257812,1786.9345703125,31.686174392700195,259.2372131347656,26.255020141601562
2021-01-27,424.2035827636719,629.4717407226562,298.4009094238281,65.64649200439453,22.941295623779297,67.12359619140625,1338.4613037109375,509.108642578125,47.64405822753906,792.022216796875,1757.358154296875,30.94389533996582,254.34683227539062,25.952743530273438
2021-01-28,432.7358703613281,667.9113159179688,305.7209167480469,59.174930572509766,22.37301254272461,68.85456848144531,1302.236572265625,514.8590698242188,47.74373245239258,775.0740356445312,1715.682373046875,30.20161247253418,260.5290222167969,25.477731704711914
2021-01-29,434.07916259765625,660.1436767578125,304.0506286621094,60.3274040222168,23.08118438720703,69.5277328491211,1320.3251953125,523.3872680664062,47.046016693115234,817.0822143554688,1705.8233642578125,30.94389533996582,260.29833984375,26.816390991210938
2021-02-01,468.4324035644531,706.4005126953125,317.60980224609375,65.51351928710938,24.87347412109375,74.2398452758789,1402.222412109375,588.4939575195312,46.44797134399414,937.3123168945312,1794.005126953125,33.17074203491211,286.6880798339844,27.895957946777344
2021-02-02,477.9597473144531,711.2303466796875,333.4289245605469,66.17840576171875,25.625356674194336,77.17289733886719,1481.7933349609375,601.7003784179688,47.54438400268555,942.1891479492188,1853.5562744140625,33.58827590942383,307.35693359375,28.543697357177734
2021-02-03,478.8552551269531,730.7488403320312,336.8678283691406,68.3503646850586,26.761932373046875,78.47113037109375,1495.32421875,606.57373046875,47.49454879760742,1012.5890502929688,1844.494140625,35.583160400390625,309.98663330078125,29.061891555786133
2021-02-04,480.07415771484375,740.806884765625,340.7980041503906,72.7386245727539,28.353134155273438,82.26966857910156,1499.406982421875,612.3728637695312,48.88998031616211,996.75146484375,1902.4520263671875,37.578041076660156,327.6567077636719,29.839174270629883
2021-02-05,488.5069885253906,716.60791015625,323.79986572265625,73.13755798339844,28.125818252563477,80.00977325439453,1516.9735107421875,598.5816040039062,48.142425537109375,989.9431762695312,1974.451171875,37.2532958984375,362.7198791503906,30.05508804321289
2021-02-08,513.6063842773438,733.089111328125,324.8806457519531,71.7634506225586,27.70616340637207,79.67320251464844,1524.2374267578125,613.639892578125,48.989654541015625,999.6002807617188,1949.0074462890625,35.2584114074707,366.3646240234375,29.364166259765625
2021-02-09,529.0293579101562,739.4127197265625,322.5716857910156,71.09856414794922,27.21656036376953,79.76936340332031,1530.5042724609375,617.294921875,49.83687973022461,990.6193237304688,1941.0408935546875,36.2326545715332,364.2884826660156,29.148252487182617
2021-02-10,546.765625,731.7446899414062,325.4211120605469,70.65530395507812,28.090850830078125,79.67320251464844,1501.92333984375,616.1253662109375,50.38508605957031,987.7221069335938,1943.9287109375,36.603797912597656,361.935546875,29.061891555786133
2021-02-11,560.148681640625,737.0226440429688,326.84576416015625,68.43901062011719,27.592504501342773,80.20211791992188,1492.997802734375,614.663330078125,52.37855911254883,986.85302734375,1952.841552734375,35.95430374145508,359.99786376953125,28.80278968811035
2021-02-12,546.9149169921875,747.27978515625,331.6111755371094,69.45850372314453,27.470104217529297,79.96170043945312,1502.11328125,631.1836547851562,51.93002700805664,992.1644287109375,1942.9329833984375,36.000694274902344,362.76605224609375,28.67324447631836
2021-02-15,543.0840454101562,790.6985473632812,334.0184020996094,70.52233123779297,28.423078536987305,81.93309783935547,1535.0146484375,656.8656616210938,53.92350387573242,1021.32861328125,1977.687744140625,36.69658279418945,375.4995422363281,28.932340621948242
2021-02-16,543.6561889648438,771.8273315429688,344.0404357910156,70.65530395507812,28.431821823120117,82.12541961669922,1544.5574951171875,641.6610717773438,53.67431640625,1021.9563598632812,2011.2474365234375,36.65018844604492,371.2550048828125,29.882354736328125
2021-02-17,546.3179321289062,774.51611328125,342.173583984375,74.64462280273438,29.070051193237305,83.37557220458984,1506.43359375,640.6864624023438,56.21600341796875,997.765380859375,1981.173095703125,38.69146728515625,379.9285583496094,32.9051399230957
2021-02-18,564.5765991210938,773.769287109375,339.6189270019531,84.79523468017578,29.445993423461914,83.42366790771484,1475.8587646484375,628.3084106445312,57.91045379638672,1010.1747436523438,1937.3560791015625,40.63996124267578,383.1119384765625,36.316566467285156
2021-02-19,551.74072265625,746.532958984375,331.36553955078125,80.85023498535156,27.977191925048828,80.25019836425781,1461.42578125,608.2305908203125,62.19642639160156,1029.3441162109375,1930.68408203125,39.016212463378906,368.67138671875,34.9779052734375
2021-02-22,534.750732421875,716.4585571289062,321.1961364746094,79.38748931884766,27.050447463989258,76.88439178466797,1469.87646484375,594.3905029296875,61.29936218261719,987.8187866210938,1941.48876953125,38.08835983276367,359.3981628417969,33.984703063964844
2021-02-23,556.4422607421875,712.9730834960938,319.6240234375,76.993896484375,27.85479164123535,78.13455200195312,1451.9779052734375,600.6770629882812,61.19969177246094,1012.3475341796875,1865.15771484375,38.04196548461914,365.0267028808594,33.46651077270508
2021-02-24,590.1984252929688,746.2839965820312,329.3021545410156,78.32366943359375,28.125818252563477,81.45226287841797,1525.3768310546875,624.8483276367188,63.59185791015625,1033.3033447265625,1903.248779296875,38.78425216674805,374.8536376953125,35.3233642578125
2021-02-25,580.4472045898438,767.4456787109375,336.2291564941406,79.7420883178711,28.58919334411621,82.94283294677734,1525.329345703125,612.0804443359375,64.48892211914062,1071.690185546875,1887.614013671875,38.877037048339844,375.7763366699219,35.798370361328125
2021-02-26,560.4472045898438,721.7861938476562,339.2259216308594,75.70844268798828,27.487590789794922,80.34636688232422,1456.962890625,582.5973510742188,63.24300003051758,1026.4951171875,1772.943115234375,37.902793884277344,359.99786376953125,35.06427001953125
2021-03-01,571.3676147460938,725.5206909179688,332.4954833984375,73.89108276367188,27.408905029296875,79.86553192138672,1480.2266845703125,592.9285278320312,63.24300003051758,1031.3236083984375,1837.722412109375,37.85640335083008,364.42694091796875,34.58926010131836
2021-03-02,572.8850708007812,728.20947265625,339.17681884765625,73.84676361083984,27.758621215820312,80.10594940185547,1489.05712890625,595.0241088867188,64.2895736694336,1036.53857421875,1836.9754638671875,38.04196548461914,363.7348937988281,33.50969314575195
2021-03-03,597.462158203125,750.8150634765625,348.7075500488281,75.88574981689453,28.991363525390625,84.72188568115234,1506.7659912109375,616.0765380859375,66.88108825683594,1062.0330810546875,1891.597412109375,40.407997131347656,373.7463684082031,34.416526794433594
2021-03-04,630.8451538085938,733.7363891601562,351.1639404296875,76.06305694580078,29.47222137451172,87.22219848632812,1473.7222900390625,605.0142822265625,67.97750091552734,1054.5006103515625,1889.8048095703125,40.454383850097656,365.0728454589844,33.984703063964844
2021-03-05,627.2133178710938,727.7114868164062,340.3067321777344,71.49749755859375,27.90724754333496,84.00064849853516,1452.7850341796875,594.0006713867188,66.58207702636719,1004.2357177734375,1914.5018310546875,38.69146728515625,354.00018310546875,33.0778694152832
2021-03-08,628.8800048828125,740.2093505859375,345.7598876953125,71.98506927490234,28.21324920654297,82.99092102050781,1442.81494140625,592.63623046875,67.03060150146484,983.3281860351562,1907.87939453125,38.737857818603516,359.49041748046875,32.94832229614258
2021-03-09,613.2083740234375,742.3504028320312,344.77734375,71.18721771240234,27.968448638916016,81.98117065429688,1483.644775390625,609.2540283203125,66.43256378173828,989.653564453125,1970.7166748046875,38.59868240356445,357.6449279785156,32.43013000488281
2021-03-10,623.5068359375,757.5867919921875,343.59832763671875,70.9212646484375,28.187021255493164,82.99092102050781,1477.2354736328125,609.7412719726562,66.63190460205078,1004.1874389648438,1955.779296875,38.50589370727539,357.7372131347656,32.68922805786133
2021-03-12,624.6013793945312,747.4789428710938,343.1070251464844,68.5719985961914,27.452619552612305,81.98117065429688,1473.627197265625,597.3145141601562,66.73158264160156,987.5773315429688,1927.09912109375,38.08835983276367,351.6473083496094,32.51649856567383
2021-03-15,591.3178100585938,741.3048095703125,333.4779968261719,69.90176391601562,27.679933547973633,80.5386962890625,1451.503173828125,588.2015380859375,65.03712463378906,1003.0285034179688,1910.6678466796875,37.85640335083008,354.2309265136719,31.911943435668945
2021-03-16,611.9645385742188,734.6824340820312,333.5762634277344,69.90176391601562,27.548791885375977,80.39444732666016,1435.8358154296875,579.868408203125,63.19316482543945,999.2139892578125,1895.2818603515625,36.92854690551758,349.29437255859375,31.480113983154297
2021-03-17,582.0143432617188,724.8733520507812,330.0390625,66.35570526123047,26.272329330444336,77.12481689453125,1419.8836669921875,574.5564575195312,60.70132064819336,974.34716796875,1860.576904296875,35.629554748535156,339.6981201171875,30.357370376586914
2021-03-18,579.5517578125,715.761474609375,331.80767822265625,63.78480529785156,25.63410186767578,74.76875305175781,1415.7532958984375,563.9326782226562,59.206214904785156,968.4080200195312,1822.784912109375,34.98005294799805,338.7292785644531,30.357370376586914
2021-03-19,595.8948974609375,723.230224609375,340.011962890625,65.3362045288086,26.403474807739258,74.91300964355469,1421.92529296875,571.7787475585938,60.153114318847656,977.1959228515625,1826.519287109375,35.67594528198242,342.4662780761719,30.443729400634766
2021-03-22,608.4073486328125,713.2219848632812,346.44769287109375,64.22806549072266,26.22861671447754,74.19176483154297,1395.006103515625,558.913330078125,59.25605010986328,934.9464721679688,1815.0670166015625,35.21201705932617,338.6369934082031,29.752811431884766
2021-03-23,619.5516967773438,727.5123291015625,358.28741455078125,65.82379913330078,26.901819229125977,75.20149993896484,1424.4415283203125,571.5350341796875,61.14984893798828,956.0952758789062,1805.108642578125,35.95430374145508,343.896484375,31.09147071838379
2021-03-24,609.7506103515625,703.4628295898438,351.21307373046875,63.65182876586914,25.94010353088379,72.74928283691406,1404.1690673828125,553.1141357421875,58.55833435058594,925.820556640625,1775.0343017578125,34.33055877685547,332.0395812988281,30.141454696655273
2021-03-25,572.3875732421875,691.7118530273438,343.8439636230469,62.10042953491211,25.07455825805664,73.3743667602539,1389.49853515625,557.0614013671875,57.013389587402344,924.951416015625,1755.565673828125,32.938777923583984,327.7489318847656,29.925540924072266
2021-03-26,586.31787109375,695.2968139648438,339.5698547363281,62.72098922729492,25.555416107177734,73.80709838867188,1416.0380859375,563.8839721679688,57.51176071166992,920.0745849609375,1763.6817626953125,33.402706146240234,329.5943908691406,29.277803421020508
2021-03-30,646.2183227539062,692.4586791992188,330.57952880859375,64.05076599121094,25.712787628173828,72.8935317993164,1475.2889404296875,576.4570922851562,58.059967041015625,928.08984375,1773.8394775390625,33.54188537597656,332.9161376953125,29.450532913208008
2021-03-31,610.8700561523438,694.550048828125,332.9867248535156,65.69081115722656,26.613304138183594,72.8935317993164,1418.2694091796875,567.343994140625,55.51828384399414,921.7162475585938,1745.7069091796875,34.00580978393555,336.1456298828125,29.4073486328125
2021-04-01,630.7953491210938,710.0353393554688,344.77734375,67.02059173583984,27.338960647583008,75.82657623291016,1411.7176513671875,579.332275390625,56.8638801574707,959.2338256835938,1797.04248046875,35.4439811706543,342.0048828125,30.141454696655273
2021-04-05,611.1934204101562,682.4006958007812,329.596923828125,64.44969940185547,25.66033172607422,73.47052001953125,1376.442626953125,556.7691040039062,54.12285232543945,905.2026977539062,1751.8809814453125,34.28416442871094,326.2264709472656,29.4073486328125
2021-04-06,608.5068969726562,675.081298828125,331.7094421386719,64.58267211914062,25.878902435302734,73.90325927734375,1367.564453125,551.5547485351562,55.11958694458008,895.4490356445312,1760.943359375,34.376949310302734,323.4582824707031,30.400548934936523
2021-04-07,613.5068359375,685.3882446289062,343.64739990234375,65.69081115722656,26.16741943359375,76.01890563964844,1374.1636962890625,563.0068359375,57.61143112182617,913.1215209960938,1784.544677734375,34.88726806640625,330.84002685546875,31.782394409179688
2021-04-08,622.8352661132812,678.765869140625,348.8549499511719,65.15890502929688,25.739017486572266,74.81684112548828,1360.490478515625,562.0808715820312,57.262577056884766,902.8367919921875,1775.8310546875,34.74808883666992,328.1180419921875,31.60965919494629
2021-04-09,584.3277587890625,665.421630859375,352.6868896484375,65.60216522216797,26.01004409790039,74.72067260742188,1349.998291015625,551.8471069335938,55.617958068847656,891.9725952148438,1791.764404296875,35.119232177734375,325.718994140625,32.7324104309082
2021-04-12,535.5715942382812,632.9570922851562,321.83477783203125,58.59868621826172,23.116153717041016,68.46990203857422,1298.0587158203125,524.8980102539062,50.38508605957031,815.4404907226562,1735.2506103515625,31.500606536865234,303.43536376953125,29.70962905883789
2021-04-13,537.7109375,658.2515258789062,326.10888671875,61.080928802490234,24.01667022705078,74.04751586914062,1329.67822265625,546.3890991210938,53.87366485595703,847.3087768554688,1768.461669921875,32.56763458251953,314.6463623046875,30.314184188842773
2021-04-15,525.0989990234375,666.0689086914062,320.50836181640625,60.549034118652344,23.73689842224121,72.94160461425781,1357.9267578125,560.6190185546875,52.27888870239258,828.9120483398438,1765.872802734375,32.242889404296875,316.2149658203125,29.70962905883789
2021-04-16,535.8701782226562,666.4175415039062,317.020263671875,59.70682907104492,23.465869903564453,73.47052001953125,1356.5499267578125,552.578125,53.4749755859375,833.3543701171875,1756.7606201171875,32.28927993774414,313.6313781738281,29.752811431884766
2021-04-19,505.3974914550781,645.4550170898438,299.5799865722656,56.5597038269043,22.609066009521484,69.19114685058594,1341.1199951171875,545.5606079101562,50.53459548950195,803.4658203125,1693.6741943359375,30.758325576782227,305.5576171875,28.241418838500977
2021-04-20,518.0592041015625,649.0399780273438,303.75579833984375,56.072120666503906,22.3904972076416,69.33539581298828,1321.1798095703125,544.9270629882812,50.48476028442383,816.0198974609375,1690.636962890625,31.268646240234375,304.0351257324219,28.28460121154785
2021-04-22,544.501953125,655.9610595703125,304.0997009277344,55.89481735229492,22.77518081665039,68.99881744384766,1350.7103271484375,564.517578125,51.03296661376953,807.0389404296875,1728.8275146484375,31.454214096069336,310.6325378417969,28.025508880615234
2021-04-23,535.0740966796875,668.5585327148438,307.9808044433594,55.80616760253906,22.818897247314453,69.28731536865234,1342.78173828125,555.5020141601562,50.93328857421875,820.8484497070312,1726.9849853515625,31.547000885009766,310.447998046875,28.241418838500977
2021-04-26,523.1338500976562,697.5375366210938,307.6860046386719,56.33807373046875,23.64946746826172,71.11446380615234,1333.903564453125,576.1159057617188,52.07954025268555,830.0709838867188,1752.3292236328125,31.964534759521484,317.69134521484375,28.543697357177734
2021-04-27,540.198486328125,696.6412353515625,313.335693359375,57.88948440551758,24.41884422302246,72.26844787597656,1366.0927734375,583.5719604492188,53.17594909667969,852.1856079101562,1743.018310546875,32.42845916748047,325.76507568359375,29.234617233276367
2021-04-28,571.541748046875,705.20556640625,322.7681884765625,60.06144714355469,25.02210235595703,74.86492919921875,1402.269775390625,605.5989990234375,54.471710205078125,895.111083984375,1803.9136962890625,33.07796096801758,335.31524658203125,29.70962905883789
2021-04-29,559.4521484375,716.4088134765625,326.3053894042969,59.26358413696289,24.392614364624023,74.57643127441406,1398.1868896484375,605.696533203125,54.621219635009766,907.230712890625,1797.490478515625,32.521240234375,331.6243591308594,30.01190757751465
2021-04-30,499.6512451171875,711.9274291992188,323.9963684082031,59.174930572509766,24.261470794677734,77.02864074707031,1341.025146484375,585.2776489257812,54.521549224853516,902.8850708007812,1741.5244140625,32.33567428588867,326.1803283691406,29.536897659301758
2021-05-03,459.7259216308594,699.8279418945312,313.2865905761719,59.086273193359375,24.261470794677734,76.7882308959961,1343.0665283203125,581.6226806640625,53.823829650878906,882.2672119140625,1718.2713623046875,32.010929107666016,323.50445556640625,29.364166259765625
2021-05-04,455.4721984863281,697.4378662109375,312.10748291015625,62.41071319580078,24.71609878540039,76.40357208251953,1318.28369140625,576.554443359375,55.56812286376953,878.935546875,1725.4415283203125,34.74808883666992,324.3348693847656,30.746007919311523
2021-05-05,468.68115234375,714.2178955078125,305.8191833496094,64.13941955566406,25.459243774414062,76.9805679321289,1331.814453125,587.5192260742188,56.01665496826172,899.2153930664062,1763.383056640625,34.74808883666992,327.9334716796875,31.523296356201172
2021-05-06,476.09405517578125,712.7739868164062,289.6070861816406,62.63234329223633,25.083301544189453,75.58616638183594,1330.200439453125,592.782470703125,56.66453170776367,893.2279663085938,1780.810302734375,33.77384948730469,328.0718994140625,31.09147071838379
2021-05-07,462.11395263671875,713.769775390625,292.1617126464844,62.54368591308594,25.231929779052734,74.6725845336914,1343.351318359375,591.7102661132812,56.564857482910156,894.4351196289062,1772.943115234375,33.63467025756836,330.5632019042969,29.839174270629883
2021-05-10,471.01947021484375,712.2760009765625,290.7861633300781,65.11457824707031,25.730274200439453,76.49974060058594,1348.194091796875,597.7044067382812,55.16942596435547,912.9766235351562,1801.822265625,33.03156280517578,333.74664306640625,29.79599380493164
2021-05-11,482.4622497558594,704.4088745117188,285.8734130859375,65.64649200439453,26.246103286743164,78.66346740722656,1332.7166748046875,594.3905029296875,56.066490173339844,916.3082885742188,1748.1466064453125,32.521240234375,336.4685974121094,30.486913681030273
2021-05-12,474.9995422363281,688.4255981445312,283.12225341796875,68.61631774902344,26.613304138183594,78.47113037109375,1328.87109375,579.67333984375,55.01991653442383,885.212646484375,1711.6988525390625,34.423343658447266,339.28289794921875,32.17103576660156
2021-05-14,471.01947021484375,682.1517333984375,275.65484619140625,65.60216522216797,25.800216674804688,76.59590148925781,1316.8594970703125,582.15869140625,54.02317810058594,860.2974243164062,1699.5496826171875,34.144989013671875,332.59320068359375,32.30058288574219
2021-05-17,468.70599365234375,706.3009033203125,279.33941650390625,68.3503646850586,26.840618133544922,78.42304992675781,1367.564453125,607.7919311523438,55.617958068847656,923.647705078125,1736.8936767578125,34.93366241455078,353.4927062988281,32.77559280395508
2021-05-18,490.84527587890625,708.6909790039062,286.1190490722656,68.04007720947266,25.642845153808594,81.11568450927734,1402.1749267578125,617.148681640625,55.86714172363281,941.1268920898438,1747.798095703125,34.655303955078125,352.7084045410156,31.782394409179688
2021-05-19,489.2781066894531,713.8194580078125,284.4978332519531,67.99575805664062,25.59912872314453,81.16378021240234,1384.608642578125,609.5951538085938,55.3687744140625,933.8358154296875,1723.3504638671875,33.58827590942383,354.6922302246094,31.65284538269043
2021-05-20,477.6612243652344,702.9649047851562,288.96844482421875,67.81845092773438,25.773988723754883,80.25019836425781,1360.490478515625,602.918701171875,54.9700813293457,942.0443115234375,1701.09326171875,34.79448318481445,354.8306579589844,31.825572967529297
2021-05-21,487.8105163574219,727.8609008789062,294.4216003417969,71.63047790527344,26.726959228515625,81.885009765625,1421.7352294921875,626.1641845703125,57.063228607177734,981.1553955078125,1750.337646484375,35.30480194091797,370.19390869140625,32.30058288574219
2021-05-24,486.7657165527344,738.068359375,293.4881896972656,72.11805725097656,26.989248275756836,83.08707427978516,1433.7467041015625,630.93994140625,59.05670166015625,970.2910766601562,1749.690185546875,36.92854690551758,380.20538330078125,33.16423416137695
2021-05-25,479.50201416015625,728.5081787109375,288.96844482421875,71.67479705810547,26.307302474975586,83.51982116699219,1404.3114013671875,633.815185546875,58.75768280029297,959.8132934570312,1743.2174072265625,36.51101303100586,380.482177734375,30.22781753540039
2021-05-26,479.1288757324219,732.0433959960938,287.0033264160156,71.45316314697266,26.149930953979492,83.66407012939453,1402.50732421875,635.9594116210938,57.61143112182617,964.207275390625,1733.4083251953125,36.41822814941406,381.5894470214844,29.450532913208008
2021-05-27,488.70599365234375,747.2300415039062,290.1966247558594,74.06839752197266,26.866846084594727,84.67381286621094,1407.8248291015625,635.7156982421875,57.71110916137695,972.319091796875,1769.85595703125,39.10900115966797,392.3391418457031,29.32098388671875
2021-05-28,495.248291015625,736.773681640625,298.2044372558594,74.33434295654297,28.30942153930664,85.58738708496094,1427.5748291015625,626.7489624023438,58.95703125,984.390380859375,1793.2581787109375,39.201786041259766,389.4325256347656,29.66644287109375
2021-05-31,491.8154296875,747.5785522460938,302.0363464355469,71.54181671142578,28.117076873779297,83.90448760986328,1439.34912109375,645.9495849609375,58.30915069580078,978.2582397460938,1800.1793212890625,39.34096145629883,391.5547790527344,29.96872329711914
2021-06-01,492.08905029296875,742.0516967773438,297.56573486328125,70.34502410888672,27.811077117919922,82.46199798583984,1435.4085693359375,633.6202392578125,57.362247467041016,975.4093627929688,1789.5238037109375,38.64507293701172,399.1210632324219,29.66644287109375
2021-06-02,502.3875732421875,733.935546875,306.2613220214844,71.98506927490234,28.641647338867188,84.2410659790039,1428.0972900390625,631.9146118164062,60.751155853271484,992.7437744140625,1775.681640625,40.82552719116211,403.45782470703125,30.443729400634766
2021-06-03,500.8453063964844,747.52880859375,312.15667724609375,72.5169906616211,28.54547882080078,84.625732421875,1443.81201171875,633.7664184570312,60.4521369934082,971.2568969726562,1806.65234375,40.547176361083984,409.417724609375,30.57328224182129
2021-06-04,498.48211669921875,738.9645385742188,309.3563537597656,72.56130981445312,28.169538497924805,84.48148345947266,1425.2010498046875,626.4078369140625,59.60490798950195,974.6851196289062,1803.6646728515625,39.99045944213867,403.7837829589844,30.61646270751953
2021-06-07,508.5069274902344,747.9769287109375,314.41650390625,73.49215698242188,28.134563446044922,84.1929931640625,1424.1563720703125,631.7684326171875,60.20295333862305,990.0397338867188,1807.349365234375,39.06260681152344,402.526611328125,30.746007919311523
2021-06-08,501.2681579589844,743.2466430664062,310.97760009765625,72.5169906616211,27.618732452392578,82.89474487304688,1408.2044677734375,626.115478515625,59.156375885009766,985.1629638671875,1786.0882568359375,38.459503173828125,397.8238830566406,30.78919219970703
2021-06-09,495.4223937988281,733.6865844726562,311.9601135253906,72.56130981445312,27.234046936035156,81.25993347167969,1405.5933837890625,619.9751586914062,59.50523376464844,969.13232421875,1775.4825439453125,37.67082977294922,392.46923828125,30.486913681030273
2021-06-10,493.80548095703125,741.1553955078125,314.71124267578125,75.13220977783203,27.44387435913086,83.13516235351562,1406.3052978515625,624.1661376953125,60.153114318847656,989.218994140625,1792.063232421875,39.433746337890625,402.526611328125,31.00510597229004
2021-06-11,520.4224243164062,735.3795776367188,313.82696533203125,74.86625671386719,27.260276794433594,82.75050354003906,1411.337890625,619.5853271484375,59.85409164428711,980.2861328125,1786.884765625,39.016212463378906,400.0588073730469,31.048288345336914
2021-06-14,532.3377685546875,733.188720703125,311.32147216796875,75.30951690673828,27.059188842773438,82.02925872802734,1404.7861328125,619.0492553710938,59.25605010986328,989.1707763671875,1760.6944580078125,39.944068908691406,400.75726318359375,32.30058288574219
2021-06-15,528.0343627929688,747.7777709960938,316.3324890136719,75.44248962402344,26.989248275756836,82.70242309570312,1415.0411376953125,628.9419555664062,59.40555953979492,998.9725341796875,1763.532470703125,39.34096145629883,399.9657287597656,32.17103576660156
2021-06-16,517.6611938476562,746.6822509765625,315.3008117675781,74.82193756103516,26.60455894470215,81.69267272949219,1409.6761474609375,623.873779296875,58.358985900878906,978.9342041015625,1753.2752685546875,38.737857818603516,396.6598205566406,32.34376907348633
2021-06-17,510.5965270996094,735.5288696289062,313.335693359375,72.60564422607422,26.46467399597168,82.07734680175781,1392.10986328125,616.9537353515625,57.61143112182617,950.3010864257812,1758.70263671875,38.1347541809082,391.35174560546875,32.9051399230957
2021-06-18,511.2681884765625,733.2384033203125,311.1249694824219,71.09856414794922,25.773988723754883,80.63485717773438,1405.1185302734375,614.419677734375,57.41208267211914,961.2619018554688,1753.1258544921875,37.39247512817383,384.5071716308594,32.64604568481445
2021-06-21,524.0791015625,736.4749145507812,335.19744873046875,73.04890441894531,26.630786895751953,82.07734680175781,1413.5693359375,615.2481079101562,58.25931167602539,972.9951171875,1764.6776123046875,38.69146728515625,390.88616943359375,34.373348236083984
2021-06-22,512.5617065429688,736.2757568359375,336.1800537109375,72.56130981445312,26.534618377685547,81.35609436035156,1408.916748046875,614.8582153320312,57.91045379638672,965.8005981445312,1749.7896728515625,38.3203239440918,389.86181640625,34.675628662109375
2021-06-23,506.0443115234375,729.3048706054688,327.3370666503906,72.96024322509766,26.569589614868164,81.54843139648438,1410.531005859375,608.8641967773438,57.56159591674805,965.2694702148438,1729.474853515625,39.201786041259766,390.04803466796875,33.85515594482422
2021-06-24,502.56170654296875,736.0765991210938,327.58270263671875,71.67479705810547,26.062501907348633,81.59651184082031,1430.233642578125,617.97705078125,56.71437072753906,966.331787109375,1730.6697998046875,38.55228805541992,388.5115051269531,33.12105178833008
2021-06-25,515.2233276367188,758.184326171875,327.1896667480469,74.02406311035156,26.82313346862793,82.46199798583984,1438.6370849609375,632.5481567382812,58.059967041015625,978.16162109375,1727.78173828125,39.2481803894043,399.3138122558594,34.071067810058594
2021-06-28,522.6113891601562,759.2299194335938,340.650634765625,77.8360824584961,27.44387435913086,84.00064849853516,1432.2276611328125,633.815185546875,56.76420593261719,974.2988891601562,1725.8397216796875,40.22241973876953,397.40478515625,33.984703063964844
2021-06-29,535.9696655273438,748.8234252929688,329.9407958984375,77.21552276611328,26.88433074951172,83.18323516845703,1432.4183349609375,623.873779296875,55.66779327392578,983.2315673828125,1698.7530517578125,39.897674560546875,392.5157775878906,33.85515594482422
2021-06-30,515.3477783203125,745.1885375976562,324.4876708984375,76.15170288085938,26.55210304260254,83.76023864746094,1428.4608154296875,614.906982421875,54.02317810058594,981.4932861328125,1698.7530517578125,39.2481803894043,390.37396240234375,33.29378128051758
2021-07-01,508.7806091308594,743.3463134765625,320.6065673828125,76.28468322753906,26.85810089111328,83.3724594116211,1417.82763671875,614.8582153320312,54.02317810058594,973.1399536132812,1708.9603271484375,39.29457092285156,391.4914245605469,33.4233283996582
2021-07-02,516.84033203125,747.52880859375,316.0377197265625,75.5311279296875,26.88433074951172,82.69384765625,1411.7720947265625,624.0199584960938,53.823829650878906,975.0230712890625,1708.014404296875,39.06260681152344,395.2164001464844,33.725608825683594
2021-07-05,512.6113891601562,757.1884765625,316.9219970703125,76.5506362915039,27.24279022216797,84.58427429199219,1426.1243896484375,631.42724609375,54.272361755371094,985.5492553710938,1723.89794921875,39.2481803894043,402.8990783691406,33.596065521240234
2021-07-06,554.3775634765625,755.19677734375,314.8095397949219,75.7970962524414,26.840618133544922,84.2449722290039,1463.5548095703125,633.815185546875,53.425132751464844,995.689208984375,1748.047119140625,38.83064270019531,400.1985168457031,32.55967712402344
2021-07-07,559.700927734375,759.7278442382812,314.9568786621094,76.28468322753906,27.02421760559082,83.66329956054688,1468.13232421875,637.42138671875,53.77399444580078,1009.0642700195312,1754.4703369140625,38.69146728515625,403.0853576660156,32.77559280395508
2021-07-08,567.8602294921875,751.2632446289062,308.6194763183594,74.02406311035156,26.54336166381836,83.42092895507812,1449.9654541015625,625.6281127929688,53.02643966674805,1009.5952758789062,1725.0928955078125,38.08835983276367,395.2629699707031,31.99830436706543
2021-07-09,594.3775024414062,744.242431640625,311.2232360839844,74.15703582763672,26.438444137573242,82.98468017578125,1432.370849609375,622.3629760742188,53.57464599609375,1004.283935546875,1712.89404296875,38.04196548461914,394.611083984375,31.739212036132812
2021-07-12,591.044189453125,750.4664916992188,310.14239501953125,73.84676361083984,26.534618377685547,86.76551818847656,1418.0660400390625,629.8678588867188,53.823829650878906,1013.3133544921875,1724.7445068359375,37.949180603027344,398.05670166015625,31.868757247924805
2021-07-13,587.9098510742188,767.5452270507812,311.41973876953125,75.08788299560547,26.814390182495117,86.52316284179688,1432.227783203125,648.0938110351562,53.823829650878906,1019.6868896484375,1739.881103515625,37.949180603027344,399.5932312011719,31.955121994018555
2021-07-14,592.9347534179688,766.8480834960938,312.3531494140625,74.68895721435547,26.50838851928711,87.10482788085938,1429.65283203125,647.509033203125,53.624481201171875,1016.5000610351562,1740.876953125,37.76361846923828,401.4090881347656,31.825572967529297
2021-07-15,621.0939331054688,770.9310913085938,314.12176513671875,74.20137023925781,26.32478904724121,85.69913482666016,1450.203857421875,650.5304565429688,53.22578811645508,1018.914306640625,1742.769287109375,37.43886947631836,402.0144348144531,31.480113983154297
2021-07-16,610.6710205078125,767.943603515625,303.75579833984375,72.42833709716797,26.4559326171875,85.21441650390625,1451.77734375,643.5617065429688,53.87366485595703,1008.48486328125,1742.221435546875,37.902793884277344,400.4313049316406,31.60965919494629
2021-07-19,601.2183227539062,752.0598754882812,303.0189208984375,71.05424499511719,25.90513038635254,83.3724594116211,1402.807861328125,639.2732543945312,52.42839431762695,981.0104370117188,1715.632568359375,37.39247512817383,398.4757080078125,31.955121994018555
2021-07-20,578.0093994140625,742.649169921875,297.3692321777344,69.94609832763672,25.25815773010254,81.19120788574219,1376.2489013671875,625.6281127929688,51.03296661376953,947.8868408203125,1695.56640625,36.88215255737305,391.9570617675781,31.00510597229004
2021-07-22,574.3776245117188,743.6449584960938,299.5799865722656,71.09856414794922,25.336843490600586,81.67593383789062,1381.5413818359375,639.322021484375,51.97986602783203,958.123291015625,1700.097412109375,37.11411666870117,393.0279541015625,31.221023559570312
2021-07-23,579.9745483398438,752.2590942382812,299.72735595703125,70.78827667236328,25.53792953491211,82.7907943725586,1375.8675537109375,659.4972534179688,50.983131408691406,955.3710327148438,1715.7818603515625,37.16050720214844,399.4069519042969,31.566482543945312
2021-07-26,586.8153686523438,753.1552734375,292.5547180175781,70.69963836669922,25.642845153808594,84.58427429199219,1368.047607421875,659.5946655273438,51.03296661376953,947.6454467773438,1733.3583984375,36.51101303100586,394.1920471191406,31.1346492767334
2021-07-27,594.4521484375,728.6575927734375,290.54052734375,70.9212646484375,26.018787384033203,83.66329956054688,1373.0064697265625,660.2769775390625,50.584434509277344,942.333984375,1690.8858642578125,36.325443267822266,400.3847961425781,31.048288345336914
2021-07-28,584.1536865234375,719.8942260742188,290.8843994140625,69.19256591796875,25.048328399658203,82.93621063232422,1351.5972900390625,667.6842651367188,50.53459548950195,958.7027587890625,1645.9735107421875,35.629554748535156,396.2407531738281,30.65964698791504
2021-07-29,593.8551635742188,714.2677001953125,288.3703918457031,71.45316314697266,26.16741943359375,83.27552032470703,1352.5030517578125,672.0341796875,51.780517578125,958.0266723632812,1634.8203125,36.557403564453125,411.1870422363281,32.68922805786133
2021-07-30,606.8153686523438,705.952392578125,287.1380615234375,71.18721771240234,26.78816032409668,84.77815246582031,1360.322998046875,667.1466674804688,51.83035659790039,947.3556518554688,1647.9154052734375,36.65018844604492,402.1075439453125,31.825572967529297
2021-08-02,608.8053588867188,718.1514282226562,295.3208312988281,71.58613586425781,27.207820892333984,83.90565490722656,1356.69921875,666.0714111328125,51.680843353271484,954.1156005859375,1658.172607421875,37.76361846923828,404.9943542480469,31.782394409179688
2021-08-03,596.9893798828125,735.5288696289062,296.35601806640625,73.2705307006836,27.47884750366211,86.42621612548828,1368.190673828125,674.8689575195312,51.531333923339844,986.9978637695312,1678.636962890625,37.39247512817383,415.79669189453125,32.30058288574219
2021-08-04,618.4570922851562,750.6657104492188,297.68701171875,74.02406311035156,27.417648315429688,85.0689926147461,1397.3720703125,698.573486328125,49.58769607543945,985.5492553710938,1742.66943359375,36.557403564453125,425.52813720703125,31.696027755737305
2021-08-05,616.9645385742188,746.1844482421875,303.8487548828125,73.09322357177734,27.338960647583008,83.32398986816406,1416.0157470703125,686.6478881835938,47.64405822753906,963.4829711914062,1764.37890625,36.04708480834961,411.46649169921875,31.177833557128906
2021-08-06,621.2929077148438,737.7695922851562,299.5601806640625,73.93541717529297,27.513818740844727,84.48731994628906,1423.4541015625,681.955810546875,49.03948974609375,994.1923217773438,1769.8062744140625,36.69658279418945,405.6927795410156,31.048288345336914
2021-08-09,629.2282104492188,752.3585815429688,297.046142578125,71.94075775146484,27.050447463989258,85.0689926147461,1434.1826171875,687.038818359375,47.245365142822266,1007.0362548828125,1773.4908447265625,35.95430374145508,403.5975036621094,30.78919219970703
2021-08-10,648.755615234375,758.3834838867188,292.0674743652344,69.23687744140625,26.718217849731445,83.76023864746094,1437.7587890625,685.1327514648438,45.700416564941406,998.1516723632812,1805.706298828125,34.79448318481445,397.12542724609375,29.839174270629883
2021-08-11,640.9695434570312,757.6365356445312,291.03228759765625,71.49749755859375,26.945531845092773,82.5969009399414,1425.6475830078125,677.9481201171875,46.74699401855469,1005.4910888671875,1774.0726318359375,34.701698303222656,398.6153869628906,29.96872329711914
2021-08-12,658.5067749023438,754.200927734375,290.78582763671875,72.29536437988281,27.225303649902344,82.98468017578125,1431.7984619140625,685.5726318359375,45.7502555847168,999.8417358398438,1781.146484375,35.072837829589844,397.77728271484375,30.270999908447266
2021-08-13,659.9247436523438,756.7403564453125,289.4055480957031,71.7634506225586,27.277761459350586,82.69384765625,1455.4488525390625,688.945068359375,45.3515625,989.0258178710938,1781.4454345703125,35.02644729614258,401.548828125,30.22781753540039
2021-08-16,662.16357421875,758.8316040039062,290.49005126953125,70.4780044555664,27.53130531311035,82.20912170410156,1459.6448974609375,686.8434448242188,44.703678131103516,984.052490234375,1775.8160400390625,34.74808883666992,395.6354675292969,30.22781753540039
2021-08-17,671.7405395507812,753.6034545898438,289.3070068359375,69.19256591796875,26.691987991333008,80.70648193359375,1444.4342041015625,685.4259643554688,44.00596618652344,970.6600341796875,1781.794189453125,34.09859848022461,392.5157775878906,29.623262405395508
2021-08-18,666.1685180664062,751.2632446289062,286.2507629394531,69.8131103515625,27.47884750366211,80.70648193359375,1442.8607177734375,672.8162231445312,44.50433349609375,960.421630859375,1743.2857666015625,33.86663055419922,390.839599609375,29.96872329711914
2021-08-20,647.4371337890625,737.1720581054688,274.2229919433594,65.73514556884766,26.718217849731445,77.45883178710938,1444.5296630859375,665.3871459960938,41.663631439208984,950.5228881835938,1697.3050537109375,33.03156280517578,378.7335510253906,28.932340621948242
2021-08-23,643.7804565429688,733.039306640625,262.8853454589844,64.8929443359375,26.735702514648438,75.85923767089844,1453.9229736328125,667.3421630859375,40.81640625,959.402587890625,1710.55615234375,33.54188537597656,381.34100341796875,28.50051498413086
2021-08-24,676.4918823242188,743.2466430664062,261.0121765136719,66.93194580078125,27.225303649902344,77.65272521972656,1486.585205078125,678.827880859375,42.76004409790039,975.3667602539062,1698.650146484375,33.727455139160156,388.8840026855469,28.80278968811035
2021-08-25,671.7904052734375,735.97705078125,260.8642883300781,66.57733917236328,26.412216186523438,77.99202728271484,1485.202392578125,675.5042724609375,42.41118240356445,975.8519897460938,1690.9781494140625,33.82024383544922,387.6268310546875,28.932340621948242
2021-08-26,673.2830200195312,743.2466430664062,261.30792236328125,65.69081115722656,26.726959228515625,75.8107681274414,1482.72314453125,683.0800170898438,42.06232833862305,971.921630859375,1691.2772216796875,33.217132568359375,382.5050048828125,28.975521087646484
2021-08-27,639.5516357421875,749.2716064453125,272.20196533203125,66.0897445678711,26.50838851928711,75.56840515136719,1476.66748046875,684.0086059570312,42.36134719848633,960.955322265625,1707.268310546875,33.54188537597656,384.088134765625,29.493717193603516
2021-08-30,644.228271484375,780.7899169921875,281.8635559082031,68.2173843383789,27.146615982055664,78.8645248413086,1495.5494384765625,697.595947265625,43.308250427246094,975.415283203125,1729.486572265625,34.09859848022461,393.63330078125,30.141454696655273
2021-08-31,562.5615844726562,783.229736328125,280.9762878417969,68.5719985961914,27.8198184967041,78.76758575439453,1508.0899658203125,702.8744506835938,42.809879302978516,963.0903930664062,1747.2711181640625,34.00580978393555,396.7529296875,30.57328224182129
2021-09-01,575.1735229492188,795.5781860351562,281.61712646484375,69.45850372314453,28.160789489746094,79.8824462890625,1505.896484375,703.7053833007812,44.304988861083984,969.2528076171875,1740.2471923828125,34.655303955078125,400.33819580078125,30.53009605407715
2021-09-02,583.2830200195312,799.3623657226562,279.5960693359375,69.50283813476562,27.8198184967041,80.27023315429688,1515.337646484375,708.8372802734375,44.75352096557617,980.267578125,1769.8878173828125,34.74808883666992,400.1985168457031,30.400548934936523
2021-09-03,582.0391845703125,794.681884765625,281.6664123535156,70.2120361328125,28.099590301513672,80.3187026977539,1502.988037109375,708.00634765625,45.50107192993164,974.1051635742188,1785.2813720703125,35.30480194091797,401.73504638671875,30.53009605407715
2021-09-06,580.8203125,797.4702758789062,281.46923828125,69.94609832763672,27.985933303833008,79.8824462890625,1493.1175537109375,704.92724609375,45.00270462036133,962.6536865234375,1768.044921875,35.119232177734375,401.4090881347656,30.357370376586914
2021-09-07,578.9049682617188,784.5740966796875,278.9552307128906,69.23687744140625,27.29524803161621,79.05841827392578,1496.5030517578125,700.7728271484375,46.248626708984375,971.6790161132812,1758.3802490234375,34.701698303222656,399.5932312011719,30.01190757751465
2021-09-08,587.5615234375,791.3956298828125,281.91290283203125,70.34502410888672,27.583763122558594,80.5610580444336,1503.3216552734375,704.731689453125,45.99944305419922,970.0776977539062,1808.6951904296875,34.93366241455078,401.6884765625,30.098268508911133
2021-09-09,583.95458984375,786.8645629882812,279.5960693359375,70.167724609375,27.54004669189453,79.8824462890625,1495.88330078125,704.0474853515625,46.74699401855469,969.980712890625,1811.1859130859375,34.84087371826172,402.5731201171875,30.141454696655273
2021-09-13,572.3377685546875,785.0719604492188,279.9411315917969,69.36985778808594,27.417648315429688,79.59161376953125,1483.438232421875,691.4865112304688,46.6971549987793,966.8751831054688,1833.3048095703125,34.88726806640625,403.0853576660156,29.925540924072266
2021-09-14,564.1785278320312,791.096923828125,280.3354797363281,69.7244644165039,27.146615982055664,79.83397674560547,1476.7628173828125,691.535400390625,47.7935676574707,1005.9849243164062,1860.903076171875,35.072837829589844,403.2250061035156,29.752811431884766
2021-09-15,565.1238403320312,788.109375,287.0394592285156,72.07373809814453,28.2569637298584,81.0942611694336,1475.093994140625,698.2801513671875,48.49128723144531,1022.822509765625,1864.8385009765625,35.95430374145508,413.32891845703125,30.098268508911133
2021-09-16,573.7058715820312,799.2628173828125,293.4476623535156,76.15170288085938,29.157480239868164,83.27552032470703,1487.6341552734375,710.841064453125,50.783782958984375,1097.54833984375,1899.8099365234375,38.78425216674805,431.8139953613281,31.696027755737305
2021-09-17,555.42236328125,803.992919921875,283.19451904296875,72.96024322509766,28.45804786682129,80.75495910644531,1508.80517578125,703.94970703125,48.989654541015625,1096.6265869140625,2000.5892333984375,36.88215255737305,422.8741149902344,31.00510597229004
2021-09-20,548.8800659179688,792.5408935546875,277.2299499511719,69.36985778808594,27.094160079956055,77.26493835449219,1487.538818359375,694.0280151367188,47.69389343261719,1057.75927734375,1994.1129150390625,35.351192474365234,407.3690490722656,29.882354736328125
2021-09-21,539.7258911132812,792.0429077148438,276.44122314453125,69.7244644165039,27.094160079956055,77.604248046875,1480.005126953125,695.8363647460938,48.341773986816406,1103.9534912109375,2003.578125,35.351192474365234,408.62615966796875,30.18463706970215
2021-09-22,539.800537109375,785.0719604492188,279.9903869628906,70.65530395507812,27.4263916015625,78.62217712402344,1462.60107421875,687.5276489257812,48.341773986816406,1107.6898193359375,1978.271240234375,35.397586822509766,408.6727600097656,30.270999908447266
2021-09-23,549.0293579101562,808.7730712890625,284.67333984375,70.61097717285156,28.117076873779297,79.34925079345703,1497.2186279296875,700.87060546875,48.341773986816406,1134.6202392578125,2016.5802001953125,35.72233581542969,418.8697814941406,30.098268508911133
2021-09-24,533.20849609375,794.731689453125,278.1172180175781,69.01525115966797,27.57501983642578,78.37980651855469,1527.305908203125,706.686767578125,46.94633865356445,1128.700439453125,2020.665283203125,35.165626525878906,410.4421081542969,29.882354736328125
2021-09-27,559.3029174804688,793.6362915039062,282.8494567871094,69.14823150634766,27.959705352783203,79.10689544677734,1549.76416015625,713.578125,46.6971549987793,1116.7152099609375,2025.89599609375,35.583160400390625,415.8898010253906,29.882354736328125
2021-09-28,560.9944458007812,785.9185180664062,282.60296630859375,70.43367004394531,28.62416648864746,78.42827606201172,1540.1800537109375,701.0172119140625,46.09911346435547,1101.2362060546875,2060.6181640625,36.325443267822266,414.3067321777344,30.22781753540039
2021-09-29,576.5665893554688,778.8978271484375,280.3847351074219,72.42833709716797,29.402278900146484,78.8645248413086,1519.9627685546875,693.539306640625,48.142425537109375,1090.02734375,2023.006591796875,36.78936767578125,428.3683776855469,31.436931610107422
2021-09-30,579.228271484375,763.3626708984375,279.0045471191406,72.47266387939453,30.250335693359375,81.72440338134766,1521.01171875,685.0838623046875,47.49454879760742,1079.0611572265625,1998.148193359375,37.20690155029297,421.8497314453125,31.307382583618164
2021-10-01,589.029296875,764.9561157226562,284.9197998046875,73.09322357177734,30.923540115356445,80.60954284667969,1509.3297119140625,676.7750244140625,47.19552230834961,1071.44287109375,1986.241943359375,37.67082977294922,420.5925598144531,31.480113983154297
2021-10-04,591.74072265625,775.760986328125,291.18017578125,74.77760314941406,31.84153938293457,82.45148468017578,1512.2384033203125,684.448486328125,47.49454879760742,1086.727783203125,1983.6513671875,38.1347541809082,431.3017883300781,32.47331619262695
2021-10-05,603.4819946289062,779.3458862304688,294.18707275390625,73.89108276367188,31.430627822875977,83.13009643554688,1521.488525390625,681.418212890625,47.7935676574707,1134.08642578125,1975.0830078125,38.08835983276367,432.7452087402344,32.04148483276367
2021-10-06,598.556640625,775.7111206054688,301.3347473144531,72.96024322509766,30.50387954711914,81.82135009765625,1540.0369873046875,673.9891967773438,46.8466682434082,1098.421875,1948.5804443359375,37.021331787109375,425.76092529296875,31.480113983154297
2021-10-07,599.9496459960938,773.8687744140625,323.91143798828125,74.46732330322266,30.573823928833008,82.8392562866211,1535.8408203125,686.4035034179688,47.64405822753906,1132.242431640625,1945.29248046875,37.021331787109375,426.4127502441406,32.21421813964844
2021-10-08,605.6461791992188,778.6986694335938,340.9178771972656,78.1020278930664,30.99348258972168,82.98468017578125,1528.354736328125,687.5765380859375,47.843406677246094,1139.7152099609375,1929.251708984375,37.39247512817383,426.50592041015625,32.43013000488281
2021-10-11,602.9098510742188,783.8770751953125,321.890380859375,77.57012939453125,30.888566970825195,83.61483001708984,1558.060791015625,697.2538452148438,47.64405822753906,1138.5992431640625,1968.1585693359375,37.53165054321289,436.9823303222656,32.94832229614258
2021-10-12,604.9745483398438,793.83544921875,323.4678039550781,78.1020278930664,32.70708465576172,85.89302825927734,1554.055419921875,692.6595458984375,48.939815521240234,1146.9937744140625,1987.7862548828125,38.273929595947266,449.78680419921875,34.24380111694336
2021-10-13,600.8700561523438,791.2960205078125,323.5170593261719,77.88040924072266,32.62840270996094,90.7402572631836,1563.4012451171875,693.9791870117188,48.74047088623047,1149.5169677734375,2001.9840087890625,38.459503173828125,448.5762023925781,38.34614944458008
2021-10-14,593.3824462890625,798.7150268554688,318.8341369628906,78.67826843261719,33.843658447265625,90.25553131103516,1609.1761474609375,710.9388427734375,49.23883819580078,1174.2637939453125,2010.403076171875,39.480140686035156,456.86419677734375,38.69160842895508
2021-10-18,608.9048461914062,809.918212890625,327.2634582519531,82.49029541015625,34.78788757324219,92.38832092285156,1592.8687744140625,728.6806030273438,50.783782958984375,1183.580322265625,2004.2257080078125,42.68123245239258,463.7087707519531,42.232582092285156
2021-10-19,588.2332763671875,798.3167114257812,311.3414306640625,79.2101821899414,33.34531784057617,90.01317596435547,1610.41552734375,730.6355590820312,48.441444396972656,1158.7362060546875,2027.8885498046875,40.9647102355957,454.6292419433594,39.209800720214844
2021-10-20,575.7457275390625,801.4536743164062,312.130126953125,81.73674774169922,34.149662017822266,91.1280288696289,1596.254150390625,729.0715942382812,48.49128723144531,1166.2088623046875,2008.0616455078125,39.99045944213867,465.524658203125,41.196197509765625
2021-10-21,587.16357421875,804.441162109375,312.03155517578125,84.617919921875,34.901546478271484,93.60013580322266,1598.5906982421875,738.5044555664062,49.53786087036133,1149.4197998046875,2135.891357421875,41.42863464355469,468.3649597167969,43.74397277832031
2021-10-22,604.1785278320312,813.30419921875,318.686279296875,83.82006072998047,34.726688385009766,100.72557067871094,1602.834228515625,742.2189331054688,49.83687973022461,1161.0654296875,2163.439697265625,40.77914047241211,468.3649597167969,42.405311584472656
2021-10-25,598.2332763671875,841.5859985351562,306.4120178222656,85.54877471923828,35.312461853027344,99.36833953857422,1580.1851806640625,822.765380859375,49.18899917602539,1142.9661865234375,2146.601806640625,41.66059494018555,471.67083740234375,41.71438980102539
2021-10-26,627.3377075195312,838.3994750976562,301.0882568359375,88.56291961669922,33.808685302734375,98.88361358642578,1576.13232421875,810.7421264648438,52.677581787109375,1120.7911376953125,2202.844970703125,42.54205322265625,477.3048095703125,41.67120361328125
2021-10-27,630.7207641601562,784.2255249023438,291.9688720703125,90.95651245117188,35.11137390136719,97.28402709960938,1566.6436767578125,816.216064453125,52.1792106628418,1108.805908203125,2180.22802734375,42.959590911865234,483.45098876953125,43.65760803222656
2021-10-28,610.7456665039062,755.19677734375,294.0885009765625,86.70124053955078,34.167144775390625,94.81194305419922,1519.7242431640625,780.732666015625,49.38834762573242,1141.2679443359375,2090.806884765625,38.36671829223633,466.875,40.375732421875
2021-10-29,605.148681640625,738.9147338867188,287.3352355957031,86.43528747558594,37.506919860839844,94.47262573242188,1509.4727783203125,784.0072631835938,49.3385124206543,1106.5252685546875,2023.7041015625,39.06260681152344,467.61993408203125,39.857540130615234
2021-11-01,600.447265625,749.2216796875,283.6874694824219,87.80938720703125,37.53314971923828,95.00582885742188,1530.882080078125,785.815673828125,50.38508605957031,1192.799560546875,2068.887939453125,39.06260681152344,480.23822021484375,40.289363861083984
2021-11-02,619.47705078125,752.7071533203125,306.60919189453125,90.69056701660156,39.2117805480957,98.83513641357422,1532.2646484375,782.9320068359375,52.02970504760742,1176.738525390625,2069.037109375,39.06260681152344,485.82562255859375,42.578041076660156
2021-11-03,602.5118408203125,747.4789428710938,296.1095886230469,89.4494400024414,39.50904083251953,97.13861083984375,1508.137451171875,768.2694702148438,50.38508605957031,1143.1602783203125,2030.0806884765625,38.36671829223633,491.3664855957031,41.066650390625
2021-11-04,608.7555541992188,749.8192749023438,295.2715759277344,90.95651245117188,40.007381439208984,98.0111083984375,1520.05810546875,764.506103515625,50.38508605957031,1153.98095703125,2049.459228515625,38.877037048339844,493.97393798828125,42.44849395751953
2021-11-08,619.1536865234375,747.9271240234375,291.32806396484375,93.66039276123047,42.70893096923828,98.44737243652344,1526.0660400390625,762.5999755859375,51.18247604370117,1029.8099365234375,2111.08251953125,39.34096145629883,487.26904296875,46.464473724365234
2021-11-09,616.6660766601562,741.9520874023438,302.56707763671875,94.28094482421875,42.45539093017578,98.93209075927734,1499.3641357421875,768.85595703125,52.07954025268555,1036.7003173828125,2089.511962890625,39.80488967895508,492.7633361816406,46.680389404296875
2021-11-10,601.9645385742188,746.2341918945312,306.757080078125,89.27213287353516,41.25761413574219,97.28402709960938,1483.152099609375,763.3330688476562,51.730682373046875,1001.7149047851562,2068.439697265625,39.201786041259766,488.3399353027344,45.039451599121094
2021-11-11,597.7108154296875,734.981201171875,302.517822265625,89.8040542602539,40.49698257446289,97.13861083984375,1476.5244140625,754.095703125,50.733943939208984,1002.7825317382812,2046.5701904296875,38.83064270019531,474.5577087402344,42.837135314941406
2021-11-12,605.123779296875,732.989501953125,306.5106201171875,89.84837341308594,40.35709762573242,97.04165649414062,1481.0064697265625,759.1297607421875,51.48149871826172,1006.4216918945312,2067.0947265625,38.737857818603516,476.18731689453125,43.18259811401367
2021-11-15,602.2133178710938,730.201171875,308.1866149902344,87.6764144897461,39.79755401611328,96.50847625732422,1485.0594482421875,755.904052734375,51.03296661376953,1010.7402954101562,2089.611572265625,38.59868240356445,471.7173767089844,42.103031158447266
2021-11-16,617.9346923828125,723.1307373046875,311.8343505859375,85.77040100097656,38.827091217041016,94.42415618896484,1476.2381591796875,746.8621826171875,50.086063385009766,990.7487182617188,2075.214599609375,38.1347541809082,461.05474853515625,40.462093353271484
2021-11-17,619.2531127929688,709.3880004882812,306.806396484375,86.4796142578125,38.47737503051758,94.1333236694336,1459.8355712890625,744.1740112304688,49.3385124206543,1003.4617919921875,2045.5736083984375,37.71722412109375,463.89501953125,40.893917083740234
2021-11-18,604.1039428710938,703.4129028320312,301.1375732421875,85.32714080810547,38.38995361328125,91.80665588378906,1468.0369873046875,745.738037109375,48.441444396972656,978.6663818359375,2017.028564453125,38.64507293701172,469.156494140625,40.50527572631836
2021-11-22,592.6610717773438,683.5459594726562,292.708251953125,80.53995513916016,37.03480911254883,88.65594482421875,1445.101806640625,735.0831909179688,47.046016693115234,977.1621704101562,1948.2816162109375,37.021331787109375,452.9530029296875,37.87113952636719
2021-11-23,597.1884765625,682.799072265625,302.1727600097656,82.80057525634766,37.78669357299805,89.91622924804688,1445.2926025390625,734.9365844726562,48.59095764160156,952.36669921875,1975.6309814453125,37.71722412109375,459.1456604003906,40.50527572631836
2021-11-24,599.4024047851562,682.3011474609375,304.73602294921875,82.7562484741211,37.33206558227539,90.20706939697266,1447.6767578125,743.0987548828125,48.59095764160156,941.740234375,2004.0264892578125,37.53165054321289,459.23883056640625,39.987083435058594
2021-11-25,592.5118408203125,677.072998046875,310.6020202636719,82.49029541015625,37.60309600830078,90.0616455078125,1455.2103271484375,734.154541015625,48.39160919189453,930.9679565429688,2027.6396484375,37.067726135253906,456.817626953125,39.555259704589844
2021-11-26,561.1437377929688,658.9984741210938,278.6594543457031,78.76692199707031,35.43485641479492,85.98995971679688,1420.831787109375,705.95361328125,46.198787689208984,875.1661987304688,1957.09912109375,35.72233581542969,438.1463623046875,37.74159240722656
2021-11-29,548.830322265625,648.3927001953125,265.0542907714844,76.46198272705078,34.84034729003906,84.39038848876953,1431.655517578125,702.2390747070312,45.00270462036133,869.0037231445312,2012.1962890625,34.88726806640625,433.1177062988281,37.35294723510742
2021-11-30,545.3228759765625,652.923828125,268.6034851074219,76.01872253417969,34.82286071777344,84.14801788330078,1424.3126220703125,698.2801513671875,44.45449447631836,856.92138671875,1954.7080078125,34.60891342163086,428.88055419921875,37.13703536987305
2021-12-01,559.1287841796875,676.774169921875,272.300537109375,77.61445617675781,36.14303207397461,85.84455108642578,1434.89794921875,711.329833984375,46.148948669433594,906.0755004882812,1946.189208984375,35.583160400390625,442.61627197265625,39.25298309326172
2021-12-02,562.9098510742188,673.2887573242188,274.8638000488281,78.1020278930664,36.221717834472656,86.1838607788086,1455.0196533203125,706.1491088867188,46.79682922363281,917.6240844726562,1957.04931640625,35.72233581542969,444.19940185546875,39.987083435058594
2021-12-03,565.3477172851562,670.20166015625,273.3849792480469,78.54529571533203,36.108062744140625,86.47468566894531,1443.38525390625,700.1863403320312,47.09585189819336,923.0587158203125,1907.1827392578125,35.72233581542969,440.6141052246094,39.684810638427734
2021-12-06,557.1387329101562,660.3428344726562,267.5190124511719,77.17120361328125,35.41737747192383,85.0689926147461,1434.0872802734375,693.588134765625,46.44797134399414,888.607177734375,1878.2890625,35.2584114074707,433.3039245605469,38.6484260559082
2021-12-07,559.5516357421875,684.1434326171875,274.56805419921875,79.38748931884766,36.57143783569336,86.91094207763672,1454.9720458984375,718.12353515625,47.64405822753906,899.2822875976562,1930.0487060546875,35.72233581542969,443.9200134277344,40.20299530029297
2021-12-08,577.21337890625,694.2014770507812,278.8566589355469,81.6480941772461,37.541893005371094,87.58955383300781,1481.76953125,736.4517822265625,48.441444396972656,917.3814086914062,1913.409912109375,36.51101303100586,457.74884033203125,40.591644287109375
2021-12-09,579.6760864257812,691.0645751953125,277.8214416503906,81.78107452392578,37.59435272216797,88.02581024169922,1456.068603515625,738.0156860351562,49.3385124206543,918.448974609375,1909.324951171875,36.65018844604492,455.0482482910156,40.67800521850586
2021-12-10,577.0889892578125,685.1890869140625,276.09613037109375,83.5097885131836,38.84458541870117,89.77080535888672,1451.9681396484375,740.9482421875,51.93002700805664,916.8477172851562,1889.7967529296875,37.81000900268555,460.6822509765625,42.059852600097656
2021-12-13,577.2631225585938,701.07275390625,278.2651062011719,82.57894134521484,37.979034423828125,89.14066314697266,1441.0965576171875,737.0382080078125,50.93328857421875,910.8307495117188,1866.2333984375,37.3460807800293,454.2567138671875,41.196197509765625
2021-12-14,581.5416870117188,707.944091796875,276.3919372558594,81.8697280883789,37.69926452636719,88.21969604492188,1432.7998046875,741.5836791992188,50.63426971435547,918.1093139648438,1833.6533203125,37.2532958984375,454.9551086425781,41.109832763671875
2021-12-15,575.37255859375,709.5374145507812,273.9765319824219,80.00804901123047,36.938636779785156,86.57164001464844,1430.46337890625,735.32763671875,50.03622817993164,910.8307495117188,1860.554443359375,36.88215255737305,451.4630126953125,40.41891098022461
2021-12-16,570.9198608398438,706.6992797851562,271.5611267089844,78.5896224975586,37.1047477722168,85.89302825927734,1430.5587158203125,724.4773559570312,49.53786087036133,900.883544921875,1853.9287109375,36.557403564453125,448.06402587890625,39.857540130615234
2021-12-17,551.74072265625,686.0355834960938,263.2796936035156,75.26519012451172,35.338687896728516,82.5969009399414,1404.762939453125,711.9163818359375,47.89324188232422,856.92138671875,1787.2242431640625,35.2584114074707,435.63201904296875,38.08705139160156
2021-12-20,497.2632141113281,671.5460815429688,243.0691375732422,71.05424499511719,33.371543884277344,78.57369232177734,1359.5601806640625,693.9791870117188,45.45123291015625,821.1112060546875,1736.1123046875,34.09859848022461,418.3110656738281,36.359745025634766
2021-12-21,515.7208251953125,663.081298828125,242.7240753173828,69.99041748046875,33.60759735107422,78.08897399902344,1374.96142578125,704.1452026367188,45.600746154785156,831.8834228515625,1730.18408203125,34.28416442871094,415.3310546875,36.61884689331055
2021-12-22,510.9945068359375,666.5668334960938,249.23089599609375,70.78827667236328,34.56931686401367,78.8160629272461,1378.203857421875,716.3151245117188,47.89324188232422,846.0037231445312,1755.9393310546875,34.74808883666992,424.5037536621094,37.48249435424805
2021-12-23,519.8253173828125,675.9776000976562,255.34335327148438,71.98506927490234,35.05891799926758,79.64009094238281,1377.15478515625,714.848876953125,47.54438400268555,845.372802734375,1769.0909423828125,35.2584114074707,430.0445861816406,38.43251037597656
2021-12-24,511.3179626464844,664.7244873046875,251.44912719726562,70.43367004394531,33.91360092163086,78.52522277832031,1372.1959228515625,710.7433471679688,46.74699401855469,835.7167358398438,1741.9906005859375,34.191383361816406,425.52813720703125,37.2234001159668
2021-12-27,500.0990295410156,669.355224609375,249.32948303222656,70.78827667236328,34.20211410522461,78.76758575439453,1383.54443359375,719.443115234375,46.248626708984375,829.990966796875,1766.94873046875,34.56252670288086,426.55242919921875,37.09385299682617
2021-12-28,490.5965270996094,672.6414794921875,250.16748046875,71.71912384033203,34.595542907714844,79.3977279663086,1393.08056640625,719.2476806640625,47.245365142822266,827.4677734375,1768.3934326171875,34.60891342163086,429.4858703613281,38.13023376464844
2021-12-29,503.0592041015625,667.7120971679688,246.5690155029297,71.7634506225586,34.39445877075195,79.44619750976562,1386.452880859375,719.14990234375,47.245365142822266,844.3053588867188,1757.7325439453125,34.4697380065918,423.1534729003906,37.61204147338867
2021-12-30,519.0791015625,666.0689086914062,245.28736877441406,71.05424499511719,34.09720230102539,79.68856048583984,1393.7481689453125,719.14990234375,47.345035552978516,859.2506103515625,1748.8155517578125,34.4697380065918,420.6391296386719,36.96430206298828
2021-12-31,515.671142578125,675.7285766601562,249.13229370117188,72.64996337890625,34.96275329589844,80.46411895751953,1410.8184814453125,723.4998779296875,48.1922607421875,861.9193115234375,1789.5157470703125,34.60891342163086,428.7874755859375,37.48249435424805
2022-01-03,529.9995727539062,693.4545288085938,248.83653259277344,74.29002380371094,35.92446517944336,84.5357894897461,1449.2025146484375,747.4974975585938,49.48802185058594,885.3560180664062,1817.76171875,35.2584114074707,438.4256896972656,38.13023376464844
2022-01-04,545.2233276367188,706.201416015625,250.95619201660156,74.37866973876953,36.11680603027344,85.79607391357422,1457.68994140625,755.4641723632812,49.139163970947266,877.689453125,1845.8084716796875,35.583160400390625,450.25244140625,38.30296325683594
2022-01-05,581.765625,723.8775634765625,259.73052978515625,75.26519012451172,36.89492416381836,87.2987289428711,1492.3070068359375,770.322265625,49.63753128051758,877.252685546875,1915.1036376953125,35.95430374145508,458.5404052734375,39.296165466308594
2022-01-06,580.621337890625,727.263427734375,260.7164306640625,76.77226257324219,37.15720748901367,87.2987289428711,1468.3707275390625,767.3897094726562,49.63753128051758,894.4784545898438,1884.9647216796875,36.000694274902344,457.8885498046875,39.900718688964844
2022-01-07,607.462158203125,727.5621337890625,267.22320556640625,77.65877532958984,37.12223434448242,88.55899810791016,1478.6700439453125,775.4052734375,49.03948974609375,895.01220703125,1897.269287109375,36.09347915649414,457.469482421875,39.03706741333008
2022-01-10,614.1038818359375,739.71142578125,270.131591796875,81.69242858886719,38.41618347167969,92.63068389892578,1486.8714599609375,792.5115966796875,49.63753128051758,893.653564453125,1940.80908203125,37.43886947631836,469.0168151855469,39.727989196777344
2022-01-11,646.1685791015625,740.1595458984375,273.4342956542969,81.73674774169922,38.71343994140625,93.50318145751953,1493.30859375,792.4138793945312,49.139163970947266,890.8392333984375,1929.699951171875,37.067726135253906,471.1586608886719,39.03706741333008
2022-01-12,645.4223022460938,743.74462890625,279.6453552246094,82.22433471679688,38.94949722290039,95.49055480957031,1484.4871826171875,805.2191772460938,49.3385124206543,913.7421875,1949.42724609375,37.11411666870117,475.1629638671875,39.25298309326172
2022-01-13,650.9446411132812,737.6201782226562,290.3914489746094,83.24382781982422,39.40412521362305,97.52638244628906,1457.1654052734375,806.1478271484375,49.63753128051758,899.718994140625,1919.288330078125,37.29969024658203,476.18731689453125,39.900718688964844
2022-01-14,628.05908203125,718.69921875,292.36322021484375,82.97787475585938,39.806297302246094,96.45999908447266,1473.5203857421875,801.5535278320312,49.03948974609375,892.8771362304688,1931.0947265625,37.2532958984375,473.3936462402344,39.38252639770508
2022-01-17,633.780517578125,709.6868286132812,296.94757080078125,83.11085510253906,39.815040588378906,96.9447250366211,1450.9666748046875,800.8692626953125,48.84014129638672,893.3138427734375,1930.3475341796875,36.97494125366211,478.6551208496094,39.42571258544922
2022-01-18,626.019287109375,722.1845703125,291.0815734863281,81.78107452392578,39.01069641113281,95.29666137695312,1458.3575439453125,804.583740234375,47.59421920776367,873.0796508789062,1935.0303955078125,36.279048919677734,471.9501647949219,38.51887512207031
2022-01-19,628.9297485351562,726.5662841796875,299.3136901855469,84.9725341796875,39.937442779541016,95.53902435302734,1448.0579833984375,790.409912109375,48.790306091308594,866.8687133789062,1898.6640625,37.11411666870117,480.331298828125,38.86433792114258
2022-01-20,623.9049072265625,725.8692626953125,295.7152404785156,85.72607421875,39.94618225097656,94.86041259765625,1439.0462646484375,792.0228881835938,47.59421920776367,851.292724609375,1885.6619873046875,37.11411666870117,476.23388671875,38.8211555480957
2022-01-21,625.2232666015625,709.5374145507812,291.32806396484375,82.18000793457031,37.69926452636719,91.03109741210938,1451.0621337890625,786.4021606445312,46.547645568847656,828.8749389648438,1886.8077392578125,36.000694274902344,468.13214111328125,37.65522384643555
2022-01-24,611.69091796875,701.6702880859375,303.5036926269531,82.09135437011719,36.49274826049805,89.18914031982422,1417.7322998046875,780.4883422851562,44.404659271240234,826.109130859375,1824.188232421875,35.2584114074707,460.1700744628906,36.40292739868164
2022-01-25,620.123779296875,749.0723266601562,319.57354736328125,87.32180786132812,38.71343994140625,92.92151641845703,1419.0675048828125,783.6163330078125,45.05253982543945,858.1344604492188,1847.8511962890625,36.557403564453125,479.26043701171875,36.83475875854492
2022-01-27,634.676025390625,770.63232421875,317.7989807128906,91.75438690185547,42.10567092895508,97.04165649414062,1406.5745849609375,776.7738037109375,45.80009460449219,861.8707885742188,1882.3243408203125,38.181148529052734,492.57708740234375,40.116634368896484
2022-01-28,632.6113891601562,761.5203857421875,312.4752197265625,91.57707977294922,41.773441314697266,97.13861083984375,1395.4171142578125,763.5775146484375,46.44797134399414,876.864501953125,1891.3411865234375,37.902793884277344,487.4552917480469,40.634822845458984
2022-01-31,651.5167846679688,769.835693359375,311.0949401855469,95.34477233886719,44.230194091796875,97.52638244628906,1416.826416015625,771.0553588867188,46.59748458862305,846.34326171875,1850.441650390625,38.55228805541992,501.2840881347656,40.93710708618164
2022-02-01,670.1486206054688,778.6488647460938,314.7427062988281,94.10364532470703,45.24436569213867,97.18708038330078,1427.6025390625,792.0717163085938,47.29520034790039,895.0607299804688,1875.399658203125,38.3203239440918,495.69671630859375,40.20299530029297
2022-02-02,694.9247436523438,800.7565307617188,316.02435302734375,96.98482513427734,47.15031051635742,98.30194854736328,1460.217041015625,795.4440307617188,49.139163970947266,946.5438842773438,1935.4786376953125,39.71210479736328,502.68096923828125,43.009864807128906
2022-02-03,686.9893188476562,796.2254028320312,319.672119140625,97.11780548095703,46.319732666015625,97.91416931152344,1445.101806640625,790.7521362304688,48.24209976196289,930.0460205078125,1902.0517578125,39.52653503417969,502.9603576660156,41.412109375
2022-02-04,668.6063842773438,795.2296142578125,314.8905944824219,94.458251953125,45.637794494628906,95.87833404541016,1453.3509521484375,786.9398193359375,47.74373245239258,927.81396484375,1877.292724609375,38.50589370727539,493.834228515625,41.45529556274414
2022-02-07,666.1685180664062,786.3168334960938,316.2215576171875,100.1319580078125,45.130706787109375,96.45999908447266,1400.0899658203125,768.7093505859375,46.94633865356445,905.4932250976562,1821.7470703125,38.69146728515625,496.5813903808594,41.109832763671875
2022-02-08,663.8551025390625,795.2296142578125,314.6441345214844,104.56452941894531,45.5853385925293,95.97527313232422,1394.0819091796875,774.672119140625,46.59748458862305,910.005859375,1811.1363525390625,38.969818115234375,494.81201171875,41.196197509765625
2022-02-09,680.0491333007812,800.507568359375,316.66522216796875,101.81633758544922,45.50665283203125,99.0290298461914,1428.1746826171875,784.7404174804688,46.94633865356445,938.5861206054688,1828.273193359375,38.59868240356445,498.4438171386719,40.764373779296875
2022-02-10,685.546630859375,806.4328002929688,316.91168212890625,101.68335723876953,45.253108978271484,101.25875854492188,1454.3997802734375,787.3796997070312,47.09585189819336,943.632568359375,1860.3551025390625,37.85640335083008,503.3794250488281,40.721195220947266
2022-02-11,656.8650512695312,800.4578247070312,313.3625183105469,100.66386413574219,43.97665023803711,99.8045883178711,1448.4395751953125,773.0103149414062,46.2984619140625,953.3857421875,1821.5478515625,36.88215255737305,493.1823425292969,39.987083435058594
2022-02-14,623.755615234375,770.1343383789062,306.2148742675781,94.05931854248047,41.04779052734375,93.26081848144531,1405.3826904296875,736.7449951171875,43.6571044921875,913.7906494140625,1740.4462890625,34.423343658447266,466.9215393066406,37.007484436035156
2022-02-15,650.2978515625,793.6362915039062,321.74249267578125,97.64971160888672,43.35590362548828,97.38096618652344,1447.438232421875,758.5921630859375,45.251888275146484,941.060791015625,1806.453369140625,35.629554748535156,488.71240234375,37.74159240722656
2022-02-16,635.049072265625,793.73583984375,318.4397888183594,94.85718536376953,42.71767807006836,96.55693817138672,1445.4832763671875,746.8621826171875,45.202049255371094,939.7992553710938,1823.34130859375,35.76872634887695,481.16943359375,38.25978088378906
2022-02-17,631.6660766601562,779.5451049804688,317.4046325683594,93.7047119140625,41.86087417602539,95.49055480957031,1436.662109375,733.4702758789062,44.55417251586914,927.5713500976562,1810.6380615234375,35.30480194091797,477.6773376464844,37.78477478027344
2022-02-18,627.4122924804688,784.1260375976562,314.8413391113281,93.3944320678711,41.659786224365234,94.90888214111328,1442.2408447265625,732.0529174804688,44.255149841308594,927.1345825195312,1819.8541259765625,35.02644729614258,479.86572265625,37.43931198120117
2022-02-21,627.8849487304688,785.5699462890625,309.5668640136719,91.97601318359375,40.7330436706543,96.70235443115234,1451.538818359375,737.4780883789062,43.75678253173828,924.3203125,1820.402099609375,34.79448318481445,476.6529541015625,36.921119689941406
2022-02-22,627.362548828125,775.9103393554688,303.2572021484375,92.951171875,40.295894622802734,96.41151428222656,1440.6673583984375,734.39892578125,43.15873718261719,911.364501953125,1834.998291015625,34.51613235473633,464.1278076171875,35.3233642578125
2022-02-23,633.5565185546875,773.9684448242188,310.99639892578125,95.5220718383789,40.06858444213867,97.23555755615234,1431.32177734375,727.8496704101562,43.15873718261719,922.6219482421875,1879.1856689453125,34.655303955078125,464.4071960449219,36.748390197753906
2022-02-24,586.8402709960938,727.263427734375,287.0394592285156,89.09483337402344,36.42280578613281,90.98262023925781,1353.5999755859375,691.4865112304688,38.773094177246094,849.7885131835938,1788.270263671875,29.691293716430664,440.1485290527344,33.25060272216797
2022-02-25,614.2778930664062,754.8980102539062,302.91217041015625,94.67988586425781,38.197608947753906,93.79402160644531,1388.5985107421875,713.626953125,41.91281509399414,899.67041015625,1849.8936767578125,32.42845916748047,449.7402648925781,34.632442474365234
2022-02-28,598.8053588867188,739.3131103515625,301.9755554199219,94.458251953125,38.3986930847168,94.036376953125,1360.13232421875,725.992431640625,41.962650299072266,893.5079956054688,1835.99462890625,32.3820686340332,449.9730529785156,34.675628662109375
2022-03-02,601.666015625,747.1304931640625,288.3703918457031,91.39977264404297,37.79543685913086,93.11540222167969,1310.54296875,698.7689208984375,41.81314468383789,879.581787109375,1799.37939453125,32.799598693847656,441.6384582519531,35.53927993774414
2022-03-03,576.1934814453125,734.5828857421875,280.0397033691406,90.95651245117188,37.585609436035156,92.82456970214844,1307.4434814453125,682.5912475585938,41.46428298950195,885.3075561523438,1785.679931640625,32.56763458251953,435.259521484375,35.582462310791016
2022-03-04,559.7258911132812,712.0269775390625,269.3428955078125,89.13916015625,36.74629211425781,90.40094757080078,1303.1522216796875,672.5718383789062,40.61705780029297,875.2632446289062,1745.7269287109375,32.10370635986328,430.1842956542969,34.632442474365234
2022-03-07,529.800537109375,664.7743530273438,250.26608276367188,82.26866149902344,35.1201171875,84.72969055175781,1263.3853759765625,639.04345703125,39.96917724609375,809.7567749023438,1705.62451171875,31.732566833496094,410.02301025390625,32.81877899169922
2022-03-08,546.4422607421875,667.612548828125,257.90667724609375,86.39095306396484,36.60640335083008,86.91094207763672,1266.2464599609375,650.0403442382812,40.46754455566406,815.8707275390625,1716.783203125,32.3820686340332,410.02301025390625,33.207420349121094
2022-03-09,569.7009887695312,671.3966674804688,262.98394775390625,87.63208770751953,37.06978225708008,89.6253890991211,1307.5865478515625,652.4352416992188,41.91281509399414,849.497314453125,1732.724609375,33.03156280517578,420.6391296386719,34.20061492919922
2022-03-10,578.1586303710938,692.0603637695312,262.7374572753906,90.2916259765625,37.48944091796875,91.80665588378906,1328.1375732421875,661.37939453125,42.1619987487793,877.5923461914062,1747.9188232421875,33.35631561279297,436.4701232910156,34.58926010131836
2022-03-11,593.5567016601562,687.9774169921875,259.18829345703125,92.55224609375,38.11018371582031,92.38832092285156,1332.047607421875,662.650146484375,42.26167678833008,875.1176147460938,1756.537109375,33.63467025756836,438.0066833496094,34.459716796875
2022-03-14,557.7606201171875,707.0975952148438,261.2093811035156,94.7685317993164,38.66972351074219,92.00054168701172,1375.6766357421875,680.4896240234375,41.7633056640625,880.7948608398438,1782.1927490234375,34.144989013671875,451.7889709472656,34.546077728271484
2022-03-15,581.8402099609375,695.2471313476562,277.1806335449219,93.88201904296875,38.27629470825195,90.59484100341797,1357.986572265625,681.66259765625,40.567222595214844,870.1683349609375,1727.394287109375,33.402706146240234,452.44085693359375,34.15743637084961
2022-03-16,586.4920043945312,720.8402099609375,290.29290771484375,95.47774505615234,39.23801040649414,95.34513092041016,1381.01708984375,692.072998046875,41.862979888916016,901.2232055664062,1754.0462646484375,33.30992126464844,458.8663635253906,34.546077728271484
2022-03-17,578.805419921875,736.1762084960938,297.24334716796875,95.69937133789062,39.526527404785156,95.0542984008789,1411.4383544921875,703.9007568359375,42.56069564819336,904.9110107421875,1813.328125,33.402706146240234,467.3871765136719,34.502899169921875
2022-03-21,585.9446411132812,722.8817138671875,290.78582763671875,94.41392517089844,39.33417892456055,94.37568664550781,1417.5892333984375,694.7611694335938,41.71346664428711,886.423583984375,1770.58544921875,33.12434768676758,456.86419677734375,34.2869873046875
2022-03-22,595.0491333007812,728.3588256835938,299.0179138183594,94.67988586425781,39.517784118652344,95.8298568725586,1424.8846435546875,702.0435791015625,40.46754455566406,900.30126953125,1801.2227783203125,33.03156280517578,459.7510070800781,33.68242645263672
2022-03-23,614.8004150390625,723.7282104492188,298.82073974609375,94.19229888916016,39.395381927490234,95.53902435302734,1410.6754150390625,702.1412963867188,40.61705780029297,903.8433837890625,1763.2623291015625,33.12434768676758,456.9107666015625,33.596065521240234
2022-03-24,617.6361694335938,719.2468872070312,293.0533447265625,94.10364532470703,39.45658493041992,95.00582885742188,1375.7720947265625,688.3585205078125,39.91933822631836,897.4868774414062,1707.8662109375,32.98516845703125,453.6048889160156,33.207420349121094
2022-03-25,599.9993896484375,718.2510375976562,295.7152404785156,96.18695831298828,39.395381927490234,94.52111053466797,1364.5667724609375,683.5198974609375,39.6701545715332,898.8941040039062,1715.9365234375,32.84599685668945,456.9573059082031,33.16423416137695
2022-03-28,604.3526000976562,732.939697265625,292.85614013671875,99.24543762207031,39.989898681640625,95.63597106933594,1366.378662109375,694.3701171875,38.324562072753906,907.53125,1718.8756103515625,33.07796096801758,463.28973388671875,32.9051399230957
2022-03-29,604.8004150390625,734.732177734375,291.03228759765625,98.89083099365234,39.94618225097656,94.569580078125,1384.4979248046875,699.2088012695312,37.7763557434082,901.7084350585938,1723.6580810546875,32.42845916748047,460.9616394042969,32.34376907348633
2022-03-30,598.1088256835938,747.3296508789062,295.9617004394531,101.06279754638672,39.94618225097656,94.08485412597656,1408.4820556640625,714.4578857421875,38.7232551574707,898.9425659179688,1756.63671875,32.521240234375,460.3097229003906,33.552879333496094
2022-03-31,620.0242309570312,757.9851684570312,303.0600280761719,98.9351577758789,39.82378387451172,94.42415618896484,1402.18798828125,713.871337890625,39.57048416137695,907.7738647460938,1747.4205322265625,32.521240234375,459.611328125,33.4233283996582
2022-04-01,640.571533203125,771.3294677734375,315.7779235839844,102.83582305908203,41.95705032348633,98.49583435058594,1436.185302734375,719.6875,41.56395721435547,939.9932861328125,1770.1370849609375,33.727455139160156,473.2539367675781,35.496089935302734
2022-04-04,651.0938720703125,780.8397216796875,314.348388671875,102.92447662353516,42.19309997558594,99.36833953857422,1579.99462890625,729.8046264648438,43.507598876953125,958.0440063476562,1829.3193359375,34.23777389526367,477.1651611328125,36.057472229003906
2022-04-05,654.1536254882812,779.8438110351562,310.8977966308594,102.83582305908203,42.48161697387695,95.24818420410156,1533.6951904296875,725.1126098632812,43.25841522216797,944.5059814453125,1795.5933837890625,34.28416442871094,474.3714294433594,37.48249435424805
2022-04-06,664.8749389648438,770.4829711914062,310.552734375,106.29324340820312,43.33841323852539,96.26610565185547,1478.9561767578125,724.9171752929688,43.308250427246094,939.7021484375,1772.876953125,34.88726806640625,478.6085205078125,37.69841003417969
2022-04-07,677.6112670898438,788.8064575195312,311.3414306640625,105.67267608642578,43.12859344482422,95.44207763671875,1446.43701171875,731.7108764648438,42.3115119934082,943.8751220703125,1759.9742431640625,34.74808883666992,479.539794921875,37.0506706237793
2022-04-08,691.0441284179688,791.5948486328125,319.2284851074219,106.64784240722656,43.425846099853516,97.13861083984375,1444.4342041015625,737.3314819335938,41.7633056640625,956.4912109375,1777.9583740234375,35.02644729614258,480.6106872558594,38.04386901855469
2022-04-11,695.1236572265625,782.781494140625,318.2919006347656,106.64784240722656,43.03241729736328,96.99319458007812,1426.7918701171875,742.51220703125,42.26167678833008,951.4933471679688,1776.912109375,34.74808883666992,479.4932556152344,37.52568054199219
2022-04-12,696.9893188476562,795.1300659179688,328.74224853515625,106.5148696899414,42.21933364868164,95.44207763671875,1424.2646484375,746.6665649414062,41.46428298950195,956.0059814453125,1795.24462890625,34.09859848022461,477.58416748046875,36.489295959472656
2022-04-13,697.9097290039062,789.7525024414062,321.5452880859375,105.89430236816406,42.42915344238281,95.92679595947266,1397.0382080078125,745.1026611328125,41.2150993347168,954.356201171875,1773.0762939453125,34.00580978393555,482.1006774902344,36.27338409423828
2022-04-18,686.6659545898438,795.5283813476562,317.9468688964844,100.9741439819336,40.96910095214844,93.98789978027344,1330.760009765625,740.7527465820312,40.666893005371094,948.5819091796875,1743.9832763671875,33.58827590942383,474.46453857421875,35.62564468383789
2022-04-19,706.7157592773438,794.4827880859375,319.03131103515625,100.22061157226562,41.03030014038086,93.3577651977539,1279.978515625,749.0615234375,39.91933822631836,935.3350219726562,1701.240478515625,33.12434768676758,476.60638427734375,35.6688232421875
2022-04-20,706.5913696289062,791.3956298828125,318.48907470703125,99.82167053222656,40.7592658996582,93.16387939453125,1291.517578125,738.5534057617188,39.96917724609375,943.8265991210938,1714.989990234375,33.12434768676758,474.27825927734375,35.36655044555664
2022-04-21,713.95458984375,798.466064453125,331.6506042480469,100.9741439819336,41.61606979370117,93.64859771728516,1310.6383056640625,745.2003784179688,40.71672821044922,960.0333862304688,1754.39501953125,33.35631561279297,480.79693603515625,35.36655044555664
2022-04-22,682.4370727539062,777.3541870117188,325.5874328613281,98.80217742919922,40.78550338745117,92.82456970214844,1292.7574462890625,730.8311157226562,39.91933822631836,931.501708984375,1721.4163818359375,32.84599685668945,466.1765441894531,35.021087646484375
2022-04-25,681.0690307617188,777.4537963867188,328.0521240234375,98.53622436523438,39.876243591308594,92.48526763916016,1302.4368896484375,735.2786865234375,39.17178726196289,918.5945434570312,1722.51220703125,32.3820686340332,460.7288513183594,34.459716796875
2022-04-26,704.2531127929688,771.7774658203125,335.1504821777344,102.39256286621094,41.18767166137695,94.52111053466797,1308.4449462890625,736.7938232421875,40.01901626586914,951.4933471679688,1736.3114013671875,33.03156280517578,470.7396240234375,34.76198959350586
2022-04-27,678.0838623046875,762.7153930664062,328.939453125,102.92447662353516,40.51447296142578,94.08485412597656,1308.9217529296875,720.1273803710938,39.57048416137695,945.7190551757812,1735.115966796875,32.84599685668945,463.0569152832031,34.24380111694336
2022-04-28,700.6958618164062,776.5574951171875,331.601318359375,102.56986999511719,40.77676010131836,94.6665267944336,1307.77734375,730.3423461914062,39.57048416137695,959.1599731445312,1759.177490234375,32.799598693847656,472.60205078125,34.20061492919922
2022-04-29,691.5665283203125,725.5704345703125,329.6788330078125,100.08763122558594,40.15601348876953,93.06693267822266,1320.4132080078125,726.5789184570312,39.37113571166992,949.6494140625,1784.1854248046875,32.56763458251953,462.1722412109375,32.9051399230957
2022-05-02,682.1386108398438,724.32568359375,331.74920654296875,99.95465087890625,40.17349624633789,91.66123962402344,1338.627685546875,724.3307495117188,38.7232551574707,988.0313720703125,1767.8455810546875,32.521240234375,457.2366638183594,33.33696365356445
2022-05-04,660.2232666015625,704.2594604492188,321.2495422363281,95.8766860961914,38.97572708129883,91.56428527832031,1293.1387939453125,707.95751953125,38.27472686767578,949.4067993164062,1769.0909423828125,31.871746063232422,446.6671447753906,32.25739669799805
2022-05-05,671.6908569335938,699.4295654296875,316.0736999511719,93.83769226074219,39.29921340942383,91.27345275878906,1290.230224609375,712.4051513671875,39.072113037109375,909.1325073242188,1791.01025390625,31.778961181640625,446.9930725097656,31.782394409179688
2022-05-06,654.9496459960938,670.6000366210938,314.299072265625,93.03982543945312,38.35498046875,88.31664276123047,1256.5191650390625,703.0698852539062,38.52391052246094,888.3645629882812,1768.7921142578125,31.407817840576172,450.6714782714844,30.83237648010254
2022-05-09,636.417236328125,660.9403076171875,308.7288513183594,91.53275299072266,35.20754623413086,90.93415069580078,1258.6646728515625,694.3701171875,37.82619094848633,863.423583984375,1761.0205078125,31.08307647705078,443.17498779296875,30.83237648010254
2022-05-10,628.2083129882812,657.0067138671875,309.3696594238281,89.5380859375,34.91903305053711,89.5769271850586,1278.882080078125,695.2987670898438,37.37765884399414,883.8518676757812,1790.5621337890625,30.897502899169922,442.5231628417969,31.1346492767334
2022-05-11,634.42724609375,669.5543212890625,308.28521728515625,89.75972747802734,35.35617446899414,87.92886352539062,1286.0819091796875,698.1336059570312,36.63010787963867,896.0797119140625,1803.31494140625,30.711929321289062,443.7803039550781,30.18463706970215
2022-05-12,616.4422607421875,646.94873046875,299.8559265136719,85.14984130859375,33.70377731323242,82.8392562866211,1257.0919189453125,680.1473999023438,34.686466217041016,844.2083129882812,1754.4449462890625,26.53659439086914,430.8361511230469,29.148252487182617
2022-05-13,643.6063232421875,633.3057250976562,312.9681396484375,84.21898651123047,33.799949645996094,80.94884490966797,1245.804443359375,662.1124877929688,34.43728256225586,846.5859375,1773.0264892578125,27.18609046936035,414.07391357421875,31.221023559570312
2022-05-16,649.85009765625,636.2932739257812,333.6716613769531,88.51859283447266,34.578060150146484,82.69384765625,1259.0694580078125,667.6353759765625,35.683204650878906,859.73583984375,1806.2042236328125,27.41805076599121,423.712158203125,31.911943435668945
2022-05-17,654.42724609375,652.2266845703125,336.7278747558594,90.55758666992188,35.45234680175781,84.05106353759766,1267.6556396484375,694.0280151367188,36.63010787963867,877.1555786132812,1833.5537109375,27.789196014404297,435.1663818359375,31.868757247924805
2022-05-18,638.332763671875,656.7080078125,326.129638671875,88.16397857666016,34.455657958984375,83.46940612792969,1267.5592041015625,691.4376220703125,36.331085205078125,876.476318359375,1840.0299072265625,27.557231903076172,426.50592041015625,31.696027755737305
2022-05-19,627.0143432617188,647.4965209960938,309.961181640625,85.37147521972656,32.68960189819336,80.9003677368164,1241.65625,674.771240234375,34.88581466674805,840.6660766601562,1776.8623046875,27.093307495117188,416.72796630859375,30.65964698791504
2022-05-20,651.8401489257812,670.30126953125,312.4752197265625,88.16397857666016,33.99229049682617,82.69384765625,1274.3604736328125,693.588134765625,35.88255310058594,870.022705078125,1822.444580078125,27.789196014404297,430.60333251953125,31.1346492767334
2022-05-23,666.64111328125,672.5418701171875,309.5175476074219,86.12500762939453,33.33657455444336,82.49995422363281,1258.00830078125,695.054443359375,35.533695220947266,875.7484741210938,1847.50244140625,28.392301559448242,429.20648193359375,31.523296356201172
2022-05-24,658.4073486328125,661.2888793945312,308.23590087890625,84.92821502685547,33.17919921875,81.96676635742188,1272.4310302734375,692.2196655273438,34.88581466674805,871.4298706054688,1875.6986083984375,28.113941192626953,430.27740478515625,31.436931610107422
2022-05-25,641.21826171875,662.2349243164062,303.4543762207031,83.24382781982422,32.56719970703125,80.94884490966797,1281.93359375,697.3026733398438,33.789405822753906,866.9656982421875,1900.55712890625,27.650014877319336,429.4735107421875,30.141454696655273
2022-05-26,657.4620361328125,680.4089965820312,311.8836975097656,87.18882751464844,34.23708724975586,82.45148468017578,1318.496826171875,712.1118774414062,34.1880989074707,871.0902099609375,1901.6533203125,28.067550659179688,443.47088623046875,30.746007919311523
2022-05-27,652.9346923828125,685.43798828125,319.86932373046875,87.45478057861328,34.63051986694336,84.2449722290039,1342.952880859375,723.1576538085938,35.483856201171875,898.0691528320312,1939.0653076171875,28.253124237060547,443.5181884765625,30.96192169189453
2022-05-30,644.8003540039062,690.7658081054688,323.1227111816406,90.02567291259766,36.54520034790039,87.39566802978516,1352.1177978515625,731.6619873046875,36.331085205078125,908.5501708984375,1896.2230224609375,29.366544723510742,448.8617858886719,32.7324104309082
2022-05-31,622.5615234375,682.3510131835938,321.34814453125,88.87320709228516,35.84577560424805,86.1353759765625,1339.962158203125,735.9140625,36.181575775146484,903.358154296875,1840.0797119140625,29.08818817138672,442.7142639160156,32.68922805786133
2022-06-01,639.9247436523438,683.1974487304688,327.8549499511719,90.2916259765625,36.50149154663086,86.57164001464844,1345.654052734375,735.7186279296875,36.032066345214844,900.9320068359375,1858.2626953125,29.13458251953125,442.9034118652344,33.46651077270508
2022-06-02,647.7108154296875,688.6744995117188,324.5029602050781,91.88735961914062,37.3408088684082,89.18914031982422,1336.2479248046875,732.8837890625,36.181575775146484,915.100830078125,1850.840087890625,29.691293716430664,444.369384765625,34.02788543701172
2022-06-03,628.2581176757812,674.4837646484375,313.5596618652344,90.55758666992188,36.912410736083984,87.39566802978516,1331.6173095703125,727.5564575195312,35.23467254638672,897.0016479492188,1851.83642578125,29.273757934570312,439.30950927734375,33.29378128051758
2022-06-06,630.9197998046875,669.405029296875,321.5946350097656,90.46893310546875,36.798744201660156,88.02581024169922,1329.8323974609375,729.9513549804688,34.98548889160156,901.3202514648438,1862.447509765625,29.180973052978516,438.5529479980469,33.207420349121094
2022-06-07,631.914794921875,663.081298828125,323.2213134765625,90.33595275878906,36.55394744873047,88.3651123046875,1314.54150390625,718.7100219726562,34.586795806884766,896.4193725585938,1851.33837890625,28.995403289794922,438.2691650390625,33.38015365600586
2022-06-08,626.0939331054688,655.861572265625,326.5240478515625,91.79871368408203,36.87743377685547,88.31664276123047,1319.1722412109375,713.08935546875,34.487117767333984,886.7147216796875,1838.734619140625,28.902618408203125,445.74072265625,32.7324104309082
2022-06-09,610.2979125976562,658.55029296875,329.0873107910156,93.12848663330078,36.282920837402344,88.55899810791016,1329.10888671875,716.2662353515625,34.23793411254883,893.1198120117188,1858.3624267578125,28.856225967407227,441.62664794921875,32.77559280395508
2022-06-10,600.0491333007812,657.9527587890625,319.03131103515625,93.17280578613281,36.36160659790039,88.89830780029297,1303.447021484375,703.8031005859375,33.93891525268555,886.2294921875,1785.231689453125,28.670656204223633,436.80322265625,32.12785720825195
2022-06-13,585.0242919921875,646.251708984375,302.7642822265625,88.60724639892578,34.49937438964844,85.98995971679688,1279.8111572265625,672.52294921875,32.792667388916016,839.8897705078125,1730.9810791015625,27.928373336791992,421.6708984375,31.436931610107422
2022-06-14,599.9496459960938,648.044189453125,309.91192626953125,89.13916015625,34.47314453125,87.15330505371094,1265.7261962890625,670.0792236328125,32.842506408691406,819.2673950195312,1733.322509765625,27.742801666259766,423.79888916015625,30.96192169189453
2022-06-15,624.2780151367188,647.795166015625,309.5668640136719,88.74022674560547,34.048221588134766,86.42621612548828,1261.3365478515625,671.789794921875,32.593318939208984,818.3939208984375,1730.28369140625,27.789196014404297,426.8726501464844,31.09147071838379
2022-06-16,621.5416870117188,632.2600708007812,305.77117919921875,86.43528747558594,32.737281799316406,84.2449722290039,1236.1090087890625,663.2366943359375,31.54674530029297,785.689208984375,1669.6568603515625,26.95412826538086,417.6513977050781,30.400548934936523
2022-06-17,620.3973999023438,632.558837890625,306.0176696777344,86.80056762695312,32.70111846923828,84.63274383544922,1244.2608642578125,671.3987426757812,31.54674530029297,783.0689697265625,1667.46484375,26.95412826538086,417.0839538574219,30.83237648010254
2022-06-20,611.0939331054688,625.6875610351562,270.1808776855469,83.23905944824219,31.561960220336914,82.20912170410156,1275.5181884765625,670.5191040039062,29.75261688232422,760.893798828125,1673.044189453125,26.397417068481445,411.1256103515625,30.270999908447266
2022-06-21,608.7058715820312,633.8534545898438,278.06793212890625,87.71378326416016,32.99042892456055,85.11746215820312,1289.4102783203125,680.4407348632812,30.300823211669922,775.2566528320312,1675.3359375,27.603622436523438,426.30517578125,31.177833557128906
2022-06-22,596.0690307617188,624.1937866210938,277.52569580078125,87.16584777832031,32.70111846923828,84.14801788330078,1283.33251953125,671.1544189453125,29.054901123046875,754.682861328125,1663.5791015625,27.78379249572754,423.373291015625,31.72481346130371
2022-06-23,607.5615844726562,626.7330932617188,274.1243896484375,88.07906341552734,32.88193893432617,84.2934341430664,1288.0596923828125,683.4221801757812,29.652942657470703,761.7672729492188,1677.9263916015625,27.736379623413086,426.9199523925781,31.770397186279297
2022-06-24,611.3924560546875,631.3638916015625,282.2579040527344,91.2752914428711,33.614253997802734,86.62010192871094,1306.052001953125,697.4004516601562,30.89886474609375,782.6807250976562,1692.1739501953125,28.020854949951172,429.6153869628906,32.22621154785156
2022-06-27,621.1934204101562,634.4508666992188,279.69464111328125,91.32095336914062,33.93973159790039,88.26817321777344,1308.41552734375,701.212646484375,31.995275497436523,799.1786499023438,1685.34912109375,28.020854949951172,436.1884765625,31.815977096557617
2022-06-28,619.5516967773438,639.6790771484375,272.4977111816406,92.73643493652344,33.95781326293945,88.99525451660156,1298.4305419921875,694.3212280273438,31.89560317993164,792.4824829101562,1662.682373046875,28.21050453186035,439.07305908203125,31.907142639160156
2022-06-29,593.083984375,622.9489135742188,264.8078308105469,92.37114715576172,33.67754364013672,88.80136108398438,1296.5491943359375,686.9411010742188,31.54674530029297,784.9127807617188,1636.428955078125,28.21050453186035,434.2023620605469,31.36016082763672
2022-06-30,588.7556762695312,634.152099609375,259.77984619140625,88.94660949707031,32.7734489440918,87.44413757324219,1300.45654296875,691.2910766601562,31.34739875793457,770.8895263671875,1655.0106201171875,27.499317169189453,440.63360595703125,31.223419189453125
2022-07-01,576.019287109375,641.2724609375,261.11077880859375,88.53567504882812,33.42439651489258,90.78872680664062,1306.003662109375,688.0652465820312,32.1447868347168,783.360107421875,1661.63623046875,27.9260311126709,441.53204345703125,31.451324462890625
2022-07-04,560.646240234375,651.629150390625,266.9274597167969,89.90547943115234,34.05725860595703,92.29137420654297,1307.836669921875,703.9007568359375,33.93891525268555,807.4276733398438,1664.77490234375,28.447568893432617,447.7741394042969,31.633651733398438
2022-07-05,553.9298095703125,645.803466796875,269.58935546875,90.08812713623047,34.192874908447266,91.66123962402344,1304.894287109375,703.2655029296875,33.34087371826172,799.7124633789062,1656.9534912109375,28.163095474243164,446.54461669921875,31.5424861907959
2022-07-06,578.7557373046875,655.2142944335938,273.77935791015625,90.81868743896484,34.852867126464844,92.63068389892578,1322.8863525390625,709.6192626953125,33.93891525268555,811.84326171875,1698.2515869140625,28.400157928466797,453.921630859375,31.815977096557617
2022-07-07,582.4371948242188,656.4110717773438,275.65252685546875,95.88700866699219,37.70980453491211,94.036376953125,1346.570556640625,725.3082275390625,34.1880989074707,835.5712280273438,1732.126953125,29.395822525024414,460.35284423828125,32.72761154174805
2022-07-08,579.1536254882812,667.3819580078125,268.06121826171875,96.4349365234375,38.1708984375,94.52111053466797,1347.82470703125,738.7000122070312,33.639892578125,823.537353515625,1738.35400390625,29.063934326171875,462.05523681640625,32.81877899169922
2022-07-11,581.74072265625,678.0537109375,271.1174621582031,100.0421142578125,39.22868728637695,96.65388488769531,1356.5555419921875,752.1895141601562,34.23793411254883,832.9993896484375,1734.8668212890625,29.443235397338867,461.7242736816406,33.32017135620117
2022-07-12,574.1287841796875,674.4133911132812,278.4129638671875,99.76814270019531,39.21964645385742,95.44207763671875,1342.7117919921875,742.8055419921875,33.88908004760742,822.0331420898438,1712.6485595703125,29.2061710357666,458.6504821777344,33.365753173828125
2022-07-13,568.3079223632812,678.1036376953125,273.53289794921875,99.0375747680664,39.454708099365234,95.00582885742188,1309.958984375,736.2562255859375,33.789405822753906,794.860107421875,1735.6639404296875,29.2061710357666,460.11639404296875,33.95831298828125
2022-07-14,551.74072265625,666.484375,271.4625244140625,96.06964111328125,37.890625,94.23027038574219,1303.3990478515625,735.4742431640625,33.68973159790039,796.655517578125,1763.561279296875,28.82686996459961,453.35418701171875,33.32017135620117
2022-07-15,547.4124755859375,660.4503173828125,266.48382568359375,95.01946258544922,37.26679992675781,95.73291015625,1314.010986328125,734.3012084960938,33.24119567871094,790.9782104492188,1781.146484375,28.732044219970703,453.11773681640625,33.27458953857422
2022-07-18,554.47705078125,682.6914672851562,276.8355712890625,98.62664031982422,38.785682678222656,99.85306549072266,1300.0224609375,754.63330078125,34.686466217041016,825.9150390625,1838.884033203125,29.727710723876953,463.7103271484375,33.867149353027344
2022-07-19,563.382568359375,698.7488403320312,283.6874694824219,102.91871643066406,40.34976577758789,105.62520599365234,1300.5047607421875,763.0887451171875,35.13500213623047,842.46142578125,1828.2232666015625,29.964773178100586,470.9454650878906,34.55087661743164
2022-07-20,574.0791015625,703.83544921875,278.06793212890625,102.32513427734375,39.734981536865234,103.75049591064453,1316.905029296875,765.4835815429688,34.7861442565918,853.3306274414062,1821.0498046875,29.775121688842773,481.0179138183594,34.095062255859375
2022-07-21,583.8302612304688,713.6593627929688,279.2509765625,104.06022644042969,40.910301208496094,105.77320098876953,1312.7567138671875,768.318359375,35.63336944580078,920.0986938476562,1793.949462890625,30.20183753967285,484.2807922363281,34.778785705566406
2022-07-22,579.4521484375,728.8192138671875,281.962158203125,106.02362823486328,41.41659927368164,105.77320098876953,1343.386962890625,782.05224609375,35.63336944580078,914.6156005859375,1820.402099609375,30.154422760009766,485.84130859375,34.824363708496094
2022-07-25,578.805419921875,725.4281616210938,269.93438720703125,105.20174407958984,40.64811706542969,105.92121124267578,1347.34228515625,782.8831787109375,35.83271789550781,933.6367797851562,1788.9677734375,29.964773178100586,489.7189636230469,34.596458435058594
2022-07-26,579.4521484375,704.5834350585938,266.8782043457031,106.38890838623047,40.069496154785156,104.29316711425781,1344.5928955078125,778.3866577148438,35.533695220947266,933.2000122070312,1755.1422119140625,29.964773178100586,486.314208984375,33.867149353027344
2022-07-27,578.9546508789062,717.0504150390625,273.335693359375,107.98703002929688,41.054962158203125,106.01986694335938,1354.8671875,782.4921264648438,35.63336944580078,950.8624877929688,1747.669677734375,30.3914852142334,499.5549621582031,34.322967529296875
2022-07-28,588.36572265625,723.9820556640625,276.5398254394531,106.98250579833984,40.90126419067383,105.87187194824219,1366.878173828125,796.27490234375,36.480594635009766,987.6431884765625,1821.7969970703125,30.96044158935547,503.574462890625,34.778785705566406
2022-07-29,589.6105346679688,722.8350830078125,272.300537109375,106.16061401367188,40.196067810058594,105.23052215576172,1383.6160888671875,800.1849975585938,37.42749786376953,1012.6812133789062,1803.7135009765625,29.727710723876953,499.6968078613281,34.824363708496094
2022-08-01,602.25830078125,728.8690795898438,278.4129638671875,106.2062759399414,40.702362060546875,105.4771957397461,1395.144775390625,804.8770141601562,41.81314468383789,1009.43017578125,1848.9471435546875,31.671630859375,504.8039855957031,35.280181884765625
2022-08-02,615.2544555664062,728.52001953125,278.2158203125,111.18327331542969,42.166996002197266,109.37461853027344,1379.8055419921875,799.3541870117188,43.25841522216797,1035.729736328125,1877.69140625,32.43022918701172,512.7011108398438,36.14623260498047
2022-08-03,607.0882568359375,728.56982421875,280.0889892578125,110.54402160644531,41.94097137451172,107.54924774169922,1383.037353515625,806.2454833984375,43.00922775268555,1027.0440673828125,1844.3140869140625,32.240577697753906,511.5188903808594,35.5992546081543
2022-08-04,633.9769897460938,719.6934204101562,274.8638000488281,108.30665588378906,40.6119499206543,106.51322174072266,1381.397216796875,801.7978515625,42.90955352783203,1019.1831665039062,1828.8211669921875,31.671630859375,504.3311462402344,35.32576370239258
2022-08-05,645.330078125,726.5751953125,270.2301940917969,107.66740417480469,40.00620651245117,107.49990844726562,1376.718505859375,819.3441162109375,43.25841522216797,1005.69384765625,1827.17724609375,31.81386375427246,502.2503662109375,35.46250915527344
2022-08-08,647.3716430664062,743.580078125,271.5118103027344,107.98703002929688,40.69331741333008,108.09193420410156,1410.4840087890625,823.03173828125,44.50433349609375,1019.1831665039062,1837.7384033203125,31.624216079711914,492.177978515625,35.37134552001953
2022-08-10,642.4917602539062,737.0474853515625,269.73724365234375,108.35232543945312,40.774688720703125,108.28926086425781,1414.5841064453125,834.635498046875,44.65384292602539,1031.702392578125,1821.6474609375,31.292329788208008,486.787109375,35.32576370239258
2022-08-11,641.695068359375,756.844970703125,269.2935791015625,112.50741577148438,41.75111389160156,109.6706314086914,1433.2996826171875,845.4034423828125,45.10237503051758,1055.76806640625,1847.8170166015625,31.671630859375,496.2920837402344,36.46530532836914
2022-08-12,628.5494384765625,758.54052734375,267.4204406738281,112.46176147460938,41.77823257446289,109.3252944946289,1432.7691650390625,859.8590087890625,44.95286560058594,1056.990966796875,1835.5546875,31.57680320739746,501.9194030761719,36.41972351074219
2022-08-16,637.2135620117188,762.6297607421875,276.44122314453125,111.00062561035156,41.977134704589844,108.88127899169922,1449.169677734375,864.6282958984375,44.95286560058594,1060.9041748046875,1840.6888427734375,31.81386375427246,497.4269714355469,36.64763259887695
2022-08-17,643.5872192382812,770.0599365234375,282.60296630859375,115.6123275756836,43.25191116333008,108.3386001586914,1456.6463623046875,868.561767578125,45.84992980957031,1064.964111328125,1834.059326171875,32.667293548583984,499.5076904296875,37.33135986328125
2022-08-18,642.69091796875,763.0286254882812,284.27899169921875,113.14666748046875,43.38752746582031,109.52262878417969,1458.3826904296875,870.3809814453125,45.3515625,1081.1058349609375,1898.6607666015625,32.382816314697266,503.4798889160156,37.65042495727539
2022-08-19,636.3173217773438,755.49853515625,277.8214416503906,109.90477752685547,41.70590591430664,106.11854553222656,1440.3907470703125,855.925537109375,44.50433349609375,1040.2135009765625,1871.2449951171875,31.624216079711914,492.1306457519531,36.64763259887695
2022-08-22,634.2758178710938,739.889892578125,274.6666564941406,107.98703002929688,40.15086364746094,105.23052215576172,1418.4910888671875,838.0772705078125,43.507598876953125,1034.245849609375,1826.432861328125,30.723377227783203,483.57147216796875,35.963905334472656
2022-08-23,643.7864379882812,745.0761108398438,276.1454772949219,112.7357177734375,41.42564010620117,108.38793182373047,1414.101806640625,849.5335693359375,45.89976501464844,1047.795166015625,1850.0601806640625,31.339736938476562,493.5966796875,36.100650787353516
2022-08-24,648.9650268554688,748.1680297851562,291.5744934082031,112.8270492553711,41.96809005737305,112.48269653320312,1420.903076171875,858.7772216796875,48.441444396972656,1077.9754638671875,1861.873779296875,31.81386375427246,491.13763427734375,36.87554168701172
2022-08-25,645.8280029296875,741.3859252929688,292.9547424316406,114.97309112548828,43.17053985595703,112.384033203125,1413.1851806640625,857.843017578125,48.790306091308594,1066.2847900390625,1863.0203857421875,33.42589569091797,492.177978515625,38.56206130981445
2022-08-26,638.7572631835938,742.9318237304688,282.3072204589844,117.164794921875,43.30615997314453,112.384033203125,1413.4263916015625,856.367919921875,48.29193878173828,1046.5234375,1896.21826171875,33.85260772705078,495.3935546875,38.78996658325195
2022-08-29,631.1387329101562,726.7747192382812,271.31463623046875,115.33837127685547,42.492469787597656,111.59468078613281,1388.6328125,841.617431640625,48.49128723144531,1036.202392578125,1844.327880859375,33.42589569091797,486.928955078125,37.8327522277832
2022-08-30,631.2881469726562,749.514404296875,274.56805419921875,119.49348449707031,43.59546661376953,115.4427719116211,1433.6856689453125,872.54443359375,48.989654541015625,1083.40478515625,1909.5770263671875,33.99484634399414,502.4395446777344,38.60763931274414
2022-09-01,645.330078125,742.1838989257812,274.6173400878906,121.8678207397461,44.21025466918945,117.16947937011719,1420.227783203125,859.8097534179688,48.989654541015625,1087.26904296875,1897.015625,33.94743347167969,504.37835693359375,38.83554458618164
2022-09-02,642.5415649414062,748.2178344726562,272.20196533203125,119.76742553710938,44.08367919921875,117.95883178710938,1433.1068115234375,857.8922119140625,48.39160919189453,1076.850341796875,1912.966552734375,33.42589569091797,507.593994140625,38.744384765625
2022-09-05,649.2637939453125,754.1022338867188,279.842529296875,122.23310089111328,44.35490798950195,121.90558624267578,1442.320068359375,867.7750854492188,50.63426971435547,1083.94287109375,1931.9583740234375,33.85260772705078,509.6747131347656,39.109039306640625
2022-09-06,647.42138671875,748.0183715820312,278.6594543457031,121.8678207397461,44.17409133911133,119.58686065673828,1436.821044921875,868.9551391601562,49.73720932006836,1084.7255859375,1909.8262939453125,35.27499008178711,508.6343078613281,38.69880676269531
2022-09-07,638.25927734375,753.4041748046875,280.0397033691406,122.55272674560547,43.613548278808594,117.16947937011719,1430.019775390625,861.6290283203125,49.986392974853516,1066.2847900390625,1902.399169921875,35.6542854309082,503.9527587890625,38.972293853759766
2022-09-08,646.325927734375,777.6898193359375,287.77886962890625,126.3425521850586,44.3006591796875,116.47879791259766,1444.780029296875,883.8531494140625,50.93328857421875,1084.2364501953125,1924.1324462890625,36.365474700927734,515.1128540039062,39.610435485839844
2022-09-09,649.9110717773438,782.7762451171875,289.3562927246094,126.06857299804688,44.03847122192383,117.95883178710938,1445.7447509765625,886.262451171875,50.2854118347168,1112.4599609375,1920.4437255859375,36.98183822631836,523.3410034179688,39.7471809387207
2022-09-12,658.0275268554688,798.8836669921875,284.5254821777344,126.79916381835938,44.68037796020508,118.20549774169922,1440.8729248046875,892.1134643554688,50.2854118347168,1112.16650390625,1918.1009521484375,38.02491760253906,524.8070068359375,41.16021728515625
2022-09-13,672.0195922851562,803.4215698242188,293.9406433105469,126.61650848388672,44.64421463012695,117.56415557861328,1459.7333984375,894.866943359375,50.086063385009766,1138.5313720703125,1917.5028076171875,37.503379821777344,527.7388916015625,42.07184600830078
2022-09-14,674.80810546875,800.92822265625,302.2220153808594,128.26028442382812,46.1630973815918,119.14286041259766,1474.7349853515625,902.8322143554688,50.733943939208984,1189.3533935546875,1948.7066650390625,38.02491760253906,540.7431640625,41.93510055541992
2022-09-15,678.044677734375,787.9126586914062,300.2995910644531,127.89500427246094,45.64776611328125,120.4255599975586,1467.0654296875,902.3405151367188,52.57790756225586,1169.885498046875,1928.2197265625,38.356807708740234,541.1215209960938,42.345333099365234
2022-09-16,655.9361572265625,787.2144775390625,284.7226257324219,125.3380126953125,44.18312454223633,119.93221282958984,1440.1011962890625,893.9818725585938,50.783782958984375,1200.7015380859375,1924.381591796875,37.59820556640625,531.332763671875,42.16300964355469
2022-09-19,650.707763671875,795.9912109375,285.1662902832031,128.80821228027344,44.653255462646484,120.96823120117188,1449.6038818359375,884.2465209960938,50.93328857421875,1199.1363525390625,1923.5841064453125,38.30939483642578,541.216064453125,42.84673309326172
2022-09-20,663.455078125,810.6026000976562,289.1590881347656,129.31048583984375,44.96969223022461,121.65892028808594,1467.0654296875,901.5046997070312,51.13263702392578,1236.653564453125,1933.8026123046875,38.54645919799805,542.91845703125,43.16580581665039
2022-09-21,663.255859375,804.4188842773438,284.9691162109375,129.08218383789062,44.74366760253906,121.1162338256836,1464.7982177734375,900.0296020507812,50.584434509277344,1197.6688232421875,1912.6177978515625,38.07233428955078,538.8043823242188,42.345333099365234
2022-09-22,660.6665649414062,787.1148681640625,283.19451904296875,126.43385314941406,43.92998123168945,121.26424407958984,1433.5892333984375,888.376708984375,50.48476028442383,1190.1361083984375,1886.94677734375,38.40422058105469,536.5345458984375,41.6616096496582
2022-09-23,635.2218627929688,766.5692138671875,274.2229919433594,121.0002670288086,41.42564010620117,115.19609832763672,1395.144775390625,867.5784301757812,48.54112243652344,1157.6568603515625,1856.98876953125,36.17582702636719,520.7401123046875,40.24858093261719
2022-09-26,594.6895751953125,740.6378784179688,257.8573303222656,117.02780151367188,39.26484680175781,109.52262878417969,1376.33251953125,846.7308959960938,47.09585189819336,1124.6396484375,1823.3922119140625,34.137081146240234,513.8360595703125,38.60763931274414
2022-09-27,604.1005859375,735.5514526367188,259.18829345703125,116.66252136230469,38.74047088623047,112.87738037109375,1363.9840087890625,838.3722534179688,47.29520034790039,1139.8031005859375,1793.783203125,34.80086135864258,507.40484619140625,39.245784759521484
2022-09-28,579.8509521484375,714.5570678710938,250.21678161621094,115.47534942626953,37.97199249267578,110.36131286621094,1340.541015625,835.3729858398438,46.547645568847656,1116.128662109375,1787.1036376953125,33.046592712402344,496.38665771484375,38.425315856933594
2022-09-29,597.9262084960938,717.1002807617188,257.06866455078125,116.38855743408203,38.948421478271484,111.49600982666016,1333.5948486328125,829.8661499023438,47.59421920776367,1117.4493408203125,1759.8875732421875,33.09400939941406,493.4547424316406,39.792762756347656
2022-09-30,616.6487426757812,731.2627563476562,262.8360595703125,120.90894317626953,41.36235046386719,117.16947937011719,1371.219482421875,847.6651611328125,49.6873664855957,1159.4666748046875,1813.6221923828125,34.65862274169922,501.8247985839844,40.70439910888672
2022-10-03,591.950927734375,720.8403930664062,257.3644104003906,116.93648529052734,40.205108642578125,114.75209045410156,1363.3568115234375,834.2421264648438,49.18899917602539,1131.145263671875,1778.4305419921875,33.61554718017578,491.563232421875,39.336952209472656
2022-10-04,605.245849609375,740.83740234375,266.18804931640625,122.18744659423828,41.08208084106445,119.24152374267578,1401.753173828125,853.22119140625,53.02643966674805,1192.7774658203125,1816.6629638671875,34.56380081176758,503.8109436035156,40.61323547363281
2022-10-06,602.5570068359375,753.1048583984375,270.1808776855469,123.19196319580078,41.054962158203125,119.24152374267578,1386.3175048828125,870.7252197265625,54.12285232543945,1174.8258056640625,1813.3231201171875,34.753448486328125,508.16143798828125,40.79555892944336
2022-10-07,588.6146850585938,753.703369140625,271.01885986328125,123.5572509765625,41.41659927368164,121.21490478515625,1380.3360595703125,867.8733520507812,52.827091217041016,1187.054443359375,1819.80322265625,34.753448486328125,501.446533203125,40.658809661865234
2022-10-10,584.929931640625,774.7974243164062,263.624755859375,120.72630310058594,41.163448333740234,119.73487091064453,1365.0933837890625,867.086669921875,53.57464599609375,1184.021728515625,1802.705810546875,34.65862274169922,501.9666748046875,40.02067565917969
2022-10-11,580.398681640625,783.4744873046875,259.87841796875,118.35196685791016,40.26839828491211,120.7708969116211,1351.24951171875,856.1221313476562,52.92676544189453,1139.31396484375,1782.418212890625,33.85260772705078,498.79840087890625,39.20020294189453
2022-10-12,586.025390625,806.563232421875,263.5754699707031,121.41120147705078,40.8651008605957,123.92830657958984,1360.076904296875,853.9095458984375,54.92023849487305,1163.233154296875,1804.6497802734375,34.42155838012695,504.85125732421875,39.929508209228516
2022-10-13,579.20361328125,799.8809814453125,260.5192565917969,118.71724700927734,40.413047790527344,123.23762512207031,1344.4481201171875,839.4048461914062,54.272361755371094,1158.537353515625,1795.9765625,34.04226303100586,493.1710205078125,39.245784759521484
2022-10-14,598.9220581054688,798.3849487304688,261.7023010253906,119.12818908691406,41.000709533691406,128.61509704589844,1388.2469482421875,855.7779541015625,54.12285232543945,1155.9449462890625,1828.376953125,33.99484634399414,498.6092224121094,39.29136276245117
2022-10-17,613.2129516601562,811.9988403320312,264.90643310546875,124.33348083496094,42.92643356323242,129.74977111816406,1395.53076171875,870.4793701171875,55.56812286376953,1173.60302734375,1852.452880859375,34.990516662597656,514.1670532226562,40.06624984741211
2022-10-18,623.0223388671875,814.193115234375,266.77960205078125,128.44293212890625,45.24995803833008,130.5391387939453,1392.92578125,881.9848022460938,56.21600341796875,1196.6905517578125,1853.998046875,36.839603424072266,531.947509765625,41.88951873779297
2022-10-19,623.3709106445312,827.6573486328125,264.7585144042969,125.84027862548828,45.02393341064453,129.5524444580078,1407.2039794921875,877.2645874023438,56.91371536254883,1191.94580078125,1863.618408203125,37.31372833251953,523.3883666992188,42.117427825927734
2022-10-20,589.9093627929688,823.66796875,266.4345397949219,128.48858642578125,46.81404113769531,128.5657501220703,1397.701416015625,873.8720092773438,56.61469650268555,1134.764892578125,1857.8363037109375,38.40422058105469,525.2799072265625,43.074642181396484
2022-10-21,576.9628295898438,898.0210571289062,267.1739501953125,131.0912322998047,48.5589485168457,130.83514404296875,1387.8609619140625,892.0643310546875,57.11306381225586,1117.4493408203125,1896.8162841796875,38.64128494262695,530.434326171875,44.80674362182617
2022-10-24,578.3073120117188,907.0470581054688,264.6599426269531,131.9131317138672,48.91154479980469,132.95652770996094,1409.519287109375,910.8958129882812,57.11306381225586,1120.9710693359375,1889.987548828125,38.973167419433594,539.5609741210938,44.53325271606445
2022-10-25,572.53125,900.4645385742188,263.9698486328125,135.47463989257812,51.38876724243164,132.41384887695312,1399.7271728515625,909.6666870117188,56.315673828125,1112.75341796875,1840.938232421875,41.059326171875,547.1744384765625,47.08582305908203
2022-10-27,578.4566650390625,912.7320556640625,266.8782043457031,136.7074737548828,52.36518859863281,132.8085174560547,1403.103759765625,909.0275268554688,56.61469650268555,1117.6937255859375,1859.28173828125,40.77484893798828,548.2147216796875,48.225364685058594
2022-10-28,571.7344360351562,900.6640014648438,261.60369873046875,134.24179077148438,52.04875183105469,129.40443420410156,1407.251953125,892.7526245117188,55.617958068847656,1122.0960693359375,1878.4727783203125,40.86967468261719,539.79736328125,48.90909194946289
2022-10-31,587.120849609375,903.6062622070312,235.1820831298828,134.8810577392578,52.50984191894531,129.74977111816406,1443.911865234375,893.5885620117188,55.91697692871094,1117.840576171875,1896.1185302734375,40.442962646484375,542.6820068359375,49.13699722290039
2022-11-01,611.0717163085938,869.4467163085938,232.61878967285156,134.8810577392578,52.799156188964844,130.14443969726562,1459.8782958984375,893.4901733398438,55.51828384399414,1126.156005859375,1903.34619140625,38.02491760253906,545.6139526367188,47.95187759399414
2022-11-02,614.0594482421875,861.268310546875,229.31610107421875,134.28746032714844,52.6906623840332,131.42715454101562,1460.7945556640625,889.6550903320312,55.16942596435547,1113.4871826171875,1904.0938720703125,37.218902587890625,542.7293090820312,47.3137321472168
2022-11-03,612.067626953125,861.7670288085938,230.35125732421875,135.2919921875,53.350650787353516,135.42324829101562,1454.379150390625,893.5393676757812,57.013389587402344,1123.074462890625,1894.3240966796875,39.162818908691406,553.1801147460938,49.13699722290039
2022-11-04,613.8104248046875,865.8063354492188,224.78103637695312,132.00445556640625,53.72132873535156,134.5352325439453,1444.345947265625,890.2450561523438,56.96355438232422,1127.67236328125,1894.1246337890625,39.63694763183594,561.7392578125,50.36770248413086
2022-11-07,613.8104248046875,870.6434936523438,222.4149169921875,144.60675048828125,55.954444885253906,135.17657470703125,1455.585205078125,902.2422485351562,57.11306381225586,1119.30810546875,1876.8277587890625,39.684356689453125,580.8438110351562,53.37609100341797
2022-11-09,639.9024658203125,871.3916015625,225.42184448242188,151.8667449951172,56.795257568359375,136.26193237304688,1455.1510009765625,895.358642578125,57.212738037109375,1124.052734375,1887.5948486328125,42.623939514160156,582.1677856445312,58.39006805419922
2022-11-10,625.810791015625,841.4708251953125,218.9150390625,151.0905303955078,55.50239562988281,136.16326904296875,1470.9725341796875,895.5552978515625,57.41208267211914,1102.8726806640625,1906.2872314453125,41.77051544189453,572.8993530273438,60.9426383972168
2022-11-11,620.9807739257812,848.4523315429688,223.15432739257812,147.71165466308594,55.050350189208984,133.25253295898438,1554.3253173828125,891.4743041992188,57.362247467041016,1115.2481689453125,1893.2772216796875,42.43429183959961,568.6906127929688,60.9426383972168
2022-11-14,633.5288696289062,848.7515258789062,222.66139221191406,149.675048828125,55.00514221191406,134.2392120361328,1558.087646484375,880.0671997070312,57.262577056884766,1127.9168701171875,1916.9046630859375,41.675689697265625,560.4152221679688,59.02821350097656
2022-11-15,631.2881469726562,856.38134765625,225.5697479248047,148.80751037597656,55.92732620239258,134.28855895996094,1561.8984375,896.5386352539062,56.96355438232422,1127.819091796875,1906.5364990234375,41.675689697265625,568.2650146484375,57.52401351928711
2022-11-16,622.2255859375,853.139892578125,221.37974548339844,149.12713623046875,55.52048110961914,131.3778076171875,1575.30810546875,898.4070434570312,56.91371536254883,1119.259033203125,1959.87255859375,41.8653450012207,567.2246704101562,60.21333312988281
2022-11-17,608.3829345703125,855.9324951171875,217.83056640625,149.49240112304688,55.556644439697266,133.1538543701172,1561.0782470703125,904.5039672851562,56.11632537841797,1121.6070556640625,1944.569580078125,42.00757598876953,566.5626220703125,64.04219055175781
2022-11-18,609.677490234375,856.9298706054688,213.14761352539062,148.94448852539062,55.954444885253906,130.93380737304688,1556.978271484375,905.0447387695312,55.66779327392578,1104.1446533203125,1953.5418701171875,43.47736740112305,570.0147094726562,67.3696517944336
2022-11-21,612.5158081054688,867.751220703125,207.9224395751953,147.8486328125,56.76812744140625,130.63778686523438,1541.011962890625,906.077392578125,56.166160583496094,1114.2698974609375,1938.13916015625,45.136810302734375,565.6641845703125,69.42082214355469
2022-11-22,615.2046508789062,867.751220703125,210.78150939941406,152.27769470214844,57.62702178955078,129.70045471191406,1538.744873046875,908.339111328125,56.61469650268555,1144.009765625,1933.8026123046875,45.70576095581055,566.6099853515625,69.9677963256836
2022-11-23,621.329345703125,872.388916015625,212.2603302001953,154.19544982910156,58.757137298583984,132.56185913085938,1542.7484130859375,912.0267944335938,56.81404495239258,1148.852294921875,1947.36083984375,47.744503021240234,574.6962890625,69.10175323486328
2022-11-24,633.7279663085938,876.228759765625,209.49986267089844,155.61090087890625,59.40808868408203,131.57516479492188,1567.8314208984375,923.2371215820312,56.61469650268555,1150.0262451171875,1938.886962890625,48.2186279296875,576.3040771484375,71.6543197631836
2022-11-25,635.1222534179688,885.4043579101562,216.05596923828125,153.28224182128906,59.1006965637207,130.7858123779297,1560.5960693359375,914.8292846679688,57.860618591308594,1161.325439453125,1922.4874267578125,50.82632064819336,574.4598999023438,69.7398910522461
2022-11-28,636.1181640625,889.343994140625,221.1825714111328,153.28224182128906,58.61248779296875,132.01918029785156,1543.8096923828125,921.8113403320312,58.60816955566406,1171.842041015625,1922.23828125,50.63667678833008,575.5947265625,72.42921447753906
2022-11-29,624.76513671875,890.1917114257812,230.84420776367188,153.236572265625,58.17852020263672,130.6871337890625,1541.4942626953125,931.0057983398438,57.8107795715332,1154.9666748046875,1919.6461181640625,49.78324508666992,575.5474243164062,74.93619537353516
2022-11-30,636.6658935546875,898.8687744140625,235.03419494628906,151.8210906982422,56.903743743896484,129.70045471191406,1551.720458984375,937.0535278320312,58.40882110595703,1142.4444580078125,1941.0802001953125,48.64534378051758,569.7782592773438,74.43480682373047
2022-12-01,636.5663452148438,901.4618530273438,232.17514038085938,156.84375,58.02482604980469,130.93380737304688,1562.3807373046875,924.564697265625,58.55833435058594,1148.412109375,1928.369384765625,50.49443435668945,575.1218872070312,74.29805755615234
2022-12-02,645.6785888671875,902.7584838867188,236.710205078125,156.3414764404297,57.70838928222656,131.4764862060547,1550.4180908203125,915.1243286132812,58.807518005371094,1153.1077880859375,1924.880126953125,51.20562744140625,574.6016235351562,74.79945373535156
2022-12-05,648.467041015625,896.8241577148438,237.54818725585938,157.02638244628906,58.31413269042969,135.47259521484375,1556.061767578125,918.074462890625,60.20295333862305,1169.5430908203125,1932.506591796875,52.296112060546875,583.822998046875,75.5743408203125
2022-12-06,646.4254760742188,902.259765625,240.998779296875,159.2637481689453,57.61798095703125,133.005859375,1554.3253173828125,907.3065795898438,60.153114318847656,1158.3905029296875,1929.31640625,52.58059310913086,575.92578125,80.36041259765625
2022-12-07,668.8826904296875,912.2333984375,243.21702575683594,161.18150329589844,56.759090423583984,130.341796875,1553.64990234375,906.81494140625,59.10654067993164,1139.3629150390625,1905.58935546875,52.58059310913086,574.1287841796875,79.0841293334961
2022-12-08,670.17724609375,936.8681030273438,247.94924926757812,171.9116973876953,58.657684326171875,133.94320678710938,1562.3807373046875,916.4027099609375,59.50523376464844,1164.9940185546875,1891.1837158203125,54.71416091918945,578.4793701171875,80.67948150634766
2022-12-09,679.3394165039062,931.2330322265625,243.46348571777344,172.2313232421875,57.41907501220703,132.06849670410156,1573.5234375,914.43603515625,58.40882110595703,1176.39111328125,1882.26123046875,53.33919143676758,583.0663452148438,76.30364227294922
2022-12-12,674.55908203125,936.1699829101562,243.4141845703125,173.55548095703125,57.952491760253906,132.2165069580078,1585.7755126953125,914.8292846679688,58.90719223022461,1180.548828125,1860.029541015625,55.09346008300781,579.8034057617188,79.85901641845703
2022-12-13,661.3139038085938,942.1041259765625,248.0971221923828,176.24945068359375,59.037410736083984,134.43655395507812,1590.1650390625,917.435302734375,59.95376968383789,1208.136474609375,1862.77099609375,56.800315856933594,583.3027954101562,85.46556091308594
2022-12-14,669.380615234375,939.9100341796875,247.80137634277344,175.0166015625,59.2724723815918,134.92991638183594,1603.6229248046875,906.4215087890625,62.49544906616211,1225.94140625,1867.4566650390625,56.1839485168457,591.5782470703125,85.96696472167969
2022-12-15,666.2435302734375,935.6713256835938,247.50559997558594,168.53282165527344,57.952491760253906,136.01527404785156,1574.2470703125,893.6868286132812,62.39577102661133,1212.685546875,1857.4871826171875,56.231361389160156,582.546142578125,82.09251403808594
2022-12-16,664.301513671875,932.6292724609375,243.8085479736328,166.2041473388672,56.23471450805664,134.2392120361328,1581.8199462890625,887.0,61.747894287109375,1202.853759765625,1834.90673828125,53.81332015991211,570.6294555664062,77.21527862548828
2022-12-19,667.8369140625,943.7000122070312,241.59031677246094,166.61508178710938,57.49140930175781,135.02857971191406,1586.740234375,891.3759765625,62.29610061645508,1196.9840087890625,1852.452880859375,53.149539947509766,571.6698608398438,77.5799331665039
2022-12-20,673.613037109375,947.2406005859375,239.91432189941406,167.7109375,58.25084686279297,133.1538543701172,1575.79052734375,894.5719604492188,61.24952697753906,1201.973388671875,1841.4366455078125,52.675411224365234,571.6698608398438,76.44039154052734
2022-12-21,667.3389892578125,929.8367309570312,239.71713256835938,162.14036560058594,56.88566589355469,129.1577606201172,1560.5477294921875,877.412109375,58.75768280029297,1175.706298828125,1809.0362548828125,50.39961242675781,561.2191162109375,74.0245590209961
2022-12-22,668.7332153320312,917.120361328125,228.47808837890625,161.27281188964844,56.38841247558594,126.24702453613281,1555.193603515625,875.8387451171875,56.76420593261719,1154.5264892578125,1820.4512939453125,50.968563079833984,561.2191162109375,69.42082214355469
2022-12-23,641.645263671875,904.20458984375,223.3022003173828,154.37808227539062,52.7177848815918,120.82022857666016,1541.3013916015625,864.2841796875,52.827091217041016,1122.9276123046875,1816.3638916015625,47.12813949584961,542.8711547851562,61.58078384399414
2022-12-26,652.3510131835938,926.2462768554688,230.44984436035156,161.72943115234375,55.07747268676758,129.00975036621094,1571.979736328125,878.3463134765625,55.468448638916016,1169.7386474609375,1807.9896240234375,50.73149871826172,564.7183837890625,73.15851593017578
2022-12-27,660.6167602539062,929.7369995117188,233.60467529296875,162.18601989746094,55.52048110961914,131.1804656982422,1573.5716552734375,885.6724243164062,55.76747131347656,1176.2442626953125,1815.3170166015625,51.3952751159668,569.2581176757812,75.4375991821289
2022-12-28,660.4674072265625,922.2567749023438,229.71043395996094,166.02149963378906,57.15689468383789,131.8711700439453,1572.3175048828125,884.000732421875,55.66779327392578,1187.7882080078125,1814.5194091796875,52.05905532836914,568.4542236328125,72.38363647460938
2022-12-29,662.6583862304688,932.0807495117188,232.6680908203125,169.26339721679688,58.070030212402344,135.8179168701172,1583.411865234375,892.9493408203125,56.564857482910156,1204.4190673828125,1813.173583984375,52.533180236816406,578.6212158203125,71.10733795166016
2022-12-30,651.7534790039062,931.2828369140625,230.89349365234375,169.5830078125,60.2669792175293,137.1992950439453,1570.7257080078125,876.0353393554688,58.60816955566406,1193.60888671875,1821.6475830078125,53.528846740722656,580.4181518554688,73.2952651977539
2023-01-02,654.29296875,939.112060546875,236.7594757080078,170.0852813720703,60.78231430053711,135.86724853515625,1571.2562255859375,887.4425048828125,60.950504302978516,1199.7232666015625,1819.454345703125,54.19261932373047,578.9995727539062,74.20689392089844
2023-01-03,648.367431640625,959.7574462890625,237.1538543701172,171.226806640625,60.89984893798828,135.91659545898438,1581.530517578125,886.3607788085938,61.14984893798828,1214.0062255859375,1827.2303466796875,54.808982849121094,579.188720703125,74.98178100585938
2023-01-04,638.9563598632812,954.9202880859375,236.710205078125,166.8433837890625,59.10973358154297,134.58456420898438,1553.26416015625,884.148193359375,60.003604888916016,1196.5438232421875,1815.16748046875,53.33919143676758,572.379150390625,73.4320068359375
2023-01-05,633.4790649414062,947.0411376953125,237.10455322265625,168.0762176513672,59.218231201171875,134.8805694580078,1543.279052734375,864.5299682617188,60.153114318847656,1189.451171875,1814.7188720703125,53.81332015991211,572.2845458984375,73.47758483886719
2023-01-06,623.2215576171875,937.4166870117188,238.92843627929688,167.34567260742188,57.943450927734375,132.8085174560547,1538.166015625,855.6304321289062,59.305885314941406,1156.2384033203125,1781.321533203125,53.4814338684082,568.075927734375,73.659912109375
2023-01-09,630.591064453125,956.216796875,243.75924682617188,169.08074951171875,59.06453323364258,133.84454345703125,1541.1566162109375,858.8263549804688,59.50523376464844,1192.1904296875,1806.3446044921875,54.145206451416016,574.7435913085938,73.84223937988281
2023-01-10,622.6239624023438,949.63427734375,242.57620239257812,165.0169677734375,57.37387466430664,133.4498748779297,1512.9864501953125,847.0259399414062,58.60816955566406,1200.897216796875,1790.0447998046875,52.24870300292969,562.8742065429688,72.11013793945312
2023-01-11,619.4869384765625,947.2406005859375,240.998779296875,165.5192413330078,57.500450134277344,132.85784912109375,1534.7894287109375,851.8936157226562,59.60490798950195,1186.90771484375,1796.325439453125,53.4814338684082,564.340087890625,71.517578125
2023-01-12,625.5618896484375,933.078125,235.8721923828125,165.93017578125,57.34675216674805,133.25253295898438,1542.98974609375,846.337646484375,59.40555953979492,1182.896728515625,1774.0439453125,52.95988845825195,562.6377563476562,71.15292358398438
2023-01-13,617.1964721679688,931.6818237304688,234.6398468017578,168.85243225097656,58.693851470947266,136.60726928710938,1544.1956787109375,858.9248046875,60.003604888916016,1207.5985107421875,1774.841552734375,53.86073303222656,567.5556640625,71.79106903076172
2023-01-16,621.4288940429688,910.7373657226562,237.25242614746094,169.67434692382812,58.41358184814453,138.43264770507812,1529.386962890625,850.8611450195312,60.35246276855469,1212.3431396484375,1779.3277587890625,55.8520622253418,570.2984619140625,75.61991882324219
2023-01-17,625.4124755859375,915.2752685546875,236.7594757080078,166.02149963378906,57.78975296020508,136.16326904296875,1552.1546630859375,850.7628173828125,59.006866455078125,1203.6363525390625,1792.1383056640625,54.761573791503906,560.79345703125,74.25247192382812
2023-01-18,626.90625,921.55859375,236.5130157470703,162.77960205078125,57.3919563293457,134.8805694580078,1579.552978515625,855.0404052734375,59.10654067993164,1196.4459228515625,1793.583740234375,53.81332015991211,559.3748779296875,74.07015228271484
2023-01-19,618.6902465820312,926.2462768554688,232.91455078125,162.45997619628906,57.88920593261719,134.1898956298828,1586.113037109375,851.7461547851562,59.206214904785156,1174.4835205078125,1761.8814697265625,54.24003219604492,557.861572265625,74.38922119140625
2023-01-20,613.8104248046875,928.0913696289062,233.8018341064453,163.7841339111328,57.67222595214844,132.4631805419922,1602.36865234375,855.8762817382812,59.156375885009766,1176.3421630859375,1757.494873046875,54.00297164916992,560.0841064453125,74.07015228271484
2023-01-23,638.25927734375,930.2357177734375,244.44937133789062,164.87998962402344,58.41358184814453,134.1898956298828,1614.09033203125,857.203857421875,59.10654067993164,1178.543212890625,1778.281005859375,53.86073303222656,567.8867797851562,74.29805755615234
2023-01-24,632.0848388671875,907.7951049804688,244.84371948242188,162.50564575195312,57.88920593261719,133.20318603515625,1635.7001953125,856.2696533203125,58.60816955566406,1185.9783935546875,1754.85302734375,52.62800216674805,562.1175537109375,73.52317810058594
2023-01-25,613.3623657226562,889.9921875,241.49172973632812,155.01731872558594,55.33966064453125,130.4897918701172,1590.502685546875,841.0765380859375,56.71437072753906,1131.0474853515625,1744.4349365234375,50.92115020751953,537.8585815429688,71.47200012207031
2023-01-27,601.4615478515625,871.44140625,236.80877685546875,143.60220336914062,52.61833953857422,130.24313354492188,1558.8114013671875,803.6101684570312,55.51828384399414,1092.16064453125,1707.847412109375,48.17121887207031,510.6677551269531,68.28128051757812
2023-01-30,603.7520141601562,869.5463256835938,238.48477172851562,145.10899353027344,52.82627868652344,131.27915954589844,1557.219482421875,809.805419921875,56.21600341796875,1065.4044189453125,1720.9571533203125,48.076393127441406,509.01263427734375,68.41802978515625
2023-01-31,616.3499755859375,869.297119140625,240.7523193359375,153.28224182128906,54.95994186401367,132.66050720214844,1546.945068359375,818.0657348632812,58.010128021240234,1059.436767578125,1725.6927490234375,50.77891159057617,523.4829711914062,71.56315612792969
2023-02-01,609.3289184570312,854.9849853515625,233.70326232910156,141.1822052001953,51.43396759033203,129.60177612304688,1570.1468505859375,833.8488159179688,56.315673828125,1019.2291870117188,1739.3505859375,47.69709014892578,498.75103759765625,67.41522979736328
2023-02-02,622.7733154296875,866.1553955078125,223.6472625732422,140.67994689941406,51.5515022277832,131.52581787109375,1546.80029296875,843.6333618164062,59.40555953979492,1052.5399169921875,1756.348388671875,48.17121887207031,499.4603271484375,66.91383361816406
2023-02-03,626.5576782226562,880.2680053710938,224.48526000976562,149.4010772705078,53.61283874511719,131.62448120117188,1600.294677734375,849.4351806640625,58.60816955566406,1079.589599609375,1774.841552734375,49.119468688964844,514.687255859375,67.3696517944336
2023-02-06,629.4457397460938,880.3179321289062,232.91455078125,153.327880859375,53.2783203125,131.1311492919922,1593.4932861328125,839.503173828125,59.55507278442383,1104.6336669921875,1741.6436767578125,48.74017333984375,515.822265625,67.46080780029297
2023-02-07,646.325927734375,876.7772216796875,231.63290405273438,153.92147827148438,53.296409606933594,129.25643920898438,1595.8568115234375,838.5690307617188,59.70458221435547,1118.085205078125,1769.95654296875,48.64534378051758,517.429931640625,66.77709197998047
2023-02-08,646.325927734375,869.4467163085938,235.67501831054688,153.41920471191406,53.45914077758789,129.60177612304688,1595.6640625,844.8133544921875,59.305885314941406,1120.48193359375,1760.0869140625,48.92981719970703,519.9362182617188,66.27568817138672
2023-02-09,638.20947265625,865.4074096679688,238.63265991210938,154.7433624267578,52.97997283935547,128.2204132080078,1592.3355712890625,846.485107421875,58.55833435058594,1138.5313720703125,1765.4703369140625,48.360870361328125,520.9293212890625,66.13894653320312
2023-02-10,647.2720336914062,864.9585571289062,240.8509063720703,154.60638427734375,53.1427116394043,129.70045471191406,1598.6546630859375,839.650634765625,57.91045379638672,1135.98779296875,1766.6168212890625,48.597930908203125,523.0573120117188,67.05058288574219
2023-02-13,632.0848388671875,856.830078125,233.70326232910156,150.86221313476562,51.47917175292969,128.66441345214844,1599.8604736328125,836.50390625,57.262577056884766,1132.2213134765625,1768.361572265625,47.602264404296875,508.3505859375,65.18173217773438
2023-02-14,630.3919067382812,868.4493408203125,232.71739196777344,154.1497802734375,52.555049896240234,128.0230712890625,1614.6690673828125,850.9102783203125,57.063228607177734,1131.7322998046875,1764.9219970703125,48.17121887207031,511.5188903808594,65.4552230834961
2023-02-15,631.337890625,866.0057983398438,238.879150390625,154.83468627929688,53.50434875488281,127.92440032958984,1611.3890380859375,856.3187866210938,57.31241226196289,1124.6396484375,1780.0255126953125,48.26604461669922,512.843017578125,65.81987762451172
2023-02-16,623.868896484375,862.4652099609375,238.6819610595703,155.33694458007812,53.33257293701172,128.51641845703125,1605.5523681640625,854.9912719726562,56.81404495239258,1123.416748046875,1782.468017578125,48.17121887207031,510.80963134765625,65.86546325683594
2023-02-17,610.97216796875,852.6412353515625,231.68218994140625,152.3233642578125,53.097503662109375,125.40834045410156,1597.496826171875,848.3043823242188,55.71763229370117,1090.4974365234375,1753.8560791015625,47.12813949584961,502.2031555175781,64.63475036621094
2023-02-20,600.5652465820312,844.5127563476562,232.32301330566406,149.9946746826172,52.25669479370117,124.32298278808594,1582.4952392578125,837.9297485351562,54.8205680847168,1085.2147216796875,1731.973388671875,46.93849182128906,496.67041015625,64.17893981933594
2023-02-21,602.6068115234375,841.8198852539062,226.5556182861328,146.022216796875,50.43946838378906,125.65501403808594,1588.428466796875,839.9949340820312,54.421871185302734,1077.82861328125,1724.89501953125,46.511775970458984,495.0625915527344,63.404048919677734
2023-02-22,592.94677734375,831.1481323242188,224.78103637695312,143.46524047851562,49.571537017822266,123.53362274169922,1557.267578125,825.29345703125,53.22578811645508,1069.0240478515625,1695.3360595703125,45.32646179199219,488.3475646972656,61.626365661621094
2023-02-23,590.9550170898438,842.1190185546875,225.86550903320312,142.00408935546875,49.508243560791016,126.14835357666016,1546.703857421875,825.78515625,53.57464599609375,1052.2464599609375,1701.915771484375,45.753170013427734,492.7454528808594,61.991024017333984
2023-02-24,595.5858764648438,849.1505126953125,225.5697479248047,141.1822052001953,49.02003479003906,125.45767974853516,1532.908203125,825.7360229492188,54.12285232543945,1055.7193603515625,1692.0960693359375,45.08939743041992,492.7926940917969,60.9426383972168
2023-02-27,594.7393188476562,852.0926513671875,224.1894989013672,145.2003173828125,49.92413330078125,126.93770599365234,1536.718994140625,842.1582641601562,54.22252655029297,1058.45849609375,1720.6580810546875,45.61093521118164,499.0821228027344,60.57798385620117
2023-02-28,590.4570922851562,841.8697509765625,227.64007568359375,145.2003173828125,50.54795837402344,127.43104553222656,1543.1824951171875,840.634033203125,54.9700813293457,1054.30078125,1723.947998046875,45.84799575805664,494.4478454589844,61.30729293823242
2023-03-01,608.9804077148438,862.8641357421875,231.830078125,150.13165283203125,52.22053146362305,132.56185913085938,1541.687255859375,842.0599365234375,55.51828384399414,1076.5567626953125,1739.5499267578125,47.55485916137695,507.593994140625,61.352874755859375
2023-03-02,608.8310546875,843.2161865234375,230.99209594726562,150.35997009277344,52.50984191894531,131.57516479492188,1528.5667724609375,839.7981567382812,54.9700813293457,1078.1220703125,1716.421142578125,47.17555236816406,504.8039855957031,60.9426383972168
2023-03-03,620.6819458007812,850.397216796875,230.15408325195312,157.89393615722656,55.18596649169922,132.41384887695312,1558.90771484375,854.106201171875,56.21600341796875,1101.9434814453125,1745.63134765625,49.119468688964844,530.7653198242188,66.002197265625
2023-03-06,621.9766235351562,857.2290649414062,228.9710235595703,158.0765838623047,55.267333984375,132.364501953125,1569.90576171875,853.3195190429688,56.96355438232422,1096.269287109375,1745.63134765625,48.64534378051758,531.2382202148438,65.81987762451172
2023-03-08,628.4996337890625,858.6752319335938,226.85137939453125,158.89846801757812,56.32512283325195,134.09120178222656,1573.041015625,857.59716796875,57.4619255065918,1148.7545166015625,1734.8643798828125,48.83499526977539,534.1701049804688,66.91383361816406
2023-03-09,621.179931640625,865.5071411132812,223.6472625732422,156.66110229492188,56.117183685302734,132.41384887695312,1573.1856689453125,841.7157592773438,57.013389587402344,1144.401123046875,1711.4365234375,48.26604461669922,528.5901489257812,65.86546325683594
2023-03-10,621.9268798828125,849.6491088867188,221.67550659179688,153.236572265625,53.92023468017578,131.2298126220703,1532.6187744140625,828.6370239257812,55.91697692871094,1119.9439697265625,1694.08984375,47.31779098510742,517.6664428710938,64.31568145751953
2023-03-13,593.992431640625,830.1507568359375,214.8236083984375,149.675048828125,52.17532730102539,127.77639770507812,1513.227783203125,814.6239624023438,54.57138442993164,1037.0828857421875,1668.7677001953125,45.65835189819336,501.2573547363281,63.130558013916016
2023-03-14,588.21630859375,830.6494140625,203.14093017578125,148.3052215576172,51.76848220825195,126.04969024658203,1509.17578125,816.54150390625,54.621219635009766,1040.8983154296875,1643.1962890625,45.65835189819336,496.9068603515625,60.350074768066406
2023-03-15,580.7970581054688,821.8726806640625,202.8944549560547,145.38296508789062,50.83726501464844,124.91499328613281,1487.517822265625,812.16552734375,54.57138442993164,1021.6748046875,1660.842041015625,45.23163986206055,489.4825439453125,59.803096771240234
2023-03-16,581.5936889648438,828.3555297851562,201.5142059326172,145.88522338867188,50.927677154541016,125.6056900024414,1497.1650390625,810.1987915039062,55.16942596435547,995.7012939453125,1658.449462890625,45.516109466552734,496.0556335449219,58.8003044128418
2023-03-17,587.8179931640625,835.1875,204.47186279296875,146.15919494628906,50.94575881958008,126.69103240966797,1517.18310546875,822.3433837890625,55.01991653442383,998.3427124023438,1687.9088134765625,45.46870040893555,501.0682067871094,59.073795318603516
2023-03-20,574.72216796875,835.3370361328125,198.75375366210938,144.97201538085938,50.2676887512207,127.3817367553711,1506.6676025390625,822.5400390625,54.12285232543945,980.537841796875,1694.438720703125,44.5678596496582,491.0430603027344,57.888671875
2023-03-21,577.2118530273438,853.33935546875,199.9368133544922,148.89883422851562,51.35260009765625,127.08572387695312,1523.7432861328125,838.2247924804688,55.51828384399414,1000.6416625976562,1701.61669921875,45.279048919677734,493.54931640625,59.210533142089844
2023-03-22,577.0624389648438,847.4050903320312,208.36610412597656,152.8712921142578,51.50630187988281,127.3817367553711,1520.2220458984375,845.8950805664062,55.91697692871094,1008.7615356445312,1699.921875,45.37387466430664,493.26556396484375,59.98542785644531
2023-03-23,567.3028564453125,846.5573120117188,209.49986267089844,148.57920837402344,50.73781204223633,125.30967712402344,1508.0181884765625,841.2240600585938,54.92023849487305,996.1415405273438,1674.5499267578125,44.425621032714844,484.9428405761719,58.93704605102539
2023-03-24,557.5930786132812,837.680908203125,200.2325897216797,145.93089294433594,49.508243560791016,125.16166687011719,1505.6064453125,838.2247924804688,53.92350387573242,987.6304321289062,1686.961669921875,43.14548110961914,477.94415283203125,57.797508239746094
2023-03-27,564.564208984375,831.1481323242188,195.0074005126953,147.2550506591797,50.12302780151367,123.78030395507812,1512.1663818359375,834.5863037109375,52.876930236816406,990.8587646484375,1699.9718017578125,43.19289016723633,482.48382568359375,56.56679916381836
2023-03-28,561.2279663085938,830.2505493164062,184.8035125732422,146.79844665527344,49.752349853515625,124.02696990966797,1524.466796875,840.5357055664062,52.57790756225586,1013.6528930664062,1693.6910400390625,42.5765266418457,480.5450134277344,56.15656661987305
2023-03-29,583.1373291015625,840.3737182617188,187.21893310546875,150.17730712890625,50.819183349609375,127.3817367553711,1531.798828125,836.8480834960938,54.322200775146484,1034.1480712890625,1715.773193359375,43.90407943725586,488.4894714355469,60.532405853271484
2023-03-31,576.8135375976562,856.231689453125,192.98634338378906,154.19544982910156,51.43396759033203,130.5391387939453,1552.78173828125,862.6614990234375,54.87040328979492,1044.762451171875,1727.536865234375,44.18855667114258,495.3462829589844,60.66915512084961
2023-04-03,560.4810791015625,862.3155517578125,201.2184600830078,154.5150604248047,51.93122100830078,131.3778076171875,1553.746337890625,869.1026000976562,55.3687744140625,1055.327880859375,1740.3475341796875,44.89974594116211,498.18359375,61.76310348510742
2023-04-05,556.0992431640625,858.2264404296875,203.78175354003906,152.50599670410156,51.397804260253906,126.83905029296875,1595.4227294921875,869.8892822265625,54.72089385986328,1044.0286865234375,1746.528564453125,44.28338623046875,494.6369934082031,61.352874755859375
2023-04-06,567.1036376953125,849.6990356445312,205.2112579345703,152.4146728515625,51.452049255371094,125.3590087890625,1607.578369140625,860.448974609375,54.87040328979492,1058.5074462890625,1751.7125244140625,44.757511138916016,499.0347900390625,61.124969482421875
2023-04-10,562.174072265625,845.1111450195312,207.08444213867188,151.7754364013672,51.22603225708008,125.30967712402344,1599.9569091796875,854.0078735351562,53.92350387573242,1046.083251953125,1753.9058837890625,44.615272521972656,497.7580261230469,60.7147331237793
2023-04-11,573.8258666992188,851.04541015625,206.98585510253906,156.02186584472656,52.057796478271484,126.59237670898438,1604.635986328125,867.2342529296875,53.524810791015625,1050.876708984375,1840.8385009765625,44.8049201965332,503.24346923828125,62.12776184082031
2023-04-12,577.7595825195312,848.8013916015625,206.39434814453125,155.61090087890625,51.732322692871094,125.55634307861328,1625.47412109375,875.3470458984375,53.67431640625,1051.414794921875,1838.3961181640625,44.615272521972656,499.5549621582031,61.626365661621094
2023-04-13,676.4014892578125,862.0662231445312,202.1057586669922,156.5241241455078,52.663536071777344,126.3950424194336,1632.7578125,884.0498657226562,53.823829650878906,1085.2147216796875,1863.76806640625,45.279048919677734,504.0473937988281,63.540794372558594
2023-04-17,685.8126220703125,862.2656860351562,203.78175354003906,161.04452514648438,53.78461837768555,129.60177612304688,1607.867919921875,886.3115844726562,54.9700813293457,1099.9378662109375,1889.33935546875,46.27471160888672,514.4981689453125,66.54917907714844
2023-04-18,690.1943969726562,861.06884765625,210.28857421875,162.45997619628906,54.101051330566406,129.89776611328125,1601.0665283203125,881.9356079101562,56.315673828125,1121.998291015625,1882.510498046875,46.55918884277344,516.2477416992188,67.0050048828125
2023-04-19,675.8038940429688,871.0924072265625,211.32374572753906,161.86639404296875,53.350650787353516,129.94711303710938,1606.951171875,877.0679321289062,56.166160583496094,1096.07373046875,1879.120849609375,46.03764724731445,510.998779296875,66.13894653320312
2023-04-20,676.6007080078125,866.4546508789062,214.7743377685547,162.322998046875,53.63996505737305,130.5391387939453,1612.9326171875,879.5263671875,56.21600341796875,1101.7476806640625,1878.2235107421875,46.085060119628906,515.2547607421875,65.95661163330078
2023-04-21,663.2061157226562,861.9166259765625,217.3869171142578,161.13583374023438,53.39585876464844,129.25643920898438,1615.537353515625,870.921875,56.265838623046875,1092.111572265625,1887.843994140625,45.753170013427734,513.6942749023438,64.99940490722656
2023-04-24,661.1644897460938,879.9688110351562,216.69679260253906,164.56036376953125,54.77912521362305,130.341796875,1628.6094970703125,889.7042236328125,58.059967041015625,1078.0732421875,1891.4329833984375,46.70142364501953,524.5232543945312,67.05058288574219
2023-04-25,657.4299926757812,876.0292358398438,220.24595642089844,168.12188720703125,55.63801193237305,131.62448120117188,1605.4559326171875,898.259521484375,58.45866012573242,1097.3944091796875,1883.50732421875,47.222965240478516,531.332763671875,67.32406616210938
2023-04-26,640.7490234375,885.3047485351562,220.6403350830078,167.61961364746094,55.99060821533203,133.20318603515625,1612.836181640625,899.734619140625,58.707847595214844,1113.095947265625,1872.840087890625,47.64967727661133,535.6360473632812,68.28128051757812
2023-04-27,641.794677734375,879.0712280273438,223.6472625732422,169.62867736816406,55.87307357788086,132.16717529296875,1621.711669921875,903.0780639648438,59.25605010986328,1119.8948974609375,1902.748046875,47.79191970825195,534.122802734375,67.64313507080078
2023-04-28,661.1146850585938,857.7277221679688,226.06268310546875,171.45510864257812,57.4010009765625,133.1538543701172,1628.078857421875,902.3897094726562,61.24952697753906,1127.770263671875,1932.1077880859375,49.546180725097656,546.9379272460938,69.14733123779297
2023-05-02,681.1817016601562,868.349609375,228.62596130371094,171.7747344970703,57.86208724975586,134.63389587402344,1627.7412109375,906.7656860351562,63.641693115234375,1125.9114990234375,1915.259765625,50.02030944824219,544.1006469726562,69.7398910522461
2023-05-03,681.9783935546875,857.578125,228.62596130371094,168.53282165527344,57.77167892456055,135.86724853515625,1633.43310546875,907.5032348632812,63.94071960449219,1121.2646484375,1925.029541015625,49.830657958984375,539.5609741210938,69.05616760253906
2023-05-04,682.3767700195312,863.6620483398438,230.1047821044922,169.1264190673828,58.5582389831543,137.5446319580078,1666.861083984375,906.3723754882812,63.59185791015625,1109.96533203125,1941.6285400390625,50.58926010131836,548.5457763671875,70.56036376953125
2023-05-05,671.3224487304688,863.0137329101562,226.3584442138672,167.4826202392578,57.59989929199219,126.04969024658203,1568.3138427734375,911.5350341796875,63.04365158081055,1049.996337890625,1922.786376953125,49.64100646972656,545.235595703125,69.64872741699219
2023-05-08,688.25244140625,876.1289672851562,231.53431701660156,167.1173553466797,56.63251876831055,126.93770599365234,1586.4508056640625,922.302978515625,63.99055099487305,1101.8944091796875,1952.843994140625,49.40394592285156,551.9505004882812,67.3696517944336
2023-05-09,697.21533203125,885.903076171875,231.09066772460938,162.41432189941406,54.76103591918945,126.83905029296875,1586.4989013671875,918.8612060546875,64.23973846435547,1115.8349609375,1948.30810546875,47.64967727661133,542.3982543945312,65.72870635986328
2023-05-10,689.8956298828125,887.5487060546875,232.86526489257812,162.96224975585938,54.390357971191406,127.52973175048828,1593.8309326171875,920.4837036132812,63.84104537963867,1147.0914306640625,1952.6944580078125,45.990238189697266,541.1688232421875,64.17893981933594
2023-05-11,703.7383422851562,893.582763671875,235.7736053466797,163.00791931152344,54.444610595703125,126.09902954101562,1594.89208984375,923.5813598632812,64.5886001586914,1161.6678466796875,1951.94677734375,45.990238189697266,542.3510131835938,64.22451782226562
2023-05-12,710.012451171875,908.2439575195312,233.30889892578125,163.2362060546875,53.703250885009766,124.22431945800781,1608.977294921875,928.2031860351562,65.33615112304688,1182.4075927734375,1954.5887451171875,46.03764724731445,546.796142578125,65.13614654541016
2023-05-15,713.9959106445312,913.3803100585938,241.541015625,167.89358520507812,54.86049270629883,125.80301666259766,1616.695068359375,930.0223999023438,66.53223419189453,1193.0709228515625,1966.9508056640625,46.41695022583008,550.3427124023438,64.49801635742188
2023-05-16,725.8966674804688,915.3750610351562,240.8509063720703,170.31358337402344,55.17692184448242,125.26033020019531,1607.4251708984375,930.6124267578125,67.18011474609375,1193.8045654296875,1941.0802001953125,46.46436309814453,554.5040893554688,65.27289581298828
2023-05-17,727.838623046875,912.3829956054688,240.16078186035156,169.76565551757812,54.733917236328125,125.9510269165039,1598.7891845703125,923.7288208007812,66.73158264160156,1209.3104248046875,1903.2965087890625,46.748836517333984,554.5040893554688,64.63475036621094
2023-05-18,744.5196533203125,912.283203125,240.55514526367188,164.69735717773438,53.36872863769531,125.06300354003906,1605.1806640625,930.7598876953125,66.48239135742188,1212.0008544921875,1921.4906005859375,45.94282531738281,543.060302734375,63.95103073120117
2023-05-19,750.694091796875,921.6084594726562,234.59054565429688,166.11282348632812,53.84790802001953,124.47098541259766,1607.0347900390625,938.4302368164062,66.58207702636719,1220.9031982421875,1935.69677734375,46.70142364501953,543.9588012695312,63.221717834472656
2023-05-22,755.374755859375,915.1256713867188,238.92843627929688,165.3365936279297,54.41748046875,124.52031707763672,1601.3262939453125,934.5458374023438,66.18338012695312,1219.0933837890625,1934.251220703125,47.93415451049805,545.850341796875,63.85986328125
2023-05-23,759.5574340820312,913.7294311523438,250.21678161621094,167.3913116455078,54.61638641357422,123.97764587402344,1597.5694580078125,937.5452270507812,65.83451843261719,1232.8382568359375,1915.6085205078125,47.9815673828125,550.0590209960938,63.540794372558594
2023-05-24,762.7443237304688,915.2752685546875,257.4136962890625,166.7977294921875,54.173377990722656,122.15226745605469,1576.6876220703125,925.0072631835938,65.78468322753906,1244.1375732421875,1904.4927978515625,47.31779098510742,551.0993041992188,62.8570671081543
2023-05-25,766.7278442382812,918.6163940429688,260.4699401855469,166.02149963378906,54.18241882324219,121.60958862304688,1570.6375732421875,924.2205200195312,67.77816009521484,1235.9688720703125,1924.03271484375,47.08073043823242,549.7279663085938,63.17613983154297
2023-05-26,774.9935302734375,924.5008544921875,257.2165222167969,167.61961364746094,55.457191467285156,123.58296203613281,1576.6876220703125,934.89013671875,69.62211608886719,1240.5179443359375,1939.08642578125,47.744503021240234,554.220458984375,63.81428527832031
2023-05-29,787.143310546875,927.34326171875,260.420654296875,167.80226135253906,55.52952194213867,123.82963562011719,1595.91064453125,932.382568359375,69.921142578125,1257.05078125,1947.2113037109375,48.17121887207031,562.7322998046875,64.0877685546875
2023-05-30,772.9520263671875,934.97314453125,263.9205322265625,167.7109375,55.63801193237305,123.6323013305664,1597.13037109375,934.152587890625,71.41625213623047,1265.1707763671875,1968.6453857421875,48.7875862121582,560.651611328125,64.17893981933594
2023-05-31,773.698974609375,912.4328002929688,264.2162780761719,168.9437713623047,55.99964904785156,123.58296203613281,1571.8572998046875,933.3659057617188,71.41625213623047,1258.6651611328125,2008.1737060546875,49.16687774658203,559.0607299804688,64.81707000732422
2023-06-01,766.578369140625,917.27001953125,264.5613708496094,168.80677795410156,55.945404052734375,123.82963562011719,1565.173095703125,920.5328979492188,72.36315155029297,1262.1380615234375,1924.1324462890625,49.02464294433594,561.8568115234375,65.91104125976562
2023-06-02,770.2631225585938,923.653076171875,261.65301513671875,170.54190063476562,56.73196792602539,124.47098541259766,1567.6126708984375,922.548828125,72.66217041015625,1274.0556640625,1932.8056640625,49.59359359741211,566.1472778320312,66.32127380371094
2023-06-05,747.8558349609375,948.337646484375,259.77984619140625,169.537353515625,56.41553497314453,125.6056900024414,1565.5634765625,931.0057983398438,73.45955657958984,1287.5064697265625,1918.9981689453125,49.451358795166016,566.1472778320312,66.18452453613281
2023-06-06,748.8019409179688,965.641845703125,260.0262756347656,169.21774291992188,56.37032699584961,124.47098541259766,1560.6845703125,926.43310546875,73.55923461914062,1291.6602783203125,1953.04345703125,49.35653305053711,564.3635864257812,65.7742919921875
2023-06-07,759.4080200195312,974.1692504882812,260.962890625,171.13546752929688,56.95799255371094,124.52031707763672,1568.7835693359375,924.564697265625,73.3598861694336,1296.8031005859375,1933.4537353515625,49.64100646972656,568.0755615234375,65.95661163330078
2023-06-08,752.28759765625,959.5579223632812,256.52642822265625,171.18113708496094,56.46977996826172,124.4216537475586,1569.75927734375,922.302978515625,71.9644546508789,1289.5338134765625,1880.7159423828125,49.2617073059082,567.400634765625,65.40963745117188
2023-06-09,759.1092529296875,972.1744995117188,252.92794799804688,168.80677795410156,56.23471450805664,123.4349594116211,1571.6134033203125,922.450439453125,71.46607971191406,1316.435302734375,1866.2603759765625,48.69275665283203,557.9520263671875,65.40963745117188
2023-06-12,758.3126220703125,971.6259765625,253.47018432617188,170.7701873779297,56.93990707397461,123.53362274169922,1562.0506591796875,920.3854370117188,72.5625,1317.81982421875,1873.6875,48.882408142089844,557.9038696289062,65.36405944824219
2023-06-13,760.6528930664062,983.2451782226562,257.9559326171875,170.9984893798828,56.93990707397461,122.89228820800781,1564.6851806640625,927.8590087890625,74.55597686767578,1321.578125,1850.259521484375,49.309120178222656,555.7344970703125,65.86546325683594
2023-06-14,769.0182495117188,975.1167602539062,248.9844207763672,171.18113708496094,57.23128128051758,122.74427795410156,1562.9775390625,924.17138671875,76.4996109008789,1308.7208251953125,1858.932861328125,49.119468688964844,555.8790893554688,65.63755798339844
2023-06-15,772.50390625,974.5682373046875,243.46348571777344,167.4826202392578,55.793216705322266,120.4255599975586,1543.7545166015625,911.1908569335938,78.74227142333984,1282.85791015625,1827.87841796875,47.79191970825195,546.189453125,64.04219055175781
2023-06-16,775.541259765625,978.95654296875,250.36465454101562,171.7747344970703,57.09969711303711,122.1029281616211,1563.953369140625,918.6644897460938,81.43345642089844,1299.5723876953125,1851.705078125,48.882408142089844,550.7691040039062,64.81707000732422
2023-06-19,768.918701171875,963.0986328125,246.27325439453125,176.93435668945312,57.33467483520508,121.46157836914062,1565.319580078125,907.7982788085938,81.0347671508789,1287.11083984375,1818.955810546875,49.2617073059082,548.4551391601562,65.18173217773438
2023-06-20,764.3873901367188,972.2742309570312,243.51278686523438,178.03021240234375,57.59784698486328,121.7575912475586,1568.5885009765625,910.1583251953125,82.52987670898438,1284.1436767578125,1838.34619140625,49.21429443359375,547.0571899414062,64.58916473388672
2023-06-21,746.461669921875,963.4476928710938,238.18902587890625,180.90682983398438,57.64484405517578,121.80692291259766,1596.00830078125,909.3224487304688,81.93183135986328,1272.4732666015625,1839.8914794921875,50.11513137817383,546.0447387695312,64.58916473388672
2023-06-22,737.7476196289062,964.0460205078125,235.2313690185547,176.52342224121094,56.56394577026367,122.15226745605469,1603.8145751953125,910.35498046875,77.34683990478516,1258.725830078125,1830.4703369140625,48.360870361328125,542.7667236328125,63.90544509887695
2023-06-23,733.66455078125,955.8677978515625,232.42160034179688,175.51889038085938,55.718021392822266,120.52423095703125,1603.717041015625,908.1424560546875,77.49634552001953,1294.33056640625,1822.943603515625,48.50494384765625,534.716064453125,62.8570671081543
2023-06-26,742.3287353515625,958.0120849609375,233.21031188964844,174.19473266601562,55.219871520996094,119.68553924560547,1595.95947265625,912.0267944335938,77.49634552001953,1300.6109619140625,1817.3607177734375,48.312843322753906,537.0781860351562,62.58358383178711
2023-06-27,746.7105712890625,970.678466796875,234.6398468017578,174.3773651123047,55.65222930908203,121.41224670410156,1618.4515380859375,920.5328979492188,77.99472045898438,1301.5009765625,1839.0440673828125,48.84111404418945,545.8037719726562,64.22451782226562
2023-06-28,744.7188110351562,975.615478515625,230.15408325195312,173.5098114013672,55.755619049072266,120.52423095703125,1635.5767822265625,921.8604736328125,79.43998718261719,1319.40234375,1834.90673828125,48.40889358520508,549.37109375,64.45242309570312
2023-06-30,750.5447998046875,984.8410034179688,238.63265991210938,179.0113525390625,56.74252700805664,124.47098541259766,1660.2154541015625,919.0578002929688,79.1409683227539,1359.5565185546875,1840.8883056640625,49.6095085144043,552.3117065429688,65.86546325683594
2023-07-03,757.1175537109375,979.5050659179688,232.12583923339844,187.24014282226562,59.8724365234375,125.85235595703125,1678.170166015625,926.8756103515625,81.6826400756836,1365.19384765625,1838.29638671875,51.72259521484375,564.4600219726562,68.28128051757812
2023-07-04,773.9977416992188,968.13525390625,227.98513793945312,190.2965545654297,60.46458435058594,130.24313354492188,1686.36669921875,928.9898681640625,78.39341735839844,1352.336669921875,1855.991943359375,54.79617691040039,568.123779296875,69.4664077758789
2023-07-05,765.8812255859375,963.9463500976562,221.77407836914062,192.9767608642578,60.54917526245117,131.52581787109375,1632.795654296875,942.0686645507812,80.0878677368164,1384.18310546875,1859.13232421875,56.284942626953125,569.4253540039062,70.78826904296875
2023-07-06,786.5955200195312,978.3582153320312,227.4429168701172,193.2118682861328,61.25410842895508,133.59786987304688,1634.45458984375,943.4454345703125,80.23737335205078,1374.9356689453125,1871.5440673828125,56.66913986206055,571.2572631835938,72.65711975097656
2023-07-07,758.51171875,975.1134643554688,226.999267578125,196.5504150390625,62.729766845703125,133.35118103027344,1620.2080078125,930.66162109375,79.43998718261719,1342.19921875,1847.8170166015625,58.013832092285156,572.3178100585938,72.93061065673828
2023-07-10,760.6030883789062,962.4839477539062,225.37255859375,191.2839813232422,62.78616714477539,132.11782836914062,1616.353515625,932.6283569335938,78.991455078125,1351.990478515625,1861.176025390625,58.205928802490234,571.3536376953125,73.84223937988281
2023-07-11,760.4038696289062,951.6516723632812,219.6051483154297,192.6476287841797,62.46659469604492,133.20318603515625,1608.4984130859375,929.2357177734375,82.52987670898438,1365.7872314453125,1860.8768310546875,58.06185531616211,567.4488525390625,73.97898864746094
2023-07-12,767.5742797851562,948.4568481445312,218.56997680664062,192.5065460205078,62.26921463012695,132.4631805419922,1593.42236328125,928.6948852539062,82.82889556884766,1356.3916015625,1872.3416748046875,58.974327087402344,568.123779296875,75.0273666381836
2023-07-13,757.0678100585938,958.5903930664062,212.75328063964844,185.26522827148438,60.473976135253906,125.06300354003906,1601.3751220703125,939.8069458007812,81.08460235595703,1361.1884765625,1863.96728515625,56.76518630981445,564.65283203125,73.70549774169922
2023-07-14,779.0557861328125,955.495361328125,218.4713897705078,186.5818328857422,61.39509582519531,127.57906341552734,1604.69287109375,944.0845947265625,82.23085021972656,1361.8807373046875,1863.26953125,58.301979064941406,563.4476928710938,73.88782501220703
2023-07-17,765.2945556640625,963.2826538085938,212.30963134765625,189.49717712402344,62.729766845703125,130.83514404296875,1638.2601318359375,952.5907592773438,81.43345642089844,1375.232421875,1891.2335205078125,59.88679122924805,579.5488891601562,75.6655044555664
2023-07-18,767.7376708984375,962.084716796875,211.27444458007812,186.15863037109375,61.74286651611328,133.10452270507812,1636.89404296875,959.228515625,80.83541870117188,1374.9852294921875,1885.0526123046875,59.16642379760742,571.1126098632812,75.6655044555664
2023-07-19,767.189208984375,962.7335815429688,211.52093505859375,188.08651733398438,63.62268829345703,133.94320678710938,1644.31005859375,957.2617797851562,81.53314208984375,1403.9635009765625,1900.7542724609375,61.615684509277344,579.8864135742188,77.53436279296875
2023-07-20,770.1807250976562,976.3115234375,208.66184997558594,187.193115234375,63.9140625,135.02857971191406,1647.8717041015625,979.0433959960938,81.13444519042969,1409.5020751953125,1950.9000244140625,61.32753372192383,588.1780395507812,79.22087097167969
2023-07-21,765.1449584960938,969.7222290039062,214.92221069335938,184.88905334472656,63.566287994384766,132.364501953125,1635.1864013671875,980.420166015625,82.5797119140625,1391.8974609375,1964.1593017578125,60.126914978027344,593.0469360351562,82.36601257324219
2023-07-24,737.0740356445312,969.921875,215.56301879882812,186.53482055664062,63.857669830322266,132.16717529296875,1637.772216796875,975.5032958984375,83.42693328857422,1419.9361572265625,1891.4329833984375,59.646671295166016,595.5055541992188,80.81623077392578
2023-07-25,729.24609375,960.9365234375,215.119384765625,184.46585083007812,62.569984436035156,130.83514404296875,1655.5316162109375,978.1583862304688,82.77906036376953,1399.908447265625,1869.74951171875,58.301979064941406,587.744140625,80.22367095947266
2023-07-26,729.9441528320312,975.2132568359375,217.58407592773438,185.97055053710938,63.4065055847168,132.11782836914062,1649.7744140625,979.8792724609375,84.37384033203125,1412.02392578125,1889.489013671875,60.655189514160156,593.09521484375,82.95856475830078
2023-07-27,727.1519775390625,958.3407592773438,213.49269104003906,187.38119506835938,64.81637573242188,132.11782836914062,1632.6492919921875,973.7823486328125,82.28069305419922,1400.056884765625,1868.0050048828125,59.934818267822266,594.4449462890625,83.96135711669922
2023-07-28,723.1632080078125,948.4069213867188,214.034912109375,189.12100219726562,64.52500915527344,133.64720153808594,1603.717041015625,979.6334838867188,83.67611694335938,1386.556640625,1871.095458984375,59.50259780883789,593.962890625,84.85657501220703
2023-07-31,727.8001098632812,952.3505249023438,220.24595642089844,190.1554718017578,64.7317886352539,133.84454345703125,1611.2305908203125,981.6985473632812,86.91551208496094,1402.1832275390625,1850.8577880859375,59.40654754638672,597.9641723632812,83.86712646484375
2023-08-01,719.6232299804688,958.3407592773438,224.58384704589844,189.12100219726562,64.03624725341797,133.3018798828125,1622.01318359375,978.0108642578125,88.2112808227539,1379.2874755859375,1844.327880859375,58.926300048828125,589.9134521484375,84.5738754272461
2023-08-02,723.8612670898438,943.7145385742188,222.3163299560547,183.1492462158203,61.51728057861328,130.98313903808594,1600.7896728515625,970.5372924804688,86.81584167480469,1366.083984375,1818.1083984375,57.14938735961914,576.993896484375,82.78345489501953
2023-08-03,726.20458984375,934.0303344726562,223.4500732421875,181.78562927246094,61.51728057861328,130.39112854003906,1589.2265625,948.9522705078125,86.66632843017578,1349.5179443359375,1817.6597900390625,57.10136032104492,569.3289794921875,82.26517486572266
2023-08-04,736.8247680664062,950.7031860351562,224.87962341308594,179.9517822265625,61.799259185791016,132.8085174560547,1612.2064208984375,954.36083984375,87.16470336914062,1394.1226806640625,1834.3721923828125,57.581607818603516,552.74560546875,83.06614685058594
2023-08-07,723.9111328125,945.861083984375,226.5556182861328,178.11793518066406,61.78046417236328,132.26583862304688,1611.2794189453125,959.4251708984375,87.36405181884766,1399.710693359375,1827.4378662109375,58.013832092285156,547.539306640625,81.3228530883789
2023-08-08,718.7755737304688,951.3521118164062,230.30197143554688,183.24330139160156,63.679080963134766,133.64720153808594,1609.962158203125,963.6045532226562,87.16470336914062,1388.5347900390625,1823.895751953125,59.694698333740234,552.552734375,84.90369415283203
2023-08-09,715.3851318359375,948.4568481445312,229.0203094482422,182.49095153808594,63.180931091308594,132.8085174560547,1610.5474853515625,964.397705078125,87.86241912841797,1392.9853515625,1827.387939453125,59.11840057373047,553.1795043945312,85.84601593017578
2023-08-10,699.9286499023438,938.2234497070312,225.5697479248047,180.46900939941406,62.26921463012695,132.41384887695312,1596.252197265625,955.87109375,87.2643814086914,1414.4964599609375,1796.8067626953125,58.83025360107422,553.0831298828125,84.66810607910156
2023-08-11,702.9700927734375,935.6776123046875,225.12315368652344,181.17434692382812,62.42899703979492,132.41384887695312,1579.614990234375,944.7171020507812,87.86241912841797,1381.9083251953125,1787.427734375,60.07889175415039,553.565185546875,86.12871551513672
2023-08-14,704.6154174804688,938.4231567382812,226.01629638671875,177.50665283203125,61.94964599609375,132.21502685546875,1571.90625,951.3599243164062,87.86241912841797,1373.6500244140625,1790.0718994140625,59.88679122924805,540.6937866210938,86.88257598876953
2023-08-16,698.7319946289062,931.5343017578125,222.89028930664062,175.6257781982422,61.65827178955078,131.41973876953125,1567.31982421875,948.3359375,88.061767578125,1365.5400390625,1782.1895751953125,59.262474060058594,545.0806274414062,88.43741607666016
2023-08-17,696.4385375976562,935.0286865234375,227.80259704589844,178.58815002441406,62.006038665771484,133.8055877685547,1558.635498046875,943.5274047851562,88.26111602783203,1359.2103271484375,1761.735595703125,60.75123977661133,551.6368408203125,89.04993438720703
2023-08-18,709.052978515625,941.5181274414062,227.70335388183594,180.2809295654297,61.705265045166016,133.3582305908203,1552.243896484375,942.535888671875,88.65980529785156,1356.6387939453125,1746.8692626953125,60.31901550292969,552.408203125,89.04993438720703
2023-08-21,706.859130859375,951.0525512695312,228.79498291015625,179.52857971191406,61.686466217041016,133.45765686035156,1551.024169921875,947.0470581054688,89.40735626220703,1382.452392578125,1756.397705078125,59.88679122924805,551.2030029296875,86.50565338134766
2023-08-22,726.4539184570312,955.495361328125,230.33319091796875,178.91729736328125,61.310508728027344,135.2470245361328,1544.388671875,943.8743896484375,91.65001678466797,1385.7655029296875,1759.1414794921875,59.98284149169922,548.11767578125,84.80945587158203
2023-08-23,729.1962280273438,977.6593017578125,235.44398498535156,181.83265686035156,62.522987365722656,140.86367797851562,1548.1943359375,958.5975952148438,91.94904327392578,1385.6171875,1776.0535888671875,60.847286224365234,556.2166137695312,87.071044921875
2023-08-24,743.705322265625,979.755859375,233.1118621826172,180.4219970703125,62.37260437011719,139.8695831298828,1541.071044921875,960.6796875,91.15164947509766,1409.5020751953125,1776.951416015625,60.36703872680664,556.2647705078125,86.03448486328125
2023-08-25,735.478515625,981.5030517578125,234.104248046875,178.44708251953125,61.207115173339844,139.8695831298828,1523.701904296875,962.1173706054688,90.80279541015625,1385.7655029296875,1774.8560791015625,59.070377349853516,549.5157470703125,84.33829498291016
2023-08-28,736.7250366210938,988.591552734375,233.1118621826172,178.82325744628906,61.40449523925781,143.05068969726562,1539.55859375,962.2660522460938,90.75296020507812,1393.974365234375,1786.330322265625,60.03086853027344,552.3117065429688,86.7412338256836
2023-08-29,729.3956909179688,979.10693359375,234.00502014160156,179.76368713378906,61.39509582519531,143.59744262695312,1551.8048095703125,959.4899291992188,90.00540924072266,1384.7764892578125,1779.0965576171875,60.46308898925781,554.2400512695312,81.27572631835938
2023-08-30,726.9026489257812,981.7526245117188,229.09271240234375,180.23390197753906,61.197715759277344,142.5536346435547,1540.4854736328125,950.7155151367188,91.94904327392578,1377.1610107421875,1770.9150390625,60.943336486816406,547.0571899414062,81.93535614013672
2023-08-31,721.517822265625,971.9186401367188,227.8522186279297,176.001953125,60.22960662841797,143.10040283203125,1533.4110107421875,950.5667724609375,93.04545593261719,1363.01806640625,1754.80126953125,60.51111602783203,541.2240600585938,80.94591522216797
2023-09-01,723.6119995117188,989.5399780273438,233.31036376953125,179.2464599609375,61.733463287353516,142.9512939453125,1536.5823974609375,960.4318237304688,93.09529113769531,1400.9964599609375,1767.12353515625,62.81630325317383,549.1300659179688,81.13438415527344
2023-09-04,714.6871337890625,980.6544799804688,234.45159912109375,183.8075408935547,63.26551818847656,142.20571899414062,1546.194091796875,959.0933227539062,98.12881469726562,1406.1888427734375,1758.243408203125,64.73729705810547,554.9149169921875,83.01903533935547
2023-09-05,712.9420166015625,979.8557739257812,232.86376953125,184.13670349121094,63.62268829345703,143.84596252441406,1536.777587890625,960.1343994140625,98.8763656616211,1408.117431640625,1767.07373046875,64.68926239013672,552.4563598632812,84.66810607910156
2023-09-06,717.32958984375,963.4823608398438,232.21871948242188,183.3843536376953,62.82375717163086,142.9512939453125,1556.87890625,949.3274536132812,97.33142852783203,1393.1832275390625,1766.325439453125,63.10444641113281,550.0460205078125,82.9248046875
2023-09-07,723.312744140625,976.6110229492188,236.68446350097656,184.5598907470703,63.6602897644043,144.14419555664062,1571.8572998046875,957.4078979492188,95.48746490478516,1423.7933349609375,1784.9832763671875,63.968894958496094,558.2894897460938,83.63154602050781
2023-09-08,732.8359985351562,978.7075805664062,241.5471649169922,186.017578125,63.744876861572266,146.6294403076172,1584.103515625,962.2660522460938,95.03892517089844,1432.9417724609375,1789.1739501953125,64.20901489257812,562.53173828125,83.01903533935547
2023-09-11,733.0353393554688,998.7749633789062,241.2494659423828,190.71974182128906,67.66431427001953,148.02117919921875,1592.30029296875,969.9003295898438,96.23501586914062,1434.27685546875,1803.8409423828125,66.41815948486328,570.4859008789062,84.5738754272461
2023-09-12,716.4321899414062,999.274169921875,231.07748413085938,188.03948974609375,65.56830596923828,141.7583770751953,1597.2767333984375,982.0457763671875,93.14512634277344,1413.4581298828125,1807.133544921875,64.20901489257812,567.2560424804688,82.5478744506836
2023-09-13,721.4180908203125,1012.8021850585938,234.79893493652344,196.22125244140625,68.5666275024414,144.29330444335938,1604.107421875,981.3517456054688,92.79627227783203,1439.07373046875,1820.50341796875,69.68383026123047,575.065673828125,85.28062438964844
2023-09-14,736.6751708984375,1019.2416381835938,237.7264862060547,199.2776641845703,68.6136245727539,146.6294403076172,1603.131591796875,979.2696533203125,93.34447479248047,1442.238525390625,1817.4603271484375,70.78839874267578,575.8851318359375,89.04993438720703
2023-09-15,730.4427490234375,1025.4815673828125,247.45188903808594,198.24319458007812,68.5854263305664,147.37501525878906,1621.5252685546875,983.9791259765625,94.24154663085938,1434.0791015625,1809.8275146484375,71.22062683105469,577.3313598632812,90.55764770507812
2023-09-18,727.0023803710938,1023.08544921875,244.72280883789062,204.4030303955078,69.97649383544922,145.2377166748047,1589.6168212890625,981.7483520507812,92.84610748291016,1440.9034423828125,1794.3123779296875,73.86198425292969,582.2967529296875,93.19617462158203
2023-09-20,753.3283081054688,1025.6312255859375,243.0853729248047,200.73533630371094,69.74151611328125,145.63534545898438,1525.8486328125,978.724365234375,93.29463958740234,1424.6339111328125,1785.4322509765625,73.42975616455078,579.5488891601562,93.85579681396484
2023-09-21,740.5143432617188,1012.8021850585938,243.6311798095703,194.81060791015625,68.51023864746094,144.93948364257812,1515.749267578125,951.112060546875,93.09529113769531,1395.8040771484375,1751.7581787109375,72.03704071044922,567.063232421875,90.8403549194336
2023-09-22,742.4588012695312,1016.595947265625,247.45188903808594,202.52215576171875,71.9879150390625,145.08859252929688,1492.6229248046875,942.1888427734375,93.29463958740234,1436.9473876953125,1752.5064697265625,74.43827819824219,576.7047119140625,95.97603607177734
2023-09-25,740.2650146484375,1017.2948608398438,251.02447509765625,204.45004272460938,70.50285339355469,146.2318115234375,1493.940185546875,948.1871948242188,93.99235534667969,1426.9088134765625,1780.393798828125,77.03160858154297,572.7516479492188,96.16450500488281
2023-09-26,747.9932250976562,1012.5026245117188,250.6275177001953,200.9234161376953,69.56294250488281,146.97738647460938,1500.42919921875,940.6025390625,95.23828125,1407.4251708984375,1760.13916015625,76.2151870727539,573.0891723632812,93.95002746582031
2023-09-27,743.6554565429688,1023.5345458984375,250.5282745361328,202.05194091796875,70.35246276855469,149.6614532470703,1489.890625,935.05029296875,97.23175811767578,1420.6778564453125,1761.1868896484375,78.28025817871094,568.6058349609375,96.49431610107422
2023-09-28,718.376708984375,1029.225341796875,247.45188903808594,198.10211181640625,70.40885925292969,145.1383056640625,1486.81689453125,934.5545654296875,94.24154663085938,1397.4854736328125,1729.30859375,76.50334167480469,568.7987060546875,96.58855438232422
2023-09-29,711.4960327148438,1035.0159912109375,249.68475341796875,201.20555114746094,70.72843170166016,146.3312225341797,1489.35400390625,943.7752685546875,95.18843841552734,1413.161376953125,1731.802978515625,77.03160858154297,577.09033203125,100.16939544677734
2023-10-03,702.8204956054688,1039.35888671875,251.86801147460938,204.8732452392578,72.26988220214844,149.81056213378906,1471.5457763671875,932.2742309570312,93.84284973144531,1419.6395263671875,1723.1724853515625,79.9130859375,581.3325805664062,105.6348876953125
2023-10-04,701.6238403320312,993.9328002929688,251.91763305664062,199.7478790283203,70.15507507324219,146.38092041015625,1492.5252685546875,922.1116943359375,91.45067596435547,1385.9139404296875,1718.1837158203125,76.5993881225586,565.2313232421875,102.19539642333984
2023-10-05,712.3935546875,1001.6203002929688,247.35263061523438,199.8889617919922,69.79791259765625,144.64125061035156,1498.5751953125,932.8195190429688,91.65001678466797,1386.457763671875,1730.3563232421875,74.0540771484375,570.9198608398438,99.41552734375
2023-10-06,711.5458984375,999.3240356445312,250.974853515625,202.4751434326172,70.54984283447266,145.63534545898438,1496.91650390625,937.1324462890625,91.10182189941406,1419.046142578125,1739.984619140625,73.71791076660156,572.9445190429688,99.22706604003906
2023-10-09,709.0031127929688,994.6317138671875,244.57394409179688,199.13661193847656,68.67941284179688,144.09449768066406,1479.5472412109375,930.5887451171875,89.7562255859375,1412.86474609375,1715.43994140625,70.45222473144531,564.12255859375,93.6202163696289
2023-10-10,713.1913452148438,1010.6056518554688,250.03207397460938,201.5347137451172,70.02349090576172,147.0767822265625,1487.9390869140625,943.0812377929688,89.95556640625,1404.9525146484375,1752.1572265625,72.27716827392578,570.437744140625,98.14339447021484
2023-10-11,713.73974609375,1017.444580078125,246.8564453125,194.85763549804688,69.52533721923828,146.1324005126953,1502.33203125,944.9649658203125,91.25132751464844,1405.5953369140625,1767.4228515625,73.04556274414062,567.2560424804688,98.09626770019531
2023-10-12,714.2882080078125,1016.795654296875,249.0893096923828,195.3748779296875,69.42195129394531,148.4188232421875,1512.3338623046875,946.1051635742188,90.50377655029297,1408.6119384765625,1759.889892578125,72.75741577148438,565.0385131835938,97.8135757446289
2023-10-13,714.9363403320312,992.4352416992188,238.8677215576172,191.37803649902344,68.90499114990234,148.5182342529297,1498.5751953125,943.1803588867188,89.95556640625,1447.628662109375,1758.0439453125,72.22913360595703,555.4934692382812,96.96548461914062
2023-10-16,707.3577270507812,1003.1677856445312,242.24185180664062,193.54103088378906,69.80731201171875,147.67324829101562,1492.5740966796875,943.279541015625,90.65328216552734,1430.5186767578125,1745.821533203125,72.27716827392578,555.0113525390625,98.99148559570312
2023-10-17,704.6154174804688,1006.4125366210938,237.87533569335938,194.99871826171875,70.97280883789062,147.5241241455078,1503.893310546875,945.7581787109375,91.30116271972656,1420.23291015625,1767.5726318359375,72.80543518066406,555.78271484375,99.27417755126953
2023-10-18,702.4714965820312,991.2372436523438,236.2875213623047,191.5190887451172,69.90131378173828,145.68505859375,1482.9625244140625,935.6947631835938,90.65328216552734,1404.754638671875,1749.4632568359375,71.26864624023438,552.1189575195312,96.25873565673828
2023-10-19,703.1695556640625,989.7896118164062,227.4056396484375,192.9297332763672,70.29606628417969,145.98329162597656,1478.2786865234375,927.7630615234375,90.50377655029297,1434.42529296875,1734.5467529296875,71.07655334472656,550.720947265625,96.58855438232422
2023-10-20,697.8345336914062,978.7575073242188,223.78343200683594,190.24952697753906,69.42195129394531,144.98919677734375,1485.938720703125,924.7886962890625,88.60997772216797,1452.9693603515625,1765.6268310546875,69.39568328857422,542.9113159179688,95.31640625
2023-10-23,693.4967651367188,962.7335815429688,219.6154022216797,183.5724334716797,66.83719635009766,142.5536346435547,1469.59423828125,922.0125732421875,86.16796112060547,1419.243896484375,1736.841796875,66.89840698242188,533.125244140625,89.5210952758789
2023-10-25,704.2664184570312,953.89794921875,216.588623046875,183.19627380371094,66.49882507324219,141.01280212402344,1460.275390625,908.28076171875,86.86568450927734,1397.188720703125,1724.170166015625,66.75432586669922,536.2587280273438,89.61531829833984
2023-10-26,684.6217651367188,970.470947265625,210.832763671875,177.88282775878906,67.55152893066406,137.33462524414062,1427.9766845703125,900.8944091796875,84.67285919189453,1399.1173095703125,1691.0447998046875,67.09049987792969,527.3885498046875,89.28551483154297
2023-10-27,688.1617431640625,1001.12109375,212.76791381835938,185.12417602539062,71.58375549316406,138.7263641357422,1433.58740234375,904.9594116210938,85.76927185058594,1425.4747314453125,1698.8770751953125,70.2601318359375,541.0313110351562,94.13849639892578
2023-10-30,664.0796508789062,987.5932006835938,213.01602172851562,186.44076538085938,71.92211151123047,140.06838989257812,1449.1512451171875,917.0056762695312,82.9285659790039,1438.6781005859375,1713.6439208984375,70.2601318359375,544.93603515625,93.95002746582031
2023-10-31,667.2207641601562,980.2550659179688,212.5198211669922,184.5128631591797,72.25109100341797,139.8198699951172,1440.759521484375,907.5371704101562,82.4301986694336,1425.4747314453125,1735.4947509765625,70.11605834960938,545.2734985351562,95.74044799804688
2023-11-01,666.7720336914062,970.221435546875,211.87477111816406,183.8545684814453,72.0537109375,139.67076110839844,1438.8079833984375,906.248291015625,80.83541870117188,1416.8702392578125,1720.5284423828125,70.02001190185547,546.093017578125,97.29529571533203
2023-11-02,664.8773803710938,981.3533325195312,213.31373596191406,187.9924774169922,72.96541595458984,140.6151580810547,1441.00341796875,912.0979614257812,82.03150939941406,1445.1561279296875,1733.7984619140625,71.3166732788086,551.588623046875,99.74534606933594
2023-11-03,667.370361328125,987.24365234375,215.74508666992188,191.66017150878906,72.84323120117188,142.65306091308594,1447.833984375,925.8297119140625,82.52987670898438,1434.326416015625,1729.3585205078125,71.79692077636719,557.4217529296875,98.47319793701172
2023-11-06,672.05712890625,1007.7603149414062,216.19166564941406,183.94862365722656,72.35447692871094,143.24952697753906,1458.32373046875,937.3803100585938,82.48003387451172,1454.1068115234375,1736.29296875,71.94099426269531,553.7579956054688,97.86068725585938
2023-11-07,668.0185546875,1019.2416381835938,214.45498657226562,179.85772705078125,72.85263061523438,146.43063354492188,1451.2491455078125,940.0076293945312,82.87873077392578,1470.0794677734375,1747.3182373046875,73.14161682128906,558.96435546875,98.80301666259766
2023-11-08,673.4531860351562,1020.0403442382812,215.79470825195312,181.0332794189453,72.37327575683594,146.18211364746094,1455.4451904296875,927.7630615234375,83.42693328857422,1472.6014404296875,1742.329345703125,72.80543518066406,559.49462890625,97.95492553710938
2023-11-09,688.6104736328125,1020.2400512695312,215.54661560058594,181.5034942626953,72.18529510498047,146.6791534423828,1449.68798828125,929.349365234375,84.37384033203125,1490.7994384765625,1741.0322265625,72.9975357055664,557.6145629882812,97.95492553710938
2023-11-10,697.2861328125,1027.528076171875,216.09242248535156,183.24330139160156,72.82443237304688,148.965576171875,1455.3963623046875,930.5887451171875,85.0715560913086,1482.3433837890625,1741.5311279296875,73.23766326904297,558.7233276367188,98.00203704833984
2023-11-13,727.700439453125,1023.684326171875,217.77947998046875,184.9830780029297,76.02953338623047,151.99757385253906,1452.76171875,926.4741821289062,86.06829071044922,1493.0247802734375,1744.27490234375,75.97506713867188,560.5069580078125,105.54065704345703
2023-11-15,724.5093994140625,1039.6583251953125,220.40931701660156,185.92352294921875,76.5840835571289,149.2637939453125,1467.984130859375,933.0673828125,86.56665802001953,1477.5465087890625,1765.527099609375,75.83098602294922,563.7369384765625,106.1060562133789
2023-11-16,727.5508422851562,1024.6827392578125,220.508544921875,186.53482055664062,76.31150817871094,149.31350708007812,1471.8385009765625,928.0109252929688,88.11160278320312,1482.195068359375,1768.86962890625,76.45531463623047,563.688720703125,103.93870544433594
2023-11-17,728.149169921875,992.7348022460938,215.34812927246094,185.0771484375,74.77944946289062,147.2259063720703,1468.667236328125,913.981689453125,84.8223648071289,1481.9971923828125,1760.63818359375,74.82247924804688,542.8630981445312,102.38386535644531
2023-11-20,732.0880737304688,987.093994140625,212.32135009765625,185.8765106201172,75.03323364257812,146.530029296875,1468.7647705078125,913.5851440429688,84.1246566772461,1488.2774658203125,1766.5748291015625,75.30271911621094,543.5380249023438,102.05404663085938
2023-11-21,717.7783813476562,990.1889038085938,212.271728515625,184.0896759033203,74.66666412353516,145.83416748046875,1481.2060546875,918.1954345703125,84.3239974975586,1485.5577392578125,1763.2322998046875,74.966552734375,541.3687133789062,103.1848373413086
2023-11-22,715.0858764648438,996.4786376953125,210.5846710205078,183.05520629882812,74.18730163574219,144.59153747558594,1475.936767578125,914.8740234375,82.9285659790039,1454.2552490234375,1741.730712890625,73.33370971679688,538.9100952148438,100.49920654296875
2023-11-23,717.27978515625,997.4271240234375,210.78314208984375,182.77308654785156,73.92413330078125,146.28150939941406,1484.47509765625,915.1218872070312,83.87547302246094,1469.78271484375,1735.39501953125,73.52581024169922,539.874267578125,99.98092651367188
2023-11-24,720.1716918945312,1006.86181640625,210.73353576660156,181.59754943847656,73.27558898925781,146.530029296875,1495.0135498046875,921.46728515625,84.02498626708984,1459.991455078125,1740.08447265625,72.94950866699219,540.2598876953125,100.78190612792969
2023-11-28,735.0796508789062,1019.4912719726562,215.19927978515625,184.84202575683594,74.45988464355469,149.0649871826172,1491.647216796875,917.6005859375,84.97187805175781,1461.32666015625,1738.3382568359375,75.44679260253906,544.2129516601562,101.9598159790039
2023-11-29,746.1484985351562,1058.427978515625,220.65740966796875,185.6414031982422,75.70996856689453,149.36322021484375,1521.4088134765625,931.5802001953125,84.6230239868164,1467.2608642578125,1749.51318359375,76.0230941772461,548.214111328125,103.93870544433594
2023-11-30,739.3177490234375,1072.5050048828125,224.3788604736328,185.35928344726562,75.76636505126953,146.48033142089844,1521.0672607421875,926.9699096679688,84.92204284667969,1450.0023193359375,1751.5086669921875,74.5343246459961,544.502197265625,101.62999725341797
2023-12-01,740.3648071289062,1102.855712890625,224.52772521972656,189.8263397216797,77.12923431396484,147.8720703125,1517.7496337890625,938.61962890625,85.81910705566406,1445.0079345703125,1746.56982421875,77.51185607910156,551.2511596679688,102.52521514892578
2023-12-04,751.633056640625,1123.771484375,232.51644897460938,196.59744262695312,80.25914001464844,153.1407928466797,1570.4425048828125,982.7398071289062,86.66632843017578,1498.019287109375,1814.4671630859375,80.44136810302734,573.37841796875,107.61376953125
2023-12-05,758.8128662109375,1130.6103515625,237.13104248046875,198.29022216796875,81.68781280517578,155.62603759765625,1584.396240234375,1004.7998657226562,88.95883178710938,1490.0576171875,1824.3447265625,81.64198303222656,586.4425659179688,107.99070739746094
2023-12-06,745.4005737304688,1118.6798095703125,235.6424560546875,197.06765747070312,82.23295593261719,154.23428344726562,1588.3970947265625,994.6869506835938,90.1050796508789,1485.112548828125,1817.3106689453125,82.0741958618164,586.6354370117188,110.44075775146484
2023-12-07,748.8907470703125,1116.0341796875,236.33712768554688,198.5723419189453,81.88520050048828,153.73724365234375,1590.9827880859375,990.4732055664062,87.41388702392578,1488.22802734375,1822.748291015625,83.3708724975586,589.7689208984375,109.8753662109375
2023-12-08,738.4202270507812,1129.3624267578125,235.24551391601562,199.37171936035156,82.43974304199219,153.588134765625,1613.1822509765625,1002.2220458984375,87.76274871826172,1492.3818359375,1834.322265625,83.13074493408203,592.131103515625,110.39363861083984
2023-12-11,737.6723022460938,1114.6864013671875,236.13865661621094,202.38108825683594,83.97179412841797,153.2401885986328,1611.035400390625,1008.418701171875,87.06502532958984,1505.1402587890625,1839.9097900390625,84.95568084716797,592.2274780273438,113.26773834228516
2023-12-12,739.3177490234375,1129.162841796875,234.84854125976562,203.2274932861328,83.56763458251953,151.64964294433594,1595.0323486328125,1007.0307006835938,86.56665802001953,1480.5631103515625,1820.2540283203125,84.66753387451172,590.44384765625,115.5293197631836
2023-12-13,733.4342651367188,1113.0390625,238.12342834472656,207.8826446533203,84.4511489868164,151.45082092285156,1591.4219970703125,1005.2460327148438,87.21453857421875,1490.3543701171875,1822.0997314453125,85.24383544921875,597.6266479492188,114.77546691894531
2023-12-14,757.865478515625,1118.6298828125,241.1998291015625,206.9892120361328,84.25376892089844,151.74903869628906,1610.2060546875,1024.8275146484375,87.86241912841797,1534.6624755859375,1849.687744140625,86.34839630126953,601.2904663085938,116.51876831054688
2023-12-15,756.1702270507812,1118.530029296875,251.86801147460938,211.31520080566406,84.43235778808594,156.1230926513672,1616.451171875,1028.5455322265625,89.70638275146484,1553.5528564453125,1846.445068359375,87.64507293701172,625.0084228515625,120.90058898925781
2023-12-18,746.54736328125,1109.544677734375,251.57028198242188,210.93902587890625,83.05068969726562,155.62603759765625,1615.6217041015625,1012.7316284179688,89.45719909667969,1539.261474609375,1842.80322265625,87.74111938476562,625.24951171875,116.00048828125
2023-12-19,729.24609375,1118.4302978515625,246.65797424316406,212.63182067871094,83.83081817626953,156.47100830078125,1612.8895263671875,1006.7828369140625,89.85589599609375,1549.3494873046875,1842.4041748046875,87.78913879394531,631.9021606445312,115.19951629638672
2023-12-20,757.9153442382812,1108.446533203125,237.47837829589844,206.23687744140625,80.0711669921875,152.29580688476562,1616.8902587890625,998.0579223632812,87.06502532958984,1539.063720703125,1822.399169921875,83.41889190673828,613.6315307617188,109.7340087890625
2023-12-21,769.1337280273438,1093.62060546875,236.43637084960938,211.45626831054688,81.19905090332031,153.0413818359375,1645.8712158203125,995.8271484375,88.061767578125,1552.7615966796875,1848.540283203125,86.30037689208984,620.6697998046875,111.71290588378906
2023-12-22,763.3001708984375,1086.5322265625,233.01263427734375,210.28073120117188,80.08995819091797,153.09107971191406,1630.405029296875,985.8132934570312,88.16143798828125,1545.195556640625,1856.3228759765625,85.72408294677734,613.9207763671875,111.43020629882812
2023-12-26,767.3886108398438,1092.472412109375,233.16148376464844,211.92649841308594,79.9677734375,153.0413818359375,1641.7242431640625,986.6064453125,88.2112808227539,1553.5528564453125,1882.6136474609375,85.00371551513672,615.1741333007812,110.39363861083984
2023-12-27,772.4244384765625,1104.5528564453125,236.1882781982422,218.1803741455078,81.30245208740234,153.09107971191406,1662.069580078125,993.6954956054688,88.56013488769531,1579.91015625,1898.078857421875,88.17333984375,625.2976684570312,112.18406677246094
2023-12-28,786.43505859375,1106.05029296875,237.5279998779297,219.0737762451172,82.9190902709961,154.5822296142578,1663.9722900390625,997.3143310546875,88.4106216430664,1592.8663330078125,1917.0362548828125,91.7271728515625,628.0455322265625,111.00615692138672
2023-12-29,785.1885375976562,1100.5093994140625,239.56239318847656,217.333984375,82.24236297607422,155.2283935546875,1667.87548828125,988.0936889648438,88.60997772216797,1581.3936767578125,1903.81591796875,91.96729278564453,619.03076171875,112.23118591308594
2024-01-01,783.7924194335938,1095.916748046875,242.24185180664062,219.82611083984375,83.1634750366211,155.62603759765625,1656.9952392578125,990.8698120117188,87.51356506347656,1581.2947998046875,1904.8636474609375,93.9363021850586,618.3558349609375,113.78602600097656
2024-01-02,764.6961669921875,1091.47412109375,240.5051727294922,216.9578094482422,83.45484161376953,151.00347900390625,1657.9710693359375,973.8661499023438,85.81910705566406,1558.300048828125,1860.8626708984375,93.16790771484375,616.5239868164062,113.9273681640625
2024-01-03,768.1864013671875,1096.8154296875,251.9672393798828,218.979736328125,86.14299774169922,150.8543701171875,1632.4052734375,975.6508178710938,85.81910705566406,1583.569580078125,1861.710693359375,92.63963317871094,620.3805541992188,115.95337677001953
2024-01-04,795.1105346679688,1121.5751953125,258.814697265625,223.5878448486328,87.46826934814453,153.9360809326172,1649.9208984375,978.724365234375,86.7660140991211,1630.4490966796875,1859.4158935546875,93.5521011352539,619.7056274414062,116.89570617675781
2024-01-05,798.8001708984375,1135.10302734375,249.7839813232422,220.67251586914062,86.83853149414062,153.6875457763672,1641.480224609375,985.2184448242188,86.41714477539062,1625.1578369140625,1843.4517822265625,93.40803527832031,618.9343872070312,116.98993682861328
2024-01-08,799.4483642578125,1120.177490234375,231.32557678222656,210.13966369628906,84.6861343383789,149.31350708007812,1623.1839599609375,973.6182861328125,85.17122650146484,1609.234619140625,1822.0,91.2469253540039,604.5203247070312,115.48221588134766
2024-01-09,775.1168823242188,1114.736328125,233.1118621826172,209.90455627441406,84.6673355102539,150.55613708496094,1610.5474853515625,971.3875122070312,83.97514343261719,1607.256591796875,1822.548828125,91.19889068603516,602.9777221679688,115.76490783691406
2024-01-10,770.280517578125,1105.2017822265625,229.2911834716797,210.51583862304688,84.35716247558594,150.8543701171875,1615.8656005859375,984.573974609375,83.62628936767578,1622.141357421875,1816.7120361328125,90.67062377929688,599.4585571289062,116.28318786621094
2024-01-11,774.4188232421875,1123.9212646484375,231.02786254882812,212.5847930908203,85.43806457519531,149.46263122558594,1609.0838623046875,982.6902465820312,86.36731719970703,1639.64697265625,1818.75732421875,91.05482482910156,597.9641723632812,117.27262878417969
2024-01-12,786.1358642578125,1118.530029296875,228.3980255126953,216.20545959472656,86.8949203491211,150.2082061767578,1601.47265625,994.934814453125,86.86568450927734,1655.61962890625,1829.134033203125,93.84024810791016,610.8836669921875,123.63333892822266
2024-01-15,769.8816528320312,1117.6815185546875,229.24156188964844,217.333984375,87.48706817626953,152.04727172851562,1632.3077392578125,1001.2305908203125,86.46698760986328,1670.306640625,1847.343017578125,94.32049560546875,617.150634765625,126.36609649658203
2024-01-16,773.3717651367188,1117.2821044921875,228.00108337402344,217.4750518798828,87.40247344970703,148.81646728515625,1638.504150390625,1000.4374389648438,88.01193237304688,1648.7459716796875,1843.8509521484375,94.3685302734375,614.0654296875,128.10939025878906
2024-01-17,755.2727661132812,1080.5419921875,226.56211853027344,212.06756591796875,85.87042236328125,145.03887939453125,1500.2828369140625,973.3704223632812,84.92204284667969,1625.8502197265625,1775.6544189453125,93.36000061035156,603.5562133789062,124.34008026123047
2024-01-18,732.0381469726562,1095.71728515625,225.86744689941406,214.13650512695312,86.14299774169922,145.98329162597656,1450.1759033203125,977.93115234375,86.11813354492188,1595.1905517578125,1773.259765625,94.60865020751953,605.773681640625,125.28241729736328
2024-01-19,728.4981689453125,1114.736328125,224.4781036376953,216.91078186035156,87.72205352783203,145.68505859375,1435.051025390625,990.6715087890625,85.42041015625,1543.959228515625,1760.3388671875,98.1624755859375,605.2434692382812,128.06227111816406
2024-01-23,714.4876708984375,1087.4805908203125,221.99713134765625,209.15220642089844,85.70123291015625,139.4222412109375,1392.7991943359375,1020.2667846679688,81.53314208984375,1425.8702392578125,1780.4935302734375,94.8487777709961,583.4054565429688,131.87869262695312
2024-01-24,735.1793823242188,1057.4295654296875,222.69180297851562,215.0299072265625,85.40046691894531,141.3607177734375,1420.6580810546875,990.6715087890625,79.3403091430664,1474.4805908203125,1784.584228515625,98.1624755859375,596.1322021484375,134.6114501953125
2024-01-25,705.8618774414062,1040.5570068359375,219.26806640625,213.5252227783203,87.46826934814453,140.9630889892578,1400.16650390625,1001.3297729492188,79.78884887695312,1495.3984375,1764.4296875,100.37161254882812,590.78125,132.25563049316406
2024-01-29,624.5908203125,1059.526123046875,221.6001739501953,220.29632568359375,89.20711517333984,144.59153747558594,1419.4383544921875,1007.7247314453125,83.22759246826172,1510.0360107421875,1818.807373046875,103.25309753417969,600.6155395507812,133.9047088623047
2024-01-30,623.493896484375,1052.3876953125,221.74903869628906,223.30572509765625,89.73345947265625,144.24362182617188,1409.3388671875,1008.220458984375,82.4301986694336,1503.211669921875,1819.505615234375,104.9339599609375,604.279296875,132.86814880371094
2024-01-31,634.81201171875,1066.015625,227.2567901611328,232.8511199951172,90.60758209228516,146.43063354492188,1427.1470947265625,1019.3744506835938,84.07481384277344,1517.206298828125,1821.1519775390625,109.88050079345703,617.5363159179688,131.7844696044922
2024-02-01,633.1666870117188,1082.4886474609375,223.93228149414062,240.70372009277344,94.27323913574219,145.98329162597656,1430.8551025390625,1016.4000244140625,83.12791442871094,1524.2283935546875,1818.6575927734375,114.15470123291016,624.4299926757812,136.26052856445312
2024-02-02,627.2333984375,1065.3167724609375,227.1575469970703,240.04542541503906,96.6888198852539,144.98919677734375,1411.1441650390625,1015.2598266601562,82.28069305419922,1516.9095458984375,1818.8570556640625,120.44593048095703,626.3582763671875,140.2183074951172
2024-02-05,620.8513793945312,1059.775634765625,220.9551239013672,242.1143798828125,97.79791259765625,146.38092041015625,1409.8756103515625,1014.7640991210938,82.97840881347656,1520.9151611328125,1804.2899169921875,116.84407806396484,619.8984985351562,138.2865447998047
2024-02-06,614.7685546875,1048.34423828125,216.7374725341797,235.39028930664062,98.02349090576172,146.03298950195312,1409.1436767578125,1017.6393432617188,82.72921752929688,1494.8050537109375,1782.98779296875,117.0842056274414,626.936767578125,136.59033203125
2024-02-07,617.1618041992188,1067.36328125,214.6038360595703,230.07684326171875,103.7945556640625,148.3194122314453,1395.336181640625,1013.4256591796875,82.87873077392578,1498.7115478515625,1788.5751953125,119.00519561767578,651.0404052734375,138.19229125976562
2024-02-08,593.9271240234375,1034.21728515625,212.5198211669922,238.02349853515625,107.0090560913086,145.78445434570312,1369.0875244140625,980.8560180664062,80.73574829101562,1461.0794677734375,1725.8165283203125,119.38939666748047,674.46923828125,140.830810546875
2024-02-09,602.2039184570312,1049.692138671875,214.55421447753906,247.8040008544922,107.33802032470703,146.43063354492188,1369.6240234375,1002.0733642578125,80.98493194580078,1469.93115234375,1738.537841796875,119.00519561767578,699.247802734375,140.2654266357422
2024-02-12,593.02978515625,1044.999755859375,199.17221069335938,239.52818298339844,102.59146881103516,145.78445434570312,1356.353271484375,987.5979614257812,78.94161224365234,1431.260498046875,1705.7117919921875,113.57840728759766,682.5198364257812,131.69024658203125
2024-02-13,592.1322631835938,1069.0107421875,197.53477478027344,244.13632202148438,103.803955078125,146.82826232910156,1360.695556640625,1011.0956420898438,80.23737335205078,1447.8265380859375,1733.2498779296875,117.27630615234375,687.8709106445312,128.2978515625
2024-02-14,589.0908203125,1095.0682373046875,196.74085998535156,251.84783935546875,106.48270416259766,148.56793212890625,1350.54736328125,1013.970947265625,80.58623504638672,1465.2332763671875,1745.023193359375,118.09272003173828,716.7470703125,131.03060913085938
2024-02-15,580.2656860351562,1070.4583740234375,195.84771728515625,259.27728271484375,110.35514831542969,155.67575073242188,1379.8211669921875,1007.9725952148438,80.98493194580078,1460.733154296875,1735.3450927734375,123.7596435546875,734.3909301757812,137.34420776367188
2024-02-16,580.1160888671875,1067.013916015625,199.27145385742188,259.2302551269531,110.12956237792969,163.72793579101562,1385.529541015625,1014.5162353515625,82.5797119140625,1477.2498779296875,1731.3541259765625,125.00827026367188,727.6419677734375,136.35475158691406
2024-02-19,597.6666870117188,1061.2232666015625,202.19898986816406,254.57513427734375,107.68579864501953,161.98825073242188,1382.7972412109375,1034.84130859375,81.88199615478516,1467.3101806640625,1727.5126953125,123.37543487548828,732.02880859375,133.00949096679688
2024-02-20,597.4173583984375,1086.8316650390625,201.156982421875,256.97320556640625,106.96206665039062,153.4887237548828,1419.096923828125,1039.798583984375,81.4832992553711,1487.6839599609375,1758.5428466796875,124.38396453857422,732.8483276367188,132.96238708496094
2024-02-21,586.4981689453125,1082.4388427734375,199.0233612060547,258.7130126953125,106.65189361572266,152.84255981445312,1404.3135986328125,1042.97119140625,80.68590545654297,1500.5908203125,1742.1796875,123.2793960571289,743.839599609375,136.731689453125
2024-02-22,590.8359375,1099.1116943359375,202.09974670410156,259.1832275390625,109.44343566894531,152.69345092773438,1385.1881103515625,1053.6295166015625,80.88525390625,1472.79931640625,1720.877685546875,123.90371704101562,738.4403686523438,138.8048095703125
2024-02-23,598.2650146484375,1095.0184326171875,206.66473388671875,252.83531188964844,109.11446380615234,151.55023193359375,1386.2125244140625,1052.241455078125,82.5797119140625,1464.0465087890625,1720.12939453125,122.89519500732422,731.8359375,137.4855499267578
2024-02-26,584.5535888671875,1083.4371337890625,201.05775451660156,253.4936065673828,107.760986328125,150.6058349609375,1387.8714599609375,1045.2020263671875,83.67611694335938,1450.39794921875,1702.4691162109375,119.91766357421875,731.69140625,138.66346740722656
2024-02-27,588.7418212890625,1077.2972412109375,199.61878967285156,254.24595642089844,107.5072021484375,153.28990173339844,1385.7735595703125,1051.1507568359375,83.02824401855469,1476.656494140625,1702.91796875,118.52494812011719,722.9658203125,137.6740264892578
2024-02-28,569.5458984375,1072.455078125,195.1530303955078,246.15823364257812,103.47498321533203,149.4129180908203,1375.28369140625,1037.270263671875,80.28721618652344,1433.287841796875,1679.820068359375,115.97964477539062,715.8793334960938,132.726806640625
2024-02-29,568.24951171875,1073.353515625,194.1110382080078,249.63783264160156,106.10674285888672,149.5123291015625,1369.428955078125,1043.2191162109375,80.78558349609375,1458.705810546875,1685.6568603515625,117.03617858886719,721.2785034179688,137.86248779296875
2024-03-01,573.9334716796875,1097.4644775390625,198.3286895751953,254.998291015625,108.7761001586914,151.69935607910156,1396.116943359375,1077.6229248046875,81.93183135986328,1509.8875732421875,1723.821044921875,119.91766357421875,741.5738525390625,138.23941040039062
2024-03-04,578.470703125,1104.9521484375,197.4851531982422,256.92620849609375,111.26686096191406,152.69345092773438,1398.0196533203125,1083.0263671875,81.8321533203125,1514.486572265625,1723.322021484375,121.07025909423828,744.369873046875,140.2654266357422
2024-03-05,570.1442260742188,1099.011962890625,196.44314575195312,261.5343017578125,113.25007629394531,154.28399658203125,1405.972412109375,1078.76318359375,81.28395080566406,1525.5140380859375,1711.847900390625,124.5760498046875,755.84326171875,148.79348754882812
2024-03-06,565.2081298828125,1123.172607421875,193.41636657714844,265.7192077636719,112.78952026367188,156.3218994140625,1407.6800537109375,1087.73583984375,81.53314208984375,1537.481201171875,1755.7989501953125,125.20038604736328,755.7950439453125,146.06072998046875
2024-03-07,569.6456298828125,1109.64453125,193.5652313232422,264.9668884277344,112.4041519165039,155.42721557617188,1411.0953369140625,1078.6639404296875,80.5363998413086,1546.5802001953125,1744.1253662109375,124.72014617919922,759.7962036132812,148.27520751953125
2024-03-11,582.5592041015625,1103.304931640625,190.3399658203125,260.8760070800781,110.20475769042969,154.48281860351562,1393.23828125,1069.492919921875,80.23737335205078,1524.1295166015625,1725.7666015625,123.80765533447266,745.9607543945312,144.8828125
2024-03-12,574.43212890625,1095.218017578125,187.26356506347656,255.4215087890625,106.56729125976562,150.8543701171875,1424.2197265625,1067.65869140625,79.24063873291016,1516.21728515625,1716.4874267578125,120.97420501708984,732.4627075195312,141.7260284423828
2024-03-13,575.27978515625,1078.64501953125,177.3396759033203,245.35885620117188,100.84323120117188,147.62355041503906,1425.0491943359375,1074.6981201171875,77.24716186523438,1486.151123046875,1725.6668701171875,114.10667419433594,720.4590454101562,133.3864288330078
2024-03-14,582.3099365234375,1056.531005859375,178.28244018554688,243.76014709472656,102.82644653320312,145.18800354003906,1420.218994140625,1074.35107421875,78.19406127929688,1460.535400390625,1738.488037109375,115.88359069824219,714.4813232421875,135.3653106689453
2024-03-15,576.6259765625,1044.7001953125,181.75579833984375,238.86988830566406,103.23060607910156,149.56202697753906,1417.48681640625,1071.1287841796875,78.44324493408203,1468.052001953125,1734.3973388671875,113.09815979003906,705.659423828125,139.4644317626953
2024-03-18,568.24951171875,1059.6258544921875,179.96951293945312,239.34010314941406,103.9637451171875,146.48033142089844,1411.0465087890625,1071.9715576171875,77.69569396972656,1464.4420166015625,1733.9981689453125,115.25926971435547,704.7434692382812,144.41165161132812
2024-03-19,558.5767822265625,1049.0931396484375,179.07635498046875,234.26177978515625,103.0896224975586,146.6294403076172,1414.2666015625,1074.6981201171875,76.39994049072266,1418.353759765625,1745.7218017578125,111.94556427001953,697.8497924804688,140.54811096191406
2024-03-20,558.3275146484375,1033.069091796875,176.49615478515625,234.96710205078125,103.58777618408203,146.57974243164062,1396.40966796875,1075.243408203125,76.10091400146484,1425.7220458984375,1761.4364013671875,112.04161071777344,709.8534545898438,136.30764770507812
2024-03-21,564.3604736328125,1033.917724609375,179.07635498046875,240.46861267089844,106.00334930419922,149.0649871826172,1410.7537841796875,1072.5665283203125,77.64585876464844,1467.8046875,1768.171142578125,116.26778411865234,717.61474609375,138.33364868164062
2024-03-22,562.6652221679688,1031.62158203125,180.36647033691406,244.3243865966797,107.7421875,148.71705627441406,1407.9239501953125,1080.9940185546875,77.79537200927734,1495.497314453125,1772.41162109375,117.90062713623047,719.9287719726562,139.5586700439453
2024-03-26,561.4187622070312,1038.8597412109375,180.36647033691406,245.9701385498047,107.49781799316406,148.91587829589844,1390.8963623046875,1074.4501953125,77.4465103149414,1502.0247802734375,1749.7625732421875,119.05321502685547,713.5172119140625,141.34909057617188
2024-03-27,559.9229736328125,1051.1397705078125,179.47332763671875,243.33694458007812,106.06914520263672,148.91587829589844,1405.8260498046875,1074.4998779296875,77.54618835449219,1516.7117919921875,1771.6134033203125,117.90062713623047,707.0092163085938,142.47988891601562
2024-03-28,563.4131469726562,1045.498779296875,178.62979125976562,248.3212127685547,109.22724914550781,149.31350708007812,1412.851806640625,1083.9683837890625,75.15401458740234,1535.9482421875,1781.4912109375,119.48544311523438,725.3761596679688,144.64723205566406
2024-04-01,587.6947631835938,1051.3892822265625,186.4200439453125,250.86041259765625,110.73110961914062,151.45082092285156,1434.9046630859375,1090.26416015625,77.24716186523438,1525.464599609375,1786.679443359375,120.63803100585938,731.1128540039062,147.7097930908203
2024-04-02,589.9384155273438,1045.498779296875,191.63006591796875,255.13937377929688,111.793212890625,153.1407928466797,1444.3211669921875,1071.9715576171875,78.89178466796875,1542.2779541015625,1753.454345703125,121.69457244873047,738.9224853515625,147.75692749023438
2024-04-03,603.3506469726562,1061.5228271484375,189.04986572265625,257.91363525390625,114.09599304199219,153.588134765625,1446.419189453125,1068.0057373046875,78.14422607421875,1525.7119140625,1727.2633056640625,129.8107452392578,743.40576171875,148.4165496826172
2024-04-04,619.2060546875,1061.2232666015625,196.44314575195312,253.3995819091797,114.18058776855469,151.55023193359375,1490.62255859375,1069.6416015625,79.1907958984375,1527.4920654296875,1745.2227783203125,129.76272583007812,732.0770263671875,149.9242706298828
2024-04-05,632.9672241210938,1057.3795166015625,195.84771728515625,252.88230895996094,115.60926055908203,153.63784790039062,1512.041259765625,1074.15283203125,80.38688659667969,1535.3548583984375,1781.14208984375,131.15545654296875,737.3316040039062,150.96083068847656
2024-04-08,632.11962890625,1074.3021240234375,183.54209899902344,251.65975952148438,115.12989807128906,153.4887237548828,1509.16259765625,1077.870849609375,82.23085021972656,1551.129638671875,1784.384765625,127.64962768554688,740.7543334960938,146.06072998046875
2024-04-09,630.4743041992188,1078.24560546875,181.30923461914062,249.6848602294922,114.32157135009766,154.88046264648438,1511.0654296875,1097.60107421875,81.88199615478516,1537.8768310546875,1776.602294921875,127.26544189453125,736.8013305664062,142.71546936035156
2024-04-10,632.6680908203125,1086.0330810546875,181.25961303710938,254.66915893554688,115.21449279785156,158.0615692138672,1499.16064453125,1099.930908203125,84.42366790771484,1535.7998046875,1821.850341796875,130.9153289794922,751.118896484375,142.1971893310547
2024-04-12,636.9560546875,1071.706298828125,181.5573272705078,251.9889373779297,113.88922119140625,155.02957153320312,1482.181884765625,1094.9736328125,84.07481384277344,1538.5692138671875,1808.9794921875,129.52259826660156,738.8259887695312,140.59523010253906
2024-04-15,630.5241088867188,1056.2314453125,174.61061096191406,245.82907104492188,111.49244689941406,154.08517456054688,1458.518798828125,1069.1458740234375,82.48003387451172,1522.9920654296875,1794.11279296875,127.60161590576172,730.341552734375,136.920166015625
2024-04-16,611.67724609375,1050.19140625,172.526611328125,239.52818298339844,109.79119873046875,151.20230102539062,1472.716796875,1057.9423828125,82.4301986694336,1474.5794677734375,1788.5751953125,123.47148895263672,724.74951171875,134.98838806152344
2024-04-18,619.3555908203125,1022.3366088867188,171.9807891845703,243.57205200195312,109.67841339111328,151.2519989013672,1458.518798828125,1046.4412841796875,82.33052062988281,1458.2113037109375,1782.738525390625,124.4319839477539,718.0968627929688,134.32876586914062
2024-04-19,612.9735717773438,1027.4283447265625,172.22889709472656,241.6441650390625,108.79489135742188,150.9537811279297,1494.2330322265625,1058.140625,81.58296966552734,1465.77734375,1788.625244140625,123.18334197998047,723.5443115234375,132.58544921875
2024-04-22,605.8934326171875,1052.2379150390625,179.4237060546875,245.7350311279297,112.75192260742188,152.5940399169922,1475.59521484375,1077.3751220703125,82.9285659790039,1461.2772216796875,1805.8863525390625,127.84174346923828,738.6331787109375,141.91448974609375
2024-04-23,607.7881469726562,1054.0350341796875,181.45809936523438,244.65353393554688,113.09029388427734,152.84255981445312,1471.106689453125,1080.9443359375,83.17774963378906,1458.3101806640625,1808.9794921875,127.60161590576172,745.2858276367188,138.42787170410156
2024-04-24,617.2116088867188,1061.5228271484375,182.4504852294922,243.66610717773438,112.21617126464844,152.69345092773438,1475.1072998046875,1087.388916015625,83.07807922363281,1458.45849609375,1838.66259765625,127.74568939208984,745.3822021484375,138.61634826660156
2024-04-25,607.1399536132812,1125.1693115234375,183.1947784423828,252.647216796875,115.95702362060547,155.02957153320312,1474.180419921875,1104.2437744140625,83.12791442871094,1479.6729736328125,1638.7623291015625,130.53111267089844,783.5625,141.34909057617188
2024-04-26,598.1154174804688,1128.4639892578125,182.79782104492188,252.0829620361328,116.09800720214844,156.17279052734375,1473.25341796875,1098.4437255859375,84.52335357666016,1430.5186767578125,1604.8885498046875,131.05938720703125,772.5712280273438,142.1971893310547
2024-04-29,636.1582641601562,1157.366943359375,182.50009155273438,256.3619384765625,116.70895385742188,159.5030059814453,1492.4765625,1150.247802734375,81.38362884521484,1470.920166015625,1636.717041015625,131.82778930664062,796.8677368164062,147.7097930908203
2024-04-30,631.8204956054688,1164.0062255859375,186.86660766601562,264.7317810058594,116.91573333740234,161.6403350830078,1483.303955078125,1140.5809326171875,81.88199615478516,1499.0577392578125,1620.303955078125,135.47767639160156,796.626708984375,145.30686950683594
2024-05-02,643.487548828125,1147.982177734375,189.29795837402344,262.7568664550781,118.16582489013672,167.00845336914062,1495.159912109375,1129.724365234375,81.28395080566406,1488.6729736328125,1572.1124267578125,132.59619140625,800.2904663085938,145.7309112548828
2024-05-03,643.1884155273438,1139.645751953125,186.17193603515625,259.3243103027344,117.61126708984375,164.97055053710938,1482.8160400390625,1132.30224609375,80.63607025146484,1467.4090576171875,1543.227294921875,130.43507385253906,801.6401977539062,143.7049102783203
2024-05-06,632.11962890625,1141.792236328125,185.42764282226562,249.87295532226562,111.24806213378906,162.73382568359375,1485.7923583984375,1136.5159912109375,79.78884887695312,1481.0576171875,1620.6531982421875,122.07877349853516,778.838134765625,139.18173217773438
2024-05-07,628.3801879882812,1125.8681640625,179.77102661132812,243.6190643310547,108.41893005371094,158.80714416503906,1469.6917724609375,1122.2388916015625,77.59602355957031,1436.6011962890625,1640.2091064453125,117.4684066772461,773.149658203125,133.62200927734375
2024-05-08,623.0950317382812,1126.816650390625,178.92750549316406,246.86355590820312,104.83786010742188,156.3218994140625,1446.7606201171875,1113.414794921875,76.6989517211914,1426.6614990234375,1644.6490478515625,119.86963653564453,781.7305297851562,135.78936767578125
2024-05-09,626.1864013671875,1113.8377685546875,181.40847778320312,247.00460815429688,102.54447174072266,156.1230926513672,1412.46142578125,1106.1771240234375,75.60254669189453,1386.0621337890625,1639.410888671875,117.32432556152344,790.4078979492188,133.9047088623047
2024-05-10,633.3162231445312,1118.280517578125,185.62612915039062,239.6692657470703,103.0426254272461,159.00596618652344,1422.253662109375,1107.515625,76.3002700805664,1394.666748046875,1624.294921875,119.00519561767578,788.0457763671875,133.81048583984375
2024-05-13,632.0697021484375,1130.1612548828125,186.71774291992188,243.6190643310547,103.2682113647461,160.74563598632812,1439.4149169921875,1118.3721923828125,76.89830780029297,1389.1282958984375,1637.51513671875,118.23680114746094,779.8023071289062,128.53343200683594
2024-05-14,636.9061889648438,1121.026123046875,187.1147003173828,245.31185913085938,106.50149536132812,162.93264770507812,1445.0528564453125,1110.98583984375,77.24716186523438,1405.3975830078125,1642.6038818359375,120.78211212158203,788.8652954101562,125.94203186035156
2024-05-15,621.2003784179688,1126.2176513671875,188.4544219970703,248.18016052246094,111.849609375,161.78944396972656,1422.84716796875,1114.7532958984375,76.64912414550781,1401.5404052734375,1647.0936279296875,119.38939666748047,790.8899536132812,130.93637084960938
2024-05-16,619.904052734375,1137.449462890625,178.2328338623047,247.23971557617188,106.8680648803711,163.13148498535156,1444.3604736328125,1121.3961181640625,76.79863739013672,1393.2821044921875,1668.2960205078125,120.205810546875,782.8394165039062,132.58544921875
2024-05-17,622.596435546875,1139.4959716796875,179.77102661132812,245.82907104492188,106.96206665039062,162.88294982910156,1448.1685791015625,1120.850830078125,76.9481430053711,1396.842529296875,1692.7410888671875,120.15778350830078,788.5277709960938,131.12484741210938
2024-05-21,613.7713012695312,1135.802001953125,182.69857788085938,249.6848602294922,109.21784973144531,162.6841278076172,1442.92626953125,1111.38232421875,77.19732666015625,1391.0567626953125,1694.4371337890625,121.40642547607422,800.8689575195312,134.51722717285156
2024-05-22,601.6055908203125,1124.1710205078125,182.1031494140625,247.66293334960938,109.02986907958984,161.44149780273438,1443.3218994140625,1101.6163330078125,76.89830780029297,1389.5238037109375,1695.7342529296875,120.87815856933594,802.6334838867188,139.6529083251953
2024-05-23,617.710205078125,1163.357177734375,187.06507873535156,253.21148681640625,110.62771606445312,161.83914184570312,1476.3583984375,1124.816650390625,77.79537200927734,1425.029541015625,1705.2130126953125,121.64655303955078,815.7206420898438,143.7991485595703
2024-05-24,618.9068603515625,1172.0928955078125,184.8818359375,252.9293670654297,110.15776062011719,162.4853057861328,1500.6907958984375,1122.288330078125,77.4465103149414,1425.96923828125,1699.62548828125,121.45445251464844,812.28955078125,147.47421264648438
2024-05-27,632.817626953125,1185.07177734375,187.61090087890625,254.4340362548828,109.96978759765625,162.6841278076172,1511.0765380859375,1120.1568603515625,78.39341735839844,1449.0133056640625,1707.158447265625,124.4319839477539,817.2891845703125,150.77236938476562
2024-05-28,634.562744140625,1181.4776611328125,188.85137939453125,248.55633544921875,108.98287200927734,159.0556640625,1513.8460693359375,1117.3310546875,77.69569396972656,1443.326416015625,1699.8250732421875,123.13531494140625,814.7894287109375,148.79348754882812
2024-05-29,646.4791870117188,1157.8660888671875,190.24072265625,247.70994567871094,109.54682159423828,158.55862426757812,1491.8876953125,1092.5941162109375,76.89830780029297,1444.2166748046875,1684.060546875,122.99124145507812,806.4567260742188,146.06072998046875
2024-05-30,636.8064575195312,1166.052734375,184.93145751953125,247.19271850585938,108.13695526123047,159.35389709472656,1498.3663330078125,1104.1942138671875,77.29700469970703,1430.914306640625,1686.3052978515625,122.41494750976562,809.5936889648438,143.7991485595703
2024-05-31,651.2656860351562,1160.26220703125,186.86660766601562,249.12059020996094,110.90969848632812,161.0935821533203,1514.8846435546875,1111.4815673828125,76.1507568359375,1445.799072265625,1676.627197265625,124.33592987060547,814.005126953125,150.91371154785156
2024-06-03,642.73974609375,1221.911865234375,193.5652313232422,279.261474609375,120.5438003540039,163.3800048828125,1555.09228515625,1150.0989990234375,77.84520721435547,1512.904052734375,1714.1927490234375,131.58766174316406,887.8229370117188,160.1956329345703
2024-06-04,626.9840698242188,1129.412353515625,175.90072631835938,233.46238708496094,103.24940490722656,153.73724365234375,1467.0113525390625,1062.3048095703125,72.31331634521484,1376.221435546875,1634.2724609375,110.79296875,759.9407348632812,130.98350524902344
2024-06-05,667.6694946289062,1182.575927734375,189.19871520996094,244.51248168945312,108.27793884277344,165.06996154785156,1534.914306640625,1099.1873779296875,76.99797821044922,1484.4697265625,1714.2425537109375,117.03617858886719,774.2042846679688,132.82102966308594
2024-06-06,658.6947631835938,1169.0478515625,190.0918731689453,252.88230895996094,110.90969848632812,163.57882690429688,1542.728271484375,1100.92236328125,76.99797821044922,1464.837646484375,1730.8052978515625,119.00519561767578,800.868896484375,136.21340942382812
2024-06-07,667.1210327148438,1184.872314453125,195.05380249023438,254.66915893554688,111.75562286376953,164.07586669921875,1556.229736328125,1112.1258544921875,77.4465103149414,1475.7169189453125,1749.7625732421875,120.15778350830078,813.613037109375,138.0038299560547
2024-06-10,667.56982421875,1198.0506591796875,196.81033325195312,259.9355773925781,113.75762939453125,163.87705993652344,1544.31103515625,1114.2080078125,77.27706146240234,1469.5355224609375,1741.730712890625,120.38829803466797,815.4265747070312,138.7294158935547
2024-06-11,669.7137451171875,1192.659423828125,196.9393310546875,258.4308776855469,113.94561767578125,166.6008758544922,1547.77294921875,1108.65576171875,77.25713348388672,1464.788330078125,1716.1383056640625,121.15670013427734,819.102783203125,137.86248779296875
2024-06-12,665.176513671875,1185.970458984375,194.9744110107422,266.5185852050781,115.41188049316406,172.8338623046875,1557.0211181640625,1109.994384765625,77.56611633300781,1467.953125,1711.8978271484375,122.44376373291016,822.5828857421875,138.8802032470703
2024-06-13,666.2734375,1172.741943359375,192.75146484375,265.8603210449219,114.59414672851562,171.24330139160156,1563.54931640625,1097.8984375,77.20729064941406,1490.7005615234375,1722.4739990234375,121.56970977783203,827.2884521484375,137.80593872070312
2024-06-14,659.392822265625,1179.131591796875,192.86062622070312,269.1988525390625,116.63116455078125,173.3706817626953,1579.5235595703125,1096.212890625,77.74552917480469,1485.8543701171875,1713.3446044921875,123.84608459472656,822.680908203125,139.0404052734375
2024-06-18,662.6336669921875,1189.9638671875,196.53245544433594,270.186279296875,117.66415405273438,174.05661010742188,1590.304931640625,1113.26611328125,81.19424438476562,1491.343505859375,1715.5396728515625,123.54833221435547,828.2687377929688,138.56922912597656
2024-06-19,655.1048583984375,1224.657470703125,197.3164520263672,267.03582763671875,116.96906280517578,173.51980590820312,1639.810302734375,1134.681640625,81.90192413330078,1511.4205322265625,1742.7781982421875,123.22175598144531,835.817138671875,138.7576904296875
2024-06-20,664.8773803710938,1237.486572265625,206.5952606201172,268.2113952636719,117.00767517089844,177.82424926757812,1651.1851806640625,1146.9263916015625,83.56647491455078,1511.0743408203125,1762.284423828125,123.41386413574219,827.141357421875,137.49497985839844
2024-06-21,665.7249145507812,1235.43994140625,207.6372833251953,262.7098693847656,114.99962615966797,175.47817993164062,1647.6243896484375,1148.7606201171875,83.19768524169922,1510.382080078125,1771.663330078125,122.25736999511719,819.8380126953125,138.465576171875
2024-06-24,677.591552734375,1226.1051025390625,206.3571014404297,263.8854064941406,114.17902374267578,174.80218505859375,1654.2020263671875,1160.11279296875,82.66941833496094,1474.03564453125,1768.5704345703125,121.54792785644531,816.3088989257812,133.32989501953125
2024-06-25,680.2839965820312,1269.3846435546875,201.90127563476562,263.9324035644531,113.96663665771484,174.96124267578125,1692.7281494140625,1187.72509765625,82.63951873779297,1479.1290283203125,1777.8992919921875,120.6343994140625,825.6708984375,132.12371826171875
2024-06-26,690.5051879882812,1283.31201171875,204.00514221191406,264.21453857421875,114.58450317382812,176.12432861328125,1682.9853515625,1207.60400390625,82.4700698852539,1481.4532470703125,1794.11279296875,120.85792541503906,828.7098388671875,132.36871337890625
2024-06-27,664.2291870117188,1286.856201171875,198.7752685546875,263.1800842285156,114.0245590209961,175.9752197265625,1677.693603515625,1209.48779296875,81.93183135986328,1486.25,1826.4400634765625,115.84323120117188,827.3864135742188,130.40867614746094
2024-06-28,670.1624755859375,1263.1947021484375,202.228759765625,266.2251281738281,115.33751678466797,176.203857421875,1665.47802734375,1189.3609619140625,81.8919677734375,1464.5,1798.4530029296875,119.78890228271484,832.239013671875,128.8067169189453
2024-07-01,671.9573974609375,1259.8502197265625,204.29293823242188,263.0834045410156,114.26591491699219,176.69097900390625,1686.64501953125,1201.5064697265625,80.87528991699219,1456.9000244140625,1804.0404052734375,119.01142883300781,825.3768310546875,127.59111022949219
2024-07-02,671.408935546875,1251.364013671875,200.70050048828125,256.1716003417969,112.22889709472656,173.98703002929688,1711.7686767578125,1180.4378662109375,78.63262939453125,1429.449951171875,1765.6268310546875,117.23295593261719,809.8878173828125,126.3755111694336
2024-07-03,664.3787841796875,1277.9207763671875,209.5228271484375,258.9266662597656,113.00122833251953,180.38902282714844,1749.4046630859375,1191.3438720703125,80.61613464355469,1455.5,1806.6346435546875,118.21451568603516,823.4161987304688,128.3261260986328
2024-07-04,671.5585327148438,1278.8193359375,206.47618103027344,261.1500244140625,113.21361541748047,179.9019012451172,1708.3563232421875,1222.4759521484375,80.90518951416016,1442.8499755859375,1829.732666015625,118.10761260986328,822.7789306640625,128.09054565429688
2024-07-05,670.7108764648438,1284.9593505859375,202.7745819091797,264.6784362792969,113.6866683959961,185.09109497070312,1630.1663818359375,1222.87255859375,80.92512512207031,1434.25,1848.540283203125,119.34185791015625,842.826416015625,127.9020767211914
2024-07-08,640.8949584960938,1285.7579345703125,202.91351318359375,253.60989379882812,110.91593933105469,186.95005798339844,1617.55517578125,1224.508544921875,79.49979400634766,1438.050048828125,1849.0391845703125,117.9424057006836,839.3953247070312,125.5556869506836
2024-07-09,638.2523193359375,1287.305419921875,199.23175048828125,252.98155212402344,111.987548828125,186.6418914794922,1618.692626953125,1237.5958251953125,78.93165588378906,1434.25,1843.701171875,118.94339752197266,844.3458862304688,131.718505859375
2024-07-10,628.1807250976562,1289.5518798828125,190.9651641845703,248.0030975341797,110.79043579101562,187.54652404785156,1608.40576171875,1232.5888671875,77.95484924316406,1425.949951171875,1825.7415771484375,115.8626708984375,832.2880249023438,130.38983154296875
2024-07-11,631.62109375,1294.6435546875,195.22251892089844,248.14813232421875,110.2015380859375,191.52291870117188,1604.2515869140625,1227.87939453125,77.96481323242188,1429.75,1840.3587646484375,116.03759765625,839.8364868164062,128.8915252685547
2024-07-12,643.0070190429688,1316.1751708984375,191.13388061523438,242.2513427734375,108.82099914550781,194.32626342773438,1605.042724609375,1222.3768310546875,78.0146484375,1434.550048828125,1828.7349853515625,114.42434692382812,842.7774047851562,128.2601776123047
2024-07-15,640.0606079101562,1306.33349609375,193.8331756591797,249.9364776611328,113.19430541992188,193.60057067871094,1604.4493408203125,1219.451904296875,77.90501403808594,1444.050048828125,1839.4110107421875,117.5245132446289,864.001220703125,131.15310668945312
2024-07-16,633.6685180664062,1302.886474609375,196.9194793701172,249.59815979003906,112.02616119384766,194.19703674316406,1602.1248779296875,1229.3170166015625,77.69569396972656,1445.9000244140625,1801.246826171875,116.48464965820312,863.364013671875,131.59600830078125
2024-07-18,632.270263671875,1308.281982421875,194.4385223388672,246.93975830078125,111.76549530029297,195.43966674804688,1597.2288818359375,1239.6282958984375,77.48638153076172,1456.9000244140625,1822.6485595703125,115.49336242675781,875.9610595703125,131.73736572265625
2024-07-19,632.8695678710938,1291.2464599609375,190.98501586914062,242.2513427734375,108.98512268066406,190.33993530273438,1589.8104248046875,1237.992431640625,75.77198791503906,1432.449951171875,1819.502197265625,113.22898864746094,871.84375,131.2053680419922
2024-07-22,654.5927734375,1281.4049072265625,196.4332275390625,244.57138061523438,110.79043579101562,191.7913055419922,1624.6768798828125,1230.556396484375,77.33686828613281,1423.4000244140625,1755.5260009765625,114.83251953125,859.540771484375,131.7083282470703
2024-07-23,655.441650390625,1262.1712646484375,194.03164672851562,242.73468017578125,108.95616149902344,196.79164123535156,1600.7896728515625,1216.279296875,76.34012603759766,1413.199951171875,1766.8629150390625,114.43406677246094,846.8947143554688,130.31552124023438
2024-07-24,658.7376098632812,1238.1917724609375,186.6681365966797,240.6562957763672,108.56999206542969,200.04232788085938,1586.5958251953125,1212.561279296875,75.41316986083984,1396.6500244140625,1744.18896484375,113.26786041259766,835.2289428710938,130.11241149902344
2024-07-25,630.8720092773438,1174.8958740234375,184.4154052734375,237.17623901367188,108.01970672607422,203.46202087402344,1599.0091552734375,1187.675537109375,74.41643524169922,1379.0999755859375,1773.105712890625,114.4049072265625,831.7978515625,127.70398712158203
2024-07-26,649.598876953125,1176.3446044921875,191.03463745117188,241.38131713867188,109.92156982421875,196.83139038085938,1600.5423583984375,1196.8961181640625,74.23702239990234,1403.9000244140625,1811.7611083984375,116.57210540771484,845.4732666015625,128.51646423339844
2024-07-29,649.2493286132812,1169.0509033203125,217.20388793945312,247.374755859375,111.90066528320312,199.82362365722656,1587.5849609375,1202.34912109375,74.58587646484375,1411.5,1791.8341064453125,123.42357635498047,854.443115234375,132.375732421875
2024-07-30,650.6475830078125,1169.0009765625,218.0970458984375,247.71310424804688,111.76549530029297,200.6487274169922,1597.970703125,1199.126953125,75.79193115234375,1429.699951171875,1784.0430908203125,121.97554016113281,855.6195068359375,130.47994995117188
2024-07-31,645.2542114257812,1165.104248046875,216.41990661621094,245.19972229003906,110.7421646118164,200.20138549804688,1598.16845703125,1204.530517578125,75.7420883178711,1427.800048828125,1805.8179931640625,120.45946502685547,855.2274169921875,130.3832244873047
2024-08-01,643.9558715820312,1171.299072265625,212.08319091796875,242.8796844482422,108.79203796386719,199.56517028808594,1620.9676513671875,1199.7713623046875,75.14405059814453,1419.8499755859375,1790.5855712890625,119.48762512207031,845.6693725585938,130.82815551757812
2024-08-02,636.8146362304688,1159.8587646484375,210.9121551513672,235.58120727539062,106.66813659667969,196.54310607910156,1641.09619140625,1186.337158203125,74.06756591796875,1404.300048828125,1801.373046875,116.87338256835938,831.16064453125,128.9033660888672
2024-08-05,631.2215576171875,1132.5321044921875,200.70050048828125,231.9561309814453,101.61904907226562,191.7117919921875,1598.16845703125,1162.5914306640625,71.77507781982422,1389.449951171875,1771.607421875,110.73136138916016,795.6732788085938,121.61041259765625
2024-08-06,635.1167602539062,1125.138427734375,199.54931640625,231.52113342285156,101.3969955444336,190.2405242919922,1583.7767333984375,1156.8905029296875,71.52589416503906,1381.0,1768.510986328125,110.60501861572266,781.9978637695312,118.70870971679688
2024-08-07,630.0729370117188,1135.829345703125,202.06005859375,235.29119873046875,104.47665405273438,191.5626678466797,1605.8341064453125,1162.4427490234375,72.29337310791016,1345.1500244140625,1774.504150390625,112.66532135009766,792.7322998046875,118.16705322265625
2024-08-08,625.3287963867188,1137.17822265625,197.6637725830078,233.30950927734375,103.44367218017578,192.6363067626953,1624.8251953125,1154.6597900390625,71.79500579833984,1347.300048828125,1770.70849609375,110.8091049194336,792.1441040039062,116.45504760742188
2024-08-09,625.1790161132812,1141.774169921875,197.98135375976562,237.6595916748047,106.82260131835938,196.39398193359375,1632.2435302734375,1161.5999755859375,72.62229919433594,1349.800048828125,1767.612060546875,112.0239028930664,808.07421875,118.98919677734375
2024-08-12,608.9989624023438,1163.305908203125,195.5500030517578,236.69290161132812,105.76065826416016,200.05227661132812,1642.0357666015625,1172.800048828125,71.55579376220703,1350.8499755859375,1770.5087890625,111.37277221679688,796.6044921875,117.58670806884766
2024-08-13,611.1962280273438,1158.6097412109375,192.60000610351562,233.6961669921875,102.99958038330078,201.00660705566406,1585.7550048828125,1168.3499755859375,71.13716888427734,1350.5999755859375,1750.0323486328125,111.08122253417969,781.8507690429688,115.45880126953125
2024-08-14,602.3071899414062,1152.1153564453125,189.99000549316406,231.47279357910156,101.99555206298828,201.53347778320312,1590.304931640625,1161.6500244140625,70.36967468261719,1338.0999755859375,1745.8870849609375,110.37177276611328,787.1934814453125,112.87627410888672
2024-08-16,612.4447021484375,1165.8536376953125,191.58999633789062,235.33953857421875,103.89741516113281,202.46792602539062,1614.3404541015625,1187.25,71.72523498535156,1364.1500244140625,1775.2532958984375,109.85670471191406,796.1143188476562,113.67908477783203
2024-08-19,614.4921875,1152.2652587890625,192.02000427246094,239.109619140625,106.09854888916016,201.49371337890625,1613.7965087890625,1175.9000244140625,71.77507781982422,1347.5999755859375,1779.298583984375,111.96559143066406,797.682861328125,116.2519302368164
2024-08-20,620.3849487304688,1167.002685546875,196.91000366210938,245.87640380859375,107.50804138183594,202.49774169921875,1619.8795166015625,1179.449951171875,73.11070251464844,1381.300048828125,1803.570556640625,114.04532623291016,804.1529541015625,121.44597625732422
2024-08-21,624.429931640625,1173.397216796875,203.77000427246094,244.9580535888672,107.7686996459961,202.0504150390625,1608.109130859375,1174.8499755859375,73.38978576660156,1384.0,1810.862060546875,113.13180541992188,799.4964599609375,120.76891326904297
2024-08-22,632.619873046875,1168.950927734375,205.42999267578125,245.63473510742188,108.44449615478516,202.1199951171875,1613.54931640625,1191.0999755859375,75.11414337158203,1381.9000244140625,1819.40234375,114.05504608154297,804.1529541015625,123.49651336669922
2024-08-23,625.0291748046875,1164.954345703125,201.72000122070312,244.08804321289062,108.22244262695312,199.55999755859375,1607.3673095703125,1203.5,74.17720794677734,1388.550048828125,1815.9063720703125,112.99574279785156,799.3003540039062,122.91617584228516
2024-08-26,632.6697998046875,1169.30078125,200.05999755859375,243.02467346191406,107.55632019042969,198.72999572753906,1622.1051025390625,1213.300048828125,73.86822509765625,1384.5,1810.4127197265625,112.88884735107422,799.0062866210938,120.47874450683594
2024-08-27,634.3176879882812,1180.2413330078125,201.05999755859375,242.8313446044922,107.01568603515625,196.9199981689453,1619.9290771484375,1226.3499755859375,74.3366928100586,1383.199951171875,1801.273193359375,112.69447326660156,799.839599609375,120.44972229003906
2024-08-28,631.7708740234375,1169.9500732421875,196.66000366210938,241.5263214111328,106.4171371459961,195.55999755859375,1619.2861328125,1223.8499755859375,73.84828186035156,1415.75,1789.2371826171875,111.51854705810547,793.467529296875,119.29871368408203
2024-08-29,639.5612182617188,1174.3963623046875,193.92999267578125,241.47799682617188,106.46540069580078,195.9199981689453,1620.7203369140625,1221.9000244140625,72.99109649658203,1417.449951171875,1775.2032470703125,112.27658081054688,798.4671020507812,119.19232177734375
2024-08-30,687.8517456054688,1174.2464599609375,200.3000030517578,241.76800537109375,107.67216491699219,194.6999969482422,1619.08837890625,1229.199951171875,73.5990982055664,1425.25,1778.749267578125,113.28729248046875,799.5454711914062,117.55769348144531
2024-09-02,679.96142578125,1187.784912109375,201.61000061035156,245.44139099121094,108.86927032470703,194.72000122070312,1609.2464599609375,1229.949951171875,74.76528930664062,1449.050048828125,1778.1998291015625,113.23870086669922,805.966552734375,118.40885925292969
2024-09-03,673.4194946289062,1190.58251953125,201.3699951171875,242.34800720214844,107.56596374511719,194.61000061035156,1619.5333251953125,1247.699951171875,74.82508850097656,1436.699951171875,1781.7457275390625,112.33488464355469,808.5643920898438,118.52493286132812
2024-09-04,686.9028930664062,1176.6943359375,199.61000061035156,235.3878631591797,104.84351348876953,187.8699951171875,1623.93505859375,1236.3499755859375,74.40646362304688,1434.4000244140625,1781.7457275390625,109.759521484375,800.427734375,118.06065368652344
2024-09-05,702.0342407226562,1179.5419921875,203.66000366210938,235.72621154785156,104.45734405517578,189.64999389648438,1627.545166015625,1235.949951171875,74.7951889038086,1422.9000244140625,1775.9024658203125,110.2065658569336,802.6334838867188,118.95051574707031
2024-09-06,702.1340942382812,1157.760498046875,196.3300018310547,227.99273681640625,99.80406951904297,183.4499969482422,1619.1376953125,1208.1500244140625,73.41969299316406,1409.3499755859375,1762.118408203125,106.90231323242188,767.0970458984375,117.22882843017578
2024-09-09,713.3203125,1169.8502197265625,195.41000366210938,227.70272827148438,100.42192840576172,184.99000549316406,1628.5838623046875,1235.0,72.38308715820312,1428.0999755859375,1788.0885009765625,106.542724609375,768.8125610351562,116.1455307006836
2024-09-10,717.3153686523438,1186.1861572265625,200.0399932861328,227.84771728515625,100.02611541748047,185.3699951171875,1632.3919677734375,1237.300048828125,72.35317993164062,1435.550048828125,1789.5367431640625,106.50385284423828,767.2440795898438,117.20948791503906
2024-09-11,721.3604125976562,1185.087158203125,195.69000244140625,225.04434204101562,98.23045349121094,183.17999267578125,1626.01220703125,1236.3499755859375,71.28666687011719,1421.199951171875,1787.189453125,104.433837890625,753.4706420898438,113.70809936523438
2024-09-12,719.612548828125,1202.3223876953125,196.97999572753906,229.2010955810547,100.3929672241211,183.5800018310547,1648.465087890625,1252.1500244140625,72.5325927734375,1443.3499755859375,1825.345458984375,105.65835571289062,772.24365234375,114.33679962158203
2024-09-13,722.0095825195312,1216.410400390625,207.10000610351562,231.47279357910156,102.70995330810547,186.52000427246094,1647.8221435546875,1250.3499755859375,73.18047332763672,1464.050048828125,1818.253662109375,107.9810562133789,775.2826538085938,116.2519302368164
2024-09-16,718.064453125,1229.9989013671875,205.27999877929688,231.1827850341797,102.99958038330078,184.69000244140625,1652.7677001953125,1262.8499755859375,73.49942779541016,1470.199951171875,1829.1910400390625,107.68949890136719,770.0869750976562,119.1729736328125
2024-09-17,718.5638427734375,1231.0478515625,207.67999267578125,231.52113342285156,101.88935852050781,184.3300018310547,1650.6412353515625,1268.0999755859375,73.04093170166016,1466.3499755859375,1844.5234375,104.98778533935547,767.4891967773438,120.06282806396484
2024-09-18,723.35791015625,1239.3907470703125,213.1300048828125,229.97442626953125,101.8024673461914,185.91000366210938,1676.3582763671875,1288.3499755859375,72.55252838134766,1480.25,1837.581298828125,105.68751525878906,777.145263671875,118.9601821899414
2024-09-19,751.5731201171875,1241.6387939453125,211.35000610351562,227.99273681640625,101.08806610107422,186.1999969482422,1689.9091796875,1292.0,73.57917022705078,1484.75,1869.794189453125,104.22975158691406,774.400390625,118.60231018066406
2024-09-20,730.3992309570312,1243.9368896484375,210.0399932861328,227.65438842773438,101.32942199707031,185.0399932861328,1722.2532958984375,1338.449951171875,72.59239959716797,1480.199951171875,1902.3067626953125,105.35709381103516,766.3128051757812,119.3857650756836
2024-09-23,734.84375,1245.7353515625,212.82000732421875,236.35455322265625,105.51930236816406,187.64999389648438,1740.6510009765625,1321.9000244140625,73.77851104736328,1465.0999755859375,1932.471923828125,108.36978912353516,786.0661010742188,123.1966781616211
2024-09-24,735.293212890625,1238.4915771484375,207.8699951171875,235.4845428466797,105.5096435546875,190.7100067138672,1748.811279296875,1318.5999755859375,73.43962860107422,1448.300048828125,1912.4949951171875,104.79341888427734,782.5369873046875,123.12896728515625
2024-09-25,730.4991455078125,1267.01708984375,204.72000122070312,235.0978546142578,104.65042877197266,192.75,1759.740966796875,1323.8499755859375,72.78177642822266,1439.5,1895.7642822265625,102.09171295166016,777.4883422851562,122.83879852294922
2024-09-26,735.0435180664062,1276.009521484375,205.32000732421875,236.98289489746094,106.35920715332031,192.57000732421875,1764.0435791015625,1329.050048828125,73.78848266601562,1452.699951171875,1900.109375,104.26863098144531,786.0661010742188,122.80010223388672
2024-09-27,730.199462890625,1272.0628662109375,203.22000122070312,241.28465270996094,109.18785858154297,193.7100067138672,1733.578857421875,1306.5999755859375,73.94796752929688,1462.699951171875,1870.2935791015625,106.14427947998047,786.8504028320312,119.46315002441406
2024-09-30,739.2882690429688,1231.1478271484375,198.74000549316406,239.54461669921875,107.47908020019531,196.72999572753906,1713.2030029296875,1273.0,74.10743713378906,1447.5999755859375,1851.81494140625,104.19087982177734,772.3907470703125,118.74739074707031
2024-10-01,731.7975463867188,1225.6025390625,195.27999877929688,240.61764526367188,106.66813659667969,197.1199951171875,1707.41650390625,1274.4000244140625,73.20040893554688,1409.699951171875,1877.2357177734375,102.24720001220703,781.2625732421875,117.8672103881836
2024-10-03,730.7987670898438,1174.696044921875,189.00999450683594,236.89588928222656,104.22564697265625,193.8000030517578,1663.697509765625,1256.3499755859375,71.74517822265625,1387.75,1820.700927734375,102.10142517089844,778.4686889648438,115.08158111572266
2024-10-04,718.064453125,1177.393798828125,186.86000061035156,242.24166870117188,103.89741516113281,193.6699981689453,1639.612548828125,1239.75,71.59566497802734,1382.8499755859375,1806.916748046875,102.86917877197266,780.968505859375,114.96550750732422
2024-10-07,732.09716796875,1144.7216796875,184.33999633789062,234.5855255126953,99.91026306152344,184.1999969482422,1600.1961669921875,1233.9000244140625,71.98439025878906,1350.8499755859375,1788.1883544921875,99.19562530517578,755.4802856445312,110.30343627929688
2024-10-08,726.4541015625,1152.3153076171875,187.66000366210938,239.00328063964844,101.31976318359375,187.75999450683594,1633.0843505859375,1236.5999755859375,72.89141845703125,1359.550048828125,1801.3232421875,99.60379791259766,766.0676879882812,110.806396484375
2024-10-09,704.4312744140625,1169.15087890625,188.85000610351562,238.11392211914062,100.7887954711914,185.83999633789062,1615.379150390625,1244.1500244140625,72.1538314819336,1341.550048828125,1798.7261962890625,101.16845703125,781.7037353515625,111.03853607177734
2024-10-10,699.087890625,1183.23876953125,187.6999969482422,237.85292053222656,100.52812957763672,185.67999267578125,1644.310791015625,1243.5,72.9013900756836,1356.4000244140625,1873.939453125,100.77000427246094,781.4096069335938,110.27442169189453
2024-10-11,689.5496215820312,1171.4488525390625,210.25999450683594,234.34384155273438,100.4605484008789,187.5500030517578,1633.034912109375,1223.0,72.13390350341797,1347.5999755859375,1880.232177734375,101.95565032958984,784.0074462890625,110.38081359863281
2024-10-14,700.1365356445312,1163.355712890625,200.05999755859375,236.40289306640625,100.87567901611328,196.74000549316406,1669.731201171875,1231.75,72.70204162597656,1370.449951171875,1908.5994873046875,102.0528335571289,789.3012084960938,110.3131103515625
2024-10-15,694.9429321289062,1152.86474609375,194.35000610351562,235.6875457763672,100.81775665283203,198.6199951171875,1665.774658203125,1255.5,72.50269317626953,1360.9000244140625,1893.0174560546875,102.023681640625,788.81103515625,109.48128509521484
2024-10-16,695.5921630859375,1152.2152099609375,192.74000549316406,236.01620483398438,100.75983428955078,194.39999389648438,1681.303955078125,1243.1500244140625,71.98439025878906,1346.300048828125,1874.1890869140625,102.09171295166016,789.5952758789062,108.29158782958984
2024-10-17,686.1038818359375,1130.883544921875,190.19000244140625,233.89918518066406,98.95451354980469,193.61000061035156,1654.94384765625,1231.25,71.50595092773438,1347.3499755859375,1861.9033203125,99.57464599609375,795.0850219726562,107.87567138671875
2024-10-18,682.8079223632812,1195.8280029296875,191.9600067138672,239.70895385742188,101.04944610595703,195.3000030517578,1663.5491943359375,1264.5,71.33650970458984,1347.25,1868.895263671875,100.36183166503906,804.2510375976562,108.5430679321289
2024-10-21,664.0310668945312,1189.28369140625,184.88999938964844,237.58224487304688,99.30206298828125,193.38999938964844,1709.8892822265625,1259.050048828125,70.17032623291016,1308.25,1787.1395263671875,99.40943145751953,797.927978515625,108.00141906738281
2024-10-22,637.7135620117188,1174.7459716796875,173.8000030517578,225.8660125732422,93.44202423095703,189.33999633789062,1695.8934326171875,1267.5,68.09711456298828,1274.3499755859375,1761.1195068359375,92.27613067626953,774.841552734375,105.66070556640625
2024-10-23,651.246826171875,1159.4091796875,182.2899932861328,230.03244018554688,94.3108901977539,188.72000122070312,1716.9122314453125,1251.5999755859375,66.36279296875,1274.300048828125,1765.76416015625,93.95741271972656,770.5281372070312,105.76710510253906
2024-10-24,644.854736328125,1166.3531494140625,180.66000366210938,236.61557006835938,94.79359436035156,188.86000061035156,1730.6114501953125,1252.75,67.82799530029297,1280.050048828125,1760.1705322265625,95.9691162109375,778.9097900390625,106.6569595336914
2024-10-25,603.7554321289062,1188.3343505859375,168.2100067138672,231.54046630859375,90.980224609375,186.24000549316406,1724.429443359375,1255.449951171875,65.28631591796875,1041.5999755859375,1766.81298828125,93.02445220947266,765.5775756835938,104.69347381591797
2024-10-28,619.236328125,1170.599609375,184.80999755859375,241.593994140625,97.20712280273438,184.99000549316406,1715.3294677734375,1292.8499755859375,66.91099548339844,1054.800048828125,1747.8348388671875,95.86222076416016,776.4590454101562,109.1717758178711
2024-10-29,620.7344970703125,1185.8365478515625,179.1300048828125,246.07940673828125,100.17092895507812,200.6999969482422,1732.7874755859375,1331.8499755859375,67.37946319580078,1038.1500244140625,1758.1728515625,98.4764633178711,816.3088989257812,112.13150787353516
2024-10-30,608.6494140625,1169.400634765625,177.5500030517578,243.10202026367188,99.7847671508789,203.24000549316406,1715.7252197265625,1312.1500244140625,68.56558227539062,1056.4000244140625,1732.6024169921875,97.1450424194336,806.2606201171875,112.85693359375
2024-10-31,611.6956176757812,1158.5599365234375,182.2100067138672,242.59934997558594,99.09932708740234,203.91000366210938,1716.8131103515625,1292.25,65.71491241455078,1055.5999755859375,1729.1064453125,95.14305877685547,804.054931640625,113.33087921142578
2024-11-01,616.5895385742188,1168.5513916015625,183.64999389648438,245.24806213378906,100.36400604248047,204.1699981689453,1718.3958740234375,1291.800048828125,66.9309310913086,1062.5,1742.39111328125,98.13632202148438,805.0352783203125,113.98859405517578
2024-11-04,624.6796264648438,1138.2772216796875,180.17999267578125,244.2330322265625,98.38492584228516,204.2899932861328,1695.4482421875,1277.199951171875,65.615234375,1063.800048828125,1727.3583984375,100.73113250732422,813.5149536132812,112.17019653320312
2024-11-05,613.0439453125,1170.699462890625,181.27000427246094,249.30813598632812,100.08403778076172,204.27000427246094,1738.72216796875,1296.699951171875,66.09366607666016,1090.0999755859375,1755.12646484375,101.76128387451172,832.4840698242188,113.53399658203125
2024-11-06,609.0488891601562,1165.50390625,183.22999572753906,253.80320739746094,101.60939025878906,204.74000549316406,1736.1505126953125,1302.3499755859375,66.6717758178711,1077.6500244140625,1760.570068359375,103.96736145019531,837.9738159179688,116.85160827636719
2024-11-07,601.55810546875,1158.9095458984375,181.39999389648438,253.99656677246094,101.43561553955078,206.00999450683594,1727.545166015625,1278.699951171875,66.302978515625,1056.800048828125,1744.8883056640625,103.7049560546875,842.6793212890625,116.13585662841797
2024-11-08,579.934814453125,1159.9586181640625,177.67999267578125,248.05145263671875,100.10335540771484,206.77000427246094,1735.359130859375,1258.8499755859375,65.41588592529297,1053.800048828125,1743.78955078125,101.83902740478516,826.55322265625,113.6694107055664
2024-11-11,575.3404541015625,1170.0001220703125,175.13999938964844,249.74314880371094,100.29643249511719,207.72999572753906,1747.080322265625,1269.300048828125,66.34284973144531,1060.800048828125,1741.9915771484375,102.17916870117188,830.964599609375,115.24600219726562
2024-11-12,578.5364990234375,1157.1611328125,172.58999633789062,244.2813720703125,97.98910522460938,207.27000427246094,1699.5035400390625,1270.5999755859375,66.02389526367188,1059.550048828125,1719.4176025390625,100.80888366699219,810.427001953125,115.10092163085938
2024-11-13,560.1092529296875,1138.1773681640625,165.10000610351562,235.1945343017578,94.92875671386719,199.3800048828125,1663.0545654296875,1253.699951171875,63.412445068359375,1036.699951171875,1685.90625,97.7281494140625,792.7322998046875,111.870361328125
2024-11-14,573.193115234375,1139.7259521484375,167.25999450683594,233.45449829101562,94.11780548095703,196.97999572753906,1674.33056640625,1256.949951171875,63.20313262939453,1017.1500244140625,1705.9332275390625,96.68827819824219,788.4188842773438,110.16802215576172
2024-11-18,578.2868041992188,1125.23828125,165.69000244140625,233.35781860351562,94.78394317626953,200.25,1686.546142578125,1253.449951171875,65.31621551513672,1004.5999755859375,1720.7659912109375,97.69898986816406,798.2710571289062,111.40608215332031
2024-11-19,590.2720336914062,1132.981689453125,167.61000061035156,229.29774475097656,94.4267349243164,206.64999389648438,1723.2919921875,1249.0999755859375,64.40918731689453,1000.2000122070312,1725.76025390625,98.01969909667969,787.1934814453125,112.21855926513672
2024-11-21,593.1685180664062,1138.1773681640625,165.86000061035156,220.88758850097656,91.19261932373047,210.8800048828125,1722.2532958984375,1250.550048828125,62.73466491699219,981.4500122070312,1735.0994873046875,93.65614318847656,765.3814697265625,111.44477081298828
2024-11-22,594.9662475585938,1141.424560546875,169.92999267578125,228.13772583007812,93.65441131591797,209.3699951171875,1726.60546875,1278.050048828125,63.94071960449219,998.2000122070312,1759.42138671875,97.00898742675781,799.9866333007812,111.27066802978516
2024-11-25,595.5654907226562,1154.9129638671875,171.13999938964844,238.86793518066406,97.48709106445312,212.8800048828125,1766.170166015625,1300.949951171875,64.4390869140625,1003.5,1788.687744140625,101.17817687988281,827.8275756835938,115.86503601074219
2024-11-26,590.8712768554688,1143.822509765625,170.35000610351562,239.25460815429688,98.26907348632812,213.63999938964844,1766.120849609375,1304.949951171875,64.927490234375,1009.5999755859375,1781.5458984375,102.15001678466797,822.8770141601562,117.42228698730469
2024-11-27,589.073486328125,1148.6683349609375,171.32000732421875,238.23959350585938,98.04702758789062,212.8800048828125,1792.5797119140625,1300.699951171875,63.94071960449219,1001.9500122070312,1781.1463623046875,101.4405746459961,817.6812744140625,118.8537826538086
2024-11-28,585.0784301757812,1131.532958984375,170.9600067138672,240.7046356201172,99.3406753540039,211.0500030517578,1773.6380615234375,1286.3499755859375,64.05036163330078,993.5999755859375,1757.174072265625,103.29679107666016,822.3377685546875,117.7027816772461
2024-11-29,582.6314697265625,1135.3297119140625,169.0800018310547,238.19125366210938,98.48146057128906,210.77999877929688,1776.506591796875,1300.0999755859375,63.870948791503906,995.8499755859375,1763.217041015625,101.94593048095703,822.4358520507812,117.63507843017578
2024-12-02,580.8836059570312,1136.1290283203125,170.7899932861328,238.200927734375,98.19184112548828,209.0800018310547,1785.0623779296875,1304.6500244140625,64.179931640625,990.9500122070312,1751.9300537109375,102.0431137084961,819.93603515625,115.8070068359375
2024-12-03,594.1173095703125,1159.509033203125,175.27000427246094,246.0697479248047,101.48388671875,209.9600067138672,1806.4273681640625,1308.4000244140625,64.98728942871094,998.3499755859375,1747.884765625,104.92948150634766,837.1405639648438,121.92959594726562
2024-12-04,594.9163208007812,1158.4599609375,178.0500030517578,251.88919067382812,104.87247467041016,215.44000244140625,1839.8594970703125,1316.050048828125,65.9939956665039,998.8499755859375,1755.47607421875,106.91203308105469,842.7774047851562,124.1252212524414
2024-12-05,597.0137329101562,1165.404052734375,177.44000244140625,251.31884765625,104.42838287353516,214.97000122070312,1845.4481201171875,1336.5,65.74481201171875,998.2000122070312,1773.105712890625,106.00821685791016,848.4142456054688,123.61258697509766
2024-12-06,586.676513671875,1183.53857421875,176.27000427246094,255.78492736816406,105.53860473632812,213.39999389648438,1835.65576171875,1328.75,65.68501281738281,990.3499755859375,1774.903564453125,106.99949645996094,846.649658203125,124.68621826171875
2024-12-09,580.484130859375,1162.2567138671875,174.5500030517578,254.17056274414062,105.22001647949219,213.77000427246094,1849.65185546875,1322.300048828125,65.0072250366211,982.5999755859375,1784.19287109375,105.70694732666016,841.1598510742188,125.02474212646484
2024-12-10,590.5716552734375,1152.6649169921875,175.4499969482422,254.17056274414062,105.88615417480469,214.33999633789062,1847.7724609375,1330.449951171875,65.65510559082031,984.2999877929688,1792.6331787109375,107.35907745361328,850.423828125,125.23753356933594
2024-12-11,589.3731079101562,1146.2703857421875,174.4199981689453,252.08251953125,104.98832702636719,214.67999267578125,1842.826904296875,1327.5,64.98728942871094,984.8499755859375,1792.6331787109375,105.52230072021484,844.6399536132812,124.95703887939453
2024-12-12,590.3219604492188,1144.6717529296875,170.50999450683594,250.56483459472656,103.78156280517578,212.67999267578125,1839.018798828125,1329.25,64.12013244628906,997.9500122070312,1766.6630859375,104.78369903564453,836.8955078125,124.6572036743164
2024-12-13,583.8299560546875,1147.169677734375,169.72999572753906,249.39512634277344,102.89338684082031,213.14999389648438,1851.3828125,1344.9000244140625,64.02046203613281,986.6500244140625,1803.570556640625,104.69623565673828,844.5909423828125,123.08060455322266
2024-12-16,577.4379272460938,1149.917236328125,169.8300018310547,250.4488067626953,103.62709045410156,213.39999389648438,1844.904052734375,1346.0999755859375,64.13009643554688,999.3499755859375,1802.3719482421875,105.13356018066406,844.0028076171875,124.6765365600586
2024-12-17,562.4563598632812,1135.27978515625,163.8699951171875,247.46177673339844,101.52250671386719,210.2899932861328,1813.3017578125,1333.75,63.40248107910156,975.6500244140625,1781.9954833984375,103.00523376464844,833.8074951171875,120.98170471191406
2024-12-18,557.6622314453125,1121.291748046875,163.9499969482422,242.31900024414062,99.62064361572266,200.02999877929688,1790.9970703125,1314.1500244140625,64.44905853271484,965.2000122070312,1777.9500732421875,100.12859344482422,821.651611328125,118.8441162109375
2024-12-19,548.024169921875,1107.953125,163.1699981689453,240.03762817382812,99.3406753540039,200.9499969482422,1773.9842529296875,1286.9000244140625,64.85771179199219,964.4000244140625,1760.0706787109375,100.60478973388672,816.4068603515625,117.03538513183594
2024-12-20,536.9378051757812,1070.9346923828125,159.0500030517578,232.57481384277344,96.16447448730469,194.4600067138672,1752.2236328125,1288.4000244140625,61.47877502441406,929.4500122070312,1741.5421142578125,97.9322280883789,796.016357421875,112.95365905761719
2024-12-23,548.5235595703125,1078.228515625,164.3800048828125,238.04624938964844,97.58363342285156,197.02000427246094,1781.4027099609375,1296.800048828125,61.747894287109375,945.7000122070312,1743.3399658203125,98.52505493164062,804.9862670898438,115.34272766113281
2024-12-24,555.4650268554688,1077.978759765625,166.5399932861328,236.78956604003906,97.07196807861328,196.72000122070312,1778.5341796875,1297.25,62.08678436279297,935.2999877929688,1747.0357666015625,98.7777328491211,796.0653686523438,114.28844451904297
2024-12-26,547.6246337890625,1075.780517578125,161.47000122070312,238.4619140625,97.53536224365234,197.67999267578125,1771.26416015625,1297.3499755859375,61.548545837402344,931.9500122070312,1750.781494140625,99.28309631347656,796.45751953125,115.14928436279297
2024-12-27,551.5198364257812,1076.5299072265625,160.7899932861328,236.82823181152344,96.88853454589844,196.72999572753906,1778.6826171875,1307.550048828125,62.316036224365234,953.4000244140625,1757.873291015625,98.58336639404297,783.9094848632812,114.00794982910156
2024-12-30,576.4890747070312,1069.036376953125,159.0,232.97116088867188,96.00035858154297,201.0500030517578,1758.5540771484375,1294.6500244140625,63.611793518066406,963.5,1738.6953125,98.89435577392578,772.7828369140625,115.03321075439453
2024-12-31,558.4113159179688,1063.790771484375,159.05999755859375,232.53614807128906,96.6568374633789,200.02000427246094,1753.5589599609375,1281.6500244140625,62.93400955200195,960.1500244140625,1783.9931640625,99.88562774658203,779.3019409179688,116.42603302001953
2025-01-01,567.8496704101562,1070.8848876953125,159.92999267578125,233.18382263183594,96.9078369140625,200.50999450683594,1763.3511962890625,1283.6500244140625,63.9805908203125,969.4000244140625,1786.3404541015625,99.76901245117188,777.58642578125,119.02788543701172
2025-01-02,570.2966918945312,1085.672119140625,160.92999267578125,233.087158203125,97.60293579101562,206.13999938964844,1774.2315673828125,1290.5999755859375,64.46898651123047,991.3499755859375,1835.0343017578125,102.50959777832031,785.428955078125,117.43196105957031
2025-01-03,572.843505859375,1083.9736328125,157.67999267578125,233.58982849121094,97.94082641601562,205.25,1730.166259765625,1265.050048828125,64.86768341064453,997.9000244140625,1836.5325927734375,103.40369415283203,777.782470703125,119.99512481689453
2025-01-06,559.5599365234375,1062.491943359375,151.61000061035156,220.36558532714844,93.96334838867188,197.52999877929688,1691.887451171875,1264.0999755859375,62.40574264526367,970.0499877929688,1777.6005859375,98.87491607666016,761.1171264648438,110.9611587524414
2025-01-07,567.2005004882812,1066.5885009765625,154.97999572753906,224.71566772460938,94.48466491699219,197.30999755859375,1694.755859375,1279.25,62.23629379272461,983.5999755859375,1770.00927734375,100.20633697509766,763.4208374023438,109.11373138427734
2025-01-08,565.7523193359375,1074.0321044921875,151.72000122070312,225.1893310546875,93.77991485595703,195.5,1675.86376953125,1263.75,62.445613861083984,981.0499877929688,1766.6131591796875,99.09844207763672,755.970458984375,107.47911071777344
2025-01-09,569.3478393554688,1060.8433837890625,148.91000366210938,223.34295654296875,92.42833709716797,193.44000244140625,1649.652099609375,1262.4000244140625,62.16652297973633,980.9000244140625,1788.1383056640625,99.15675354003906,745.4810791015625,104.51937103271484
2025-01-10,574.4415893554688,1039.811279296875,143.9600067138672,217.89085388183594,89.61900329589844,189.10000610351562,1638.7222900390625,1249.8499755859375,60.1929817199707,937.5999755859375,1754.177490234375,95.86222076416016,728.61962890625,100.224853515625
2025-01-13,559.60986328125,1048.404052734375,137.6699981689453,210.43772888183594,85.45807647705078,187.72000122070312,1613.1041259765625,1229.75,59.136444091796875,941.7000122070312,1736.3980712890625,92.73289489746094,715.1403198242188,97.93250274658203
2025-01-14,574.3916015625,1050.7520751953125,147.94000244140625,216.26683044433594,89.9955062866211,192.55999755859375,1628.6827392578125,1240.300048828125,61.7379264831543,962.0999755859375,1748.583984375,95.6386947631836,733.4232177734375,100.6697769165039
2025-01-15,586.22705078125,1025.9232177734375,148.27999877929688,214.62347412109375,91.41466522216797,194.13999938964844,1625.17138671875,1238.25,61.817665100097656,962.4500122070312,1787.5390625,95.48320007324219,738.8639526367188,102.6139144897461
2025-01-16,602.6567993164062,1037.1136474609375,151.1699981689453,221.22593688964844,93.96334838867188,195.4199981689453,1634.073486328125,1249.0999755859375,62.47551345825195,975.3499755859375,1803.470703125,97.3977279663086,751.2158813476562,106.3281021118164
2025-01-17,596.8638916015625,990.2037353515625,151.24000549316406,220.4042510986328,94.49431610107422,191.5800018310547,1618.93994140625,1225.449951171875,62.35590744018555,970.9500122070312,1756.57470703125,97.31025695800781,749.0592041015625,105.13839721679688
2025-01-20,605.2536010742188,987.206298828125,152.44000244140625,224.38699340820312,97.54501342773438,194.02999877929688,1633.2821044921875,1232.949951171875,63.611793518066406,970.7000122070312,1918.288330078125,98.15576171875,763.9110107421875,107.97239685058594
2025-01-21,605.9526977539062,969.37158203125,150.27999877929688,221.9606170654297,96.0293197631836,192.35000610351562,1624.5284423828125,1196.1500244140625,63.12339401245117,960.4500122070312,1891.11962890625,97.49490356445312,744.1085815429688,105.94120788574219
2025-01-22,603.6555786132812,958.4808349609375,151.50999450683594,220.77159118652344,94.43639373779297,190.10000610351562,1647.921142578125,1200.449951171875,62.615055084228516,970.9500122070312,1915.291748046875,95.43460845947266,738.6188354492188,106.39580535888672
2025-01-23,581.6826782226562,950.2379150390625,151.13999938964844,221.52560424804688,94.7549819946289,190.75,1646.78369140625,1201.75,62.904109954833984,970.9500122070312,1892.6678466796875,96.62997436523438,731.2174682617188,106.10563659667969
2025-01-24,593.9176025390625,947.6900634765625,148.8300018310547,217.7071990966797,93.40340423583984,188.11000061035156,1631.8480224609375,1209.199951171875,62.06685256958008,950.7999877929688,1884.0277099609375,94.87094116210938,729.501953125,103.7842788696289
2025-01-27,562.7559814453125,947.2904052734375,149.5,212.3034210205078,88.75012969970703,191.13999938964844,1612.0655517578125,1227.949951171875,56.544921875,926.4500122070312,1879.2333984375,92.82036590576172,734.4525146484375,102.13030242919922
2025-01-28,587.9749145507812,982.9598999023438,151.1199951171875,214.37213134765625,88.64393615722656,184.10000610351562,1652.2237548828125,1246.9000244140625,58.079898834228516,934.1500244140625,1885.5760498046875,96.9701156616211,737.5895385742188,106.94712829589844
2025-01-29,595.2159423828125,982.560302734375,150.33999633789062,215.17446899414062,88.75012969970703,186.17999267578125,1659.0487060546875,1251.6500244140625,59.62484359741211,948.2999877929688,1918.138427734375,95.01671600341797,743.5204467773438,108.85258483886719
2025-01-30,595.4157104492188,983.8591918945312,148.25,214.98114013671875,87.76541900634766,184.9600067138672,1673.0941162109375,1255.5999755859375,60.99037170410156,957.0499877929688,1899.3101806640625,93.80191802978516,747.5887451171875,107.41140747070312
2025-01-31,600.2097778320312,985.2579345703125,151.3800048828125,206.28097534179688,90.04377746582031,187.2100067138672,1680.2652587890625,1252.800048828125,63.033687591552734,991.2000122070312,1899.1104736328125,98.3501205444336,757.68603515625,111.70592498779297
2025-02-01,600.3096313476562,997.2977294921875,151.38999938964844,203.81591796875,89.41626739501953,184.08999633789062,1672.550048828125,1255.550048828125,61.747894287109375,1009.4000244140625,1900.9083251953125,96.5522232055664,750.9218139648438,108.755859375
2025-02-03,608.1500244140625,988.55517578125,147.55999755859375,201.06088256835938,87.47579193115234,180.55999755859375,1659.7410888671875,1253.0,62.056880950927734,1012.7000122070312,1882.3297119140625,95.55123138427734,745.9712524414062,105.57366180419922
2025-02-04,599.1111450195312,1014.4330444335938,151.00999450683594,205.79763793945312,89.62864685058594,181.22999572753906,1702.17431640625,1268.199951171875,61.91733932495117,1047.1500244140625,1926.279052734375,96.26067352294922,763.8619995117188,110.14867401123047
2025-02-05,594.8663330078125,1012.4347534179688,153.9600067138672,212.6901092529297,92.51522827148438,183.8699951171875,1718.890380859375,1267.699951171875,63.12339401245117,1061.199951171875,1909.54833984375,97.43659973144531,750.9708251953125,115.31371307373047
2025-02-06,585.5278930664062,1019.8284301757812,152.27999877929688,212.3904266357422,91.57878112792969,183.6199951171875,1724.87451171875,1272.4000244140625,63.52208709716797,1065.550048828125,1913.7435302734375,96.91180419921875,737.4424438476562,115.45880126953125
2025-02-07,591.3706665039062,1023.2255249023438,152.3699951171875,209.11337280273438,90.80644989013672,188.13999938964844,1713.895263671875,1256.9000244140625,63.88090896606445,1079.0999755859375,1927.0281982421875,96.47447204589844,722.688720703125,113.98859405517578
2025-02-10,579.035888671875,1010.8860473632812,148.91000366210938,208.05967712402344,89.94723510742188,186.55999755859375,1697.080322265625,1262.5999755859375,62.70476150512695,1068.0,1957.8927001953125,95.54151153564453,722.2965698242188,111.0868911743164
2025-02-11,569.9970703125,1006.539794921875,144.41000366210938,203.75791931152344,86.97377014160156,183.6699981689453,1682.886474609375,1252.75,61.43890380859375,1054.1500244140625,1916.3905029296875,92.53852844238281,716.7088012695312,106.98582458496094
2025-02-12,553.7171630859375,1006.0402221679688,142.42999267578125,205.45928955078125,87.40821075439453,183.9499969482422,1688.227783203125,1251.800048828125,61.957210540771484,1039.6500244140625,1941.7113037109375,92.9758529663086,718.7184448242188,111.21263885498047
2025-02-13,552.3687744140625,1007.339111328125,140.2899932861328,203.7772674560547,85.65116882324219,181.8000030517578,1679.2266845703125,1248.9000244140625,61.289398193359375,1047.25,1970.528076171875,91.97486114501953,713.3267211914062,109.31684875488281
2025-02-14,534.2411499023438,996.6482543945312,135.3800048828125,198.32516479492188,82.65839385986328,181.00999450683594,1676.40771484375,1260.0999755859375,60.40229797363281,1024.4000244140625,1950.151611328125,89.65216827392578,707.9349975585938,105.85415649414062
2025-02-17,521.406982421875,992.1021118164062,132.82000732421875,200.06520080566406,82.14672088623047,181.5399932861328,1698.662841796875,1251.1500244140625,61.29936218261719,1048.25,1943.059814453125,90.55597686767578,713.375732421875,105.43824768066406
2025-02-18,501.7811584472656,993.3011474609375,130.30999755859375,199.2241668701172,81.7219467163086,180.69000244140625,1704.3009033203125,1243.050048828125,59.32582092285156,1024.0999755859375,1961.0889892578125,89.27314758300781,711.5131225585938,106.13465881347656
2025-02-19,525.0025634765625,1010.4863891601562,133.47999572753906,201.93089294433594,82.6004638671875,181.17999267578125,1708.4056396484375,1261.6500244140625,59.794288635253906,1035.800048828125,1982.7139892578125,90.24498748779297,712.9835815429688,111.15460205078125
2025-02-20,534.3909301757812,1016.3314208984375,136.49000549316406,206.45498657226562,85.01399230957031,184.3800048828125,1668.7420654296875,1249.949951171875,61.159820556640625,1047.6500244140625,1968.28076171875,92.9564208984375,715.3363647460938,113.24382781982422
2025-02-21,536.9378051757812,1008.0885009765625,139.3800048828125,203.26492309570312,84.30924987792969,179.85000610351562,1674.083251953125,1232.949951171875,60.43220138549805,1043.75,1950.8009033203125,91.59584045410156,707.7879028320312,111.88970184326172
2025-02-24,532.343505859375,1009.1875,139.0800018310547,201.6795654296875,83.9423828125,181.24000549316406,1658.850830078125,1218.3499755859375,59.70458221435547,1029.1500244140625,1963.8358154296875,91.3431625366211,702.2981567382812,113.45661926269531
2025-02-25,523.604248046875,1008.23828125,135.33999633789062,197.94815063476562,82.07914733886719,178.7100067138672,1664.043701171875,1224.1500244140625,58.618141174316406,1034.25,1964.9844970703125,90.49766540527344,696.9064331054688,112.4797134399414
2025-02-27,556.0142822265625,1015.8318481445312,136.88999938964844,196.41111755371094,80.57310485839844,178.7100067138672,1682.1939697265625,1222.449951171875,59.02680206298828,1046.699951171875,1945.3072509765625,89.37033081054688,690.0442504882812,111.35771942138672
2025-02-28,565.0032348632812,1014.6828002929688,141.19000244140625,190.5046844482422,78.1016616821289,177.6199951171875,1713.5491943359375,1204.0999755859375,58.19950866699219,990.0999755859375,1900.7584228515625,84.92902374267578,675.241455078125,108.427001953125
2025-03-03,556.9131469726562,1006.389892578125,140.22999572753906,189.38331604003906,78.60366821289062,179.47999572753906,1683.034912109375,1206.199951171875,57.50178909301758,984.0,1912.3951416015625,84.83184051513672,681.6134643554688,105.49627685546875
2025-03-04,547.674560546875,1000.944580078125,147.35000610351562,189.39297485351562,79.1056900024414,176.50999450683594,1691.392822265625,1210.4000244140625,56.64459991455078,987.5999755859375,1905.60302734375,84.6374740600586,701.9550170898438,108.97832489013672
2025-03-05,545.7769165039062,1013.5838012695312,147.42999267578125,198.38316345214844,82.07914733886719,181.50999450683594,1671.6104736328125,1215.699951171875,57.76094436645508,971.8499755859375,1930.873779296875,87.21284484863281,715.9735107421875,112.17019653320312
2025-03-06,552.5186157226562,1033.2169189453125,149.3000030517578,200.25852966308594,82.3977279663086,181.74000549316406,1672.79736328125,1218.050048828125,57.5815315246582,971.7000122070312,1919.4869384765625,88.42764282226562,717.6400756835938,113.0697250366211
2025-03-07,543.6295776367188,1036.7640380859375,149.92999267578125,199.04049682617188,82.07914733886719,180.50999450683594,1670.86865234375,1214.550048828125,57.15293502807617,936.75,1933.171142578125,88.60257720947266,718.3262939453125,113.92089080810547
2025-03-10,538.186279296875,1034.9654541015625,147.97000122070312,197.23280334472656,79.63665771484375,179.1199951171875,1669.1376953125,1214.8499755859375,56.18609619140625,900.5,1919.536865234375,86.10494995117188,714.5521240234375,110.43885040283203
2025-03-11,521.4569091796875,1024.774169921875,140.11000061035156,195.811767578125,80.39933013916016,179.1199951171875,1667.159423828125,1245.4000244140625,55.17939376831055,655.9500122070312,1932.9713134765625,85.68705749511719,715.4833984375,111.0868911743164
2025-03-12,506.5752868652344,1010.3365478515625,141.5500030517578,195.6571044921875,79.60769653320312,178.22000122070312,1692.5303955078125,1243.949951171875,54.45177459716797,684.7000122070312,1980.266845703125,84.45282745361328,708.8172607421875,109.87785339355469
2025-03-13,502.2306213378906,1009.33740234375,139.83999633789062,198.6731719970703,80.03247833251953,176.60000610351562,1688.02978515625,1250.050048828125,53.30552673339844,672.3499755859375,1982.8138427734375,84.74437713623047,713.5227661132812,109.97457122802734
2025-03-17,491.1942138671875,1033.2669677734375,138.33999633789062,198.88583374023438,79.63665771484375,177.33999633789062,1691.78857421875,1269.0,52.71744918823242,677.4000244140625,1990.8046875,85.00677490234375,708.915283203125,108.85258483886719
2025-03-18,491.1942138671875,1033.2669677734375,138.33999633789062,198.88583374023438,79.63665771484375,177.33999633789062,1691.78857421875,1269.0,52.71744918823242,677.4000244140625,1990.8046875,85.00677490234375,708.915283203125,108.85258483886719
2025-03-19,525.15234375,1051.1517333984375,141.27000427246094,206.63864135742188,82.61012268066406,186.19000244140625,1725.121826171875,1313.0999755859375,55.23919677734375,692.7000122070312,2019.2220458984375,88.45680236816406,730.4331665039062,115.75863647460938
2025-03-20,524.60302734375,1053.44970703125,141.52000427246094,208.46568298339844,82.87078094482422,186.5399932861328,1749.5035400390625,1321.699951171875,55.52825164794922,684.0999755859375,2033.3057861328125,88.72891998291016,734.7955932617188,115.28469848632812
2025-03-21,542.1314086914062,1069.2362060546875,144.9600067138672,209.48069763183594,84.51197814941406,187.3000030517578,1751.086181640625,1343.0999755859375,56.106361389160156,686.9000244140625,2076.605712890625,90.51710510253906,738.373779296875,118.50558471679688
2025-03-24,549.3724975585938,1096.9124755859375,147.3699951171875,216.99185180664062,88.1612319946289,195.8000030517578,1780.41357421875,1358.1500244140625,57.70113754272461,669.4500122070312,2173.643798828125,93.22853088378906,765.4304809570312,123.28372192382812
2025-03-25,557.2128295898438,1117.594970703125,147.77999877929688,215.63848876953125,85.40015411376953,194.85000610351562,1801.630126953125,1343.699951171875,57.162899017333984,637.0499877929688,2167.5009765625,91.1682357788086,757.636962890625,119.31806182861328
2025-03-26,573.0432739257812,1095.31396484375,148.55999755859375,212.9994354248047,84.22235870361328,192.30999755859375,1786.892333984375,1335.9000244140625,56.81404495239258,655.2999877929688,2142.4296875,90.24498748779297,748.961181640625,116.27127075195312
2025-03-27,553.7171630859375,1097.412109375,148.02000427246094,223.2849578857422,86.54899597167969,197.5800018310547,1805.4876708984375,1336.6500244140625,56.75423812866211,673.5499877929688,2126.198486328125,93.69502258300781,757.0977783203125,120.14021301269531
2025-03-28,533.9414672851562,1101.0589599609375,146.27999877929688,220.91659545898438,85.92147827148438,192.72999572753906,1808.306640625,1348.3499755859375,54.780696868896484,649.8499755859375,2168.699462890625,93.42289733886719,756.3135375976562,122.04566192626953
2025-04-01,529.247314453125,1084.6729736328125,149.47999572753906,220.9649200439453,86.88688659667969,192.42999267578125,1748.6134033203125,1318.449951171875,56.98348617553711,682.7000122070312,2143.4287109375,93.52980041503906,756.5096435546875,120.69153594970703
2025-04-02,538.8355102539062,1083.52392578125,151.52999877929688,223.80697631835938,87.94883728027344,192.11000061035156,1777.3472900390625,1331.25,57.003421783447266,702.4500122070312,2152.118896484375,94.59882354736328,760.6759643554688,123.13863372802734
2025-04-03,562.7559814453125,1088.9193115234375,156.60000610351562,228.89173889160156,91.1153793334961,194.13999938964844,1775.319580078125,1329.550048828125,60.153114318847656,709.4000244140625,2130.14404296875,96.21208190917969,763.8619995117188,126.98822784423828
2025-04-04,551.419921875,1090.3681640625,153.0500030517578,226.51370239257812,87.26339721679688,195.0,1797.525390625,1335.300048828125,57.621402740478516,682.0,2129.494873046875,93.8893814086914,752.34326171875,118.10901641845703
2025-04-07,541.0327758789062,1047.0550537109375,144.9600067138672,221.71893310546875,84.08719635009766,190.80999755859375,1738.57373046875,1287.550048828125,56.30570983886719,675.9000244140625,2035.503173828125,92.2469711303711,732.1978149414062,114.06597900390625
2025-04-08,544.9279174804688,1076.9295654296875,150.0,227.98306274414062,86.33660888671875,190.52999877929688,1749.8992919921875,1299.9000244140625,57.71110916137695,679.6500244140625,2052.783203125,94.18093872070312,753.4706420898438,116.88063049316406
2025-04-09,553.6172485351562,1060.7435302734375,146.86000061035156,222.54063415527344,85.36154174804688,189.9600067138672,1745.79443359375,1300.800048828125,59.05670166015625,678.5499877929688,2050.3359375,93.06332397460938,727.59033203125,112.92464447021484
2025-04-11,556.4137573242188,1068.0372314453125,149.67999267578125,224.75433349609375,87.40821075439453,190.44000244140625,1787.090087890625,1311.6500244140625,59.72451400756836,689.5,2108.7685546875,93.37431335449219,739.0109252929688,113.96925354003906
2025-04-15,575.29052734375,1111.849853515625,154.07000732421875,227.12271118164062,89.48384094238281,191.89999389648438,1844.607421875,1350.199951171875,61.72795867919922,735.9000244140625,2117.75830078125,93.86994171142578,748.4710083007812,118.38951873779297
2025-04-16,581.6326904296875,1160.3084716796875,158.41000366210938,232.7681427001953,91.42430877685547,194.9199981689453,1857.5648193359375,1356.4000244140625,63.113426208496094,788.25,2120.95458984375,96.04686737060547,756.5586547851562,123.09027862548828
2025-04-17,585.8275146484375,1189.783203125,158.7899932861328,234.72085571289062,92.69865417480469,194.85000610351562,1885.9525146484375,1406.699951171875,62.79446792602539,794.7000122070312,2185.580322265625,96.697998046875,781.7527465820312,122.44222259521484
2025-04-21,622.8318481445312,1221.9556884765625,167.94000244140625,241.1106414794922,95.57557678222656,202.0399932861328,1906.1304931640625,1409.800048828125,66.42259216308594,828.2000122070312,2238.818603515625,99.41915130615234,800.6238403320312,124.42505645751953
2025-04-22,613.0439453125,1215.760986328125,168.5399932861328,244.03970336914062,97.17816162109375,201.63999938964844,1940.35400390625,1416.5,66.98076629638672,787.5,2266.187255859375,100.46873474121094,806.211669921875,123.73832702636719
2025-04-23,664.63037109375,1205.8695068359375,170.58999633789062,243.09234619140625,96.010009765625,199.77000427246094,1902.96533203125,1424.4000244140625,68.2266845703125,794.2000122070312,2224.435302734375,100.1091537475586,797.4378051757812,125.06343841552734
2025-04-24,680.2111206054688,1206.0692138671875,170.72999572753906,243.61434936523438,95.95208740234375,201.89999389648438,1895.942626953125,1402.699951171875,67.4292984008789,819.75,2220.43994140625,99.8078842163086,797.3887939453125,124.30899810791016
2025-04-25,674.3184204101562,1165.30419921875,165.4499969482422,238.56825256347656,93.1910171508789,196.49000549316406,1890.4034423828125,1404.800048828125,65.86442565917969,822.3499755859375,2201.861328125,96.49391174316406,782.9291381835938,120.84629821777344
2025-04-28,687.5521240234375,1191.781494140625,164.25999450683594,244.13636779785156,95.04460144042969,199.8300018310547,1899.3055419921875,1428.800048828125,66.28305053710938,830.5499877929688,2223.037109375,99.29280853271484,801.260986328125,124.3380126953125
2025-04-29,705.1802978515625,1186.2862548828125,167.89999389648438,244.7840576171875,95.8941650390625,203.4199981689453,1888.0296630859375,1429.800048828125,66.7116470336914,836.9500122070312,2202.460693359375,99.73985290527344,796.5554809570312,124.16390228271484
2025-04-30,677.7640991210938,1183.9881591796875,165.6199951171875,241.60365295410156,94.07919311523438,196.67999267578125,1904.0533447265625,1427.0,64.67829895019531,838.4000244140625,2205.55712890625,97.38800048828125,773.1259765625,121.65876770019531
2025-05-02,679.6118774414062,1182.3895263671875,161.80999755859375,239.34161376953125,93.31652069091797,189.52000427246094,1900.9871826171875,1430.0999755859375,66.03386688232422,856.4500122070312,2179.1875,96.697998046875,781.0175170898438,121.8715591430664
2025-05-05,677.7640991210938,1172.1981201171875,164.39999389648438,240.83030700683594,93.79922485351562,191.50999450683594,1915.7249755859375,1429.4000244140625,66.80135345458984,846.75,2082.498779296875,96.60081481933594,774.4494018554688,122.07467651367188
2025-05-06,670.922607421875,1160.4083251953125,157.4499969482422,216.45050048828125,89.18456268310547,187.2899932861328,1910.680419921875,1431.5999755859375,65.30624389648438,831.7999877929688,2071.611572265625,91.80964660644531,758.8623657226562,114.34647369384766
2025-05-07,686.7530517578125,1160.3084716796875,159.55999755859375,217.02084350585938,90.42993927001953,191.1699981689453,1924.42919921875,1435.4000244140625,66.74154663085938,833.7999877929688,2092.4873046875,91.59584045410156,760.822998046875,114.58828735351562
2025-05-08,688.1513671875,1171.198974609375,157.19000244140625,210.03172302246094,92.0711441040039,186.72999572753906,1907.5152587890625,1435.5,66.20330810546875,826.7999877929688,2110.167236328125,88.7872314453125,753.8627319335938,111.79297637939453
2025-05-09,686.15380859375,1150.1170654296875,156.25999450683594,212.7577667236328,94.26261901855469,187.3800048828125,1869.137451171875,1388.9000244140625,65.9939956665039,818.2000122070312,2100.67822265625,89.38005065917969,763.9110107421875,118.87313842773438
2025-05-12,702.5336303710938,1201.9727783203125,163.57000732421875,219.29257202148438,97.3712387084961,194.4499969482422,1935.9029541015625,1448.5,68.8546371459961,788.5,2142.52978515625,93.08275604248047,785.8701171875,123.91242980957031
2025-05-13,698.8881225585938,1192.580810546875,162.3800048828125,224.99600219726562,101.15564727783203,198.08999633789062,1901.679443359375,1430.5999755859375,68.77489471435547,770.0999755859375,2113.163818359375,94.92925262451172,785.9680786132812,126.48527526855469
2025-05-14,689.6494750976562,1194.4791259765625,167.02999877929688,225.7886962890625,102.01486206054688,198.22999572753906,1889.81005859375,1426.199951171875,69.24336242675781,781.3499755859375,2089.990234375,95.12361907958984,784.9387817382812,130.5089569091797
2025-05-15,689.2499389648438,1208.0675048828125,168.99000549316406,226.5717010498047,101.52250671386719,198.83999633789062,1912.7576904296875,1450.800048828125,69.25333404541016,780.5,2103.97412109375,95.55123138427734,791.8499755859375,127.83939361572266
2025-05-16,684.0064086914062,1207.767822265625,170.08999633789062,229.02708435058594,104.0325698852539,199.02999877929688,1913.6478271484375,1454.0,69.03404998779297,780.2000122070312,2105.772216796875,96.12461853027344,792.0999755859375,128.6615447998047
2025-05-19,685.8042602539062,1201.77294921875,170.5500030517578,231.98513793945312,104.22564697265625,201.89999389648438,1917.604248046875,1449.0,68.43600463867188,784.0499877929688,2108.7685546875,98.06829833984375,795.0,132.4821319580078
2025-05-20,686.6531982421875,1194.7789306640625,164.89999389648438,228.5533905029297,103.33747100830078,198.16000366210938,1894.0633544921875,1438.199951171875,66.96083068847656,782.25,2087.693115234375,97.66011810302734,785.6500244140625,133.90396118164062
2025-05-21,692.0465698242188,1196.7772216796875,168.22000122070312,233.26116943359375,104.10979461669922,200.82000732421875,1905.8338623046875,1444.699951171875,66.4524917602539,769.9500122070312,2068.914794921875,99.0304183959961,787.0999755859375,134.8905487060547
2025-05-22,688.3011474609375,1187.485107421875,165.60000610351562,233.19349670410156,103.1443862915039,201.1699981689453,1899.0089111328125,1442.0999755859375,66.65184783935547,785.0,2063.421142578125,97.54350280761719,785.25,135.3548126220703
2025-05-23,695.3424682617188,1209.066650390625,165.4600067138672,234.9431915283203,103.50159454345703,203.42999267578125,1912.559814453125,1449.800048828125,66.87112426757812,793.4000244140625,2098.380615234375,97.55321502685547,790.5,135.82875061035156
2025-05-26,698.0391845703125,1214.162353515625,165.6199951171875,233.4738311767578,103.76225280761719,201.89999389648438,1919.087890625,1460.5999755859375,66.40266418457031,800.0999755859375,2086.89404296875,98.11688232421875,794.4000244140625,135.80941772460938
2025-05-27,700.3363037109375,1194.5791015625,168.9499969482422,233.4641571044922,104.67938995361328,202.47999572753906,1905.3392333984375,1446.4000244140625,67.89776611328125,820.7000122070312,2075.007568359375,99.14703369140625,793.7000122070312,136.46713256835938
2025-05-28,705.579833984375,1193.6798095703125,169.2100067138672,234.93353271484375,107.10257720947266,201.6199951171875,1902.5697021484375,1453.800048828125,67.7681884765625,805.1500244140625,2071.9111328125,99.40943145751953,796.5499877929688,138.33389282226562
2025-05-29,697.3899536132812,1200.673828125,170.92999267578125,235.13653564453125,106.89984130859375,201.08999633789062,1906.526123046875,1456.5,67.67848205566406,824.1500244140625,2079.202880859375,99.42886352539062,797.3499755859375,136.48648071289062
2025-05-30,692.1963500976562,1191.181884765625,170.19000244140625,241.23631286621094,110.79043579101562,202.05999755859375,1923.73681640625,1445.800048828125,67.74825286865234,816.9500122070312,2072.310791015625,102.84001922607422,812.2999877929688,141.98036193847656
2025-06-02,717.7648315429688,1193.380126953125,172.75,246.28240966796875,112.7984848022461,206.25,1911.0760498046875,1450.5,68.46591186523438,812.7000122070312,2061.2236328125,105.40567779541016,813.6500244140625,148.1513214111328
2025-06-03,727.4028930664062,1180.4910888671875,170.02000427246094,245.2093963623047,111.90066528320312,211.3000030517578,1903.65771484375,1437.9000244140625,66.76148986816406,800.8499755859375,2042.1455078125,106.35808563232422,809.7999877929688,146.6714630126953
2025-06-04,724.3067626953125,1170.0001220703125,169.02000427246094,246.12774658203125,113.26188659667969,210.97000122070312,1920.0770263671875,1431.0,67.26982116699219,814.3499755859375,2043.9434814453125,106.45526885986328,806.5,148.13197326660156
2025-06-05,719.1630859375,1158.0103759765625,166.86000061035156,242.29000854492188,112.35440063476562,207.07000732421875,1928.3856201171875,1454.800048828125,66.58207702636719,803.2000122070312,2037.55078125,105.94990539550781,806.0,147.5516357421875
2025-06-06,748.6267700195312,1193.5799560546875,173.5500030517578,246.17999267578125,111.70757293701172,207.77999877929688,1957.1689453125,1459.699951171875,71.31658172607422,822.8499755859375,2071.01220703125,107.07723999023438,813.0499877929688,148.25772094726562
2025-06-09,771.0491333007812,1218.8583984375,186.24000549316406,248.02000427246094,113.61908721923828,212.6999969482422,1957.366943359375,1434.800048828125,72.0740966796875,836.6500244140625,2135.737548828125,109.04035186767578,820.0499877929688,150.298583984375
2025-06-10,764.457275390625,1231.747314453125,181.08999633789062,246.92999267578125,113.6866683959961,211.00999450683594,1943.9149169921875,1422.9000244140625,71.18699645996094,845.0499877929688,2148.622802734375,108.6224594116211,817.0499877929688,149.25396728515625
2025-06-11,772.9967041015625,1230.3485107421875,182.47000122070312,242.58999633789062,113.03984069824219,208.1199951171875,1929.177001953125,1431.0,71.06739044189453,836.2999877929688,2142.82958984375,107.19386291503906,815.0499877929688,147.81280517578125
2025-06-12,777.7408447265625,1211.8643798828125,177.67999267578125,240.66000366210938,111.63999938964844,206.4600067138672,1922.253173828125,1425.199951171875,70.61885833740234,829.9000244140625,2124.350830078125,104.97806549072266,805.9500122070312,145.5688018798828
2025-06-13,767.6532592773438,1204.7703857421875,175.19000244140625,239.22000122070312,111.45999908447266,205.3000030517578,1896.73388671875,1416.0999755859375,70.21019744873047,816.8499755859375,2104.972900390625,103.60777282714844,792.3499755859375,141.44839477539062
2025-06-16,780.4874877929688,1214.3621826171875,178.4600067138672,240.6199951171875,111.23999786376953,205.61000061035156,1914.3402099609375,1426.9000244140625,70.66869354248047,821.25,2136.53662109375,103.78270721435547,792.5,142.1544647216797
2025-06-17,772.1976928710938,1214.0623779296875,175.00999450683594,238.0399932861328,109.2300033569336,204.77000427246094,1908.603271484375,1423.199951171875,69.921142578125,809.1500244140625,2134.33935546875,102.89833068847656,792.2999877929688,140.21034240722656
2025-06-18,793.5213623046875,1219.9573974609375,180.75,236.50999450683594,108.22000122070312,207.0800018310547,1912.8565673828125,1412.5999755859375,70.54908752441406,850.5,2129.944091796875,102.50959777832031,791.9000244140625,139.39784240722656
2025-06-19,789.1267700195312,1216.4603271484375,178.25,231.66000366210938,104.88999938964844,203.9199981689453,1914.2413330078125,1411.300048828125,69.48257446289062,837.5,2143.927978515625,100.08000183105469,785.0999755859375,135.1033172607422
2025-06-20,794.3703002929688,1219.6575927734375,180.0500030517578,234.14999389648438,107.22000122070312,207.50999450683594,1943.3212890625,1427.0999755859375,69.96101379394531,840.25,2167.30126953125,103.04000091552734,796.1500244140625,138.77882385253906
2025-06-23,795.56884765625,1213.063232421875,180.2100067138672,233.85000610351562,107.81999969482422,206.9499969482422,1927.19873046875,1420.0999755859375,70.77833557128906,839.9000244140625,2181.5849609375,103.91000366210938,790.2000122070312,138.1597900390625
2025-06-24,799.7137451171875,1220.1572265625,180.22000122070312,237.82000732421875,110.61000061035156,209.22000122070312,1939.562744140625,1424.0999755859375,71.78504180908203,831.9500122070312,2221.039306640625,105.22000122070312,795.4000244140625,142.27053833007812
2025-06-25,806.055908203125,1212.2640380859375,181.99000549316406,239.05999755859375,110.70999908447266,210.39999389648438,1958.6527099609375,1425.800048828125,71.86477661132812,829.7999877929688,2195.7685546875,105.94000244140625,800.0499877929688,139.57196044921875
2025-06-26,818.6903686523438,1232.44677734375,185.05999755859375,239.33999633789062,111.06999969482422,210.02000427246094,1999.800048828125,1439.0999755859375,71.66543579101562,836.0999755859375,2201.36181640625,106.25,797.0499877929688,143.26678466796875
2025-06-27,808.0035400390625,1224.0538330078125,185.61000061035156,241.3300018310547,110.9800033569336,208.38999938964844,2014.9000244140625,1462.199951171875,72.12393188476562,857.7000122070312,2205.357177734375,106.33999633789062,805.4000244140625,144.17599487304688
2025-06-30,816.4930419921875,1198.1759033203125,189.63999938964844,248.77999877929688,114.19999694824219,213.1199951171875,2001.5,1445.800048828125,72.60236358642578,872.0999755859375,2161.008544921875,110.5,820.3499755859375,148.56724548339844
2025-07-01,837.3173828125,1172.2982177734375,187.19000244140625,247.5399932861328,115.41999816894531,218.72000122070312,2012.0999755859375,1432.0,76.98800659179688,879.0999755859375,2181.08544921875,113.06999969482422,820.2999877929688,149.5731658935547
2025-07-02,817.2421264648438,1174.2965087890625,187.8800048828125,243.0500030517578,114.2300033569336,217.75,1986.0,1427.800048828125,76.99797821044922,857.6500244140625,2166.60205078125,113.8499984741211,812.9000244140625,148.36412048339844
2025-07-03,810.8499755859375,1170.0999755859375,183.92999267578125,242.32000732421875,114.16000366210938,216.99000549316406,1987.0999755859375,1425.9000244140625,77.40664672851562,862.4000244140625,2124.151123046875,110.2300033569336,807.0999755859375,146.6230926513672
2025-07-04,819.5,1177.5999755859375,179.97999572753906,240.77999877929688,114.37000274658203,215.32000732421875,1989.300048828125,1442.800048828125,77.62592315673828,856.25,2127.347412109375,110.8499984741211,811.8499755859375,148.07394409179688
2025-07-07,813.8499755859375,1175.0999755859375,177.49000549316406,241.08999633789062,114.30999755859375,215.0500030517578,1987.4000244140625,1435.699951171875,77.45647430419922,854.4500122070312,2147.32421875,112.51000213623047,806.8499755859375,147.18408203125
2025-07-08,819.8499755859375,1165.4000244140625,174.6999969482422,239.75999450683594,113.73999786376953,213.5,2001.4000244140625,1442.0,77.60598754882812,850.2999877929688,2221.938232421875,112.01000213623047,812.6500244140625,145.32699584960938
2025-07-09,825.75,1164.699951171875,178.02000427246094,241.1300048828125,113.95999908447266,213.88999938964844,2011.199951171875,1431.9000244140625,77.19732666015625,840.75,2226.732666015625,111.0,810.9500122070312,139.85244750976562
2025-07-10,828.2000122070312,1164.300048828125,178.25999450683594,238.83999633789062,112.38999938964844,210.97999572753906,2006.199951171875,1424.0999755859375,76.37999725341797,852.8499755859375,2201.26220703125,109.76000213623047,808.0,139.14637756347656
2025-07-11,821.0,1173.800048828125,175.58999633789062,237.44000244140625,111.91999816894531,207.3800048828125,1983.699951171875,1421.9000244140625,75.2300033569336,858.8499755859375,2218.042724609375,110.20999908447266,808.6500244140625,139.03030395507812
2025-07-14,804.9500122070312,1172.699951171875,175.13999938964844,240.9199981689453,113.66999816894531,210.57000732421875,1983.0,1423.0,74.2699966430664,867.5999755859375,2201.26220703125,110.72000122070312,808.8499755859375,142.1931610107422
2025-07-15,810.0499877929688,1165.9000244140625,180.14999389648438,244.32000732421875,114.87000274658203,211.6699981689453,1995.5,1430.800048828125,72.93000030517578,881.0,2185.580322265625,112.23999786376953,816.4500122070312,141.438720703125
2025-07-16,797.75,1168.4000244140625,183.67999267578125,249.0800018310547,117.02999877929688,214.69000244140625,1996.300048828125,1426.4000244140625,73.86000061035156,879.75,2176.89013671875,114.97000122070312,831.7000122070312,143.47958374023438
2025-07-17,796.9500122070312,1159.800048828125,185.19000244140625,246.52000427246094,115.52999877929688,212.58999633789062,1986.9000244140625,1418.699951171875,73.4800033569336,865.0999755859375,2168.300048828125,113.79000091552734,829.0,141.51609802246094
2025-07-18,794.9000244140625,1099.300048828125,187.02000427246094,244.7100067138672,114.44999694824219,212.47000122070312,1957.4000244140625,1425.800048828125,73.08999633789062,870.0499877929688,2140.5,113.3499984741211,823.3499755859375,141.66119384765625
2025-07-21,752.9000244140625,1099.5999755859375,182.25,243.38999938964844,112.02999877929688,212.77999877929688,2000.5,1465.800048828125,73.98999786376953,858.7999877929688,2165.199951171875,112.5999984741211,824.2000122070312,137.96633911132812
2025-07-22,725.7999877929688,1098.0,180.94000244140625,239.47999572753906,108.05000305175781,212.39999389648438,2007.0999755859375,1473.5999755859375,72.44000244140625,843.2000122070312,2160.199951171875,109.33000183105469,815.0,138.24684143066406
2025-07-23,736.75,1104.800048828125,181.42999267578125,243.07000732421875,107.80000305175781,212.80999755859375,2024.300048828125,1488.5999755859375,72.69999694824219,851.1500244140625,2170.39990234375,109.91999816894531,820.6500244140625,138.68209838867188
2025-07-24,745.4500122070312,1095.0999755859375,184.14999389648438,246.86000061035156,113.51000213623047,212.6999969482422,2014.199951171875,1483.4000244140625,72.88999938964844,847.9000244140625,2142.10009765625,110.66999816894531,815.7000122070312,140.22000122070312
2025-07-25,733.4000244140625,1086.0999755859375,178.19000244140625,243.4499969482422,110.76000213623047,208.13999938964844,2004.5999755859375,1477.0999755859375,70.69999694824219,823.7000122070312,2124.60009765625,108.41000366210938,806.5499877929688,136.22000122070312
2025-07-28,727.3499755859375,1073.5999755859375,175.02999877929688,240.33999633789062,110.41000366210938,206.0,2008.5,1488.4000244140625,70.72000122070312,802.0499877929688,1966.5999755859375,106.79000091552734,797.1500244140625,133.44000244140625
2025-07-29,739.9500122070312,1064.199951171875,173.44000244140625,242.25999450683594,110.08999633789062,205.2100067138672,2021.5999755859375,1486.199951171875,70.30999755859375,808.2000122070312,1972.699951171875,109.29000091552734,799.2000122070312,132.72999572753906
2025-07-30,746.2999877929688,1073.300048828125,168.27000427246094,239.6699981689453,108.19999694824219,204.67999267578125,2025.800048828125,1482.4000244140625,69.23999786376953,801.9000244140625,1959.699951171875,108.0999984741211,801.6500244140625,130.75999450683594
2025-07-31,741.5,1068.4000244140625,168.0800018310547,237.8699951171875,107.25,202.42999267578125,2018.199951171875,1481.4000244140625,68.76000213623047,798.9000244140625,1978.5999755859375,105.37999725341797,796.5499877929688,130.9600067138672
2025-08-01,741.0499877929688,1062.4000244140625,163.4199981689453,235.1300048828125,105.88999938964844,196.05999755859375,2012.199951171875,1471.5999755859375,67.58000183105469,783.7000122070312,1992.4000244140625,103.18000030517578,794.0,128.10000610351562
2025-08-04,752.25,1068.5999755859375,168.02999877929688,241.1699981689453,107.75,196.4600067138672,1992.0,1463.199951171875,69.33000183105469,804.0499877929688,1997.0,104.66000366210938,795.7000122070312,129.0399932861328
2025-08-05,742.6500244140625,1070.800048828125,165.88999938964844,240.64999389648438,107.45999908447266,196.0399932861328,1977.5999755859375,1444.4000244140625,69.33000183105469,819.1500244140625,2003.0,103.66000366210938,800.5999755859375,127.9800033569336
2025-08-06,735.2000122070312,1071.0,164.5399932861328,241.75,108.7699966430664,197.3699951171875,1985.300048828125,1443.5999755859375,68.73999786376953,803.3499755859375,2002.4000244140625,103.83000183105469,805.1500244140625,131.02000427246094
2025-08-07,743.25,1076.199951171875,166.1300048828125,242.0500030517578,108.80000305175781,198.6300048828125,1995.4000244140625,1440.300048828125,69.2300033569336,807.3499755859375,1992.0999755859375,104.69000244140625,805.1500244140625,132.4499969482422
2025-08-08,739.0,1058.0999755859375,165.19000244140625,239.22000122070312,107.88999938964844,196.35000610351562,1973.9000244140625,1435.9000244140625,69.11000061035156,782.4500122070312,1952.699951171875,103.94999694824219,804.2999877929688,130.97999572753906
