open_date,close_date,pair,side,entry_z,exit_z,hold_days,t1,t2,entry_price1,entry_price2,exit_price1,exit_price2,qty1,qty2,pnl,equity_after,reason_close
2018-04-02,2018-04-13,ICICIBANK.NS-SBIN.NS,1,-1.7026881353490115,-0.255234754712925,11,ICICIBANK.NS,SBIN.NS,253.4576568603516,227.12667846679688,279.0115661621094,231.55572509765625,39.45432197185399,-44.02829323047524,813.2088014361813,813.2088014361813,mean_revert
2018-04-02,2018-04-23,HDFCBANK.NS-PNB.NS,-1,2.012622608791667,1.5159026773282684,21,HDFCBANK.NS,PNB.NS,905.4221801757812,89.35224151611328,907.555419921875,87.31096649169922,-11.044571492669387,111.91661037621151,-252.0133004647766,561.1955009714047,max_holding
2018-04-02,2018-04-23,HDFCBANK.NS-SBIN.NS,-1,2.5248337581018574,1.8433737579139449,21,HDFCBANK.NS,SBIN.NS,905.4221801757812,227.12667846679688,907.555419921875,223.712646484375,-11.044571492669387,44.02829323047524,-173.87472010702731,387.3207808643774,max_holding
2018-04-13,2018-05-03,HDFCBANK.NS-ICICIBANK.NS,-1,1.5305789843053168,1.704266570158052,20,HDFCBANK.NS,ICICIBANK.NS,902.515380859375,279.0115661621094,922.628662109375,272.8650817871094,-11.080143576587028,35.84080809822009,-443.15301100935903,-55.83223014498162,max_holding
2018-04-23,2018-05-14,HDFCBANK.NS-SBIN.NS,-1,1.8433737579139449,1.9876943186181621,21,HDFCBANK.NS,SBIN.NS,907.555419921875,223.712646484375,947.8756713867188,234.00094604492188,-11.018610853385493,44.70019981949675,15.615885757526314,-40.21634438745531,max_holding
2018-04-23,2018-05-14,HDFCBANK.NS-PNB.NS,-1,1.5159026773282684,2.3803179550338576,21,HDFCBANK.NS,PNB.NS,907.555419921875,87.31096649169922,947.8756713867188,82.85726928710938,-11.018610853385493,114.5331497498738,-954.3691292756425,-994.5854736630979,max_holding
2018-05-08,2018-05-21,ICICIBANK.NS-SBIN.NS,-1,2.05939431626171,0.2801372801887327,13,ICICIBANK.NS,SBIN.NS,299.386962890625,230.7252960205078,280.02789306640625,225.5580902099609,-33.40158804327528,43.3415848737763,422.6687859714677,-571.9166876916302,mean_revert
2018-05-08,2018-05-28,ICICIBANK.NS-PNB.NS,-1,1.9886750762656764,0.9899390335164211,20,ICICIBANK.NS,PNB.NS,299.386962890625,85.965576171875,289.65899658203125,82.30055236816406,-33.40158804327528,116.32563225082714,-101.4066880424964,-673.3233757341266,max_holding
2018-05-14,2018-06-04,PNB.NS-SBIN.NS,1,-1.6507507392490126,-1.7889146612785587,21,PNB.NS,SBIN.NS,82.85726928710938,234.00094604492188,77.19735717773438,242.6744842529297,120.68947101489576,-42.73486996108242,-1053.7543258929652,-1727.0777016270918,max_holding
2018-05-14,2018-06-04,HDFCBANK.NS-SBIN.NS,-1,1.9876943186181621,1.363482022995333,21,HDFCBANK.NS,SBIN.NS,947.8756713867188,234.00094604492188,965.4661254882812,242.6744842529297,-10.549906809371155,42.73486996108242,185.08487591568874,-1541.992825711403,max_holding
2018-05-15,2018-06-04,HDFCBANK.NS-ICICIBANK.NS,-1,1.6074486989601304,1.7101468983858055,20,HDFCBANK.NS,ICICIBANK.NS,955.4005126953124,298.3705749511719,965.4661254882812,277.5596618652344,-10.46681456323345,33.51536927405289,-802.8403395747303,-2344.8331652861334,max_holding
2018-06-05,2018-06-13,HDFCBANK.NS-SBIN.NS,-1,1.5649678176460222,0.10485138102571019,8,HDFCBANK.NS,SBIN.NS,973.6761474609376,243.18194580078125,958.5065307617188,265.4656066894531,-10.27035531893954,41.12147374703618,1072.1343297744738,-1272.6988355116596,mean_revert
2018-05-28,2018-06-18,HDFCBANK.NS-PNB.NS,-1,1.8254394490062649,0.7527371536656571,21,HDFCBANK.NS,PNB.NS,957.4632568359376,82.30055236816406,952.7030639648438,82.11498260498047,-10.444265018635082,121.50586736363452,27.168900853434927,-1245.5299346582246,max_holding
2018-05-30,2018-06-19,ICICIBANK.NS-SBIN.NS,1,-1.864778303539108,-0.7684895909610239,20,ICICIBANK.NS,SBIN.NS,275.7689208984375,246.50372314453125,283.4157409667969,251.5325469970703,36.26224437264591,-40.567338587972365,73.28485806727679,-1172.245076590948,max_holding
2018-06-04,2018-06-25,PNB.NS-SBIN.NS,1,-1.7889146612785587,-1.331600798569985,21,PNB.NS,SBIN.NS,77.19735717773438,242.6744842529297,74.04266357421875,247.7032623291016,129.5381132928764,-41.20746369683188,-615.8762474297973,-1788.1213240207453,max_holding
2018-06-04,2018-06-25,HDFCBANK.NS-ICICIBANK.NS,-1,1.7101468983858055,1.88263715695478,21,HDFCBANK.NS,ICICIBANK.NS,965.4661254882812,277.5596618652344,988.468017578125,280.41510009765625,-10.357691208422805,36.02829003609096,-135.36993865822643,-1923.4912626789717,max_holding
2018-06-22,2018-07-12,HDFCBANK.NS-PNB.NS,-1,1.654791214501536,1.982662557435996,20,HDFCBANK.NS,PNB.NS,982.994873046875,75.99115753173828,1021.96826171875,70.6095962524414,-10.172993038106254,131.59425813224945,-1104.658575772705,-3028.1498384516767,max_holding
2018-06-25,2018-07-16,HDFCBANK.NS-ICICIBANK.NS,-1,1.88263715695478,2.2241179192679286,21,HDFCBANK.NS,ICICIBANK.NS,988.468017578125,280.41510009765625,1023.3366088867188,250.9410095214844,-10.116665205315694,35.661417650181605,-1403.8417183461697,-4431.991556797846,max_holding
2018-06-29,2018-07-19,HDFCBANK.NS-SBIN.NS,-1,1.9996438635550227,2.0225790940964528,20,HDFCBANK.NS,SBIN.NS,994.837646484375,239.3065490722656,1031.4757080078125,240.0908660888672,-10.051891416995206,41.78740631532072,-335.50724231003284,-4767.498799107879,max_holding
2018-07-16,2018-07-26,ICICIBANK.NS-PNB.NS,1,-1.666455763078701,0.19847186244195636,10,ICICIBANK.NS,PNB.NS,250.9410095214844,68.52193450927734,276.4948425292969,75.01691436767578,39.85000307071709,-145.93867017350593,70.45160049154481,-4697.047198616334,mean_revert
2018-07-12,2018-08-01,HDFCBANK.NS-PNB.NS,-1,1.982662557435996,0.8549904151745227,20,HDFCBANK.NS,PNB.NS,1021.96826171875,70.6095962524414,1018.5474853515624,81.09435272216797,-9.785039687222735,141.62380937922782,1518.3635841702246,-3178.6836144461095,max_holding
2018-07-16,2018-08-02,HDFCBANK.NS-ICICIBANK.NS,-1,2.2241179192679286,0.19458236937063902,17,HDFCBANK.NS,ICICIBANK.NS,1023.3366088867188,250.9410095214844,1005.1002807617188,288.9814453125,-9.771955691958421,39.85000307071709,1694.116073504903,-1484.5675409412065,mean_revert
2018-07-30,2018-08-20,ICICIBANK.NS-PNB.NS,-1,1.7887559553667431,2.4564842666243107,21,ICICIBANK.NS,PNB.NS,297.4994201660156,79.70256805419922,327.6026306152344,78.12521362304688,-33.613510891616635,125.46647171016893,-1209.7796874205274,-2694.347228361734,max_holding
2018-08-13,2018-09-03,ICICIBANK.NS-SBIN.NS,-1,2.0010940911622446,1.1492200950410787,21,ICICIBANK.NS,SBIN.NS,314.4869079589844,271.4170837402344,324.8857116699219,282.6742248535156,-31.797826068181532,36.84366459986991,84.09497981358925,-2610.2522485481445,max_holding
2018-08-14,2018-09-03,PNB.NS-SBIN.NS,1,-1.6765180154043333,-1.224663399146723,20,PNB.NS,SBIN.NS,74.13544464111328,272.1091003417969,80.1200942993164,282.6742248535156,134.88824473110805,-36.749965316995926,418.9909283502376,-2191.261320197907,max_holding
2018-08-16,2018-09-05,HDFCBANK.NS-ICICIBANK.NS,1,-1.6015289164111042,-1.439625997527852,20,HDFCBANK.NS,ICICIBANK.NS,979.3853149414062,323.5856628417969,965.301025390625,320.51043701171875,10.210485952199795,-30.903717773457302,-48.77152946258596,-2240.032849660493,max_holding
2018-08-24,2018-09-14,ICICIBANK.NS-PNB.NS,-1,1.6899759117075914,0.9515191977982232,21,ICICIBANK.NS,PNB.NS,320.99658203125,79.60978698730469,319.2464599609375,76.82623291015625,-31.152979688196396,125.61269635848532,-295.128215781961,-2535.161065442454,max_holding
2018-08-31,2018-09-21,HDFCBANK.NS-SBIN.NS,1,-1.533301533741022,-1.3940356663585176,21,HDFCBANK.NS,SBIN.NS,972.543701171875,285.6730651855469,929.63037109375,249.6871032714844,10.282314293897963,-35.00505024337846,818.4420575969946,-1716.7190078454594,max_holding
2018-09-07,2018-09-27,ICICIBANK.NS-SBIN.NS,-1,2.0911968767292493,1.0964750155207026,20,ICICIBANK.NS,SBIN.NS,325.80938720703125,269.1102905273437,298.14813232421875,244.84288024902344,-30.692792757520007,37.15948572759585,-52.763322351852025,-1769.4823301973115,max_holding
2018-09-11,2018-10-01,HDFCBANK.NS-PNB.NS,1,-2.0694534764478094,-0.3436383846259825,20,HDFCBANK.NS,PNB.NS,943.8561401367188,75.80558013916016,960.3939819335938,58.64030456542969,10.594834927440836,-131.91641013290172,2439.5972365225307,670.1149063252192,max_holding
2018-09-24,2018-10-15,HDFCBANK.NS-SBIN.NS,1,-1.7327101149614705,-0.19070768215821637,21,HDFCBANK.NS,SBIN.NS,908.610107421875,243.92013549804688,947.4657592773438,242.8590240478516,11.005820778699437,-40.99702543859924,471.1407536776743,1141.2556600028934,mean_revert
2018-09-24,2018-10-15,HDFCBANK.NS-ICICIBANK.NS,1,-1.6841530981589083,-0.5304607977577988,21,HDFCBANK.NS,ICICIBANK.NS,908.610107421875,300.1899108886719,947.4657592773438,304.6623840332031,11.005820778699437,-33.312245472861974,278.65021729942146,1419.9058773023148,max_holding
2018-10-23,2018-11-12,ICICIBANK.NS-SBIN.NS,-1,1.9651084300494628,1.8831171915578844,20,ICICIBANK.NS,SBIN.NS,313.8990173339844,235.8925018310547,342.58111572265625,256.4690856933594,-31.857379118075205,42.39219102929334,-41.45000844875881,1378.455868853556,max_holding
2018-10-29,2018-11-16,HDFCBANK.NS-PNB.NS,1,-1.81560768380857,0.21904086424020006,18,HDFCBANK.NS,PNB.NS,908.8932495117188,65.78477478027344,945.6964111328124,67.91883087158203,11.002392201033798,-152.01085712310825,80.5231228046975,1458.9789916582536,mean_revert
2018-10-29,2018-11-16,HDFCBANK.NS-SBIN.NS,1,-1.8622728399794681,-0.2990804024459112,18,HDFCBANK.NS,SBIN.NS,908.8932495117188,247.1957550048828,945.6964111328124,268.4182434082031,11.002392201033798,-40.45376911833487,-453.60682759115207,1005.3721640671015,mean_revert
2018-10-29,2018-11-19,HDFCBANK.NS-ICICIBANK.NS,1,-2.392048400437703,-0.6842806960098231,21,HDFCBANK.NS,ICICIBANK.NS,908.8932495117188,339.712890625,950.2259521484376,352.3524169921875,11.002392201033798,-29.436622147608563,82.69364334225077,1088.0658074093521,max_holding
2018-10-29,2018-11-19,ICICIBANK.NS-PNB.NS,-1,2.7739308730318655,1.8480166652995031,21,ICICIBANK.NS,PNB.NS,339.712890625,65.78477478027344,352.3524169921875,68.0116195678711,-29.436622147608563,152.01085712310825,-33.56037695278832,1054.5054304565638,max_holding
2018-11-12,2018-12-03,ICICIBANK.NS-SBIN.NS,-1,1.8831171915578844,0.7756160587201865,21,ICICIBANK.NS,SBIN.NS,342.58111572265625,256.4690856933594,345.6437683105469,264.6351318359375,-29.19016706132661,38.99105411853123,229.00340638835527,1283.508836844919,max_holding
2018-11-26,2018-12-17,HDFCBANK.NS-PNB.NS,-1,1.5530305182890123,1.8853415956573432,21,HDFCBANK.NS,PNB.NS,967.164794921875,66.1095199584961,1005.1002807617188,67.59408569335938,-10.339499589423923,151.26414480513628,-167.67237397455855,1115.8364628703605,max_holding
2018-11-28,2018-12-18,HDFCBANK.NS-SBIN.NS,-1,2.2081293820186243,1.6198001076384847,20,HDFCBANK.NS,SBIN.NS,985.778564453125,262.5589904785156,1007.5772705078124,270.1252746582031,-10.14426602545131,38.08667904220278,67.04276386448933,1182.87922673485,max_holding
2018-11-30,2018-12-20,HDFCBANK.NS-ICICIBANK.NS,-1,1.5243688550411787,1.2396336807976687,20,HDFCBANK.NS,ICICIBANK.NS,1004.2744750976562,345.3034973144531,1008.5209350585938,352.1094055175781,-9.957437182725961,28.960031038705143,154.81545449908185,1337.6946812339318,max_holding
2018-12-17,2019-01-07,HDFCBANK.NS-PNB.NS,-1,1.8853415956573432,0.9178146060962874,21,HDFCBANK.NS,PNB.NS,1005.1002807617188,67.59408569335938,1000.5941772460938,74.73855590820312,-9.94925600102456,147.94193748495996,1101.7991433316424,2439.493824565574,max_holding
2019-01-28,2019-01-31,ICICIBANK.NS-PNB.NS,1,-2.799476161787591,0.17155235750873565,3,ICICIBANK.NS,PNB.NS,334.0250244140625,70.6095962524414,354.3456420898437,71.90859985351562,29.93787671310473,-141.62380937922782,424.38630833020846,2863.8801328957825,mean_revert
2019-01-28,2019-02-06,PNB.NS-SBIN.NS,-1,2.229442170632891,0.17458129375005857,9,PNB.NS,SBIN.NS,70.6095962524414,259.8370056152344,69.77454376220703,266.7112121582031,-141.62380937922782,38.48566518199475,382.82172610317554,3246.701858998958,mean_revert
2019-02-12,2019-02-25,ICICIBANK.NS-PNB.NS,1,-1.806724844327655,-0.16581205479149214,13,ICICIBANK.NS,PNB.NS,334.7542419433594,66.20230102539062,345.7409973144531,68.19718933105469,29.872661036187875,-151.0521514375262,26.87144864008212,3273.57330763904,mean_revert
2019-02-11,2019-02-28,HDFCBANK.NS-SBIN.NS,-1,1.765277666634065,0.11561963609113125,17,HDFCBANK.NS,SBIN.NS,1009.5589599609376,258.8219909667969,980.2581787109376,248.2568817138672,-9.905315485870112,38.63659329196202,-117.9663470268714,3155.6069606121687,mean_revert
2019-02-12,2019-03-05,PNB.NS-SBIN.NS,-1,2.288775727680177,1.7981863960868545,21,PNB.NS,SBIN.NS,66.20230102539062,254.1161346435547,76.68704223632812,255.08502197265625,-151.0521514375262,39.35208606107151,-1545.6149796195166,1609.991980992652,max_holding
2019-03-05,2019-03-13,PNB.NS-SBIN.NS,-1,1.7981863960868545,0.07630581123255448,8,PNB.NS,SBIN.NS,76.68704223632812,255.08502197265625,78.72831726074219,270.4943542480469,-130.40012638879438,39.202615358074404,337.90360493901704,1947.895585931669,mean_revert
2019-03-12,2019-04-01,HDFCBANK.NS-SBIN.NS,-1,2.163203822724008,1.720106834531757,20,HDFCBANK.NS,SBIN.NS,1024.350830078125,264.7273864746094,1090.78515625,297.8067932128906,-9.762280369546167,37.77470904378502,601.0144466278734,2548.9100325595427,max_holding
2019-03-12,2019-04-01,HDFCBANK.NS-PNB.NS,-1,2.0315279968327786,2.230909060379245,20,HDFCBANK.NS,PNB.NS,1024.350830078125,79.23863983154297,1090.78515625,90.46566009521484,-9.762280369546167,126.20105571296347,768.3112915345016,3317.2213240940446,max_holding
2019-03-12,2019-04-01,ICICIBANK.NS-PNB.NS,-1,2.4563831564880982,1.2169723986687508,20,ICICIBANK.NS,PNB.NS,377.4371643066406,79.23863983154297,387.2085571289063,90.46566009521484,-26.4944762881795,126.20105571296347,1157.9738743542187,4475.195198448263,max_holding
2019-03-15,2019-04-01,ICICIBANK.NS-SBIN.NS,-1,2.2878092695076706,-0.25671434963534456,17,ICICIBANK.NS,SBIN.NS,384.3403015136719,275.3386535644531,387.2085571289063,297.8067932128906,-26.01860892707937,36.31891080508655,741.3903386921462,5216.5855371404095,mean_revert
2019-03-13,2019-04-02,HDFCBANK.NS-ICICIBANK.NS,-1,1.9442853240453601,1.8214311341348095,20,HDFCBANK.NS,ICICIBANK.NS,1050.5614013671875,381.0345458984375,1082.78759765625,386.1390380859375,-9.518720169031647,26.24433954255014,-172.78811842682757,5043.797418713582,max_holding
2019-03-28,2019-04-18,PNB.NS-SBIN.NS,1,-1.6827954117810249,-1.1320307932096552,21,PNB.NS,SBIN.NS,88.47077941894531,294.3465881347656,83.55316162109375,286.7802734375,113.03167063382489,-33.973554996402854,-298.7919467421482,4745.005471971434,max_holding
2019-04-01,2019-04-22,HDFCBANK.NS-SBIN.NS,-1,1.720106834531757,0.8900447828731761,21,HDFCBANK.NS,SBIN.NS,1090.78515625,297.8067932128906,1070.4490966796875,286.0882568359375,-9.167708180388983,33.57881763580653,-207.0595362806424,4537.945935690792,max_holding
2019-04-02,2019-04-22,HDFCBANK.NS-ICICIBANK.NS,-1,1.8214311341348095,0.8330041175787832,20,HDFCBANK.NS,ICICIBANK.NS,1082.78759765625,386.1390380859375,1070.4490966796875,383.5624694824219,-9.235421629916633,25.89740744569432,47.22481186266505,4585.170747553457,max_holding
2019-04-16,2019-05-06,HDFCBANK.NS-PNB.NS,-1,1.545201738052411,1.5196232233424822,20,HDFCBANK.NS,PNB.NS,1087.600341796875,86.10475158691406,1098.64111328125,80.02731323242188,-9.194553932815555,116.1376093153931,-807.3341301253772,3777.8366174280795,max_holding
2019-04-30,2019-05-07,ICICIBANK.NS-SBIN.NS,-1,1.6252359902680045,-0.18208519528494055,7,ICICIBANK.NS,SBIN.NS,396.2020568847656,285.9960327148437,375.7843017578125,281.8437805175781,-25.239646857533792,34.96551999366592,370.1512718056644,4147.987889233744,mean_revert
2019-04-30,2019-05-20,HDFCBANK.NS-SBIN.NS,-1,1.5300038635974367,1.810645043071512,20,HDFCBANK.NS,SBIN.NS,1093.4508056640625,285.9960327148437,1147.664794921875,318.0604248046875,-9.145358847604406,34.96551999366592,625.3417563793112,4773.329645613055,max_holding
2019-05-20,2019-05-23,HDFCBANK.NS-SBIN.NS,-1,1.810645043071512,0.016795176445765447,3,HDFCBANK.NS,SBIN.NS,1147.664794921875,318.0604248046875,1100.3634033203125,315.7536315917969,-8.71334560774841,31.44056669779252,339.6264868839594,5112.956132497015,mean_revert
2019-05-06,2019-05-27,HDFCBANK.NS-PNB.NS,-1,1.5196232233424822,1.7072910094448177,21,HDFCBANK.NS,PNB.NS,1098.64111328125,80.02731323242188,1136.3408203125,82.81087493896484,-9.102153450396152,124.95733763992777,4.6779415726470575,5117.634074069661,max_holding
2019-05-13,2019-06-03,ICICIBANK.NS-SBIN.NS,1,-1.5583416424383125,-1.2045505712519113,21,ICICIBANK.NS,SBIN.NS,365.8670959472656,283.1817626953125,411.1751098632813,327.9796447753906,27.332329446322642,-35.3130085243499,-343.5744288555088,4774.059645214153,max_holding
2019-05-14,2019-06-03,PNB.NS-SBIN.NS,1,-1.6531277812576548,-2.2262405339056883,20,PNB.NS,SBIN.NS,76.96540069580078,290.3327331542969,76.13034057617188,327.9796447753906,129.92851215735433,-34.44323997282633,-1405.1797301064425,3368.87991510771,max_holding
2019-05-20,2019-06-10,ICICIBANK.NS-PNB.NS,-1,1.6375776750194981,1.6605667642103639,21,ICICIBANK.NS,PNB.NS,396.39654541015625,81.97579956054688,404.5636291503906,71.76942443847656,-25.227263243812786,121.98722127271299,-1451.08051185746,1917.7994032502502,max_holding
2019-05-22,2019-06-11,HDFCBANK.NS-ICICIBANK.NS,-1,1.8090763300503885,1.5586522839157726,20,HDFCBANK.NS,ICICIBANK.NS,1135.1141357421875,394.1116943359375,1155.237548828125,409.6680908203125,-8.809686784018032,25.37351756803259,217.43953317905033,2135.2389364293003,max_holding
2019-05-27,2019-06-17,HDFCBANK.NS-PNB.NS,-1,1.7072910094448177,1.4276135683716549,21,HDFCBANK.NS,PNB.NS,1136.3408203125,82.81087493896484,1142.78125,70.47042846679688,-8.800176691047625,120.7570866431544,-1546.873283071065,588.3656533582352,max_holding
2019-06-03,2019-06-24,HDFCBANK.NS-SBIN.NS,-1,1.6422311740941289,0.748992991222274,21,HDFCBANK.NS,SBIN.NS,1159.3426513671875,327.9796447753906,1147.961181640625,325.90350341796875,-8.625577596241472,30.489697026314765,34.870829314143215,623.2364826723784,max_holding
2019-06-03,2019-06-24,PNB.NS-SBIN.NS,1,-2.2262405339056883,-1.58833189963963,21,PNB.NS,SBIN.NS,76.13034057617188,327.9796447753906,71.30549621582031,325.90350341796875,131.35367482028462,-30.489697026314765,-570.4601161965085,52.77636647586996,max_holding
2019-06-11,2019-07-01,HDFCBANK.NS-ICICIBANK.NS,-1,1.5586522839157726,1.5235319910144078,20,HDFCBANK.NS,ICICIBANK.NS,1155.237548828125,409.6680908203125,1180.055419921875,426.8287048339844,-8.656228331691622,24.41000464540982,204.06150889782606,256.837875373696,max_holding
2019-06-26,2019-07-08,HDFCBANK.NS-SBIN.NS,-1,1.6373516415487106,0.08402352942543748,12,HDFCBANK.NS,SBIN.NS,1171.6759033203125,330.470947265625,1143.9970703125,327.8411865234375,-8.53478335746417,30.259846085538733,156.6566880087222,413.4945633824182,mean_revert
2019-07-01,2019-07-11,HDFCBANK.NS-ICICIBANK.NS,-1,1.5235319910144078,0.16562676135353438,10,HDFCBANK.NS,ICICIBANK.NS,1180.055419921875,426.8287048339844,1142.8338623046875,414.7239074707031,-8.474178272628963,23.42860235674523,31.82363079968286,445.3181941821011,mean_revert
2019-06-24,2019-07-15,PNB.NS-SBIN.NS,1,-1.58833189963963,-1.212984668182785,21,PNB.NS,SBIN.NS,71.30549621582031,325.90350341796875,68.15078735351562,332.22412109375,140.24164378203056,-30.683929123569673,-636.3629412842024,-191.04474710210133,max_holding
2019-06-26,2019-07-16,HDFCBANK.NS-PNB.NS,-1,1.7536057713833166,0.31394810157874714,20,HDFCBANK.NS,PNB.NS,1171.6759033203125,73.20760345458984,1135.26123046875,70.28485870361328,-8.53478335746417,136.59783312266094,-88.44925593301173,-279.49400303511305,max_holding
2019-07-16,2019-07-23,ICICIBANK.NS-SBIN.NS,1,-1.64608337203261,-0.2720742599213222,7,ICICIBANK.NS,SBIN.NS,412.8279724121094,336.1918029785156,401.5072937011719,315.7536315917969,24.223164776289448,-29.74492510348044,333.70921135557506,54.21520832046201,mean_revert
2019-07-17,2019-07-31,PNB.NS-SBIN.NS,1,-1.5398936425434018,0.24035422477679572,14,PNB.NS,SBIN.NS,69.9137191772461,343.6196594238281,64.2074203491211,306.5264892578125,143.03344347406096,-29.101943750155975,263.291780807633,317.50698912809503,mean_revert
2019-07-22,2019-08-09,HDFCBANK.NS-SBIN.NS,1,-2.767852667750119,0.21704141059256382,18,HDFCBANK.NS,SBIN.NS,1090.6571044921875,323.73516845703125,1083.416748046875,268.8335266113281,9.168784541733695,-30.889445986549593,1629.4960321133144,1947.0030212414094,mean_revert
2019-07-22,2019-08-13,HDFCBANK.NS-ICICIBANK.NS,1,-2.140508758158409,-1.6908161740317447,22,HDFCBANK.NS,ICICIBANK.NS,1090.6571044921875,401.0686645507813,1054.1474609375,399.8503723144531,9.168784541733695,-24.933386434466385,-304.3729043299452,1642.6301169114643,max_holding
2019-07-29,2019-08-19,ICICIBANK.NS-SBIN.NS,-1,1.898953129666889,2.786327450838977,21,ICICIBANK.NS,SBIN.NS,418.4661865234375,317.2299499511719,412.6669921875,264.6812744140625,-23.896793389876244,31.52287481537983,-1517.9031717966723,124.72694511479199,max_holding
2019-08-02,2019-08-22,PNB.NS-SBIN.NS,-1,1.641531720921015,2.443682144674397,20,PNB.NS,SBIN.NS,62.76924896240234,284.6119689941406,57.016563415527344,247.7955322265625,-159.31367931436972,35.13555679102825,-377.08450447928954,-252.35755936449755,max_holding
2019-08-05,2019-08-26,HDFCBANK.NS-PNB.NS,1,-2.4852654956410505,-0.8672100175235476,21,HDFCBANK.NS,PNB.NS,1034.634521484375,61.79499816894531,1071.14404296875,61.00632858276367,9.665248735034615,-161.82539519882107,480.50037380870924,228.1428144442117,max_holding
2019-08-23,2019-08-26,ICICIBANK.NS-PNB.NS,1,-2.0750240495548296,-0.2160873272734302,3,ICICIBANK.NS,PNB.NS,385.3768005371094,59.01144027709961,401.21484375,61.00632858276367,25.94862997996441,-169.45866687955876,72.92441008653174,301.06722453074343,mean_revert
2019-08-13,2019-09-03,HDFCBANK.NS-ICICIBANK.NS,1,-1.6908161740317447,-0.7528941150568266,21,HDFCBANK.NS,ICICIBANK.NS,1054.1474609375,399.8503723144531,1049.6845703125,382.2091369628906,9.48633883831258,-25.009355229850154,398.8594289335384,699.9266534642818,max_holding
2019-08-21,2019-09-11,ICICIBANK.NS-SBIN.NS,-1,2.3236224007632607,0.5308351538373272,21,ICICIBANK.NS,SBIN.NS,401.6047058105469,255.96157836914065,384.5970764160156,263.20489501953125,-24.900106635496954,39.06836355563599,706.476313786892,1406.4029672511738,max_holding
2019-09-03,2019-09-13,ICICIBANK.NS-PNB.NS,1,-2.0833058859379623,0.13793547106465223,10,ICICIBANK.NS,PNB.NS,382.2091369628906,55.11446762084961,402.9205017089844,60.217655181884766,26.16368640337062,-181.44056237271963,-384.03956876506356,1022.3633984861102,mean_revert
2019-08-26,2019-09-16,PNB.NS-SBIN.NS,-1,1.8951747474986855,0.9959813211900459,21,PNB.NS,SBIN.NS,61.00632858276367,258.5451965332031,59.89291000366211,262.6974182128906,-163.9174202465502,38.67795702294462,343.10815281759966,1365.47155130371,max_holding
2019-09-20,2019-10-10,HDFCBANK.NS-SBIN.NS,-1,2.4261018030791277,1.6558087097691978,20,HDFCBANK.NS,SBIN.NS,1139.059326171875,278.38360595703125,1139.9615478515625,234.5084228515625,-8.77917398175192,35.92165553579153,-1583.9899751805135,-218.51842387680358,max_holding
2019-09-23,2019-10-14,HDFCBANK.NS-ICICIBANK.NS,-1,1.8729403085675005,0.9915791572232926,21,HDFCBANK.NS,ICICIBANK.NS,1193.7999267578125,434.9864501953125,1143.6171875,417.9788513183594,-8.376613011829,22.98922183785246,29.369923124728416,-189.14850075207517,max_holding
2019-09-23,2019-10-14,HDFCBANK.NS-PNB.NS,-1,2.394497445046534,1.2045100201274097,21,HDFCBANK.NS,PNB.NS,1193.7999267578125,62.02696990966797,1143.6171875,53.16596984863281,-8.376613011829,161.22019203200395,-1008.2107447994723,-1197.3592455515475,max_holding
2019-09-25,2019-10-15,ICICIBANK.NS-PNB.NS,-1,2.224373571240942,1.5342361289522735,20,ICICIBANK.NS,PNB.NS,423.1932373046875,58.73308944702149,420.90283203125,53.722686767578125,-23.629867206030692,170.2617739701947,-798.9580760477238,-1996.3173215992713,max_holding
2019-09-25,2019-10-15,ICICIBANK.NS-SBIN.NS,-1,1.854153580679342,1.5377852963246006,20,ICICIBANK.NS,SBIN.NS,423.1932373046875,258.59130859375,420.90283203125,238.47610473632807,-23.629867206030692,38.67105996091353,-723.7542820370421,-2720.0716036363133,max_holding
2019-10-10,2019-10-30,HDFCBANK.NS-SBIN.NS,-1,1.6558087097691978,1.1480536751821597,20,HDFCBANK.NS,SBIN.NS,1139.9615478515625,234.5084228515625,1185.3489990234375,267.4955749511719,-8.772225711337876,42.64239159686699,1008.5020913549419,-1711.5695122813713,max_holding
2019-10-15,2019-11-04,ICICIBANK.NS-PNB.NS,-1,1.5342361289522735,1.7173809903924524,20,ICICIBANK.NS,PNB.NS,420.90283203125,53.722686767578125,458.5730285644531,63.27956008911133,-23.758452637965497,186.14109981623338,883.9413306776513,-827.62818160372,max_holding
2019-10-15,2019-11-04,HDFCBANK.NS-PNB.NS,-1,1.5205979919297496,1.0280531421873425,20,HDFCBANK.NS,PNB.NS,1161.3260498046875,53.722686767578125,1174.4293212890625,63.27956008911133,-8.610846197484166,186.14109981623338,1666.0966554387767,838.4684738350567,max_holding
2019-11-04,2019-11-25,ICICIBANK.NS-PNB.NS,-1,1.7173809903924524,1.5180608075377728,21,ICICIBANK.NS,PNB.NS,458.5730285644531,63.27956008911133,485.1809692382813,59.75373077392578,-21.806777496933588,158.0289114829154,-1137.4164106791054,-298.94793684404874,max_holding
2019-11-11,2019-12-02,PNB.NS-SBIN.NS,1,-2.2673170622398233,-1.6019033578790431,21,PNB.NS,SBIN.NS,57.2485237121582,293.654541015625,61.00632858276367,312.3395690917969,174.67699342395866,-34.05361948572051,20.109220485309947,-278.8387163587388,max_holding
2019-11-14,2019-12-04,ICICIBANK.NS-SBIN.NS,-1,1.6983498463084223,1.2518807671456926,20,ICICIBANK.NS,SBIN.NS,486.0093994140625,282.3512878417969,515.8336791992188,315.4306945800781,-20.575733745182898,35.416874052308415,557.9127421735737,279.07402581483495,max_holding
2019-11-25,2019-12-16,ICICIBANK.NS-PNB.NS,-1,1.5180608075377728,1.6766079139185044,21,ICICIBANK.NS,PNB.NS,485.1809692382813,59.75373077392578,525.5802612304688,59.10422897338867,-20.610866118058343,167.3535672246864,-941.3608417540638,-662.2868159392289,max_holding
2019-12-02,2019-12-23,PNB.NS-SBIN.NS,1,-1.6019033578790431,-0.9343334685978256,21,PNB.NS,SBIN.NS,61.00632858276367,312.3395690917969,59.05784225463867,306.71099853515625,163.9174202465502,-32.01643656318483,-139.1840801238286,-801.4708960630575,max_holding
2019-12-04,2019-12-23,HDFCBANK.NS-ICICIBANK.NS,1,-1.7459379646645092,-0.2585377344402235,19,HDFCBANK.NS,ICICIBANK.NS,1188.482666015625,515.8336791992188,1236.67138671875,527.5783081054688,8.414089902989405,-19.386093625224355,177.78175273606175,-623.6891433269957,mean_revert
2019-12-16,2020-01-06,ICICIBANK.NS-PNB.NS,-1,1.6766079139185044,0.7735653565745612,21,ICICIBANK.NS,PNB.NS,525.5802612304688,59.10422897338867,512.3737182617188,56.97017288208008,-19.026589728823485,169.1926309452821,-109.79108987082142,-733.4802331978171,max_holding
2019-12-18,2020-01-07,HDFCBANK.NS-PNB.NS,-1,2.0221668760038196,0.184278685820964,20,HDFCBANK.NS,PNB.NS,1227.1285400390625,58.64030456542969,1196.9808349609375,57.38769912719727,-8.149105553100148,170.53117431957057,32.068554524519925,-701.4116786732973,mean_revert
2019-12-27,2020-01-14,HDFCBANK.NS-ICICIBANK.NS,1,-1.5573583555622577,-0.08521125058062423,18,HDFCBANK.NS,ICICIBANK.NS,1210.654296875,535.4730224609375,1224.4224853515625,523.9720458984375,8.259996289454792,-18.675077138418295,328.5068102007489,-372.9048684725484,mean_revert
2020-01-14,2020-02-03,HDFCBANK.NS-PNB.NS,-1,1.5092458343006427,-3.2480388431525475,20,HDFCBANK.NS,PNB.NS,1224.4224853515625,58.269161224365234,1132.6026611328125,53.212364196777344,-8.167115615431342,171.61736654308493,-117.9310688344193,-490.8359373069677,max_holding
2020-01-27,2020-02-05,HDFCBANK.NS-SBIN.NS,1,-2.745271661557566,-0.20235466255395884,9,HDFCBANK.NS,SBIN.NS,1151.9730224609375,291.7630310058594,1181.8359375,286.9648132324219,8.680758841589185,-34.27439030066552,423.6887524753556,-67.1471848316121,mean_revert
2020-01-21,2020-02-10,HDFCBANK.NS-ICICIBANK.NS,1,-1.6703209563312933,-1.05017373385523,20,HDFCBANK.NS,ICICIBANK.NS,1181.551025390625,517.588134765625,1177.70556640625,520.4146118164062,8.463451670818841,-19.320381068101984,-87.15446996771271,-154.3016547993248,max_holding
2020-02-03,2020-02-12,HDFCBANK.NS-PNB.NS,1,-3.2480388431525475,-0.2349738275719461,9,HDFCBANK.NS,PNB.NS,1132.6026611328125,53.212364196777344,1185.96630859375,51.4958381652832,8.829221706046626,-187.92624892629036,793.7397727589545,639.4381179596296,mean_revert
2020-02-12,2020-02-26,ICICIBANK.NS-PNB.NS,-1,1.8599026517461936,-0.0865542056783206,14,ICICIBANK.NS,PNB.NS,535.3754272460938,51.4958381652832,510.4243774414063,45.60397720336914,-18.678481475025453,194.1904502632539,-678.0954115232882,-38.65729356365864,mean_revert
2020-02-14,2020-03-05,HDFCBANK.NS-PNB.NS,1,-1.5272694357404788,-2.5813455901212015,20,HDFCBANK.NS,PNB.NS,1157.8126220703125,50.28963088989258,1093.2445068359375,41.75338363647461,8.636976147417325,-198.84814867491585,1139.7436918105082,1101.0863982468495,max_holding
2020-02-14,2020-03-05,HDFCBANK.NS-SBIN.NS,1,-1.871337617754353,-2.2214204749955964,20,HDFCBANK.NS,SBIN.NS,1157.8126220703125,294.7156982421875,1093.2445068359375,266.2037048339844,8.636976147417325,-33.93100557467534,409.76733611585666,1510.8537343627063,max_holding
2020-02-14,2020-03-05,HDFCBANK.NS-ICICIBANK.NS,1,-2.243924808719863,-2.1622776074123022,20,HDFCBANK.NS,ICICIBANK.NS,1157.8126220703125,531.9641723632812,1093.2445068359375,491.7111511230469,8.636976147417325,-18.79825845333611,199.01342563856372,1709.86716000127,max_holding
2020-02-26,2020-03-05,ICICIBANK.NS-SBIN.NS,1,-1.6440294355627822,0.20329581657523824,8,ICICIBANK.NS,SBIN.NS,510.4243774414063,302.8355712890625,491.7111511230469,266.2037048339844,19.591540768735992,-33.02121992285643,843.0079820671199,2552.87514206839,mean_revert
2020-02-28,2020-03-19,ICICIBANK.NS-PNB.NS,1,-2.7188575821852496,-3.9623684767536673,20,ICICIBANK.NS,PNB.NS,484.64495849609375,41.79977416992188,329.9678955078125,34.51612854003906,20.633661456071042,-239.2357422637886,-1449.045784068155,1103.8293580002348,max_holding
2020-03-05,2020-03-25,HDFCBANK.NS-PNB.NS,1,-2.5813455901212015,-2.456472859245983,20,HDFCBANK.NS,PNB.NS,1093.2445068359375,41.75338363647461,813.5121459960938,31.82535552978516,9.147084606847875,-239.50154763659143,-180.95747534364818,922.8718826565866,max_holding
2020-03-05,2020-03-25,HDFCBANK.NS-ICICIBANK.NS,1,-2.1622776074123022,-2.0855602605612726,20,HDFCBANK.NS,ICICIBANK.NS,1093.2445068359375,491.7111511230469,813.5121459960938,308.8667297363281,9.147084606847875,-20.33714300999771,1159.797574446633,2082.6694571032194,max_holding
2020-03-05,2020-03-25,HDFCBANK.NS-SBIN.NS,1,-2.2214204749955964,-2.38434035910567,20,HDFCBANK.NS,SBIN.NS,1093.2445068359375,266.2037048339844,813.5121459960938,175.223876953125,9.147084606847875,-37.56521723180529,858.9414261813881,2941.6108832846076,max_holding
2020-03-16,2020-04-07,ICICIBANK.NS-SBIN.NS,1,-3.9434766546103797,-1.4966685289280859,22,ICICIBANK.NS,SBIN.NS,392.6866760253906,206.08876037597656,317.83349609375,171.994384765625,25.465595372921214,-48.522782037004696,-251.8268360867687,2689.784047197839,max_holding
2020-03-18,2020-04-07,PNB.NS-SBIN.NS,-1,3.0570516132709917,1.7038577466450588,20,PNB.NS,SBIN.NS,34.098594665527344,198.568603515625,27.88197898864746,171.994384765625,-293.2672181387493,50.36042870298535,484.8405370993896,3174.6245842972285,max_holding
2020-03-19,2020-04-08,ICICIBANK.NS-PNB.NS,1,-3.9623684767536673,-1.6659057560855992,20,ICICIBANK.NS,PNB.NS,329.9678955078125,34.51612854003906,310.86480712890625,28.29951477050781,30.305978660773178,-289.7196302997857,1222.137254259155,4396.761838556384,max_holding
2020-03-25,2020-04-15,HDFCBANK.NS-SBIN.NS,1,-2.38434035910567,-1.3866594926501843,21,HDFCBANK.NS,SBIN.NS,813.5121459960938,175.223876953125,819.7315673828125,168.25738525390625,12.292379467494781,-57.06984786482695,474.0281091797933,4870.789947736177,max_holding
2020-03-25,2020-04-15,HDFCBANK.NS-PNB.NS,1,-2.456472859245983,-1.4519371914370642,21,HDFCBANK.NS,PNB.NS,813.5121459960938,31.82535552978516,819.7315673828125,28.856225967407227,12.292379467494781,-314.21487155551364,1009.3961518280602,5880.186099564237,max_holding
2020-03-25,2020-04-15,HDFCBANK.NS-ICICIBANK.NS,1,-2.0855602605612726,-1.4558961149448182,21,HDFCBANK.NS,ICICIBANK.NS,813.5121459960938,308.8667297363281,819.7315673828125,319.0518493652344,12.292379467494781,-32.376423347819795,-253.30625719985852,5626.879842364378,max_holding
2020-04-08,2020-04-17,ICICIBANK.NS-SBIN.NS,1,-1.5324812112768293,-0.23750062886139614,9,ICICIBANK.NS,SBIN.NS,310.86480712890625,168.8571319580078,366.0299682617188,178.3149871826172,32.16832452781733,-59.2216620289799,1214.4609003188116,6841.34074268319,mean_revert
2020-04-07,2020-04-27,PNB.NS-SBIN.NS,-1,1.7038577466450588,1.2044328235640545,20,PNB.NS,SBIN.NS,27.88197898864746,171.994384765625,28.531478881835938,166.91943359375,-358.65459923313335,58.1414330103096,-528.0110574836385,6313.329685199551,max_holding
2020-06-03,2020-06-23,HDFCBANK.NS-SBIN.NS,-1,1.5320930954230232,1.6478389474322968,20,HDFCBANK.NS,SBIN.NS,970.6598510742188,161.3831329345703,989.697998046875,177.57681274414062,-10.302270140186707,61.96434421715129,807.2946167816654,7120.624301981216,max_holding
2020-06-23,2020-06-29,ICICIBANK.NS-SBIN.NS,-1,1.5098771151366375,0.2401631420635257,6,ICICIBANK.NS,SBIN.NS,366.6147766113281,177.57681274414062,334.4025573730469,165.39695739746094,-27.276587409900397,56.31365855410626,192.74719848852817,7313.371500469744,mean_revert
2020-06-18,2020-07-08,HDFCBANK.NS-PNB.NS,-1,1.6232583334511235,1.9530830845341633,20,HDFCBANK.NS,PNB.NS,968.4759521484376,31.4542179107666,1054.3135986328125,34.562522888183594,-10.32550160674233,317.9223857470974,101.88297735659478,7415.254477826339,max_holding
2020-06-19,2020-07-09,HDFCBANK.NS-ICICIBANK.NS,-1,1.7689619586704861,2.1081008800001597,20,HDFCBANK.NS,ICICIBANK.NS,981.1995239257812,354.57781982421875,1068.1768798828125,360.9617919921875,-10.191607064779221,28.202553687530372,-706.3947176406584,6708.859760185681,max_holding
2020-07-07,2020-07-10,ICICIBANK.NS-SBIN.NS,-1,1.8742108920030554,-0.04981626288589973,3,ICICIBANK.NS,SBIN.NS,366.5173034667969,174.02435302734375,351.2153015136719,180.48336791992188,-27.283841459632228,57.46322181946994,788.6532008115219,7497.512960997203,mean_revert
2020-06-23,2020-07-13,HDFCBANK.NS-SBIN.NS,-1,1.6478389474322968,1.2899081438564985,20,HDFCBANK.NS,SBIN.NS,989.697998046875,177.57681274414062,1025.732666015625,177.80747985839844,-10.104092379427417,56.31365855410626,-351.1079049062687,7146.4050560909345,max_holding
2020-07-07,2020-07-14,ICICIBANK.NS-PNB.NS,-1,1.5862148243624672,0.03991184786148685,7,ICICIBANK.NS,PNB.NS,366.5173034667969,34.14498519897461,336.7904663085937,31.12946510314941,-27.283841459632228,292.8687753626645,-72.08936542511083,7074.315690665824,mean_revert
2020-07-08,2020-07-28,HDFCBANK.NS-PNB.NS,-1,1.9530830845341633,0.9576033481934668,20,HDFCBANK.NS,PNB.NS,1054.3135986328125,34.562522888183594,1031.809814453125,29.784076690673828,-9.484843990410026,289.3307306400034,-1169.1064475112535,5905.209243154571,max_holding
2020-07-09,2020-07-29,PNB.NS-SBIN.NS,1,-1.725012816430794,-1.2288931799546667,20,PNB.NS,SBIN.NS,34.423343658447266,183.7128753662109,30.387184143066406,176.42340087890625,290.50054228378434,-54.43276623952528,-775.7202671855579,5129.488975969013,max_holding
2020-07-21,2020-07-29,ICICIBANK.NS-PNB.NS,-1,1.709571999079317,0.24150329098389264,8,ICICIBANK.NS,PNB.NS,369.1975708007813,32.242889404296875,342.1510314941406,30.387184143066406,-27.08576868019533,310.14590146090757,157.03692616940748,5286.525902138421,mean_revert
2020-07-20,2020-07-31,HDFCBANK.NS-SBIN.NS,-1,1.838384621633296,0.11292268477445383,11,HDFCBANK.NS,SBIN.NS,1075.8680419921875,176.00819396972656,980.677490234375,176.6540985107422,-9.294820191408396,56.815536677343566,921.4764756499576,6208.002377788378,mean_revert
2020-07-21,2020-08-06,ICICIBANK.NS-SBIN.NS,-1,1.6337672760086581,0.10142046261848331,16,ICICIBANK.NS,SBIN.NS,369.1975708007813,179.3760986328125,349.6558837890625,176.19273376464844,-27.08576868019533,55.74878747067778,351.8328825432926,6559.835260331671,mean_revert
2020-08-28,2020-09-03,ICICIBANK.NS-SBIN.NS,-1,1.7211877047779047,-0.04250248344223481,6,ICICIBANK.NS,SBIN.NS,399.3142700195313,207.4728240966797,373.0474548339844,196.67703247070312,-25.04293172270272,48.19908363198511,137.45079581057382,6697.286056142245,mean_revert
2020-08-24,2020-09-09,PNB.NS-SBIN.NS,1,-1.613678240448652,-0.16112774105957955,16,PNB.NS,SBIN.NS,32.75320816040039,185.8812561035156,30.52636337280273,179.7913360595703,305.31360320575556,-53.79778579950573,-352.261791821112,6345.024264321133,mean_revert
2020-08-24,2020-09-09,ICICIBANK.NS-PNB.NS,-1,1.7507656008930832,0.20153680455566333,16,ICICIBANK.NS,PNB.NS,370.7083129882813,32.75320816040039,358.2815246582031,30.52636337280273,-26.975386441674203,305.31360320575556,-344.6685884486508,6000.355675872483,mean_revert
2020-09-02,2020-09-11,HDFCBANK.NS-PNB.NS,-1,1.503969214127795,-0.054597375588426374,9,HDFCBANK.NS,PNB.NS,1076.91259765625,32.289283752441406,1024.21337890625,31.268644332885746,-9.285804643537094,309.70027321352075,173.26234309064984,6173.618018963132,mean_revert
2020-09-24,2020-09-28,ICICIBANK.NS-PNB.NS,1,-1.836353186345788,-0.04284443716673193,4,ICICIBANK.NS,PNB.NS,327.1901550292969,26.02627182006836,353.7981262207031,27.97476577758789,30.563266792378247,-384.227140526873,64.56226069524394,6238.180279658376,mean_revert
2020-10-06,2020-10-26,ICICIBANK.NS-SBIN.NS,-1,1.9346935399464915,1.7545972986577887,20,ICICIBANK.NS,SBIN.NS,370.9519653320313,176.79251098632812,394.1973876953125,181.49835205078125,-26.957668201189364,56.5634819269767,-360.4636272654224,5877.716652392954,max_holding
2020-10-06,2020-10-26,HDFCBANK.NS-SBIN.NS,-1,2.2152089870737175,1.6755286732232237,20,HDFCBANK.NS,SBIN.NS,1086.3603515625,176.79251098632812,1149.7891845703125,181.49835205078125,-9.205048753497964,56.5634819269767,-317.6867442139758,5560.029908178978,max_holding
2020-10-06,2020-10-26,HDFCBANK.NS-PNB.NS,-1,1.996891019735231,1.6034240254377212,20,HDFCBANK.NS,PNB.NS,1086.3603515625,26.304630279541016,1149.7891845703125,25.97987937927246,-9.205048753497964,380.161207123208,-707.3231944748372,4852.706713704141,max_holding
2020-10-08,2020-10-28,ICICIBANK.NS-PNB.NS,-1,1.6750163980595927,1.0129593182227243,20,ICICIBANK.NS,PNB.NS,377.6770629882813,25.794309616088867,386.0103149414063,25.14481544494629,-26.477647122325465,387.6824054931336,-472.4423672185969,4380.264346485545,max_holding
2020-10-14,2020-11-03,HDFCBANK.NS-ICICIBANK.NS,-1,2.2996209432474544,1.2420550527117378,20,HDFCBANK.NS,ICICIBANK.NS,1150.3587646484375,396.48779296875,1184.9693603515625,432.5986328125,-8.692940243782218,25.221457450489957,609.9001703716268,4990.164516857171,max_holding
2020-10-26,2020-11-17,ICICIBANK.NS-SBIN.NS,-1,1.7545972986577887,1.8333246885269865,22,ICICIBANK.NS,SBIN.NS,394.1973876953125,181.49835205078125,474.0700073242188,221.6365203857422,-25.36800169698058,55.09691899132015,185.2806589229349,5175.445175780106,max_holding
2020-10-26,2020-11-17,HDFCBANK.NS-SBIN.NS,-1,1.6755286732232237,2.187149545761531,22,HDFCBANK.NS,SBIN.NS,1149.7891845703125,181.49835205078125,1337.369384765625,221.6365203857422,-8.697246533708784,55.09691899132015,580.0581632702331,5755.5033390503395,max_holding
2020-10-27,2020-11-17,HDFCBANK.NS-PNB.NS,-1,1.8741506882091137,2.322842015289045,21,HDFCBANK.NS,PNB.NS,1170.86865234375,25.37677764892578,1337.369384765625,27.696409225463867,-8.540667631662023,394.0610639516443,-507.95092901709916,5247.55241003324,max_holding
2020-11-02,2020-11-23,ICICIBANK.NS-PNB.NS,-1,1.8512726578696515,1.4360955277028873,21,ICICIBANK.NS,PNB.NS,406.8678283691406,25.933490753173828,456.3800659179688,27.88197898864746,-24.57800617975442,385.6017724407643,-465.57156326995766,4781.980846763283,max_holding
2020-11-04,2020-11-24,PNB.NS-SBIN.NS,1,-1.5194359354624523,-2.1421904397788016,20,PNB.NS,SBIN.NS,25.46956443786621,191.00233459472656,28.206727981567383,225.00445556640625,392.62548146024676,-52.35538100211312,-705.5138441711231,4076.4670025921596,max_holding
2020-11-04,2020-11-24,HDFCBANK.NS-ICICIBANK.NS,-1,1.5262049964720708,2.2923464804746723,20,HDFCBANK.NS,ICICIBANK.NS,1193.9423828125,425.970947265625,1365.6177978515625,466.0778503417969,-8.37561355049947,23.475779426253325,-496.3461224024604,3580.120880189699,max_holding
2020-11-17,2020-12-07,ICICIBANK.NS-SBIN.NS,-1,1.8333246885269865,1.168940152731959,20,ICICIBANK.NS,SBIN.NS,474.0700073242188,221.6365203857422,497.5103454589844,248.76443481445312,-21.093930950077908,45.11891804922641,729.5332738942126,4309.654154083912,max_holding
2020-11-17,2020-12-07,HDFCBANK.NS-PNB.NS,-1,2.322842015289045,1.0016310872044374,20,HDFCBANK.NS,PNB.NS,1337.369384765625,27.696409225463867,1302.996337890625,33.17074203491211,-7.477365725515324,361.05763453285766,2233.569497409652,6543.223651493563,max_holding
2020-11-19,2020-12-09,HDFCBANK.NS-SBIN.NS,-1,1.6466403096416427,0.9795044904464629,20,HDFCBANK.NS,SBIN.NS,1304.990234375,221.22129821777344,1336.1826171875,249.45643615722656,-7.662892592287718,45.2036041762844,1037.3061200881202,7580.529771581683,max_holding
2020-11-24,2020-12-14,ICICIBANK.NS-PNB.NS,-1,1.5885561132976536,1.6169256311908724,20,ICICIBANK.NS,PNB.NS,466.0778503417969,28.206727981567383,512.4712524414062,38.27392959594727,-21.45564307050105,354.52534609951323,2573.6778603161556,10154.20763189784,max_holding
2020-11-24,2020-12-14,PNB.NS-SBIN.NS,1,-2.1421904397788016,-1.7609959702774105,20,PNB.NS,SBIN.NS,28.206727981567383,225.00445556640625,38.27392959594727,253.00894165039065,354.52534609951323,-44.44356434998981,2324.4589572296536,12478.666589127493,max_holding
2020-11-24,2020-12-14,HDFCBANK.NS-ICICIBANK.NS,-1,2.2923464804746723,0.19679531676566758,20,HDFCBANK.NS,ICICIBANK.NS,1365.6177978515625,466.0778503417969,1302.9013671875,512.4712524414062,-7.322693081279659,21.45564307050105,1454.6534491817388,13933.320038309232,mean_revert
2020-12-14,2021-01-04,PNB.NS-SBIN.NS,1,-1.7609959702774105,-1.498758594831646,21,PNB.NS,SBIN.NS,38.27392959594727,253.00894165039065,32.98517227172852,259.3294982910156,261.2744524946525,-39.52429481254486,-1631.632718305787,12301.687320003444,max_holding
2020-12-31,2021-01-15,ICICIBANK.NS-SBIN.NS,-1,1.6438567940234632,0.17591254518173133,15,ICICIBANK.NS,SBIN.NS,521.4866943359375,253.700927734375,529.2352294921875,280.3674621582031,-19.175944676276018,39.416489680597486,902.5156974556892,13204.203017459133,mean_revert
2021-01-06,2021-01-27,PNB.NS-SBIN.NS,1,-1.5490597030145554,-0.5960624569096001,21,PNB.NS,SBIN.NS,32.660423278808594,263.02032470703125,30.943893432617188,254.3468170166016,306.18096754699457,-38.019875502543904,-195.80308656968583,13008.399930889447,max_holding
2021-01-18,2021-01-27,HDFCBANK.NS-ICICIBANK.NS,-1,1.5237745379203396,-0.29061033748634413,9,HDFCBANK.NS,ICICIBANK.NS,1408.251953125,519.6349487304688,1338.46142578125,509.1086120605469,-7.101002045698832,19.244279131785138,293.0109163272468,13301.410847216694,mean_revert
2021-01-19,2021-01-27,HDFCBANK.NS-SBIN.NS,-1,1.5466513546296554,-0.16885772845275998,8,HDFCBANK.NS,SBIN.NS,1427.9547119140625,275.523193359375,1338.46142578125,254.3468170166016,-7.003023216748783,36.294585142081424,-141.86423364232041,13159.546613574374,mean_revert
2021-02-01,2021-02-09,ICICIBANK.NS-SBIN.NS,-1,4.139956693830303,-0.17850374897802318,8,ICICIBANK.NS,SBIN.NS,588.493896484375,286.68804931640625,617.294921875,364.28851318359375,-16.99252967573557,34.881119125280996,2217.388745686622,15376.935359260995,mean_revert
2021-01-28,2021-02-17,HDFCBANK.NS-ICICIBANK.NS,1,-1.659497593429463,0.40464348786076865,20,HDFCBANK.NS,ICICIBANK.NS,1302.2366943359375,514.8590698242188,1506.4337158203125,640.6864624023438,7.679095546527661,-19.422790790913254,-875.8706835161561,14501.06467574484,max_holding
2021-02-15,2021-02-17,ICICIBANK.NS-SBIN.NS,-1,1.7823679824280763,0.28806250469492883,2,ICICIBANK.NS,SBIN.NS,656.8656616210938,375.49951171875,640.6864624023438,379.9285583496094,-15.223813002069209,26.631193085252328,364.2598994394765,14865.324575184315,mean_revert
2021-02-01,2021-02-22,PNB.NS-SBIN.NS,1,-1.9750251560980436,-1.6284958344621898,21,PNB.NS,SBIN.NS,33.17074203491211,286.68804931640625,38.08836364746094,359.3981018066406,301.47049437347613,-34.881119125280996,-1053.6901838405133,13811.634391343801,max_holding
2021-02-01,2021-02-22,HDFCBANK.NS-PNB.NS,-1,1.5152577363625652,1.0681369953309081,21,HDFCBANK.NS,PNB.NS,1402.222412109375,33.17074203491211,1469.8765869140625,38.08836364746094,-7.13153627672868,301.47049437347613,1000.0396167850138,14811.674008128815,max_holding
2021-02-02,2021-02-22,HDFCBANK.NS-SBIN.NS,-1,2.714415301083439,0.06875314551755592,20,HDFCBANK.NS,SBIN.NS,1481.793212890625,307.35693359375,1469.8765869140625,359.3981018066406,-6.748579972567418,32.535462542118964,1773.6037824446214,16585.277790573437,mean_revert
2021-02-24,2021-03-05,HDFCBANK.NS-ICICIBANK.NS,-1,1.5641618204722756,0.09424018898155602,9,HDFCBANK.NS,ICICIBANK.NS,1525.3768310546875,624.848388671875,1452.7850341796875,594.0007934570312,-6.555757106318263,16.003882191734792,-17.78709149298811,16567.49069908045,mean_revert
2021-02-16,2021-03-08,ICICIBANK.NS-PNB.NS,-1,2.2767814421052437,0.6561237998829755,20,ICICIBANK.NS,PNB.NS,641.6611328125,36.65018844604492,592.63623046875,38.73786163330078,-15.584549988509439,272.8498931109628,1333.6524472513497,17901.143146331797,max_holding
2021-02-22,2021-03-09,ICICIBANK.NS-SBIN.NS,1,-1.542242415117897,-0.2639310901648302,15,ICICIBANK.NS,SBIN.NS,594.3905639648438,359.3981018066406,609.2539672851562,357.6449584960937,16.82395483080291,-27.824298319138283,298.84120856180306,18199.9843548936,mean_revert
2021-02-22,2021-03-15,PNB.NS-SBIN.NS,1,-1.6284958344621898,-0.8679653244385537,21,PNB.NS,SBIN.NS,38.08836364746094,359.3981018066406,37.85639572143555,354.2309265136719,262.54737779123843,-27.824298319138283,82.87045610920497,18282.854811002806,max_holding
2021-03-16,2021-04-05,ICICIBANK.NS-SBIN.NS,1,-1.5071343159182737,-1.020072608843227,20,ICICIBANK.NS,SBIN.NS,579.8682861328125,349.2943115234375,556.7691040039062,326.2264709472656,17.245295594092223,-28.629152179390715,262.0604945103878,18544.915305513194,max_holding
2021-04-05,2021-04-26,HDFCBANK.NS-ICICIBANK.NS,1,-1.531416002054826,-2.2487081563860007,21,HDFCBANK.NS,ICICIBANK.NS,1376.4425048828125,556.7691040039062,1333.903564453125,576.1158447265625,7.265105490803903,-17.960766730924497,-656.5321868120093,17888.383118701186,max_holding
2021-04-06,2021-04-26,HDFCBANK.NS-SBIN.NS,1,-1.942936885032103,-1.6328003173684311,20,HDFCBANK.NS,SBIN.NS,1367.564453125,323.4582824707031,1333.903564453125,317.6913146972656,7.312269617091288,-30.91588789631856,-67.84656433436828,17820.536554366816,max_holding
2021-04-29,2021-05-12,ICICIBANK.NS-SBIN.NS,-1,1.5024898385452343,-0.20784793300181717,13,ICICIBANK.NS,SBIN.NS,605.696533203125,331.62432861328125,579.6734008789062,339.28289794921875,-16.509917841392735,30.154603076969515,660.5808951111885,18481.117449478006,mean_revert
2021-04-26,2021-05-17,HDFCBANK.NS-ICICIBANK.NS,1,-2.2487081563860007,-1.250308596168646,21,HDFCBANK.NS,ICICIBANK.NS,1333.903564453125,576.1158447265625,1367.564453125,607.7919921875,7.4967938211483895,-17.357620158400998,-297.4737934987751,18183.64365597923,max_holding
2021-04-26,2021-05-17,HDFCBANK.NS-SBIN.NS,1,-1.6328003173684311,-1.0881501731382752,21,HDFCBANK.NS,SBIN.NS,1333.903564453125,317.6913146972656,1367.564453125,353.49273681640625,7.4967938211483895,-31.477095965085475,-874.5760575210469,17309.067598458183,max_holding
2021-05-18,2021-05-27,ICICIBANK.NS-SBIN.NS,-1,1.5563921458689671,0.008068441532310679,9,ICICIBANK.NS,SBIN.NS,617.148681640625,352.7084045410156,635.7157592773438,392.3390808105469,-16.203550777125617,28.352032078773796,822.7576196278435,18131.825218086025,mean_revert
2021-05-21,2021-06-10,PNB.NS-SBIN.NS,1,-1.807566242547772,-1.8745419676941577,20,PNB.NS,SBIN.NS,35.3047981262207,370.1939392089844,39.43375015258789,402.5265808105469,283.24761875845564,-27.012867961500397,296.11845100688345,18427.94366909291,max_holding
2021-06-04,2021-06-24,ICICIBANK.NS-SBIN.NS,1,-1.5051131354810847,-0.7940097083886342,20,ICICIBANK.NS,SBIN.NS,626.4078979492188,403.7837524414063,617.9771728515625,388.5115051269531,15.964038819974574,-24.765731507364492,243.63995376429762,18671.583622857208,max_holding
2021-06-10,2021-06-30,PNB.NS-SBIN.NS,1,-1.8745419676941577,-0.8647230098815849,20,PNB.NS,SBIN.NS,39.43375015258789,402.5265808105469,39.24817657470703,390.37396240234375,253.58988078245804,-24.84307987776489,254.84888834780494,18926.432511205014,max_holding
2021-07-06,2021-07-12,HDFCBANK.NS-ICICIBANK.NS,-1,2.1825905850360954,0.14823120665186884,6,HDFCBANK.NS,ICICIBANK.NS,1463.5548095703125,633.8151245117188,1418.0660400390625,629.8677978515625,-6.83267885466887,15.777471400203401,248.5313202132018,19174.963831418216,mean_revert
2021-07-06,2021-07-19,HDFCBANK.NS-PNB.NS,-1,1.8911296082819562,-0.0007896165909396337,13,HDFCBANK.NS,PNB.NS,1463.5548095703125,38.83064270019531,1402.807861328125,37.39247131347656,-6.83267885466887,257.5285729161959,44.69416390947265,19219.65799532769,mean_revert
2021-07-28,2021-08-06,HDFCBANK.NS-SBIN.NS,1,-2.748008730218256,0.0712877659633199,9,HDFCBANK.NS,SBIN.NS,1351.5972900390625,396.2407531738281,1423.4541015625,405.6927795410156,7.398653484804627,-25.237181990750628,293.1011393747457,19512.759134702435,mean_revert
2021-07-22,2021-08-11,HDFCBANK.NS-ICICIBANK.NS,1,-1.7414676037083914,-0.6755408334586058,20,HDFCBANK.NS,ICICIBANK.NS,1381.54150390625,639.322021484375,1425.6474609375,677.9480590820312,7.238291409795091,-15.641569762890452,-284.9200918476815,19227.839042854754,max_holding
2021-07-23,2021-08-12,ICICIBANK.NS-PNB.NS,-1,2.2517874531813455,2.0176047582729697,20,ICICIBANK.NS,PNB.NS,659.4972534179688,37.16050720214844,685.5726318359375,35.07283401489258,-15.163065423203989,269.10289317638404,-957.1815635837762,18270.657479270976,max_holding
2021-07-26,2021-08-16,ICICIBANK.NS-SBIN.NS,-1,1.804203744030145,2.2477144866906325,21,ICICIBANK.NS,SBIN.NS,659.5946655273438,394.1920166015625,686.8434448242188,395.6354370117188,-15.160826068847953,25.368347350645866,-376.49681317049,17894.160666100484,max_holding
2021-08-04,2021-08-16,PNB.NS-SBIN.NS,1,-2.080456626845991,-0.12038173808939343,12,PNB.NS,SBIN.NS,36.55740737915039,425.5281372070313,34.74809265136719,395.6354370117188,273.54237395136647,-23.500208624593775,207.56044507929101,18101.721111179777,mean_revert
2021-08-20,2021-08-30,PNB.NS-SBIN.NS,-1,1.9509322922083887,0.04279384357248265,10,PNB.NS,SBIN.NS,33.03156280517578,378.7335205078125,34.098594665527344,393.63330078125,-302.7407470539989,26.40378909844533,70.37663341976958,18172.097744599545,mean_revert
2021-08-13,2021-09-02,HDFCBANK.NS-PNB.NS,-1,1.6345160025451633,2.2890167487551043,20,HDFCBANK.NS,PNB.NS,1455.4488525390625,35.02644729614258,1515.3375244140625,34.74809265136719,-6.870732683292017,285.498552435299,-490.9489033575298,17681.148841242015,max_holding
2021-08-16,2021-09-06,ICICIBANK.NS-SBIN.NS,-1,2.2477144866906325,1.5456080553513607,21,ICICIBANK.NS,SBIN.NS,686.8434448242188,395.6354370117188,704.92724609375,401.40911865234375,-14.559358577789531,25.275794492857315,-117.3541565169717,17563.794684725042,max_holding
2021-08-16,2021-09-06,HDFCBANK.NS-SBIN.NS,-1,1.5830931598037845,1.3636034424136034,21,HDFCBANK.NS,SBIN.NS,1459.6448974609375,395.6354370117188,1493.11767578125,401.40911865234375,-6.850981370465563,25.275794492857315,-83.3869900745652,17480.407694650476,max_holding
2021-09-02,2021-09-22,HDFCBANK.NS-PNB.NS,-1,2.2890167487551043,0.44211701321106145,20,HDFCBANK.NS,PNB.NS,1515.3375244140625,34.74809265136719,1462.60107421875,35.39759063720703,-6.599189843112156,287.78558007000544,534.9340010999159,18015.34169575039,max_holding
2021-09-06,2021-09-27,ICICIBANK.NS-SBIN.NS,-1,1.5456080553513607,0.9756151024923384,21,ICICIBANK.NS,SBIN.NS,704.92724609375,401.40911865234375,713.578125,415.8898315429688,-14.185861101856284,24.912239247511703,238.0268174327373,18253.368513183126,max_holding
2021-09-15,2021-10-05,PNB.NS-SBIN.NS,1,-1.9905765807688098,-2.3334700906317916,20,PNB.NS,SBIN.NS,35.95429992675781,413.3289184570313,38.08836364746094,432.7452087402344,278.1308500060052,-24.193806804833027,123.79498062776639,18377.16349381089,max_holding
2021-09-24,2021-10-14,HDFCBANK.NS-SBIN.NS,-1,1.5148803119005037,1.675665708596509,20,HDFCBANK.NS,SBIN.NS,1527.305908203125,410.4421081542969,1609.176025390625,456.86419677734375,-6.547476799696923,24.363971925221463,594.9837710484322,18972.147264859323,max_holding
2021-09-24,2021-10-14,HDFCBANK.NS-PNB.NS,-1,1.7328760256549196,2.227535621453382,20,HDFCBANK.NS,PNB.NS,1527.305908203125,35.165626525878906,1609.176025390625,39.48014450073242,-6.547476799696923,284.36860047526386,690.8707453608394,19663.018010220163,max_holding
2021-09-27,2021-10-18,HDFCBANK.NS-ICICIBANK.NS,-1,1.5947045215062492,1.5243426207811437,21,HDFCBANK.NS,ICICIBANK.NS,1549.763916015625,713.578125,1592.8687744140625,728.6805419921875,-6.452595712584121,14.013882502353894,-66.49472726323495,19596.52328295693,max_holding
2021-10-12,2021-10-19,ICICIBANK.NS-SBIN.NS,1,-1.8035285659550404,-0.17385885476930726,7,ICICIBANK.NS,SBIN.NS,692.6594848632812,449.7867736816406,730.6356201171875,454.6292114257813,14.437108302896947,-22.232756908672478,440.60483637524726,20037.128119332177,mean_revert
2021-10-06,2021-10-26,PNB.NS-SBIN.NS,1,-1.7409958261839642,-2.43221213180382,20,PNB.NS,SBIN.NS,37.021331787109375,425.7609252929688,42.54205703735352,477.3047790527344,270.11453984164734,-23.48735970338033,280.59912680781486,20317.72724613999,max_holding
2021-10-14,2021-10-27,HDFCBANK.NS-SBIN.NS,-1,1.675665708596509,0.014875839458870586,13,HDFCBANK.NS,SBIN.NS,1609.176025390625,456.86419677734375,1566.6435546875,483.4509887695313,-6.214360543665517,21.888342467058273,846.2529159875533,21163.980162127544,mean_revert
2021-10-14,2021-10-28,HDFCBANK.NS-PNB.NS,-1,2.227535621453382,0.28302358166325614,14,HDFCBANK.NS,PNB.NS,1609.176025390625,39.48014450073242,1519.7242431640625,38.36671829223633,-6.214360543665517,253.29187941078797,273.86380909410695,21437.84397122165,mean_revert
2021-10-18,2021-11-08,HDFCBANK.NS-ICICIBANK.NS,-1,1.5243426207811437,-0.9397295653574638,21,HDFCBANK.NS,ICICIBANK.NS,1592.8687744140625,728.6805419921875,1526.06591796875,762.5999755859375,-6.27798106198579,13.723434926175392,884.8782073067829,22322.72217852843,max_holding
2021-10-26,2021-11-11,ICICIBANK.NS-SBIN.NS,-1,2.5034609362559928,-0.24958599355516745,16,ICICIBANK.NS,SBIN.NS,810.7420654296875,477.3047790527344,754.0956420898438,474.5576477050781,-12.334379115631643,20.950973966458367,641.1433836710098,22963.86556219944,mean_revert
2021-10-25,2021-11-15,ICICIBANK.NS-PNB.NS,-1,5.393781525636656,0.9679697988733967,21,ICICIBANK.NS,PNB.NS,822.765380859375,41.66059875488281,755.904052734375,38.59867858886719,-12.154133161941065,240.03495626255142,77.67361228650054,23041.53917448594,max_holding
2021-10-26,2021-11-15,PNB.NS-SBIN.NS,1,-2.43221213180382,-1.13717646274061,20,PNB.NS,SBIN.NS,42.54205703735352,477.3047790527344,38.59867858886719,471.7173461914063,235.06150610487933,-20.950973966458367,-809.874316825702,22231.66485766024,max_holding
2021-11-03,2021-11-23,HDFCBANK.NS-SBIN.NS,1,-2.24887426730464,-2.0562372367675463,20,HDFCBANK.NS,SBIN.NS,1508.137451171875,491.3664855957031,1445.292724609375,459.1456909179688,6.630695360180635,-20.351408354350017,239.03431315844932,22470.699170818687,max_holding
2021-11-09,2021-11-29,HDFCBANK.NS-ICICIBANK.NS,1,-1.7144646367403826,-1.0896018976846404,20,HDFCBANK.NS,ICICIBANK.NS,1499.3641357421875,768.85595703125,1431.6553955078125,702.2390747070312,6.669493928537904,-13.006337414114036,414.8586170830041,22885.557787901693,max_holding
2021-11-17,2021-12-07,HDFCBANK.NS-PNB.NS,1,-1.5390099409097844,-1.0300619116231142,20,HDFCBANK.NS,PNB.NS,1459.835693359375,37.71722030639648,1454.9720458984375,35.72233581542969,6.850085968913387,-265.1308850112715,495.5890873553756,23381.14687525707,max_holding
2021-11-26,2021-12-16,HDFCBANK.NS-SBIN.NS,1,-1.8605985508997682,-1.2274644203133354,20,HDFCBANK.NS,SBIN.NS,1420.8316650390625,438.1463623046875,1430.5587158203125,448.0639953613281,7.038131431090448,-22.823423541391833,-157.89407794448897,23223.25279731258,max_holding
2021-12-23,2022-01-03,HDFCBANK.NS-SBIN.NS,1,-1.5531575942586173,-0.22840080476765914,11,HDFCBANK.NS,SBIN.NS,1377.1549072265625,430.0445861816406,1449.2025146484375,438.42572021484375,7.261347251151936,-23.253402836179962,328.27281020681596,23551.525607519397,mean_revert
2021-12-20,2022-01-04,HDFCBANK.NS-PNB.NS,1,-2.406715486964269,-0.24958345835443782,15,HDFCBANK.NS,PNB.NS,1359.5601806640625,34.098594665527344,1457.68994140625,35.58315658569336,7.3553198616891,-293.2672181387493,286.40243372800364,23837.9280412474,mean_revert
2021-12-21,2022-01-04,PNB.NS-SBIN.NS,-1,1.6181550982055628,0.0835734275418855,14,PNB.NS,SBIN.NS,34.2841682434082,415.3310546875,35.58315658569336,450.2524108886719,-291.6798193557662,24.077178643730647,461.9190467139857,24299.847087961385,mean_revert
2021-12-20,2022-01-05,HDFCBANK.NS-ICICIBANK.NS,1,-1.6569112270891193,-0.2648408823678701,16,HDFCBANK.NS,ICICIBANK.NS,1359.5601806640625,693.9791870117188,1492.30712890625,770.322265625,7.3553198616891,-14.409654046053022,-123.68108664363547,24176.16600131775,mean_revert
2022-01-07,2022-01-27,ICICIBANK.NS-SBIN.NS,-1,1.6643687213215248,-0.3411466025090748,20,ICICIBANK.NS,SBIN.NS,775.4052124023438,457.469482421875,776.7738037109375,492.5770568847656,-12.896482819632093,21.859381629260405,749.779853963626,24925.945855281374,max_holding
2022-01-13,2022-02-02,HDFCBANK.NS-ICICIBANK.NS,1,-1.5875365795961272,-0.8347039098896801,20,HDFCBANK.NS,ICICIBANK.NS,1457.1654052734375,806.1478271484375,1460.217041015625,795.444091796875,6.862638904142456,-12.404672769971606,153.7186086181174,25079.66446389949,max_holding
2022-02-07,2022-02-11,HDFCBANK.NS-ICICIBANK.NS,1,-1.7132437195570207,-0.24677386381582234,4,HDFCBANK.NS,ICICIBANK.NS,1400.08984375,768.7094116210938,1448.4395751953125,773.0103759765625,7.142398785792206,-13.008816919401948,289.3826052912127,25369.047069190703,mean_revert
2022-01-25,2022-02-14,HDFCBANK.NS-SBIN.NS,1,-2.066611274681529,-1.1136929755529255,20,HDFCBANK.NS,SBIN.NS,1419.0675048828125,479.2604370117188,1405.3824462890625,466.9215393066406,7.046881114246786,-20.865481954554664,161.0200664527472,25530.06713564345,max_holding
2022-01-27,2022-02-16,PNB.NS-SBIN.NS,1,-1.7215496159404704,-0.8837799857663008,20,PNB.NS,SBIN.NS,38.181148529052734,492.5770568847656,35.768733978271484,481.1694641113281,261.90935540848955,-20.301392158302285,-400.2439254974082,25129.82321014604,max_holding
2022-02-17,2022-03-09,ICICIBANK.NS-SBIN.NS,1,-1.7115619378212275,-2.133493302735289,20,ICICIBANK.NS,SBIN.NS,733.4703369140625,477.6773071289063,652.4352416992188,420.6391296386719,13.633816524977828,-20.93463484816831,89.25579791978271,25219.079008065826,max_holding
2022-03-02,2022-03-10,HDFCBANK.NS-ICICIBANK.NS,1,-2.137006941673852,-0.0063637619929740406,8,HDFCBANK.NS,ICICIBANK.NS,1310.54296875,698.7689208984375,1328.1376953125,661.3793334960938,7.63042512794375,-14.310882612155341,669.333239913663,25888.41224797949,mean_revert
2022-03-07,2022-03-14,PNB.NS-SBIN.NS,-1,1.9439136762682347,0.2604540474719107,7,PNB.NS,SBIN.NS,31.732568740844727,410.0230407714844,34.14498519897461,451.7889404296875,-315.1336433450612,24.388873320836716,258.3896481786352,26146.801896158126,mean_revert
2022-02-24,2022-03-16,HDFCBANK.NS-PNB.NS,1,-2.1970752268918607,-0.4853282194028072,20,HDFCBANK.NS,PNB.NS,1353.599853515625,29.691293716430664,1381.0172119140625,33.30992126464844,7.387707655277585,-336.79906626857985,-1016.1989508858807,25130.602945272243,max_holding
2022-02-24,2022-03-16,HDFCBANK.NS-SBIN.NS,1,-1.7515030752495058,-0.6122443059738426,20,HDFCBANK.NS,SBIN.NS,1353.599853515625,440.14849853515625,1381.0172119140625,458.8663635253906,7.387707655277585,-22.719604936244632,-222.7110693004636,24907.891875971778,max_holding
2022-03-09,2022-03-29,ICICIBANK.NS-SBIN.NS,1,-2.133493302735289,-1.088542817882956,20,ICICIBANK.NS,SBIN.NS,652.4352416992188,420.6391296386719,699.2088012695312,460.9616394042969,15.327191667261488,-23.773347022161204,-241.69370496843464,24666.198171003343,max_holding
2022-04-04,2022-04-11,HDFCBANK.NS-ICICIBANK.NS,-1,4.719566210929623,0.19284991884282288,7,HDFCBANK.NS,ICICIBANK.NS,1579.99462890625,729.8046875,1426.7919921875,742.51220703125,-6.329135439480887,13.702296205106247,1143.762434127917,25809.96060513126,mean_revert
2022-04-04,2022-04-12,HDFCBANK.NS-PNB.NS,-1,2.989956531501316,0.2802857620342995,8,HDFCBANK.NS,PNB.NS,1579.99462890625,34.237770080566406,1424.2647705078125,34.098594665527344,-6.329135439480887,292.0750964933919,944.985692997849,26754.946298129107,mean_revert
2022-04-18,2022-05-09,HDFCBANK.NS-SBIN.NS,1,-1.8660865901206696,-1.6009574283089165,21,HDFCBANK.NS,SBIN.NS,1330.760009765625,474.4645690917969,1258.6646728515625,443.1750183105469,7.514502935627899,-21.076389369055825,117.71013456266473,26872.656432691772,max_holding
2022-04-19,2022-05-09,HDFCBANK.NS-PNB.NS,1,-2.094971696236902,-1.6427951582597125,20,HDFCBANK.NS,PNB.NS,1279.9786376953125,33.124351501464844,1258.6646728515625,31.08307456970215,7.81263038733652,-301.89270270114645,449.7284804784402,27322.38491317021,max_holding
2022-04-20,2022-05-10,HDFCBANK.NS-ICICIBANK.NS,1,-2.3692088241636267,-1.1551013793858,20,HDFCBANK.NS,ICICIBANK.NS,1291.5179443359375,738.5533447265625,1278.882080078125,695.2987670898438,7.742826991956137,-13.539983362613217,487.8289507159492,27810.21386388616,max_holding
2022-05-13,2022-05-20,ICICIBANK.NS-PNB.NS,1,-1.5688516032013913,-0.29522507522155655,7,ICICIBANK.NS,PNB.NS,662.1124877929688,27.18609046936035,693.588134765625,27.789194107055664,15.103173832792637,-367.8351622963346,253.5394432744756,28063.753307160638,mean_revert
2022-05-09,2022-05-26,HDFCBANK.NS-PNB.NS,1,-1.6427951582597125,-0.2484325578532871,17,HDFCBANK.NS,PNB.NS,1258.6646728515625,31.08307456970215,1318.496826171875,28.067550659179688,7.944927839552803,-321.718495947868,1445.511957603062,29509.2652647637,mean_revert
2022-05-31,2022-06-20,ICICIBANK.NS-SBIN.NS,-1,2.617997368607026,-0.10364360337750636,20,ICICIBANK.NS,SBIN.NS,735.9140625,442.7142639160156,670.5191040039062,411.1256408691406,-13.588543159548605,22.58793270301549,175.10052437732304,29684.365789141022,mean_revert
2022-06-13,2022-06-27,ICICIBANK.NS-PNB.NS,1,-1.8231531754753076,-0.2727166988452884,14,ICICIBANK.NS,PNB.NS,672.5230102539062,27.928375244140625,701.2127075195312,28.02085494995117,14.869379705275172,-358.05878117088105,393.4848315264082,30077.850620667432,mean_revert
2022-07-11,2022-07-13,HDFCBANK.NS-SBIN.NS,-1,1.5582060702327427,-0.269735274222828,2,HDFCBANK.NS,SBIN.NS,1356.5555419921875,461.7242126464844,1309.958984375,460.1164245605469,-7.371611180264959,21.657950192134333,308.67031080797835,30386.52093147541,mean_revert
2022-07-08,2022-07-14,HDFCBANK.NS-PNB.NS,-1,1.5739531307907435,0.16403604995812007,6,HDFCBANK.NS,PNB.NS,1347.82470703125,29.06393241882324,1303.39892578125,28.826868057250977,-7.419362434768118,344.0690631913081,248.04445973926204,30634.565391214674,mean_revert
2022-07-11,2022-08-01,ICICIBANK.NS-SBIN.NS,-1,2.100150613414397,1.781305580414254,21,ICICIBANK.NS,SBIN.NS,752.1895751953125,461.7242126464844,804.8770751953125,504.803955078125,-13.294520862514497,21.657950192134333,232.56384793071607,30867.12923914539,max_holding
2022-07-11,2022-08-01,ICICIBANK.NS-PNB.NS,-1,2.001736523534194,2.3143514317447154,21,ICICIBANK.NS,PNB.NS,752.1895751953125,29.443233489990234,804.8770751953125,31.67162704467773,-13.294520862514497,339.63660966108506,56.38896396094242,30923.51820310633,max_holding
2022-07-19,2022-08-01,HDFCBANK.NS-ICICIBANK.NS,1,-2.8750589001346154,-0.002367601248252959,13,HDFCBANK.NS,ICICIBANK.NS,1300.5048828125,763.0887451171875,1395.144775390625,804.8770751953125,7.689321379842714,-13.10463568488918,180.09570783326967,31103.6139109396,mean_revert
2022-07-18,2022-08-08,PNB.NS-SBIN.NS,1,-1.6176282774081145,-1.3876255011403724,21,PNB.NS,SBIN.NS,29.727710723876957,463.7103271484375,31.62421417236328,492.177978515625,336.3864810473991,-21.565187175136856,24.04789116063307,31127.661802100232,max_holding
2022-08-05,2022-08-08,HDFCBANK.NS-ICICIBANK.NS,1,-1.5379170670441795,-0.10305207551268541,3,HDFCBANK.NS,ICICIBANK.NS,1376.718505859375,819.3441162109375,1410.484130859375,823.03173828125,7.263649001186195,-12.204884128838405,200.25464822656636,31327.9164503268,mean_revert
2022-07-27,2022-08-16,HDFCBANK.NS-PNB.NS,-1,1.6097228502857295,2.624265605831881,20,HDFCBANK.NS,PNB.NS,1354.8673095703125,30.39148712158203,1449.169677734375,31.81386375427246,-7.380796576434807,329.0395089912747,-228.00848727388552,31099.907963052916,max_holding
2022-08-01,2022-08-22,ICICIBANK.NS-SBIN.NS,-1,1.781305580414254,1.9834253024764879,21,ICICIBANK.NS,SBIN.NS,804.8770751953125,504.803955078125,838.0772705078125,483.5715026855469,-12.424257452696596,19.809670465938346,-833.0956591230076,30266.81230392991,max_holding
2022-08-01,2022-08-22,ICICIBANK.NS-PNB.NS,-1,2.3143514317447154,1.529649000635886,21,ICICIBANK.NS,PNB.NS,804.8770751953125,31.67162704467773,838.0772705078125,30.72337532043457,-12.424257452696596,315.7400150580661,-711.8887877336833,29554.923516196228,max_holding
2022-08-08,2022-08-29,HDFCBANK.NS-SBIN.NS,-1,2.4034097292288488,0.656683163582805,21,HDFCBANK.NS,SBIN.NS,1410.484130859375,492.177978515625,1388.6328125,486.928955078125,-7.089764273992387,20.317853371171367,48.271807698963926,29603.19532389519,max_holding
2022-08-12,2022-09-01,PNB.NS-SBIN.NS,1,-1.5953991927519018,-1.1483429110754497,20,PNB.NS,SBIN.NS,31.576799392700195,501.91937255859375,33.94743347167969,504.3783874511719,316.68820755506215,-19.923518689911905,701.759628069909,30304.954951965097,max_holding
2022-08-16,2022-09-05,HDFCBANK.NS-PNB.NS,-1,2.624265605831881,1.4939666992237075,20,HDFCBANK.NS,PNB.NS,1449.169677734375,31.81386375427246,1442.320068359375,33.85261154174805,-6.900503201001247,314.3283719713876,688.102024315265,30993.05697628036,max_holding
2022-08-22,2022-09-12,ICICIBANK.NS-SBIN.NS,-1,1.9834253024764879,1.365589543942329,21,ICICIBANK.NS,SBIN.NS,838.0772705078125,483.5715026855469,892.1134643554688,524.8070068359375,-11.932073988763284,20.679465072826517,207.96430477700608,31201.02128105737,max_holding
2022-08-25,2022-09-14,HDFCBANK.NS-ICICIBANK.NS,1,-1.5724763094512026,-0.3781300716464817,20,HDFCBANK.NS,ICICIBANK.NS,1413.18505859375,857.843017578125,1474.7349853515625,902.8322143554688,7.076214073442672,-11.657144483418595,-88.90510908344777,31112.11617197392,max_holding
2022-09-14,2022-09-23,HDFCBANK.NS-PNB.NS,-1,1.6983559703060258,0.027874452629257914,9,HDFCBANK.NS,PNB.NS,1474.7349853515625,38.02491760253906,1395.144775390625,36.17582702636719,-6.780879343969789,262.9854482401893,53.407696695069205,31165.52386866899,mean_revert
2022-09-13,2022-09-28,PNB.NS-SBIN.NS,1,-1.5185140031898279,0.03695655061439568,15,PNB.NS,SBIN.NS,37.503379821777344,527.7388916015625,33.04659652709961,496.3866271972656,266.6426345444533,-18.94876454841592,-594.2817630298766,30571.242105639114,mean_revert
2022-09-29,2022-10-04,HDFCBANK.NS-SBIN.NS,1,-1.5386042011398127,0.051861884714889256,5,HDFCBANK.NS,SBIN.NS,1333.594970703125,493.4547424316406,1401.7530517578125,503.8109436035156,7.498528578529054,-20.265282993779966,301.2139711577114,30872.456076796825,mean_revert
2022-09-16,2022-10-06,HDFCBANK.NS-ICICIBANK.NS,1,-1.5160101346921513,-2.130159503483009,20,HDFCBANK.NS,ICICIBANK.NS,1440.1011962890625,893.9818725585938,1386.3175048828125,870.7252197265625,6.9439564565105485,-11.185909140841751,-113.32480569619906,30759.131271100625,max_holding
2022-10-06,2022-10-27,HDFCBANK.NS-ICICIBANK.NS,1,-2.130159503483009,-1.7925745162455733,21,HDFCBANK.NS,ICICIBANK.NS,1386.3175048828125,870.7252197265625,1403.103759765625,909.0275268554688,7.213354779679649,-11.484679406828645,-318.80450602551923,30440.326765075104,max_holding
2022-10-27,2022-10-31,HDFCBANK.NS-ICICIBANK.NS,1,-1.7925745162455733,0.12866167129413578,4,HDFCBANK.NS,ICICIBANK.NS,1403.103759765625,909.0275268554688,1443.9117431640625,893.5885620117188,7.127056663058478,-11.000766978522924,460.6812646215151,30901.00802969662,mean_revert
2022-10-18,2022-11-07,PNB.NS-SBIN.NS,1,-1.6462529406549193,-3.1122740565651026,20,PNB.NS,SBIN.NS,36.839599609375,531.947509765625,39.684356689453125,580.8438110351562,271.447032704861,-18.79884728552631,-146.99323223965257,30754.014797456966,max_holding
2022-11-04,2022-11-24,ICICIBANK.NS-SBIN.NS,1,-2.4959949968089905,-0.13819046156016754,20,ICICIBANK.NS,SBIN.NS,890.2450561523438,561.7392578125,923.2371215820312,576.3040771484375,11.232862155079179,-17.801853548462244,111.31454240486232,30865.32933986183,mean_revert
2022-11-07,2022-11-28,PNB.NS-SBIN.NS,1,-3.1122740565651026,-1.2499887285535047,21,PNB.NS,SBIN.NS,39.684356689453125,580.8438110351562,50.63667297363281,575.5947875976562,251.98846180761424,-17.216332187784538,2850.226264842391,33715.55560470422,max_holding
2022-11-11,2022-12-01,HDFCBANK.NS-PNB.NS,-1,3.2521456551415193,1.5369666872789916,20,HDFCBANK.NS,PNB.NS,1554.3253173828125,42.43428802490234,1562.380859375,50.49443817138672,-6.433659600191094,235.65848434010613,1847.6161520014143,35563.17175670563,max_holding
2022-11-11,2022-12-01,HDFCBANK.NS-SBIN.NS,-1,2.5881587818188314,1.5543500899190068,20,HDFCBANK.NS,SBIN.NS,1554.3253173828125,568.690673828125,1562.380859375,575.121826171875,-6.433659600191094,17.584251791374186,61.260387048406635,35624.43214375404,max_holding
2022-11-11,2022-12-01,HDFCBANK.NS-ICICIBANK.NS,-1,3.6810504401887,1.4059199582021853,20,HDFCBANK.NS,ICICIBANK.NS,1554.3253173828125,891.4743041992188,1562.380859375,924.564697265625,-6.433659600191094,11.217373235432357,319.3606744602623,35943.79281821431,max_holding
2022-12-01,2022-12-21,HDFCBANK.NS-PNB.NS,-1,1.5369666872789916,0.9299826055343915,20,HDFCBANK.NS,PNB.NS,1562.380859375,50.49443817138672,1560.5477294921875,50.39960861206055,-6.400488037212837,198.04161333686488,-7.047273035380245,35936.74554517893,max_holding
2022-12-01,2022-12-21,HDFCBANK.NS-SBIN.NS,-1,1.5543500899190068,1.1570876118609454,20,HDFCBANK.NS,SBIN.NS,1562.380859375,575.121826171875,1560.5477294921875,561.2191162109375,-6.400488037212837,17.387620404814026,-230.0021175134093,35706.74342766552,max_holding
2022-12-12,2023-01-02,HDFCBANK.NS-ICICIBANK.NS,-1,1.6319939486332902,1.0366866560820902,21,HDFCBANK.NS,ICICIBANK.NS,1585.7755126953125,914.8292846679688,1571.2562255859375,887.4425048828125,-6.306062819070267,10.931001190707875,-207.80538584136144,35498.938041824156,max_holding
2022-12-14,2023-01-03,ICICIBANK.NS-SBIN.NS,1,-2.1389683412486122,-1.6333074969486308,20,ICICIBANK.NS,SBIN.NS,906.4215087890624,591.5782470703125,886.3607788085938,579.1886596679688,11.032394866003942,-16.903934601252235,-11.885119259096257,35487.05292256506,max_holding
2023-01-03,2023-01-23,ICICIBANK.NS-SBIN.NS,1,-1.6333074969486308,-1.4663935507639092,20,ICICIBANK.NS,SBIN.NS,886.3607788085938,579.1886596679688,857.203857421875,567.8867797851562,11.282087654466785,-17.265531417228882,-133.81798062891193,35353.23494193615,max_holding
2023-01-23,2023-01-27,HDFCBANK.NS-PNB.NS,-1,1.6736354219568175,0.18056821005833354,4,HDFCBANK.NS,PNB.NS,1614.09033203125,53.86073303222656,1558.811279296875,48.17121505737305,-6.195440119770442,185.66401600989514,-713.8606952783364,34639.37424665781,mean_revert
2023-01-18,2023-02-07,PNB.NS-SBIN.NS,-1,1.5012683677674337,2.012576501896057,20,PNB.NS,SBIN.NS,53.81332015991211,559.3748779296875,48.64533996582031,517.429931640625,-185.8275975220246,17.87709887331941,210.49939146384258,34849.87363812165,max_holding
2023-01-19,2023-02-08,HDFCBANK.NS-ICICIBANK.NS,-1,1.634592995980104,1.5703604484141724,20,HDFCBANK.NS,ICICIBANK.NS,1586.1131591796875,851.7461547851562,1595.663818359375,844.8133544921875,-6.304720405429232,11.74058719704158,-141.6093821747508,34708.2642559469,max_holding
2023-01-20,2023-02-09,HDFCBANK.NS-SBIN.NS,-1,1.7025495198913136,1.8999487533465405,20,HDFCBANK.NS,SBIN.NS,1602.3687744140625,560.0841674804688,1592.335693359375,520.9293212890625,-6.240760653649592,17.85445934846698,-636.4745521389691,34071.78970380793,max_holding
2023-01-20,2023-02-09,ICICIBANK.NS-PNB.NS,1,-1.5615627935253416,-0.8818244493782718,20,ICICIBANK.NS,PNB.NS,855.8762817382812,54.00297164916992,846.485107421875,48.360870361328125,11.68393167723966,-185.17499490518702,935.0502381487153,35006.83994195665,max_holding
2023-02-03,2023-02-23,HDFCBANK.NS-PNB.NS,-1,1.7904145186784541,-0.797734479194045,20,HDFCBANK.NS,PNB.NS,1600.2945556640625,49.11946868896485,1546.703857421875,45.753173828125,-6.2488496037220935,203.58526398813825,-350.44781443211053,34656.39212752454,max_holding
2023-02-08,2023-02-24,HDFCBANK.NS-ICICIBANK.NS,-1,1.5703604484141724,-0.02058364032810759,16,HDFCBANK.NS,ICICIBANK.NS,1595.663818359375,844.8133544921875,1532.908203125,825.7360229492188,-6.266984238748843,11.836934095355232,167.47133537745225,34823.86346290199,mean_revert
2023-02-09,2023-02-27,HDFCBANK.NS-SBIN.NS,-1,1.8999487533465405,0.29680591112374066,18,HDFCBANK.NS,SBIN.NS,1592.335693359375,520.9293212890625,1536.718994140625,499.0821228027344,-6.280082800193248,19.196462152014327,-70.11144270314941,34753.75202019884,mean_revert
2023-02-28,2023-03-09,ICICIBANK.NS-SBIN.NS,-1,1.521913350960469,-0.1134311524646593,9,ICICIBANK.NS,SBIN.NS,840.634033203125,494.4478149414063,841.7157592773438,528.5900268554688,-11.895782950752446,20.22458123550416,677.6439598246781,35431.39598002352,mean_revert
2023-03-15,2023-03-21,ICICIBANK.NS-PNB.NS,1,-1.7282831240874863,-0.20756994426394554,6,ICICIBANK.NS,PNB.NS,812.16552734375,45.23163604736328,838.2247924804688,45.27904891967773,12.312760962295176,-221.08419844749207,310.3792656097577,35741.775245633275,mean_revert
2023-03-13,2023-03-31,HDFCBANK.NS-PNB.NS,1,-1.8561738335784093,0.0337839121245014,18,HDFCBANK.NS,PNB.NS,1513.227783203125,45.65835189819336,1552.7816162109375,44.18855667114258,6.608390429385653,-219.01797993710952,583.2987530442138,36325.073998677486,mean_revert
2023-03-22,2023-04-11,ICICIBANK.NS-SBIN.NS,-1,1.7748508794994615,1.4933724372788901,20,ICICIBANK.NS,SBIN.NS,845.8950805664062,493.2655944824219,867.2342529296875,503.2434692382813,-11.821797087771287,20.27305393252268,-49.985372642193,36275.08862603529,max_holding
2023-03-23,2023-04-12,HDFCBANK.NS-ICICIBANK.NS,1,-1.5541538216986892,0.9968711892855643,20,HDFCBANK.NS,ICICIBANK.NS,1508.018310546875,841.2240600585938,1625.4742431640625,875.3470458984375,6.631219216677517,-11.887439357480421,373.24111261656753,36648.32973865186,max_holding
2023-03-24,2023-04-13,PNB.NS-SBIN.NS,-1,1.5043865840915396,0.2737770582541357,20,PNB.NS,SBIN.NS,43.14547729492188,477.9441528320313,45.27904891967773,504.04736328125,-231.77400337107815,20.92294662618124,51.64964205238124,36699.979380704244,mean_revert
2023-04-05,2023-04-25,HDFCBANK.NS-SBIN.NS,-1,1.6250464474324238,0.3861620032603505,20,HDFCBANK.NS,SBIN.NS,1595.422607421875,494.6369323730469,1605.4559326171875,531.332763671875,-6.267931740142201,20.216848653060477,678.9858701157802,37378.96525082002,max_holding
2023-04-06,2023-04-26,HDFCBANK.NS-PNB.NS,-1,1.5232909636715908,1.1440743540600617,20,HDFCBANK.NS,PNB.NS,1607.578369140625,44.75751495361328,1612.836181640625,47.64967727661133,-6.22053654861366,223.42616676470993,613.4783266667647,37992.44357748679,max_holding
2023-04-06,2023-04-26,ICICIBANK.NS-PNB.NS,-1,1.5790285050716544,2.305733440733493,20,ICICIBANK.NS,PNB.NS,860.448974609375,44.75751495361328,899.734619140625,47.64967727661133,-11.621839638474531,223.42616676470993,189.61328065247102,38182.05685813926,max_holding
2023-04-12,2023-05-02,ICICIBANK.NS-SBIN.NS,-1,1.901025290570379,0.9568498426384882,20,ICICIBANK.NS,SBIN.NS,875.3470458984375,499.5549621582031,906.7656860351562,544.1006469726562,-11.424040381305238,20.017817372481865,532.7795697002888,38714.836427839546,max_holding
2023-05-04,2023-05-05,HDFCBANK.NS-PNB.NS,-1,2.1052178273075226,-0.20525151081115187,1,HDFCBANK.NS,PNB.NS,1666.861083984375,50.58926010131836,1568.3138427734375,49.64100646972656,-5.999300179290609,197.67041423362107,403.77279371008626,39118.60922154963,mean_revert
2023-05-04,2023-05-10,HDFCBANK.NS-SBIN.NS,-1,1.5644899566145867,-0.2926420031955498,6,HDFCBANK.NS,SBIN.NS,1666.861083984375,548.5457763671875,1593.8309326171875,541.1687622070312,-5.999300179290609,18.2300191357342,303.6466908865577,39422.25591243619,mean_revert
2023-04-25,2023-05-15,PNB.NS-SBIN.NS,1,-1.6917823899835822,-1.9657964582266043,20,PNB.NS,SBIN.NS,47.22296524047852,531.332763671875,46.41695022583008,550.3427734375,211.76137392211476,-18.8205973426015,-528.4625861815584,38893.79332625463,max_holding
2023-04-26,2023-05-16,ICICIBANK.NS-PNB.NS,-1,2.305733440733493,1.9693303738295846,20,ICICIBANK.NS,PNB.NS,899.734619140625,47.64967727661133,930.6124267578124,46.46436309814453,-11.11438838437875,209.86501003876606,-591.9439182785752,38301.84940797606,max_holding
2023-05-05,2023-05-25,HDFCBANK.NS-ICICIBANK.NS,1,-2.1617094797389877,-1.8806539688798554,20,HDFCBANK.NS,ICICIBANK.NS,1568.3138427734375,911.5350341796876,1570.6375732421875,924.2205200195312,6.376274778213907,-10.970505383810334,-124.34944672299656,38177.49996125306,max_holding
2023-05-10,2023-05-30,ICICIBANK.NS-SBIN.NS,-1,1.581384347838529,0.6913872238720603,20,ICICIBANK.NS,SBIN.NS,920.4837036132812,541.1687622070312,934.152587890625,560.6515502929688,-10.863853385720835,18.478524073003253,211.51641391976986,38389.01637517283,max_holding
2023-05-16,2023-06-05,ICICIBANK.NS-PNB.NS,-1,1.9693303738295846,1.1006376304909067,20,ICICIBANK.NS,PNB.NS,930.6124267578124,46.46436309814453,931.0057983398438,49.451358795166016,-10.745611935184758,215.2187038242074,638.6303238746101,39027.646699047444,max_holding
2023-05-25,2023-06-14,HDFCBANK.NS-ICICIBANK.NS,1,-1.8806539688798554,-1.3098967359609683,20,HDFCBANK.NS,ICICIBANK.NS,1570.6375732421875,924.2205200195312,1562.9776611328125,924.17138671875,6.366841192623138,-10.819928559678239,-48.23782514548723,38979.40887390196,max_holding
2023-06-02,2023-06-21,HDFCBANK.NS-SBIN.NS,1,-1.5112726854272076,-0.041577792674412806,19,HDFCBANK.NS,SBIN.NS,1567.612548828125,566.1472778320312,1596.0081787109375,546.0447998046875,6.379127296139305,-17.663248401181704,536.214400552788,39515.623274454745,mean_revert
2023-07-04,2023-07-05,HDFCBANK.NS-SBIN.NS,-1,1.5858769888896453,0.19617480234082013,1,HDFCBANK.NS,SBIN.NS,1686.36669921875,568.123779296875,1632.7957763671875,569.4253540039062,-5.929908367280225,17.6017979961625,340.5807187304823,39856.20399318523,mean_revert
2023-06-28,2023-07-10,HDFCBANK.NS-PNB.NS,-1,1.5867035258094724,0.2103178738106545,12,HDFCBANK.NS,PNB.NS,1635.5767822265625,48.40889358520508,1616.353515625,58.20592498779297,-6.114051085016433,206.57361198307248,2141.3401975670104,41997.54419075224,mean_revert
2023-07-31,2023-08-03,PNB.NS-SBIN.NS,1,-2.4176683779874244,-0.12496884192619773,3,PNB.NS,SBIN.NS,59.40654754638672,597.9641723632812,57.10136413574219,569.3289184570312,168.3316134840465,-16.723409966984942,90.84384769247447,42088.38803844471,mean_revert
2023-07-17,2023-08-07,ICICIBANK.NS-PNB.NS,-1,1.6212808582939255,0.9276617190476618,21,ICICIBANK.NS,PNB.NS,952.5907592773438,59.88679504394531,959.4251708984376,58.01383209228516,-10.497687388429235,166.98171930326103,-384.4960905416135,41703.891947903096,max_holding
2023-07-18,2023-08-07,ICICIBANK.NS-SBIN.NS,-1,2.0050360944408987,3.098625198444541,20,ICICIBANK.NS,SBIN.NS,959.228515625,571.1126098632812,959.4251708984376,547.5392456054688,-10.425044540595572,17.509681676252782,-414.81224417738196,41289.079703725714,max_holding
2023-07-28,2023-08-17,HDFCBANK.NS-ICICIBANK.NS,1,-1.6878290147970456,-1.5476832831005105,20,HDFCBANK.NS,ICICIBANK.NS,1603.717041015625,979.6334838867188,1558.6353759765625,943.5274047851562,6.235513961781598,-10.207899346523728,87.45986949493835,41376.53957322065,max_holding
2023-08-07,2023-08-28,ICICIBANK.NS-SBIN.NS,-1,3.098625198444541,1.7562178454284398,21,ICICIBANK.NS,SBIN.NS,959.4251708984376,547.5392456054688,962.2660522460938,552.3117065429688,-10.422907698612564,18.2635310258756,57.551744332480624,41434.09131755313,max_holding
2023-08-17,2023-09-06,HDFCBANK.NS-PNB.NS,1,-1.6146920141661454,-1.058164765082062,20,HDFCBANK.NS,PNB.NS,1558.6353759765625,60.75123977661133,1556.87890625,63.10444641113281,6.415868749119404,-164.6056942503733,-398.62049101742,41035.47082653571,max_holding
2023-08-17,2023-09-06,HDFCBANK.NS-ICICIBANK.NS,1,-1.5476832831005105,-0.9200363189843808,20,HDFCBANK.NS,ICICIBANK.NS,1558.6353759765625,943.5274047851562,1556.87890625,949.3274536132812,6.415868749119404,-10.598526284752722,-72.74124918515868,40962.729577350554,max_holding
2023-08-24,2023-09-12,HDFCBANK.NS-SBIN.NS,1,-1.633526596517474,-0.13922616775091504,19,HDFCBANK.NS,SBIN.NS,1541.071044921875,556.2647705078125,1597.27685546875,567.2560424804688,6.48899350419432,-17.977050732281732,167.12848567190076,41129.85806302245,mean_revert
2023-08-28,2023-09-18,ICICIBANK.NS-SBIN.NS,-1,1.7562178454284398,0.5566673663442879,21,ICICIBANK.NS,SBIN.NS,962.2660522460938,552.3117065429688,981.7483520507812,582.2967529296875,-10.392136329301328,18.10571798775013,340.4380781489025,41470.296141171355,max_holding
2023-09-20,2023-10-10,HDFCBANK.NS-PNB.NS,1,-1.9895524605299455,-1.5221665883909032,20,HDFCBANK.NS,PNB.NS,1525.8486328125,73.42975616455078,1487.9390869140625,72.27716064453125,6.553730026003716,-136.18457315302427,-91.48320031480796,41378.812940856544,max_holding
2023-09-20,2023-10-10,HDFCBANK.NS-ICICIBANK.NS,1,-2.0632094965875916,-1.5370151546236204,20,HDFCBANK.NS,ICICIBANK.NS,1525.8486328125,978.724365234375,1487.9390869140625,943.0812377929688,6.553730026003716,-10.217381272208648,115.73049357601451,41494.543434432555,max_holding
2023-09-22,2023-10-12,ICICIBANK.NS-PNB.NS,1,-1.8567625000364971,-0.9685119049076394,20,ICICIBANK.NS,PNB.NS,942.1888427734376,74.43827819824219,946.1051635742188,72.75741577148438,10.61358354718348,-134.33948557176788,267.372391744221,41761.91582617677,max_holding
2023-09-22,2023-10-12,ICICIBANK.NS-SBIN.NS,1,-1.5779681906194174,-0.597841815503648,20,ICICIBANK.NS,SBIN.NS,942.1888427734376,576.7047119140625,946.1051635742188,565.0384521484375,10.61358354718348,-17.339896472859316,243.85793457808458,42005.773760754855,max_holding
2023-09-22,2023-10-12,HDFCBANK.NS-SBIN.NS,1,-2.921302364169415,-0.9944955659810096,20,HDFCBANK.NS,SBIN.NS,1492.6229248046875,576.7047119140625,1512.3338623046875,565.0384521484375,6.699615712594337,-17.339896472859316,334.34744314638647,42340.12120390124,max_holding
2023-10-10,2023-10-30,HDFCBANK.NS-PNB.NS,1,-1.5221665883909032,-1.6100493088153125,20,HDFCBANK.NS,PNB.NS,1487.9390869140625,72.27716064453125,1449.1512451171875,70.26012420654297,6.720705227752083,-138.35629278772223,18.388032840332414,42358.50923674157,max_holding
2023-10-10,2023-10-30,HDFCBANK.NS-ICICIBANK.NS,1,-1.5370151546236204,-1.4541829128144361,20,HDFCBANK.NS,ICICIBANK.NS,1487.9390869140625,943.0812377929688,1449.1512451171875,917.0056762695312,6.720705227752083,-10.603540394253145,15.811618779124046,42374.320855520695,max_holding
2023-10-27,2023-11-06,ICICIBANK.NS-SBIN.NS,1,-1.549575886244579,-0.19801920697708567,10,ICICIBANK.NS,SBIN.NS,904.9594116210938,541.03125,937.3803100585938,553.7579956054688,11.050219348607644,-18.483220701207184,123.02679137930826,42497.3476469,mean_revert
2023-10-19,2023-11-08,ICICIBANK.NS-PNB.NS,1,-1.610786348750026,-0.9235983115537527,20,ICICIBANK.NS,PNB.NS,927.7630615234376,71.07654571533203,927.7630615234376,72.8054428100586,10.778614082327715,-140.69338766195673,-243.244389175995,42254.103257724004,max_holding
2023-10-26,2023-11-15,HDFCBANK.NS-SBIN.NS,1,-1.6327275269400592,-0.9615041240287157,20,HDFCBANK.NS,SBIN.NS,1427.9765625,527.3885498046875,1467.984130859375,563.7369384765625,7.002916058014783,-18.96135212587264,-409.04495390951064,41845.05830381449,max_holding
2023-11-03,2023-11-17,HDFCBANK.NS-ICICIBANK.NS,1,-1.5839225945190178,-0.2525639031402875,14,HDFCBANK.NS,ICICIBANK.NS,1447.8338623046875,925.8297119140624,1468.6671142578125,913.981689453125,6.906869814525421,-10.801122356859748,271.8644993408491,42116.92280315534,mean_revert
2023-10-30,2023-11-20,HDFCBANK.NS-PNB.NS,1,-1.6100493088153125,-0.7737887459821089,21,HDFCBANK.NS,PNB.NS,1449.1512451171875,70.26012420654297,1468.7646484375,75.30271911621094,6.900590972608478,-142.32824255481106,-582.3595975146006,41534.56320564074,max_holding
2023-12-05,2023-12-19,ICICIBANK.NS-SBIN.NS,-1,2.5483643586942217,-0.2895183238103094,14,ICICIBANK.NS,SBIN.NS,1004.7998657226562,586.4425659179688,1006.7828369140624,631.902099609375,-9.952230629338269,17.051968225305792,755.43953741487,42290.002743055615,mean_revert
2023-12-04,2023-12-26,ICICIBANK.NS-PNB.NS,-1,1.6679971156281979,1.0135820434860647,22,ICICIBANK.NS,PNB.NS,982.7398071289062,80.44136810302734,986.6064453125,85.00370788574219,-10.175633394982949,124.3141462635524,527.8178824251443,42817.82062548076,max_holding
2023-12-05,2023-12-26,HDFCBANK.NS-PNB.NS,-1,1.5487333673607224,2.1081507580242755,21,HDFCBANK.NS,PNB.NS,1584.396240234375,81.64198303222656,1641.72412109375,85.00370788574219,-6.311552467784656,122.4860008122622,49.93630522746389,42867.75693070822,max_holding
2023-12-08,2023-12-28,HDFCBANK.NS-SBIN.NS,-1,1.9207280834886131,1.9417216987061794,20,HDFCBANK.NS,SBIN.NS,1613.1822509765625,592.131103515625,1663.9722900390625,628.0455322265625,-6.198927612764373,16.888151864726563,291.684550607296,43159.441481315516,max_holding
2023-12-08,2023-12-28,HDFCBANK.NS-ICICIBANK.NS,-1,1.7235466291605388,2.644027456929488,20,HDFCBANK.NS,ICICIBANK.NS,1613.1822509765625,1002.2220458984376,1663.9722900390625,997.3143310546876,-6.198927612764373,9.97782880642537,-363.8121141396025,42795.62936717591,max_holding
2024-01-03,2024-01-11,ICICIBANK.NS-SBIN.NS,1,-1.5416212727165446,0.2884513267245191,8,ICICIBANK.NS,SBIN.NS,975.6508178710938,620.3805541992188,982.6902465820312,597.9641723632812,10.249568612898178,-16.119138377746065,433.48386831022924,43229.11323548614,mean_revert
2023-12-26,2024-01-15,HDFCBANK.NS-PNB.NS,-1,2.1081507580242755,1.006388748113861,20,HDFCBANK.NS,PNB.NS,1641.72412109375,85.00370788574219,1632.3077392578125,94.32050323486328,-6.091157382360805,117.64192702560116,1153.402422308863,44382.515657795004,max_holding
2023-12-28,2024-01-17,HDFCBANK.NS-SBIN.NS,-1,1.9417216987061794,-1.3537899343469963,20,HDFCBANK.NS,SBIN.NS,1663.9722900390625,628.0455322265625,1500.2828369140625,603.55615234375,-6.009715462127825,15.922412447625817,593.7970303518293,44976.312688146834,max_holding
2023-12-28,2024-01-17,PNB.NS-SBIN.NS,1,-1.9693222191101487,-0.4513440873755151,20,PNB.NS,SBIN.NS,91.7271728515625,628.0455322265625,93.3600082397461,603.55615234375,109.01894922873618,-15.922412447625817,567.940005364002,45544.25269351083,max_holding
2024-01-03,2024-01-23,HDFCBANK.NS-ICICIBANK.NS,-1,1.79549582150562,-3.4341606885347615,20,HDFCBANK.NS,ICICIBANK.NS,1632.4052734375,975.6508178710938,1392.7991943359375,1020.2667846679688,-6.125929732475145,10.249568612898178,1925.1044169654103,47469.357110476245,max_holding
2024-01-23,2024-02-02,ICICIBANK.NS-SBIN.NS,-1,3.135445999111464,0.23903740843140703,10,ICICIBANK.NS,SBIN.NS,1020.2667846679688,583.405517578125,1015.2598266601562,626.3582763671875,-9.801357988199486,17.14073607241961,785.3168898520744,48254.67400032832,mean_revert
2024-01-19,2024-02-08,HDFCBANK.NS-PNB.NS,1,-1.6893342618469833,-2.0460726645644285,20,HDFCBANK.NS,PNB.NS,1435.051025390625,98.16246795654295,1369.08740234375,119.38939666748048,6.968393334500403,-101.87192934500234,-2622.0886530113703,45632.58534731695,max_holding
2024-01-19,2024-02-08,HDFCBANK.NS-SBIN.NS,1,-2.3455101750845535,-2.7304705312654076,20,HDFCBANK.NS,SBIN.NS,1435.051025390625,605.2434692382812,1369.08740234375,674.46923828125,6.968393334500403,-16.522276584967248,-1603.427774094334,44029.15757322261,max_holding
2024-01-24,2024-02-13,HDFCBANK.NS-ICICIBANK.NS,1,-2.3621631579002127,-1.968632432168811,20,HDFCBANK.NS,ICICIBANK.NS,1420.658203125,990.6715087890624,1360.695556640625,1011.0956420898438,7.038990784696244,-10.094163313754125,-628.2410531094854,43400.916520113125,max_holding
2024-02-08,2024-02-28,ICICIBANK.NS-SBIN.NS,1,-3.7225042358047604,-1.1697990387536314,20,ICICIBANK.NS,SBIN.NS,980.8560180664062,674.46923828125,1037.270263671875,715.8793334960938,10.195176270328982,-14.826473073083363,-38.81248355131311,43362.10403656181,max_holding
2024-02-08,2024-02-28,PNB.NS-SBIN.NS,1,-2.1547725152663686,-1.6522605350571915,20,PNB.NS,SBIN.NS,119.38939666748048,674.46923828125,115.9796371459961,715.8793334960938,83.75953207847829,-14.826473073083363,-899.5655236763675,42462.53851288544,max_holding
2024-02-08,2024-02-28,HDFCBANK.NS-PNB.NS,1,-2.0460726645644285,-1.2186838230470096,20,HDFCBANK.NS,PNB.NS,1369.08740234375,119.38939666748048,1375.28369140625,115.9796371459961,7.304135574457067,-83.75953207847829,330.85839739069394,42793.39691027613,max_holding
2024-02-13,2024-03-04,HDFCBANK.NS-SBIN.NS,1,-2.392852501003756,-1.3319632214311237,20,HDFCBANK.NS,SBIN.NS,1360.695556640625,687.8709106445312,1398.0196533203125,744.369873046875,7.349182520069853,-14.537611411173145,-547.0583616439983,42246.338548632135,max_holding
2024-02-22,2024-03-13,ICICIBANK.NS-PNB.NS,-1,1.5348607827764758,2.14492609491145,20,ICICIBANK.NS,PNB.NS,1053.6295166015625,123.9037094116211,1074.6981201171875,114.10667419433594,-9.491002143006185,80.70783390979001,-990.6596522419584,41255.67889639018,max_holding
2024-02-28,2024-03-19,PNB.NS-SBIN.NS,1,-1.6522605350571915,-0.6172072505163255,20,PNB.NS,SBIN.NS,115.9796371459961,715.8793334960938,111.94556427001952,697.8497924804688,86.22203212631128,-13.968834595578622,-95.9742848308671,41159.70461155931,max_holding
2024-03-19,2024-04-08,ICICIBANK.NS-PNB.NS,-1,1.922720458817162,0.9079194153967819,20,ICICIBANK.NS,PNB.NS,1074.6981201171875,111.94556427001952,1077.870849609375,127.6496353149414,-9.304938580249473,89.32913121844999,1373.3089699791378,42533.01358153845,max_holding
2024-04-09,2024-04-16,ICICIBANK.NS-PNB.NS,-1,1.5266244814865577,0.20886812791832732,7,ICICIBANK.NS,PNB.NS,1097.60107421875,127.26544189453124,1057.9423828125,123.47149658203124,-9.110778255312656,78.57592643482357,63.2087755254737,42596.222357063925,mean_revert
2024-04-19,2024-04-25,HDFCBANK.NS-ICICIBANK.NS,-1,1.7106534349875078,0.09030900362674632,6,HDFCBANK.NS,ICICIBANK.NS,1494.2330322265625,1058.140625,1474.180419921875,1104.2437744140625,-6.6923965568469335,9.450539714416504,569.8996780409527,43166.122035104876,mean_revert
2024-04-29,2024-05-09,HDFCBANK.NS-PNB.NS,-1,1.5084598095559518,-0.280955328689214,10,HDFCBANK.NS,PNB.NS,1492.4765625,131.82778930664062,1412.46142578125,117.32433319091795,-6.7002727220381395,75.85654020746189,-564.0587640826828,42602.06327102219,mean_revert
2024-04-29,2024-05-21,ICICIBANK.NS-PNB.NS,-1,2.6976555877199497,1.0825855946737195,22,ICICIBANK.NS,PNB.NS,1150.247802734375,131.82778930664062,1111.38232421875,121.40643310546876,-8.693778832898397,75.85654020746189,-452.64015124086757,42149.42311978132,max_holding
2024-05-09,2024-05-23,HDFCBANK.NS-ICICIBANK.NS,1,-1.6040348786491645,-0.05004521518382634,14,HDFCBANK.NS,ICICIBANK.NS,1412.46142578125,1106.1771240234375,1476.3583984375,1124.816650390625,7.0798393623166564,-9.040143556420285,283.87630796153377,42433.29942774285,mean_revert
2024-05-09,2024-05-24,HDFCBANK.NS-SBIN.NS,1,-1.8748772776883127,-0.05756322010684458,15,HDFCBANK.NS,SBIN.NS,1412.46142578125,790.4078979492188,1500.6907958984375,812.28955078125,7.0798393623166564,-12.651695442246794,347.80976006423265,42781.10918780709,mean_revert
2024-05-23,2024-05-29,ICICIBANK.NS-PNB.NS,-1,1.5327514177767736,0.06169547841399659,6,ICICIBANK.NS,PNB.NS,1124.816650390625,121.64655303955078,1092.5941162109375,122.99124145507812,-8.890337813302471,82.20537080692056,397.0098238763029,43178.11901168339,mean_revert
2024-05-22,2024-06-11,ICICIBANK.NS-SBIN.NS,1,-2.112458391852337,-1.7171796536773254,20,ICICIBANK.NS,SBIN.NS,1101.6163330078125,802.6334838867188,1108.65576171875,819.102783203125,9.077570566420679,-12.458986823693701,-141.28987230775024,43036.82913937564,max_holding
2024-05-24,2024-06-13,HDFCBANK.NS-PNB.NS,-1,1.6881195406651708,2.159553166571279,20,HDFCBANK.NS,PNB.NS,1500.6907958984375,121.4544448852539,1563.54931640625,121.56970977783205,-6.66359787594564,82.3353975183672,-409.37352299061183,42627.45561638503,max_holding
2024-06-03,2024-06-13,ICICIBANK.NS-PNB.NS,-1,1.9969907692248485,0.05577184650149821,10,ICICIBANK.NS,PNB.NS,1150.0989990234375,131.58766174316406,1097.8984375,121.56970977783205,-8.694903663502982,75.99496691048617,-307.435074489197,42320.02054189583,mean_revert
2024-06-11,2024-06-20,ICICIBANK.NS-SBIN.NS,1,-1.7171796536773254,-0.1841946778902628,9,ICICIBANK.NS,SBIN.NS,1108.65576171875,819.102783203125,1146.9263916015625,827.141357421875,9.019932376932756,-12.208480065095998,247.05972046418668,42567.08026236002,mean_revert
2024-06-05,2024-06-25,HDFCBANK.NS-SBIN.NS,-1,1.7047751320440387,2.89678060427294,20,HDFCBANK.NS,SBIN.NS,1534.914306640625,774.2042846679688,1692.7281494140625,825.6708984375,-6.515021689964178,12.916487544742377,-363.3927329213251,42203.68752943869,max_holding
2024-06-10,2024-07-01,HDFCBANK.NS-ICICIBANK.NS,-1,1.5613416632970256,1.4802787306684084,21,HDFCBANK.NS,ICICIBANK.NS,1544.31103515625,1114.2080078125,1686.64501953125,1201.5064697265625,-6.475379487907514,8.974984859095366,-138.1641889529991,42065.52334048569,max_holding
2024-06-13,2024-07-03,HDFCBANK.NS-PNB.NS,-1,2.159553166571279,2.7305628688382133,20,HDFCBANK.NS,PNB.NS,1563.54931640625,121.56970977783205,1749.4046630859375,118.21451568603516,-6.395704884438544,82.25733217817944,-1464.665263489498,40600.85807699619,max_holding
2024-07-02,2024-07-05,HDFCBANK.NS-ICICIBANK.NS,-1,2.17366874840016,-0.023746620691054956,3,HDFCBANK.NS,ICICIBANK.NS,1711.7686767578125,1180.4378662109375,1630.1663818359375,1222.87255859375,-5.841910846821062,8.471432750712063,836.1959746477423,41437.054051643936,mean_revert
2024-06-19,2024-07-09,PNB.NS-SBIN.NS,1,-1.5175347074147707,-1.4003940339396377,20,PNB.NS,SBIN.NS,123.22175598144533,835.817138671875,118.94339752197266,844.3458862304688,81.15450003411569,-11.964339491638253,-449.2488729747305,40987.80517866921,max_holding
2024-06-20,2024-07-10,ICICIBANK.NS-PNB.NS,-1,1.9080659548369587,2.2879130846894213,20,ICICIBANK.NS,PNB.NS,1146.9263916015625,123.4138641357422,1232.5888671875,115.8626708984375,-8.718955351647326,81.02817353649228,-1358.7466959852804,39629.058482683926,max_holding
2024-06-25,2024-07-15,ICICIBANK.NS-SBIN.NS,-1,1.534917953910681,0.7024653373335674,20,ICICIBANK.NS,SBIN.NS,1187.72509765625,825.6708984375,1219.451904296875,864.001220703125,-8.419456673714398,12.111363036924281,197.10997437522997,39826.16845705915,max_holding
2024-06-27,2024-07-15,HDFCBANK.NS-SBIN.NS,-1,2.249184636965562,0.03606513710467166,18,HDFCBANK.NS,SBIN.NS,1677.693603515625,827.3864135742188,1604.4493408203125,864.001220703125,-5.960563942691855,12.086251158997275,879.1128663289346,40705.28132338809,mean_revert
2024-07-03,2024-07-23,HDFCBANK.NS-PNB.NS,-1,2.7305628688382133,0.6023985525098838,20,HDFCBANK.NS,PNB.NS,1749.4046630859375,118.21451568603516,1600.7896728515625,114.43406677246094,-5.716230333100902,84.59198045152854,529.7218545361561,41235.00317792424,max_holding
2024-07-15,2024-08-05,PNB.NS-SBIN.NS,1,-1.9028400483314813,0.7629549367102626,21,PNB.NS,SBIN.NS,117.5245132446289,864.001220703125,110.73136138916016,795.6732788085938,85.08863150264541,-11.57405772165691,212.81154851783162,41447.81472644208,max_holding
2024-07-19,2024-08-05,ICICIBANK.NS-PNB.NS,-1,1.9340643204994108,0.19861284506004462,17,ICICIBANK.NS,PNB.NS,1237.992431640625,113.22898864746094,1162.5914306640625,110.73136138916016,-8.077593807861732,88.31660619291631,388.4766956068143,41836.29142204889,mean_revert
2024-08-27,2024-09-16,ICICIBANK.NS-SBIN.NS,-1,1.8968172302941024,2.603114888560479,20,ICICIBANK.NS,SBIN.NS,1226.3499755859375,799.839599609375,1262.8499755859375,770.0869750976562,-8.154279120217785,12.502506758709862,-669.6135769350694,41166.67784511382,max_holding
2024-09-09,2024-09-30,PNB.NS-SBIN.NS,-1,1.8572185501015608,0.9948241522117997,21,PNB.NS,SBIN.NS,106.542724609375,768.8125610351562,104.19087982177734,772.3907470703125,-93.85906017199856,13.007071563107202,267.28366325971774,41433.96150837354,max_holding
2024-09-18,2024-10-04,HDFCBANK.NS-PNB.NS,-1,1.7035235134944298,0.27371944814926624,16,HDFCBANK.NS,PNB.NS,1676.3582763671875,105.68751525878906,1639.612548828125,102.86917877197266,-5.965311915106155,94.61855523345167,-47.46720022627636,41386.49430814727,mean_revert
2024-09-16,2024-10-07,HDFCBANK.NS-SBIN.NS,-1,1.533112535637015,0.21022363327818522,21,HDFCBANK.NS,SBIN.NS,1652.7677001953125,770.0869750976562,1600.1961669921875,755.4802856445312,-6.050457059887043,12.985546208896574,128.4059633653768,41514.90027151264,mean_revert
2024-09-16,2024-10-07,ICICIBANK.NS-SBIN.NS,-1,2.603114888560479,0.8626641139092819,21,ICICIBANK.NS,SBIN.NS,1262.8499755859375,770.0869750976562,1233.9000244140625,755.4802856445312,-7.918596977729043,12.985546208896574,39.56715500245582,41554.4674265151,max_holding
2024-09-20,2024-10-10,ICICIBANK.NS-PNB.NS,-1,3.537351196056841,0.497104613296565,20,ICICIBANK.NS,PNB.NS,1338.449951171875,105.35709381103516,1243.5,100.77000427246094,-7.471329048385064,94.91529842248359,274.0173558887486,41828.484782403844,max_holding
2024-10-21,2024-10-28,HDFCBANK.NS-ICICIBANK.NS,-1,1.5263175637297801,0.19952193742678062,7,HDFCBANK.NS,ICICIBANK.NS,1709.8892822265625,1259.050048828125,1715.3294677734375,1292.8499755859375,-5.8483318796982715,7.94249601857179,236.63977313668101,42065.124555540526,mean_revert
2024-10-24,2024-11-04,HDFCBANK.NS-SBIN.NS,-1,1.6701712266733604,0.13803037502071716,11,HDFCBANK.NS,SBIN.NS,1730.6114501953125,778.9097900390625,1695.4482421875,813.5149536132812,-5.778304540208274,12.838457197332824,647.4606358341393,42712.58519137467,mean_revert
2024-10-23,2024-11-12,HDFCBANK.NS-PNB.NS,-1,1.6985316001116442,0.5592560895176384,20,HDFCBANK.NS,PNB.NS,1716.9122314453125,93.95741271972656,1699.5035400390625,100.8088836669922,-5.824409551548193,106.4311980346866,830.6056097238486,43543.19080109851,max_holding
2024-10-29,2024-11-14,PNB.NS-SBIN.NS,1,-3.092688589943904,-0.25900871750129456,16,PNB.NS,SBIN.NS,98.4764633178711,816.3088989257812,96.6882781982422,788.4188842773438,101.54710743135759,-12.250264591209852,160.07503244596788,43703.26583354448,mean_revert
2024-11-21,2024-12-11,HDFCBANK.NS-ICICIBANK.NS,-1,1.9116668419464036,1.8685200982286383,20,HDFCBANK.NS,ICICIBANK.NS,1722.2532958984375,1250.550048828125,1842.826904296875,1327.5,-5.806346850265925,7.996481235893659,-84.76335070063294,43618.50248284385,max_holding
2024-11-25,2024-12-16,HDFCBANK.NS-PNB.NS,-1,1.6961259171299752,1.771341478789693,21,HDFCBANK.NS,PNB.NS,1766.170166015625,101.1781768798828,1844.904052734375,105.13356018066406,-5.661968587409335,98.8355424892845,-54.856339080434566,43563.64614376341,max_holding
2024-11-25,2024-12-16,PNB.NS-SBIN.NS,1,-1.8783257242046911,-1.4704510658896435,21,PNB.NS,SBIN.NS,101.1781768798828,827.8275756835938,105.13356018066406,844.0028076171875,98.8355424892845,-12.07981020895845,195.5387224420765,43759.18486620549,max_holding
2024-12-05,2024-12-19,ICICIBANK.NS-PNB.NS,-1,1.8975528972174236,0.09867743910648852,14,ICICIBANK.NS,PNB.NS,1336.5,106.00821685791016,1286.9000244140625,100.60478973388672,-7.482229704451926,94.33231023406104,-138.59935312132723,43620.58551308417,mean_revert
2024-12-11,2024-12-30,HDFCBANK.NS-ICICIBANK.NS,-1,1.8685200982286383,0.23811697320987044,19,HDFCBANK.NS,ICICIBANK.NS,1842.826904296875,1327.5,1758.5540771484375,1294.6500244140625,-5.426445629094757,7.532956685499058,209.84447132252794,43830.42998440669,mean_revert
2024-12-16,2024-12-31,HDFCBANK.NS-PNB.NS,-1,1.771341478789693,0.23245000403158353,15,HDFCBANK.NS,PNB.NS,1844.904052734375,105.13356018066406,1753.5589599609375,99.88562774658205,-5.42033607936346,95.11710611545692,-4.047044186661651,43826.38294022003,mean_revert
2024-12-13,2025-01-02,HDFCBANK.NS-SBIN.NS,-1,1.7499317538687866,1.0862471659385777,20,HDFCBANK.NS,SBIN.NS,1851.3828125,844.5909423828125,1774.2315673828125,785.428955078125,-5.401368065255278,11.840051198971395,-283.75868714973683,43542.624253070295,max_holding
2025-01-09,2025-01-22,HDFCBANK.NS-ICICIBANK.NS,1,-2.080453378703455,-0.16947073019655395,13,HDFCBANK.NS,ICICIBANK.NS,1649.652099609375,1262.4000244140625,1647.921142578125,1200.449951171875,6.061884201140304,-7.921419365182171,480.2396487745308,44022.86390184482,mean_revert
2025-01-09,2025-01-24,ICICIBANK.NS-SBIN.NS,-1,1.5824482391839911,-0.21657289700278026,15,ICICIBANK.NS,SBIN.NS,1262.4000244140625,745.4810791015625,1209.199951171875,729.501953125,-7.921419365182171,13.414156683965448,207.0735908873421,44229.93749273216,mean_revert
2025-01-07,2025-01-27,PNB.NS-SBIN.NS,-1,1.8683334569910586,1.5161916732060607,20,PNB.NS,SBIN.NS,100.20633697509766,763.4208374023438,92.82036590576172,734.4525146484375,-99.79408789770558,13.098935095911884,357.6220665123757,44587.55955924454,max_holding
2025-01-09,2025-01-29,HDFCBANK.NS-PNB.NS,1,-1.825166364979046,-0.9724784188025382,20,HDFCBANK.NS,PNB.NS,1649.652099609375,99.15675354003906,1659.0487060546875,95.01671600341795,6.061884201140304,-100.850417576066,474.48565450399934,45062.04521374854,max_holding
2025-01-13,2025-02-03,ICICIBANK.NS-PNB.NS,1,-1.9205809335674324,-0.5476243753296021,21,ICICIBANK.NS,PNB.NS,1229.75,92.73289489746094,1253.0,95.55123138427734,8.131734092295181,-107.83659898741934,-114.85700389457006,44947.18820985397,max_holding
2025-01-16,2025-02-04,HDFCBANK.NS-SBIN.NS,1,-1.5529753065034875,-0.07107296028785683,19,HDFCBANK.NS,SBIN.NS,1634.073486328125,751.2158813476562,1702.17431640625,763.8619995117188,6.119675818540257,-13.311752650996054,248.41300605635223,45195.60121591033,mean_revert
2025-01-27,2025-02-05,HDFCBANK.NS-ICICIBANK.NS,1,-1.7443234519128838,-0.013041374902258986,9,HDFCBANK.NS,ICICIBANK.NS,1612.0655517578125,1227.949951171875,1718.890380859375,1267.699951171875,6.203221692254325,-8.143654381399385,338.94783549354804,45534.549051403876,mean_revert
2025-02-07,2025-02-27,PNB.NS-SBIN.NS,-1,1.5557665420252633,1.5424184601333122,20,PNB.NS,SBIN.NS,96.47447204589844,722.688720703125,89.37033081054688,690.0442504882812,-103.6543635630618,13.837216098060459,284.6666496429788,45819.21570104685,max_holding
2025-02-28,2025-03-13,HDFCBANK.NS-ICICIBANK.NS,-1,1.6436430491492364,-0.010913032988594628,13,HDFCBANK.NS,ICICIBANK.NS,1713.5491943359375,1204.0999755859375,1688.02978515625,1250.050048828125,-5.835840624275373,8.304958228351275,530.540643664375,46349.756344711226,mean_revert
2025-02-28,2025-03-19,PNB.NS-SBIN.NS,-1,1.7441814100636193,-0.059379396082817525,19,PNB.NS,SBIN.NS,84.92902374267578,675.241455078125,88.45680236816406,730.4331665039062,-117.745377955818,14.809517284217993,401.98297670310524,46751.73932141433,mean_revert
2025-03-24,2025-04-07,PNB.NS-SBIN.NS,1,-1.6045227470408305,-0.12848875005243288,14,PNB.NS,SBIN.NS,93.22853088378906,765.4304809570312,92.2469711303711,732.1978149414062,107.26330132205096,-13.064543742100293,328.88427923127307,47080.6236006456,mean_revert
2025-03-19,2025-04-08,ICICIBANK.NS-PNB.NS,-1,2.683273364594281,0.8873390734995423,20,ICICIBANK.NS,PNB.NS,1313.0999755859375,88.45680236816406,1299.9000244140625,94.18093872070312,-7.615566358942131,113.04953075716242,747.6360327287663,47828.25963337437,max_holding
2025-03-20,2025-04-09,HDFCBANK.NS-PNB.NS,-1,1.7493723694875833,0.9514064741830025,20,HDFCBANK.NS,PNB.NS,1749.5035400390625,88.72891998291016,1745.79443359375,93.06332397460938,-5.715907268056584,112.70282566187072,509.70048591335086,48337.96011928772,max_holding
2025-03-20,2025-04-09,HDFCBANK.NS-SBIN.NS,-1,1.6077368126131126,1.081740781365826,20,HDFCBANK.NS,SBIN.NS,1749.5035400390625,734.7955932617188,1745.79443359375,727.59033203125,-5.715907268056584,13.609226962848986,-76.85712692330854,48261.10299236442,max_holding
2025-04-11,2025-05-02,HDFCBANK.NS-ICICIBANK.NS,-1,1.5633444923047313,0.7227740429262267,21,HDFCBANK.NS,ICICIBANK.NS,1787.090087890625,1311.6500244140625,1900.9871826171875,1430.0999755859375,-5.595688805931102,7.623984915082191,265.7279429370968,48526.830935301514,max_holding
2025-04-11,2025-05-02,HDFCBANK.NS-PNB.NS,-1,1.690583085494541,1.842433886309876,21,HDFCBANK.NS,PNB.NS,1787.090087890625,93.3743133544922,1900.9871826171875,96.697998046875,-5.595688805931102,107.09583439757529,-281.37991258431606,48245.4510227172,max_holding
2025-04-15,2025-05-05,ICICIBANK.NS-PNB.NS,-1,1.8866559318769394,1.8563208039659005,20,ICICIBANK.NS,PNB.NS,1350.199951171875,93.86994171142578,1429.4000244140625,96.60081481933594,-7.406310444109208,106.53037402262291,-295.6593960338359,47949.79162668336,max_holding
2025-04-15,2025-05-05,ICICIBANK.NS-SBIN.NS,-1,1.8518212452355662,2.1812257198981815,20,ICICIBANK.NS,SBIN.NS,1350.199951171875,748.4710083007812,1429.4000244140625,774.4494018554688,-7.406310444109208,13.360570936077448,-239.49415973508798,47710.29746694828,max_holding
2025-04-17,2025-05-07,PNB.NS-SBIN.NS,1,-2.269541990514572,-0.7619472970375889,20,PNB.NS,SBIN.NS,96.697998046875,781.7527465820312,91.59584045410156,760.822998046875,103.41475730606577,-12.791768297229353,-259.90989541297154,47450.387571535306,max_holding
2025-04-17,2025-05-07,HDFCBANK.NS-SBIN.NS,-1,2.4024075647274232,2.302239133141236,20,HDFCBANK.NS,SBIN.NS,1885.9525146484373,781.7527465820312,1924.42919921875,760.822998046875,-5.302360437141819,12.791768297229353,-471.7457437990055,46978.6418277363,max_holding
2025-05-02,2025-05-22,HDFCBANK.NS-PNB.NS,-1,1.842433886309876,1.0131965501665203,20,HDFCBANK.NS,PNB.NS,1900.9871826171875,96.697998046875,1899.0089111328125,97.5435028076172,-5.260424736916154,103.41475730606577,97.84421788602008,47076.48604562232,max_holding
2025-05-05,2025-05-26,ICICIBANK.NS-PNB.NS,-1,1.8563208039659005,1.3411253607037787,21,ICICIBANK.NS,PNB.NS,1429.4000244140625,96.60081481933594,1460.5999755859375,98.11688232421876,-6.995942233944753,103.51879555780276,-61.33157401054092,47015.15447161178,max_holding
2025-05-07,2025-05-27,HDFCBANK.NS-SBIN.NS,-1,2.302239133141236,0.8372404324589149,20,HDFCBANK.NS,SBIN.NS,1924.42919921875,760.822998046875,1905.3392333984373,793.7000122070312,-5.19634601473499,13.143661568684456,531.3224153217496,47546.47688693353,max_holding
2025-05-12,2025-06-02,PNB.NS-SBIN.NS,1,-1.5002858372069259,-1.440485771891219,21,PNB.NS,SBIN.NS,93.08275604248048,785.8701171875,105.40567779541016,813.6500244140625,107.43128400104813,-12.72474901550953,970.3749594295343,48516.85184636307,max_holding
2025-06-06,2025-06-26,HDFCBANK.NS-ICICIBANK.NS,-1,1.522219926977126,3.279187903511511,20,HDFCBANK.NS,ICICIBANK.NS,1957.1689453125,1459.699951171875,1999.800048828125,1439.0999755859375,-5.109420943935581,6.850722980412384,-358.94497930833626,48157.906867054735,max_holding
2025-06-26,2025-07-16,HDFCBANK.NS-ICICIBANK.NS,-1,3.279187903511511,1.7090460191936763,20,HDFCBANK.NS,ICICIBANK.NS,1999.800048828125,1439.0999755859375,1996.300048828125,1426.4000244140625,-5.0004999279102735,6.948787554477197,-70.74751289790714,48087.15935415683,max_holding
2025-06-26,2025-07-16,HDFCBANK.NS-PNB.NS,-1,1.8642696406586723,1.4173486454457886,20,HDFCBANK.NS,PNB.NS,1999.800048828125,106.25,1996.300048828125,114.97000122070312,-5.0004999279102735,94.11764705882354,838.207746990333,48925.36710114716,max_holding
2025-06-30,2025-07-18,HDFCBANK.NS-SBIN.NS,-1,1.6559574681451852,-0.15642092518069428,18,HDFCBANK.NS,SBIN.NS,2001.5,820.3499755859375,1957.4000244140625,823.3499755859375,-4.996252810392206,12.189919299817701,256.904384858921,49182.27148600608,mean_revert
2025-07-16,2025-07-25,PNB.NS-SBIN.NS,1,-2.111993682802971,-0.14849102554640892,9,PNB.NS,SBIN.NS,114.97000122070312,831.7000122070312,108.41000366210938,806.5499877929688,86.97921104483088,-12.023566013259533,-268.19043332493163,48914.08105268115,mean_revert
2025-07-16,2025-07-28,HDFCBANK.NS-ICICIBANK.NS,-1,1.7090460191936763,0.2731044463084993,12,HDFCBANK.NS,ICICIBANK.NS,1996.300048828125,1426.4000244140625,2008.5,1488.4000244140625,-5.009267021693575,7.010656077426671,373.54786372890834,49287.62891641005,mean_revert
2025-07-17,2025-08-05,ICICIBANK.NS-PNB.NS,1,-1.5736785019469466,0.13988051165177431,19,ICICIBANK.NS,PNB.NS,1418.699951171875,113.79000091552734,1444.4000244140625,103.66000366210938,7.048706804944764,-87.88118393129777,1071.3884330009516,50359.017349411006,mean_revert
2025-07-25,2025-08-05,ICICIBANK.NS-SBIN.NS,-1,1.5407360874064504,0.18377436239316003,11,ICICIBANK.NS,SBIN.NS,1477.0999755859375,806.5499877929688,1444.4000244140625,800.5999755859375,-6.770022452971195,12.398487572188612,147.60825124140797,50506.62560065241,mean_revert
