Date,HDFCBANK.NS,ICICIBANK.NS,PNB.NS,SBIN.NS
2018-01-01,869.4623413085938,300.3548278808594,157.50303649902344,283.3663024902344
2018-01-02,877.8311157226562,299.7741394042969,154.39471435546875,279.8138122558594
2018-01-03,868.5949096679688,304.9042053222656,154.58029174804688,279.4447326660156
2018-01-04,871.9940795898438,304.6138916015625,163.71963500976562,284.6580810546875
2018-01-05,873.7286987304688,302.87152099609375,163.3021240234375,282.6742248535156
2018-01-08,872.3222045898438,304.0814514160156,163.0237579345703,282.1667175292969
2018-01-09,873.7755126953125,302.5811462402344,162.0495147705078,280.78265380859375
2018-01-10,874.0099487304688,302.0003967285156,158.3380889892578,277.8299560546875
2018-01-11,877.9248046875,299.58050537109375,160.28659057617188,278.8449401855469
2018-01-12,874.5256958007812,307.5176696777344,161.63197326660156,278.8910827636719
2018-01-15,889.739501953125,318.7458801269531,159.72987365722656,279.2140808105469
2018-01-16,890.8648071289062,323.3920593261719,153.60604858398438,273.26251220703125
2018-01-17,886.340576171875,332.24884033203125,162.88458251953125,283.3663024902344
2018-01-18,906.8756713867188,335.05584716796875,158.1989288330078,279.8138122558594
2018-01-19,915.267822265625,342.26708984375,163.67324829101562,285.35009765625
2018-01-22,920.495361328125,340.2344055175781,163.3021240234375,282.8126220703125
2018-01-23,914.845947265625,350.6882629394531,172.3950653076172,293.5161437988281
2018-01-24,917.8230590820312,341.4443054199219,180.60655212402344,304.4042053222656
2018-01-25,925.9338989257812,349.2362976074219,167.84857177734375,288.9486999511719
2018-01-29,937.5142822265625,346.1872863769531,161.40000915527344,287.9798583984375
2018-01-30,935.568603515625,341.92828369140625,160.1938018798828,289.3177795410156
2018-01-31,940.3506469726562,341.6379089355469,158.98760986328125,289.04095458984375
2018-02-01,933.5291137695312,335.104248046875,155.46176147460938,282.39739990234375
2018-02-02,913.2987060546875,324.3600158691406,150.17300415039062,274.3697509765625
2018-02-05,897.287841796875,319.1330871582031,151.8895263671875,275.01568603515625
2018-02-06,889.2942504882812,320.10101318359375,149.4307098388672,269.20257568359375
2018-02-07,878.0421142578125,321.8917236328125,145.25538635253906,270.17138671875
2018-02-08,881.8629760742188,323.15008544921875,147.85336303710938,278.1067810058594
2018-02-09,867.1180419921875,316.2776184082031,145.48733520507812,273.4931945800781
2018-02-12,879.8471069335938,315.79364013671875,149.9874267578125,266.4344177246094
2018-02-14,882.8945922851562,308.7276611328125,135.3273468017578,254.85430908203125
2018-02-15,882.3084716796875,318.1167297363281,118.99713134765625,257.1611633300781
2018-02-16,880.7613525390625,310.76031494140625,116.49193572998047,250.65594482421875
2018-02-19,880.57373046875,309.5019836425781,108.09486389160156,247.74940490722656
2018-02-20,873.5411987304688,307.0821228027344,108.1412582397461,248.81053161621094
2018-02-21,870.8219604492188,308.9696044921875,108.83715057373047,252.17845153808594
2018-02-22,868.8527221679688,308.1468505859375,106.33193969726562,251.5325469970703
2018-02-23,881.6754760742188,312.40582275390625,105.26490783691406,254.71591186523438
2018-02-26,896.2095336914062,316.5680236816406,103.91951751708984,253.23959350585938
2018-02-27,891.9900512695312,311.8250732421875,91.25434112548828,246.91896057128906
2018-02-28,883.3867797851562,303.2103271484375,94.08428192138672,247.2880401611328
2018-03-01,878.7686157226562,295.1763610839844,93.75953674316406,241.89015197753906
2018-03-05,876.7058715820312,293.6275939941406,92.87808227539062,243.1358184814453
2018-03-06,865.5943603515625,285.5936279296875,90.7904052734375,236.72293090820312
2018-03-07,859.1947021484375,277.51129150390625,88.60995483398438,227.58804321289062
2018-03-08,868.6886596679688,287.4327087402344,89.67698669433594,236.95361328125
2018-03-09,867.8448486328125,283.31890869140625,88.7027359008789,233.67799377441406
2018-03-12,875.43994140625,291.0141296386719,87.77488708496094,233.3089141845703
2018-03-13,872.1580810546875,294.5955810546875,90.88318634033203,235.01589965820312
2018-03-14,874.150634765625,296.24102783203125,92.13579559326172,237.18431091308594
2018-03-15,881.7928466796875,291.7885437011719,91.43990325927734,234.09320068359375
2018-03-16,868.7589721679688,288.5458679199219,91.71826171875,232.80140686035156
2018-03-19,866.0631713867188,285.1096496582031,89.58419799804688,228.78758239746094
2018-03-20,862.4296875,282.641357421875,89.862548828125,229.84872436523438
2018-03-21,871.525146484375,279.9311218261719,90.55844116210938,228.83370971679688
2018-03-22,875.6744384765625,274.1718444824219,89.58419799804688,222.8822021484375
2018-03-23,863.3908081054688,266.7186279296875,86.42950439453125,216.65386962890625
2018-03-26,887.7235717773438,272.62310791015625,88.88831329345703,227.44964599609375
2018-03-27,887.3250122070312,274.8009948730469,92.27497100830078,234.69297790527344
2018-03-28,884.277587890625,269.4288635253906,88.42438507080078,230.5868682861328
2018-04-02,905.4221801757812,253.45765686035156,89.35224151611328,227.12667846679688
2018-04-03,898.2489013671875,261.3948974609375,88.56356811523438,231.1405029296875
2018-04-04,882.94140625,260.0397644042969,87.58931732177734,228.18783569335938
2018-04-05,894.9671630859375,269.7192077636719,90.0017318725586,239.26039123535156
2018-04-06,901.765380859375,271.6551513671875,94.7801742553711,239.6295166015625
2018-04-09,909.1026611328125,271.8487854003906,97.65652465820312,240.50607299804688
2018-04-10,900.5697631835938,279.5439453125,97.6101303100586,242.95126342773438
2018-04-11,899.632080078125,275.43011474609375,94.82656860351562,237.18431091308594
2018-04-12,904.2970581054688,277.5596618652344,93.94511413574219,234.1854705810547
2018-04-13,902.515380859375,279.0115661621094,93.99150848388672,231.55572509765625
2018-04-16,910.5325927734375,278.38238525390625,91.99662017822266,229.75645446777344
2018-04-17,913.533203125,282.3994140625,90.88318634033203,228.97210693359375
2018-04-18,906.07861328125,280.7538757324219,90.14091491699219,227.4034881591797
2018-04-19,909.0791625976562,280.3182678222656,89.16666412353516,227.12667846679688
2018-04-20,917.0025634765625,273.1070556640625,86.84703063964844,222.5592498779297
2018-04-23,907.555419921875,270.4451904296875,87.31096649169922,223.712646484375
2018-04-24,907.203857421875,274.99456787109375,86.42950439453125,222.00563049316406
2018-04-25,900.5228881835938,269.96124267578125,85.64083099365234,218.86839294433594
2018-04-26,904.9769287109375,269.912841796875,84.43460845947266,215.17750549316406
2018-04-27,901.765380859375,278.67279052734375,86.66146087646484,223.85104370117188
2018-04-30,911.5640869140625,275.0913391113281,88.51716613769531,227.35736083984375
2018-05-02,923.3787841796875,268.0253601074219,86.10475158691406,222.37469482421875
2018-05-03,922.628662109375,272.8650817871094,85.40885925292969,223.2051239013672
2018-05-04,932.2867431640625,273.78466796875,84.94493865966797,223.25128173828125
2018-05-07,927.0825805664062,280.5118713378906,87.03260803222656,227.44964599609375
2018-05-08,922.2302856445312,299.386962890625,85.965576171875,230.7252960205078
2018-05-09,927.5513916015625,296.9670104980469,86.29032135009766,228.83370971679688
2018-05-10,934.2557983398438,297.01544189453125,84.80575561523438,228.78758239746094
2018-05-11,943.187255859375,300.9840393066406,82.39334869384766,231.00210571289062
2018-05-14,947.8756713867188,300.1612854003906,82.85726928710938,234.00094604492188
2018-05-15,955.4005126953125,298.3705749511719,79.74896240234375,228.83370971679688
2018-05-16,948.6258544921875,287.72308349609375,70.14566802978516,224.31240844726562
2018-05-17,950.6887817382812,286.5132141113281,70.9343490600586,223.94332885742188
2018-05-18,943.3748779296875,276.9304504394531,69.35700225830078,220.39085388183594
2018-05-21,934.4200439453125,280.02789306640625,72.51171112060547,225.55809020996094
2018-05-22,932.943115234375,280.995849609375,75.66641235351562,234.27772521972656
2018-05-23,922.441162109375,282.6897277832031,74.73855590820312,242.85902404785156
2018-05-24,931.1146240234375,288.1587219238281,76.17672729492188,247.74940490722656
2018-05-25,941.7572021484375,286.1744079589844,77.33653259277344,246.3192138671875
2018-05-28,957.4632568359375,289.65899658203125,82.30055236816406,251.02505493164062
2018-05-29,952.9625854492188,280.60870361328125,79.47059631347656,243.8739776611328
2018-05-30,960.3468627929688,275.7689208984375,79.88813781738281,246.50372314453125
2018-05-31,1009.4644775390625,276.64007568359375,77.61489868164062,248.71827697753906
2018-06-01,995.8523559570312,280.02789306640625,76.96540069580078,246.08853149414062
2018-06-04,965.4661254882812,277.5596618652344,77.19735717773438,242.6744842529297
2018-06-05,973.6761474609375,274.99456787109375,76.68704223632812,243.18194580078125
2018-06-06,970.72705078125,274.8009948730469,78.58914184570312,249.2718963623047
2018-06-07,973.0154418945312,281.57666015625,79.88813781738281,248.81053161621094
2018-06-08,966.9524536132812,279.0115661621094,83.92428588867188,251.9016571044922
2018-06-11,963.6259765625,277.2208557128906,84.99132537841797,252.82435607910156
2018-06-12,964.3573608398438,278.1888122558594,85.13050842285156,260.9903869628906
2018-06-13,958.5065307617188,281.4314270019531,84.71296691894531,265.4656066894531
2018-06-14,961.3140258789062,275.6237487792969,85.08411407470703,260.75970458984375
2018-06-15,957.6337890625,273.44586181640625,83.36758422851562,256.00775146484375
2018-06-18,952.7030639648438,283.60931396484375,82.11498260498047,255.45408630371094
2018-06-19,954.7554931640625,283.4157409667969,80.53763580322266,251.5325469970703
2018-06-20,970.1607666015625,283.8029479980469,79.98091125488281,252.17845153808594
2018-06-21,970.8451538085938,288.40069580078125,77.3829345703125,247.88780212402344
2018-06-22,982.994873046875,291.0141296386719,75.99115753173828,251.94778442382812
2018-06-25,988.468017578125,280.41510009765625,74.04266357421875,247.70326232910156
2018-06-26,987.878173828125,278.8663635253906,74.08905029296875,246.73440551757812
2018-06-27,996.7959594726562,270.10638427734375,71.21270751953125,241.47494506835938
2018-06-28,1005.4069213867188,262.70159912109375,67.54769897460938,237.13815307617188
2018-06-29,994.837646484375,266.5733947753906,70.65599822998047,239.30654907226562
2018-07-02,978.229248046875,268.50933837890625,72.51171112060547,238.84518432617188
2018-07-03,976.7901611328125,264.15350341796875,71.58385467529297,237.5995330810547
2018-07-04,992.5259399414062,264.4923095703125,70.6095962524414,237.55340576171875
2018-07-05,1002.0568237304688,262.8468017578125,70.09928894042969,236.6306915283203
2018-07-06,997.9990234375,261.3948974609375,71.39827728271484,237.32272338867188
2018-07-09,1002.9531860351562,262.5080261230469,72.18695831298828,241.33651733398438
2018-07-10,1012.7438354492188,264.63751220703125,72.23335266113281,243.36648559570312
2018-07-11,1013.6167602539062,260.13653564453125,70.09928894042969,239.0758819580078
2018-07-12,1021.96826171875,263.5727233886719,70.6095962524414,242.4437713623047
2018-07-13,1029.022216796875,259.1685791015625,68.52193450927734,237.8302001953125
2018-07-16,1023.3366088867188,250.94100952148438,68.52193450927734,232.15550231933594
2018-07-17,1027.0640869140625,257.9102783203125,73.02202606201172,239.02972412109375
2018-07-18,1026.8046875,254.28042602539062,69.77454376220703,239.49105834960938
2018-07-19,1031.4757080078125,252.82855224609375,69.86732482910156,240.0908660888672
2018-07-20,1032.86767578125,257.2810974121094,70.09928894042969,241.2904052734375
2018-07-23,1017.4857177734375,266.7186279296875,73.25398254394531,245.76559448242188
2018-07-24,1019.0429077148438,265.5570373535156,73.57872772216797,246.2269287109375
2018-07-25,1024.0443115234375,265.847412109375,73.5323486328125,250.84054565429688
2018-07-26,1034.5426025390625,276.4948425292969,75.01691436767578,265.4656066894531
2018-07-27,1039.048583984375,283.8029479980469,76.08393859863281,264.5890197753906
2018-07-30,1023.8319702148438,297.4994201660156,79.70256805419922,274.4159240722656
2018-07-31,1028.361572265625,294.498779296875,78.96028900146484,270.81732177734375
2018-08-01,1018.5474853515625,289.7073974609375,81.09435272216797,272.2936706542969
2018-08-02,1005.1002807617188,288.9814453125,79.00667572021484,271.1863708496094
2018-08-03,1001.0658569335938,295.2247009277344,81.79022979736328,276.12298583984375
2018-08-06,997.5980834960938,305.0010681152344,83.55316162109375,284.6580810546875
2018-08-07,1005.4304809570312,303.1135559082031,76.87261199951172,280.5519714355469
2018-08-08,1008.0020751953125,308.4856262207031,74.64575958251953,284.8426513671875
2018-08-09,999.57958984375,322.32733154296875,77.3829345703125,292.8702697753906
2018-08-10,997.6688232421875,318.0683288574219,77.2437515258789,280.92108154296875
2018-08-13,986.9109497070312,314.4869079589844,74.59937286376953,271.4170837402344
2018-08-14,985.7078857421875,321.7949523925781,74.13544464111328,272.1091003417969
2018-08-16,979.3853149414062,323.5856628417969,75.66641235351562,270.07916259765625
2018-08-17,980.163818359375,329.1029357910156,77.42932891845703,278.7526550292969
2018-08-20,989.0578002929688,327.6026306152344,78.12521362304688,283.8737487792969
2018-08-21,988.9869995117188,327.9898376464844,77.61489868164062,283.2740173339844
2018-08-23,981.3668212890625,326.3927307128906,78.40357208251953,279.0756530761719
2018-08-24,976.625,320.99658203125,79.60978698730469,277.2302551269531
2018-08-27,981.62646484375,330.47625732421875,79.0994644165039,284.19671630859375
2018-08-28,988.4210815429688,329.50396728515625,76.91901397705078,281.7514953613281
2018-08-29,980.7063598632812,331.2054748535156,78.07881927490234,285.7653503417969
2018-08-30,974.8556518554688,334.8028869628906,78.96028900146484,284.7503356933594
2018-08-31,972.543701171875,333.1014099121094,81.79022979736328,285.6730651855469
2018-09-03,979.0785522460938,324.8857116699219,80.1200942993164,282.6742248535156
2018-09-04,968.1083984375,319.392333984375,77.1509780883789,273.4931945800781
2018-09-05,965.301025390625,320.51043701171875,77.10458374023438,273.631591796875
2018-09-06,968.297119140625,319.5381774902344,77.2437515258789,273.5393371582031
2018-09-07,970.538330078125,325.80938720703125,78.310791015625,269.11029052734375
2018-09-10,963.0834350585938,323.67034912109375,76.73343658447266,262.8358154296875
2018-09-11,943.8561401367188,317.49639892578125,75.80558013916016,260.75970458984375
2018-09-12,949.2586059570312,313.94757080078125,75.2952651977539,263.25103759765625
2018-09-14,957.6337890625,319.2464599609375,76.82623291015625,268.18756103515625
2018-09-17,939.9871215820312,316.66998291015625,77.01178741455078,263.25103759765625
2018-09-18,938.5716552734375,310.0098876953125,73.57872772216797,252.63978576660156
2018-09-19,925.4310302734375,312.05169677734375,73.5323486328125,250.5175323486328
2018-09-21,929.63037109375,308.30841064453125,67.59408569335938,249.68710327148438
2018-09-24,908.610107421875,300.1899108886719,64.2074203491211,243.92013549804688
2018-09-25,921.208251953125,302.4747314453125,62.1197509765625,249.9639129638672
2018-09-26,928.6630249023438,304.4192810058594,62.21253967285156,243.45877075195312
2018-09-27,932.4142456054688,298.14813232421875,57.99081039428711,244.84288024902344
2018-09-28,946.5220336914062,297.0786437988281,55.392818450927734,244.98126220703125
2018-10-01,960.3939819335938,305.2943420410156,58.64030456542969,252.68594360351562
2018-10-03,958.3650512695312,295.2799072265625,59.985694885253906,250.70208740234375
2018-10-04,923.7324829101562,307.7250061035156,60.124874114990234,250.37913513183594
2018-10-05,927.2947998046875,298.7801208496094,59.243408203125,238.3838348388672
2018-10-08,917.716552734375,302.2317199707031,58.315555572509766,245.21194458007812
2018-10-09,915.6404418945312,297.7592468261719,58.12998580932617,242.62832641601562
2018-10-10,928.1677856445312,310.982177734375,61.51664733886719,257.114990234375
2018-10-11,914.2014770507812,303.05816650390625,59.660945892333984,241.89015197753906
2018-10-12,935.1035766601562,310.5446472167969,61.70222091674805,243.36648559570312
2018-10-15,947.4657592773438,304.6623840332031,62.67647171020508,242.85902404785156
2018-10-16,940.2466430664062,311.7599792480469,64.90331268310547,249.4102783203125
2018-10-17,931.6827392578125,306.0721435546875,61.70222091674805,240.96743774414062
2018-10-19,928.4508056640625,306.7041320800781,61.23828887939453,240.92132568359375
2018-10-22,943.1483764648438,318.0311584472656,60.959938049316406,240.22927856445312
2018-10-23,936.5192260742188,313.8990173339844,60.07847213745117,235.8925018310547
2018-10-24,940.0107421875,313.07257080078125,61.05272674560547,235.9386444091797
2018-10-25,928.9462280273438,311.0793762207031,60.91354751586914,230.26393127441406
2018-10-26,925.3602905273438,306.89862060546875,61.37747573852539,228.92599487304688
2018-10-29,908.8932495117188,339.712890625,65.78477478027344,247.1957550048828
2018-10-30,902.4999389648438,336.115478515625,67.31574249267578,252.04005432128906
2018-10-31,902.0281372070312,345.1575927734375,68.33637237548828,259.6524658203125
2018-11-01,902.2404174804688,343.8937072753906,68.9394760131836,263.8046875
2018-11-02,919.8162841796875,344.62286376953125,64.06824493408203,263.2972106933594
2018-11-05,922.90673828125,339.9559326171875,65.32084655761719,272.1553039550781
2018-11-06,918.4478759765625,343.310302734375,65.50641632080078,264.31219482421875
2018-11-07,923.8267822265625,346.0326843261719,65.83116149902344,264.4044494628906
2018-11-09,917.9053955078125,346.95635986328125,66.48066711425781,261.3594970703125
2018-11-12,906.4161987304688,342.58111572265625,65.41363525390625,256.4690856933594
2018-11-13,909.5774536132812,350.8940124511719,64.94969940185547,256.56134033203125
2018-11-14,923.7324829101562,356.4360046386719,65.64559936523438,261.6824035644531
2018-11-15,931.9424438476562,359.7417297363281,66.01673126220703,263.3432922363281
2018-11-16,945.6964111328125,357.35968017578125,67.91883087158203,268.4182434082031
2018-11-19,950.2259521484375,352.3524169921875,68.0116195678711,265.8807678222656
2018-11-20,949.541748046875,347.97723388671875,66.15591430664062,261.5440368652344
2018-11-21,952.5143432617188,346.859130859375,67.45490264892578,264.8658142089844
2018-11-22,946.262451171875,342.2893981933594,66.52704620361328,260.85198974609375
2018-11-26,967.164794921875,346.47021484375,66.1095199584961,264.2660217285156
2018-11-27,973.8648071289062,344.81732177734375,67.22293853759766,267.0341491699219
2018-11-28,985.778564453125,349.0467529296875,64.57856750488281,262.5589904785156
2018-11-29,1005.5013427734375,352.1580505371094,64.62496185302734,264.2660217285156
2018-11-30,1004.2744750976562,345.3034973144531,64.85692596435547,262.6512756347656
2018-12-03,997.1261596679688,345.6437683105469,66.29508972167969,264.6351318359375
2018-12-04,984.0328369140625,348.0258483886719,64.53217315673828,260.71356201171875
2018-12-05,990.4733276367188,341.6574401855469,63.9754524230957,258.4990234375
2018-12-06,989.458984375,338.01141357421875,61.33107376098633,254.34681701660156
2018-12-07,994.436767578125,342.435302734375,61.23828887939453,254.1161346435547
2018-12-10,985.5426025390625,336.7474670410156,60.1712646484375,253.00894165039062
2018-12-11,971.7652587890625,333.2958984375,63.74348831176758,259.5140380859375
2018-12-12,983.9149169921875,340.2476501464844,65.69198608398438,263.20489501953125
2018-12-13,991.4642944335938,339.85870361328125,66.20230102539062,266.6650695800781
2018-12-14,988.8219604492188,342.1435546875,67.40850830078125,266.8496398925781
2018-12-17,1005.1002807617188,348.5119934082031,67.59408569335938,267.1264343261719
2018-12-18,1007.5772705078125,352.20660400390625,68.89308166503906,270.1252746582031
2018-12-19,1001.915283203125,356.3387756347656,71.39827728271484,277.46087646484375
2018-12-20,1008.5209350585938,352.1094055175781,70.6095962524414,271.3247985839844
2018-12-21,996.1117553710938,344.37982177734375,70.84156799316406,269.3409729003906
2018-12-24,981.7207641601562,342.9700012207031,71.16631317138672,270.40203857421875
2018-12-26,1001.3963012695312,345.9840393066406,72.14056396484375,271.4170837402344
2018-12-27,993.233642578125,345.78961181640625,72.32613372802734,269.5716552734375
2018-12-28,1001.6557006835938,350.7481994628906,72.79005432128906,272.0168762207031
2018-12-31,1001.089599609375,350.16485595703125,72.4653091430664,273.0318603515625
2019-01-01,1013.546142578125,353.6650085449219,74.04266357421875,276.4459228515625
2019-01-02,1004.2980346679688,354.4914855957031,72.23335266113281,271.1863708496094
2019-01-03,996.41845703125,353.17889404296875,72.23335266113281,268.6028137207031
2019-01-04,999.0843505859375,355.0748596191406,75.43444061279297,274.6465759277344
2019-01-07,1000.5941772460938,357.5055236816406,74.73855590820312,273.4009094238281
2019-01-08,992.266357421875,369.6103515625,75.80558013916016,281.7053527832031
2019-01-09,998.7777709960938,371.6521301269531,74.87772369384766,281.7053527832031
2019-01-10,994.8615112304688,368.9783630371094,75.38804626464844,281.9360046386719
2019-01-11,996.4656372070312,368.0546875,74.83133697509766,279.3524475097656
2019-01-14,991.6293334960938,362.9988708496094,76.54785919189453,277.1840515136719
2019-01-15,1001.1838989257812,362.4154968261719,76.03754425048828,278.3374328613281
2019-01-16,1000.3817749023438,364.8948059082031,78.1716079711914,279.7215270996094
2019-01-17,1006.0911865234375,364.2142028808594,78.4499740600586,274.4159240722656
2019-01-18,1005.1238403320312,361.686279296875,76.87261199951172,272.1553039550781
2019-01-21,1013.569580078125,361.3946228027344,74.46019744873047,269.84844970703125
2019-01-22,1007.76611328125,358.8180847167969,72.92923736572266,267.8185119628906
2019-01-23,993.398681640625,357.2138366699219,72.14056396484375,264.4967041015625
2019-01-24,991.912353515625,354.6859130859375,72.4653091430664,265.78851318359375
2019-01-25,988.9634399414062,347.296630859375,71.07353973388672,263.3432922363281
2019-01-28,983.3721313476562,334.0250244140625,70.6095962524414,259.8370056152344
2019-01-29,970.8451538085938,337.23358154296875,71.72303771972656,258.9142761230469
2019-01-30,960.0400390625,355.75543212890625,71.6766357421875,265.2348937988281
2019-01-31,981.3905639648438,354.34564208984375,71.90859985351562,270.9556884765625
2019-02-01,986.3447875976562,344.81732177734375,68.5683364868164,262.42059326171875
2019-02-04,993.1626586914062,344.7200927734375,67.87244415283203,262.00537109375
2019-02-05,997.4801025390625,342.8727722167969,68.10441589355469,262.6512756347656
2019-02-06,1001.537841796875,349.3384094238281,69.77454376220703,266.7112121582031
2019-02-07,998.9899291992188,348.7064208984375,70.19207763671875,265.188720703125
2019-02-08,1001.537841796875,345.2548522949219,66.06312561035156,263.8969421386719
2019-02-11,1009.5589599609375,340.3448486328125,65.73837280273438,258.8219909667969
2019-02-12,1004.8640747070312,334.7542419433594,66.20230102539062,254.1161346435547
2019-02-14,995.6635131835938,334.4140319824219,67.0373764038086,246.4575958251953
2019-02-15,991.1573486328125,332.6639099121094,64.99610137939453,242.62832641601562
2019-02-18,986.085205078125,329.358154296875,64.0218505859375,239.8601837158203
2019-02-19,983.3250732421875,333.7334289550781,64.90331268310547,242.58218383789062
2019-02-20,994.7905883789062,335.6293640136719,65.97034454345703,247.01123046875
2019-02-21,998.3529663085938,341.5602111816406,67.87244415283203,247.2880401611328
2019-02-22,986.8167114257812,342.2893981933594,67.91883087158203,250.0100860595703
2019-02-25,1002.8353881835938,345.7409973144531,68.19718933105469,249.2718963623047
2019-02-26,995.8758544921875,338.5461730957031,66.66622924804688,245.76559448242188
2019-02-27,987.1939697265625,335.9696044921875,66.34148406982422,246.965087890625
2019-02-28,980.2581787109375,340.4421081542969,67.08377075195312,248.2568817138672
2019-03-01,982.994873046875,344.4284362792969,71.11991882324219,251.85552978515625
2019-03-05,994.2008666992188,353.17889404296875,76.68704223632812,255.08502197265625
2019-03-06,992.8562622070312,361.6376953125,76.45508575439453,256.6075134277344
2019-03-07,1003.3544311523438,360.5195617675781,79.2850341796875,259.9753723144531
2019-03-08,1004.156494140625,360.3251647949219,77.75407409667969,259.4678955078125
2019-03-11,1004.2744750976562,365.4295654296875,79.65617370605469,265.14263916015625
2019-03-12,1024.350830078125,377.4371643066406,79.23863983154297,264.7273864746094
2019-03-13,1050.5614013671875,381.0345458984375,78.72831726074219,270.4943542480469
2019-03-14,1049.7120361328125,377.14544677734375,78.35717010498047,269.3409729003906
2019-03-15,1063.0413818359375,384.3403015136719,79.84174346923828,275.3386535644531
2019-03-18,1067.0283203125,387.0140380859375,80.3984603881836,275.8461608886719
2019-03-19,1070.0008544921875,387.3543395996094,83.97068786621094,279.6292724609375
2019-03-20,1084.745849609375,382.0068664550781,86.80065155029297,280.3213195800781
2019-03-22,1073.9642333984375,380.9373474121094,84.94493865966797,275.01568603515625
2019-03-25,1076.3941650390625,372.8674621582031,83.78512573242188,271.2786560058594
2019-03-26,1090.572998046875,383.1736145019531,85.82640075683594,280.0445251464844
2019-03-27,1084.9580078125,382.2985534667969,86.66146087646484,284.93487548828125
2019-03-28,1086.5386962890625,389.44476318359375,88.47077941894531,294.3465881347656
2019-04-01,1090.78515625,387.20855712890625,90.46566009521484,297.8067932128906
2019-04-02,1082.78759765625,386.1390380859375,91.20795440673828,303.5737609863281
2019-04-03,1081.796630859375,381.2290344238281,87.63570404052734,295.7306823730469
2019-04-04,1077.6446533203125,377.971923828125,86.89341735839844,296.9302062988281
2019-04-05,1087.85986328125,379.7220153808594,86.38309478759766,292.54730224609375
2019-04-08,1080.216064453125,376.36767578125,86.38309478759766,288.625732421875
2019-04-09,1079.20166015625,386.1390380859375,87.54292297363281,290.425048828125
2019-04-10,1055.6571044921875,383.2708435058594,86.61506652832031,286.8725891113281
2019-04-11,1065.164794921875,379.23583984375,86.011962890625,290.5634460449219
2019-04-12,1068.8214111328125,383.6596984863281,86.61506652832031,290.88641357421875
2019-04-15,1079.93310546875,381.8609924316406,87.07899475097656,291.2093811035156
2019-04-16,1087.600341796875,395.7159423828125,86.10475158691406,291.3477783203125
2019-04-18,1082.2213134765625,393.1880187988281,83.55316162109375,286.7802734375
2019-04-22,1070.4490966796875,383.5624694824219,80.3984603881836,286.0882568359375
2019-04-23,1059.4083251953125,385.5070495605469,80.90877532958984,281.65924072265625
2019-04-24,1075.662841796875,389.9795227050781,81.97579956054688,286.7341613769531
2019-04-25,1067.97216796875,384.4375305175781,80.4912338256836,282.5357971191406
2019-04-26,1076.2291259765625,395.910400390625,81.79022979736328,288.3489685058594
2019-04-30,1093.4508056640625,396.2020568847656,78.77471923828125,285.99603271484375
2019-05-02,1111.5457763671875,384.5834045410156,79.88813781738281,284.3351135253906
2019-05-03,1117.2786865234375,390.6601257324219,80.86238861083984,286.0421142578125
2019-05-06,1098.64111328125,390.1739807128906,80.02731323242188,284.8887634277344
2019-05-07,1095.76318359375,375.7843017578125,77.89325714111328,281.8437805175781
2019-05-08,1088.6383056640625,371.6034851074219,77.89325714111328,275.2002258300781
2019-05-09,1080.923828125,370.82568359375,78.1716079711914,276.1690673828125
2019-05-10,1083.566162109375,374.423095703125,80.02731323242188,284.2428283691406
2019-05-13,1079.1781005859375,365.8670959472656,74.04266357421875,283.1817626953125
2019-05-14,1079.5081787109375,369.8533935546875,76.96540069580078,290.3327331542969
2019-05-15,1078.9420166015625,366.5963134765625,76.36229705810547,287.9798583984375
2019-05-16,1090.2425537109375,371.89520263671875,75.15608978271484,291.3477783203125
2019-05-17,1114.5184326171875,378.89556884765625,76.77982330322266,294.5772705078125
2019-05-20,1147.664794921875,396.39654541015625,81.97579956054688,318.0604248046875
2019-05-21,1134.146728515625,389.05584716796875,79.88813781738281,311.4630126953125
2019-05-22,1135.1141357421875,394.1116943359375,78.49635314941406,314.7386474609375
2019-05-23,1100.3634033203125,399.45916748046875,77.66128540039062,315.7536315917969
2019-05-24,1119.8265380859375,419.7797546386719,81.83662414550781,327.8872985839844
2019-05-27,1136.3408203125,423.4257507324219,82.81087493896484,333.74658203125
2019-05-28,1140.0445556640625,422.2590026855469,79.98091125488281,332.22412109375
2019-05-29,1140.3748779296875,411.5639953613281,75.85198211669922,321.70513916015625
2019-05-30,1151.06201171875,414.38360595703125,75.57361602783203,326.2264709472656
2019-05-31,1144.3619384765625,411.95294189453125,74.83133697509766,325.257568359375
2019-06-03,1159.3426513671875,411.17510986328125,76.13034057617188,327.9796447753906
2019-06-04,1157.077880859375,407.48046875,76.45508575439453,325.1653137207031
2019-06-06,1143.4183349609375,400.1397705078125,73.81069946289062,310.86322021484375
2019-06-07,1154.8836669921875,405.0497741699219,73.48595428466797,315.6152038574219
2019-06-10,1151.36865234375,404.5636291503906,71.76942443847656,317.6913146972656
2019-06-11,1155.237548828125,409.6680908203125,72.92923736572266,320.27490234375
2019-06-12,1145.1640625,406.41094970703125,73.48595428466797,317.41448974609375
2019-06-13,1153.4918212890625,407.96661376953125,70.702392578125,319.7212829589844
2019-06-14,1148.9622802734375,406.1678771972656,71.21270751953125,317.2299499511719
2019-06-17,1142.78125,402.7163391113281,70.47042846679688,311.73980712890625
2019-06-18,1140.5400390625,410.4458923339844,70.00650024414062,313.7697448730469
2019-06-19,1145.7774658203125,408.1610107421875,69.96011352539062,312.6625061035156
2019-06-20,1151.9493408203125,421.38397216796875,71.39827728271484,318.4756164550781
2019-06-21,1146.1810302734375,418.8560485839844,71.35189056396484,322.3971862792969
2019-06-24,1147.961181640625,417.54351806640625,71.30549621582031,325.90350341796875
2019-06-25,1153.06494140625,421.6270446777344,71.53746795654297,328.99456787109375
2019-06-26,1171.6759033203125,426.4884338378906,73.20760345458984,330.470947265625
2019-06-27,1169.017333984375,428.7247009277344,72.37252807617188,334.161865234375
2019-06-28,1160.2103271484375,424.9814147949219,73.81069946289062,333.3313903808594
2019-07-01,1180.055419921875,426.8287048339844,75.01691436767578,333.6081848144531
2019-07-02,1184.5419921875,424.6411437988281,74.55297088623047,336.3302001953125
2019-07-03,1182.001953125,423.86334228515625,75.38804626464844,337.8526916503906
2019-07-04,1179.2247314453125,424.1063537597656,76.13034057617188,339.006103515625
2019-07-05,1173.812255859375,424.252197265625,75.89836883544922,342.0049133300781
2019-07-08,1143.9970703125,414.0919189453125,67.54769897460938,327.8411865234375
2019-07-09,1129.540283203125,416.6198425292969,68.9858627319336,331.71661376953125
2019-07-10,1134.0982666015625,418.9532775878906,67.50129699707031,326.82623291015625
2019-07-11,1142.8338623046875,414.7239074707031,69.17143249511719,335.1306457519531
2019-07-12,1136.543212890625,415.2099914550781,69.96011352539062,335.499755859375
2019-07-15,1136.9466552734375,410.5917053222656,68.15078735351562,332.22412109375
2019-07-16,1135.26123046875,412.8279724121094,70.28485870361328,336.1918029785156
2019-07-17,1138.228515625,412.9251708984375,69.9137191772461,343.6196594238281
2019-07-18,1145.0889892578125,407.04290771484375,67.91883087158203,335.5458984375
2019-07-19,1127.8785400390625,398.9244384765625,67.54769897460938,328.48712158203125
2019-07-22,1090.6571044921875,401.06866455078125,67.26934051513672,323.73516845703125
2019-07-23,1074.6336669921875,401.5072937011719,63.46513748168945,315.7536315917969
2019-07-24,1082.89453125,398.1446838378906,63.27956008911133,313.35455322265625
2019-07-25,1085.3397216796875,398.6320495605469,61.284690856933594,314.92315673828125
2019-07-26,1081.185546875,405.2109069824219,63.093997955322266,316.12274169921875
2019-07-29,1065.5181884765625,418.4661865234375,64.30020904541016,317.2299499511719
2019-07-30,1069.29248046875,414.5675964355469,62.073360443115234,302.23577880859375
2019-07-31,1069.0076904296875,413.8365783691406,64.2074203491211,306.5264892578125
2019-08-01,1054.8358154296875,406.4779357910156,62.63007354736328,292.63958740234375
2019-08-02,1051.2989501953125,400.1914978027344,62.769248962402344,284.6119689941406
2019-08-05,1034.634521484375,392.4429931640625,61.79499816894531,277.0456848144531
2019-08-06,1039.31103515625,399.8503723144531,63.047603607177734,278.1067810058594
2019-08-07,1036.8896484375,398.0472412109375,59.42898178100586,267.4955749511719
2019-08-08,1060.224365234375,403.8951416015625,61.841400146484375,271.6016540527344
2019-08-09,1083.416748046875,409.4993591308594,61.74861526489258,268.8335266113281
2019-08-13,1054.1474609375,399.8503723144531,60.63518524169922,261.4517517089844
2019-08-14,1058.4676513671875,406.7215881347656,60.82075881958008,267.35711669921875
2019-08-16,1057.636962890625,408.3298034667969,63.18678283691406,268.4182434082031
2019-08-19,1047.7381591796875,412.6669921875,62.44450759887695,264.6812744140625
2019-08-20,1054.2662353515625,406.3317565917969,60.86715316772461,261.77471923828125
2019-08-21,1056.7586669921875,401.6047058105469,59.42898178100586,255.96157836914062
2019-08-22,1032.1895751953125,388.9830017089844,57.016563415527344,247.7955322265625
2019-08-23,1026.7772216796875,385.3768005371094,59.01144027709961,250.14846801757812
2019-08-26,1071.14404296875,401.21484375,61.00632858276367,258.5451965332031
2019-08-27,1072.9481201171875,407.9886779785156,62.305320739746094,263.62017822265625
2019-08-28,1067.037353515625,402.48193359375,60.91354751586914,262.8819580078125
2019-08-29,1057.281005859375,394.1486511230469,60.35683059692383,253.2857208251953
2019-08-30,1057.755615234375,399.26556396484375,60.217655181884766,252.68594360351562
2019-09-03,1049.6845703125,382.2091369628906,55.11446762084961,247.65713500976562
2019-09-04,1067.156005859375,387.4235534667969,55.57838821411133,253.8393096923828
2019-09-05,1061.174072265625,379.1390380859375,56.69181442260742,252.17845153808594
2019-09-06,1066.2777099609375,381.4294738769531,56.87738037109375,252.77822875976562
2019-09-09,1068.034423828125,385.425537109375,58.08359146118164,256.5152282714844
2019-09-11,1068.8414306640625,384.5970764160156,60.1712646484375,263.20489501953125
2019-09-12,1078.1231689453125,392.49176025390625,59.89291000366211,264.8658142089844
2019-09-13,1071.76123046875,402.9205017089844,60.217655181884766,269.15643310546875
2019-09-16,1065.4468994140625,401.7021789550781,59.89291000366211,262.6974182128906
2019-09-17,1049.8746337890625,390.49371337890625,57.89802551269531,252.77822875976562
2019-09-18,1038.670166015625,389.2266540527344,58.40834426879883,258.7297058105469
2019-09-19,1045.48291015625,376.79986572265625,57.48048782348633,252.87049865722656
2019-09-20,1139.059326171875,406.9165954589844,60.959938049316406,278.38360595703125
2019-09-23,1193.7999267578125,434.9864501953125,62.02696990966797,289.5023498535156
2019-09-24,1190.524169921875,429.7233581542969,61.37747573852539,279.2140808105469
2019-09-25,1177.1357421875,423.1932373046875,58.733089447021484,258.59130859375
2019-09-26,1179.7943115234375,440.4932861328125,58.269161224365234,260.06768798828125
2019-09-27,1181.40869140625,437.81298828125,58.315555572509766,259.4678955078125
2019-09-30,1165.5037841796875,422.7059326171875,57.48048782348633,249.87167358398438
2019-10-01,1185.7764892578125,413.8365783691406,54.464969635009766,236.1693115234375
2019-10-03,1161.8009033203125,416.4681396484375,54.78971481323242,234.5084228515625
2019-10-04,1129.6590576171875,403.4078063964844,53.76907730102539,230.63299560546875
2019-10-07,1127.0003662109375,405.5520324707031,53.11957931518555,229.84872436523438
2019-10-09,1166.1685791015625,425.62982177734375,54.23300552368164,240.7829132080078
2019-10-10,1139.9615478515625,412.95941162109375,52.377296447753906,234.5084228515625
2019-10-11,1138.2999267578125,417.6864318847656,52.794830322265625,234.8775177001953
2019-10-14,1143.6171875,417.9788513183594,53.16596984863281,235.7079620361328
2019-10-15,1161.3260498046875,420.90283203125,53.722686767578125,238.47610473632812
2019-10-16,1159.474365234375,424.2653503417969,53.212364196777344,236.26156616210938
2019-10-17,1158.429931640625,429.4310302734375,54.78971481323242,244.93515014648438
2019-10-18,1166.9757080078125,426.7019348144531,55.90313720703125,248.81053161621094
2019-10-22,1176.7559814453125,439.71356201171875,56.367061614990234,249.59483337402344
2019-10-23,1178.93994140625,443.56341552734375,56.87738037109375,254.16232299804688
2019-10-24,1173.7174072265625,443.2222900390625,55.439208984375,242.21310424804688
2019-10-25,1166.9757080078125,457.20855712890625,56.32067108154297,259.7908630371094
2019-10-27,1175.2364501953125,457.6470947265625,56.552635192871094,260.0215148925781
2019-10-29,1179.7943115234375,465.2981262207031,57.48048782348633,258.96038818359375
2019-10-30,1185.3489990234375,459.2065734863281,59.10422897338867,267.4955749511719
2019-10-31,1168.257568359375,451.3118896484375,60.63518524169922,288.25665283203125
2019-11-01,1177.4681396484375,450.53216552734375,62.305320739746094,289.3177795410156
2019-11-04,1174.4293212890625,458.5730285644531,63.27956008911133,290.0097961425781
2019-11-05,1176.9459228515625,456.4775390625,60.07847213745117,294.5311279296875
2019-11-06,1193.2303466796875,468.51446533203125,59.61455154418945,293.0086669921875
2019-11-07,1199.9244384765625,466.4189453125,57.48048782348633,293.56231689453125
2019-11-08,1192.2333984375,477.0426940917969,57.016563415527344,291.5784606933594
2019-11-11,1200.92138671875,484.2063293457031,57.2485237121582,293.654541015625
2019-11-13,1194.0849609375,473.43646240234375,55.94953155517578,283.0894470214844
2019-11-14,1209.609619140625,486.0093994140625,55.94953155517578,282.3512878417969
2019-11-15,1213.4078369140625,487.1790466308594,57.43409729003906,297.0224609375
2019-11-18,1198.3577880859375,485.71710205078125,57.89802551269531,299.97515869140625
2019-11-19,1207.7105712890625,480.989990234375,59.521766662597656,304.86553955078125
2019-11-20,1209.08740234375,482.4519958496094,59.28980255126953,303.3891906738281
2019-11-21,1218.5828857421875,485.61956787109375,58.68669891357422,305.74212646484375
2019-11-22,1200.92138671875,484.2063293457031,59.05784225463867,303.8505554199219
2019-11-25,1206.950927734375,485.18096923828125,59.75373077392578,310.1250305175781
2019-11-26,1210.7017822265625,497.7540283203125,58.64030456542969,309.5714111328125
2019-11-27,1213.882568359375,492.685791015625,59.10422897338867,316.999267578125
2019-11-28,1201.4437255859375,505.98980712890625,62.1197509765625,322.3049011230469
2019-11-29,1210.6065673828125,499.6058044433594,60.86715316772461,315.4306945800781
2019-12-02,1201.87109375,497.9488830566406,61.00632858276367,312.3395690917969
2019-12-03,1192.04345703125,496.4382019042969,58.36194610595703,310.2634582519531
2019-12-04,1188.482666015625,515.8336791992188,59.1506233215332,315.4306945800781
2019-12-05,1182.738037109375,514.7128295898438,57.80523681640625,310.21734619140625
2019-12-06,1183.1654052734375,511.4965515136719,55.85675048828125,295.26934814453125
2019-12-09,1180.2216796875,513.1535034179688,56.413455963134766,292.224365234375
2019-12-10,1186.4410400390625,515.2977294921875,55.346431732177734,289.1793518066406
2019-12-11,1185.72900390625,520.0247192382812,55.253639221191406,288.625732421875
2019-12-12,1199.8294677734375,521.779052734375,56.413455963134766,296.97637939453125
2019-12-13,1200.0667724609375,523.43603515625,59.80012130737305,306.8493957519531
2019-12-16,1193.89501953125,525.5802612304688,59.10422897338867,306.2034912109375
2019-12-17,1206.950927734375,527.43212890625,60.032081604003906,307.1723937988281
2019-12-18,1227.1285400390625,527.67578125,58.64030456542969,301.6821594238281
2019-12-19,1223.7576904296875,526.5061645507812,59.01144027709961,302.7894287109375
2019-12-20,1231.259033203125,532.256591796875,59.985694885253906,311.73980712890625
2019-12-23,1236.67138671875,527.5783081054688,59.05784225463867,306.71099853515625
2019-12-24,1224.090087890625,527.3833618164062,58.918663024902344,305.83441162109375
2019-12-26,1206.333740234375,525.0929565429688,58.269161224365234,304.35809326171875
2019-12-27,1210.654296875,535.4730224609375,60.63518524169922,311.1861572265625
2019-12-30,1217.4432373046875,530.1611938476562,59.75373077392578,308.5564270019531
2019-12-31,1207.9005126953125,525.2391357421875,59.707332611083984,307.9566955566406
2020-01-01,1214.072509765625,523.1436767578125,60.032081604003906,308.6025695800781
2020-01-02,1221.8111572265625,526.89599609375,61.887786865234375,313.0777282714844
2020-01-03,1204.3873291015625,525.1903686523438,60.35683059692383,307.9105224609375
2020-01-06,1178.322509765625,512.3737182617188,56.97017288208008,294.3465881347656
2020-01-07,1196.9808349609375,509.644775390625,57.387699127197266,293.79296875
2020-01-08,1193.8475341796875,512.6174926757812,56.4598503112793,295.08477783203125
2020-01-09,1207.236083984375,532.4515380859375,58.08359146118164,304.6810302734375
2020-01-10,1217.9656982421875,526.554931640625,57.94441604614258,306.5726013183594
2020-01-13,1221.0989990234375,524.9467163085938,58.64030456542969,305.1885070800781
2020-01-14,1224.4224853515625,523.9720458984375,58.269161224365234,302.65106201171875
2020-01-15,1219.437255859375,522.0228271484375,58.82587814331055,299.1908874511719
2020-01-16,1222.665771484375,523.5335083007812,58.779483795166016,298.3142395019531
2020-01-17,1213.645263671875,518.5628051757812,58.68669891357422,293.4238586425781
2020-01-20,1191.568603515625,521.2918090820312,57.155738830566406,289.7330017089844
2020-01-21,1181.551025390625,517.588134765625,57.016563415527344,289.4562072753906
2020-01-22,1178.2276611328125,509.5959167480469,56.599029541015625,291.71685791015625
2020-01-23,1182.0257568359375,514.322998046875,57.341312408447266,298.2220153808594
2020-01-24,1181.7410888671875,520.3170776367188,57.85163116455078,299.00634765625
2020-01-27,1151.9730224609375,523.6309814453125,56.92377853393555,291.7630310058594
2020-01-28,1161.4683837890625,514.8104248046875,56.135101318359375,290.7480163574219
2020-01-29,1173.4801025390625,513.2509155273438,56.552635192871094,291.9936828613281
2020-01-30,1164.1746826171875,518.7090454101562,55.62478256225586,286.68804931640625
2020-01-31,1164.4119873046875,512.3250732421875,56.08871078491211,293.839111328125
2020-02-03,1132.6026611328125,502.48101806640625,53.212364196777344,275.0617980957031
2020-02-04,1167.7353515625,517.3444213867188,52.70204544067383,282.58197021484375
2020-02-05,1181.8359375,525.4340209960938,52.794830322265625,286.9648132324219
2020-02-06,1177.2305908203125,527.87060546875,54.418575286865234,297.0686340332031
2020-02-07,1179.509521484375,522.8512573242188,54.5577507019043,295.77679443359375
2020-02-10,1177.70556640625,520.4146118164062,53.11957931518555,293.88525390625
2020-02-11,1177.990234375,526.0675659179688,52.841224670410156,299.28314208984375
2020-02-12,1185.96630859375,535.3754272460938,51.4958381652832,295.453857421875
2020-02-13,1178.75,527.285888671875,51.403053283691406,302.1435546875
2020-02-14,1157.8126220703125,531.9641723632812,50.28963088989258,294.7156982421875
2020-02-17,1155.7237548828125,527.87060546875,48.201961517333984,289.9175720214844
2020-02-18,1152.0206298828125,527.4808349609375,48.24835205078125,293.0086669921875
2020-02-19,1165.2664794921875,530.9895629882812,48.897850036621094,295.5923156738281
2020-02-20,1155.6763916015625,533.1337890625,49.037025451660156,302.3280944824219
2020-02-24,1148.8870849609375,516.4185180664062,46.71739196777344,297.9913330078125
2020-02-25,1139.7242431640625,517.4906616210938,46.299861907958984,301.54376220703125
2020-02-26,1138.7271728515625,510.42437744140625,45.60397720336914,302.8355712890625
2020-02-27,1138.9169921875,502.2861022949219,43.56269454956055,297.0686340332031
2020-02-28,1118.217041015625,484.64495849609375,41.799774169921875,279.5831298828125
2020-03-02,1120.068603515625,493.2705993652344,39.66571044921875,265.188720703125
2020-03-03,1122.1578369140625,501.7013244628906,41.28945541381836,267.44940185546875
2020-03-04,1090.87060546875,495.46356201171875,41.24306106567383,263.25103759765625
2020-03-05,1093.2445068359375,491.7111511230469,41.75338363647461,266.2037048339844
2020-03-06,1077.6246337890625,474.0212707519531,39.29457092285156,249.59483337402344
2020-03-09,1051.4176025390625,446.146240234375,36.88215255737305,233.86253356933594
2020-03-11,1057.589599609375,453.84600830078125,35.67594528198242,226.1578369140625
2020-03-12,969.7578125,414.8599548339844,31.31503677368164,196.16954040527344
2020-03-13,1015.8102416992188,435.86370849609375,34.70170211791992,223.2974090576172
2020-03-16,949.0579833984375,392.6866760253906,33.217132568359375,206.08876037597656
2020-03-17,925.889404296875,357.9403991699219,32.75320816040039,198.52249145507812
2020-03-18,832.6453247070312,346.0496520996094,34.098594665527344,198.568603515625
2020-03-19,850.35400390625,329.9678955078125,34.51612854003906,187.91122436523438
2020-03-20,838.2949829101562,336.9366760253906,35.3047981262207,193.63206481933594
2020-03-23,732.6119995117188,276.8007507324219,32.84599304199219,167.56532287597656
2020-03-24,728.956298828125,288.9838562011719,33.681060791015625,169.04168701171875
2020-03-25,813.5121459960938,308.8667297363281,31.825355529785156,175.223876953125
2020-03-26,855.6239013671875,321.8783264160156,30.99028778076172,177.85362243652344
2020-03-27,858.8048706054688,331.2349853515625,31.036680221557617,180.8063201904297
2020-03-30,789.6788330078125,305.4554443359375,30.526363372802734,172.4557342529297
2020-03-31,818.4022216796875,315.5430908203125,30.016040802001953,181.6367645263672
2020-04-01,787.77978515625,303.26251220703125,28.25312042236328,172.13278198242188
2020-04-03,772.7772216796875,279.383544921875,27.51083755493164,161.936767578125
2020-04-07,850.8762817382812,317.83349609375,27.88197898864746,171.994384765625
2020-04-08,844.0397338867188,310.86480712890625,28.299514770507812,168.8571319580078
2020-04-09,878.365234375,334.0126953125,29.134580612182617,173.2400360107422
2020-04-13,850.1641235351562,322.2681579589844,29.08819007873535,169.31851196289062
2020-04-15,819.7315673828125,319.0518493652344,28.856225967407227,168.25738525390625
2020-04-16,835.3514404296875,333.3304443359375,28.809831619262695,173.9320831298828
2020-04-17,864.3596801757812,366.02996826171875,29.505720138549805,178.3149871826172
2020-04-20,897.166015625,352.1412048339844,30.479969024658203,177.62295532226562
2020-04-21,875.1367797851562,323.437744140625,28.856225967407227,170.47189331054688
2020-04-22,881.736083984375,327.4338073730469,28.856225967407227,174.1166229248047
2020-04-23,906.7562866210938,344.00286865234375,28.949012756347656,172.27117919921875
2020-04-24,890.7091674804688,326.3616943359375,28.021160125732422,165.85830688476562
2020-04-27,882.780517578125,339.08087158203125,28.531478881835938,166.91943359375
2020-04-28,884.3947143554688,350.72796630859375,28.995405197143555,170.05667114257812
2020-04-29,927.7883911132812,361.05926513671875,29.969646453857422,175.40843200683594
2020-04-30,951.2417602539062,370.51336669921875,29.969646453857422,175.7775115966797
2020-05-04,876.4186401367188,329.4805603027344,27.97476577758789,165.02789306640625
2020-05-05,865.45166015625,322.4631042480469,27.093305587768555,157.23092651367188
2020-05-06,898.6377563476562,332.74566650390625,27.232484817504883,157.87681579589844
2020-05-07,878.3177490234375,328.2135314941406,27.557233810424805,157.55386352539062
2020-05-08,882.1632690429688,329.13946533203125,27.093305587768555,153.77072143554688
2020-05-11,869.58203125,312.03436279296875,26.7221622467041,152.6634521484375
2020-05-12,856.0512084960938,313.0577087402344,26.62938117980957,154.0013885498047
2020-05-13,880.8341064453125,329.4805603027344,28.392301559448242,160.64495849609375
2020-05-14,848.5974731445312,319.1005554199219,27.18609046936035,154.97024536132812
2020-05-15,843.3275756835938,314.51971435546875,26.7221622467041,153.54005432128906
2020-05-18,794.4266357421875,290.93316650390625,25.37677764892578,143.29788208007812
2020-05-19,788.7293090820312,292.6875,24.68088722229004,140.9910888671875
2020-05-20,813.8444213867188,297.90191650390625,24.68088722229004,141.5447235107422
2020-05-21,816.1708374023438,296.68359375,25.052026748657227,140.20680236816406
2020-05-22,796.5154418945312,283.6719970703125,24.727279663085938,139.19180297851562
2020-05-26,809.3817138671875,285.2801818847656,24.77367401123047,139.6992950439453
2020-05-27,858.0452270507812,310.7673034667969,25.515954971313477,146.34286499023438
2020-05-28,897.5458374023438,318.5645446777344,24.820066452026367,145.97377014160156
2020-05-29,903.622802734375,323.53521728515625,24.820066452026367,148.83419799804688
2020-06-01,937.8059692382812,330.650146484375,27.093305587768555,156.90794372558594
2020-06-02,950.482177734375,339.5682067871094,27.139698028564453,157.09249877929688
2020-06-03,970.6598510742188,347.80401611328125,28.067550659179688,161.3831329345703
2020-06-04,951.1468505859375,339.0321960449219,28.763439178466797,160.59881591796875
2020-06-05,981.1995239257812,348.1451416015625,31.31503677368164,173.2861785888672
2020-06-08,964.6303100585938,350.67926025390625,30.248003005981445,172.36346435546875
2020-06-09,937.4736328125,339.7143859863281,29.505720138549805,170.195068359375
2020-06-10,941.7940063476562,344.0516052246094,31.407821655273438,173.19390869140625
2020-06-11,919.7173461914062,332.5994873046875,30.433576583862305,163.45925903320312
2020-06-12,933.1531982421875,335.47467041015625,30.665536880493164,165.30467224121094
2020-06-15,901.91357421875,322.706787109375,31.222253799438477,160.27586364746094
2020-06-16,940.4171752929688,334.25640869140625,30.758323669433594,159.53770446777344
2020-06-17,929.8298950195312,333.28173828125,30.758323669433594,159.58383178710938
2020-06-18,968.4759521484375,343.0769348144531,31.4542179107666,165.7660369873047
2020-06-19,981.1995239257812,354.57781982421875,32.01092529296875,170.24122619628906
2020-06-22,976.8318481445312,358.2327575683594,33.217132568359375,173.19390869140625
2020-06-23,989.697998046875,366.6147766113281,34.74809265136719,177.57681274414062
2020-06-24,980.3925170898438,339.27581787109375,33.86663055419922,170.33349609375
2020-06-25,976.8318481445312,342.1023254394531,34.423343658447266,170.93325805664062
2020-06-26,1003.1338500976562,340.2504577636719,33.959415435791016,170.33349609375
2020-06-29,1021.7446899414062,334.4025573730469,32.799598693847656,165.39695739746094
2020-06-30,1012.059326171875,342.5409240722656,32.242889404296875,164.65878295898438
2020-07-01,1029.863037109375,354.8215026855469,33.77384948730469,170.5180206298828
2020-07-02,1034.4210205078125,353.6519470214844,33.63467025756836,171.11778259277344
2020-07-03,1019.7505493164062,351.8488464355469,33.3563117980957,170.42575073242188
2020-07-06,1047.3345947265625,352.6772766113281,34.423343658447266,173.516845703125
2020-07-07,1049.3759765625,366.5173034667969,34.14498519897461,174.02435302734375
2020-07-08,1054.3135986328125,359.5972900390625,34.562522888183594,177.06932067871094
2020-07-09,1068.1768798828125,360.9617919921875,34.423343658447266,183.71287536621094
2020-07-10,1049.32861328125,351.2153015136719,32.521240234375,180.48336791992188
2020-07-13,1025.732666015625,344.63641357421875,32.05731964111328,177.80747985839844
2020-07-14,1005.4126586914062,336.79046630859375,31.129465103149414,171.67141723632812
2020-07-15,1000.0004272460938,337.03411865234375,30.619144439697266,169.59532165527344
2020-07-16,1008.9260864257812,335.91326904296875,30.851110458374023,171.85597229003906
2020-07-17,1043.0140380859375,344.831298828125,31.175857543945312,173.65525817871094
2020-07-20,1075.8680419921875,353.7981262207031,32.05731964111328,176.00819396972656
2020-07-21,1081.090576171875,369.19757080078125,32.242889404296875,179.3760986328125
2020-07-22,1069.506103515625,371.4393005371094,31.778959274291992,177.16159057617188
2020-07-23,1073.351806640625,382.306640625,31.825355529785156,182.92855834960938
2020-07-24,1062.6219482421875,372.12152099609375,31.129465103149414,177.11546325683594
2020-07-27,1025.0205078125,349.4122009277344,29.969646453857422,172.6864013671875
2020-07-28,1031.809814453125,343.1744384765625,29.784076690673828,174.8086700439453
2020-07-29,1010.8724975585938,342.1510314941406,30.387184143066406,176.42340087890625
2020-07-30,997.6266479492188,336.2056884765625,29.459331512451172,172.13278198242188
2020-07-31,980.677490234375,338.0087890625,29.644901275634766,176.6540985107422
2020-08-03,951.4317016601562,334.54876708984375,30.526363372802734,177.39227294921875
2020-08-04,989.0806884765625,342.1023254394531,30.15522003173828,176.79251098632812
2020-08-05,975.6923217773438,343.27191162109375,30.248003005981445,176.6540985107422
2020-08-06,988.1786499023438,349.6558837890625,30.016040802001953,176.19273376464844
2020-08-07,991.169677734375,348.87615966796875,30.433576583862305,175.91590881347656
2020-08-10,997.6266479492188,354.33416748046875,30.479969024658203,178.82247924804688
2020-08-11,1012.8190307617188,358.0378723144531,30.479969024658203,179.97586059570312
2020-08-12,1010.0179443359375,357.550537109375,31.361427307128906,187.58828735351562
2020-08-13,1005.6026611328125,358.7200927734375,30.851110458374023,186.2964630126953
2020-08-14,982.244140625,352.2386779785156,29.923255920410156,181.31382751464844
2020-08-17,980.6299438476562,351.0691223144531,30.108827590942383,178.1765899658203
2020-08-18,1003.1812133789062,360.18206787109375,30.479969024658203,180.02200317382812
2020-08-19,1012.771728515625,364.9579162597656,31.732568740844727,181.82130432128906
2020-08-20,1005.55517578125,358.4277038574219,32.5676383972168,179.6990509033203
2020-08-21,1030.8602294921875,361.7414855957031,33.07795715332031,183.0669708251953
2020-08-24,1060.6756591796875,370.70831298828125,32.75320816040039,185.88125610351562
2020-08-25,1063.1917724609375,376.55621337890625,32.660423278808594,191.87890625
2020-08-26,1062.0048828125,379.48016357421875,32.84599304199219,193.63206481933594
2020-08-27,1055.9752197265625,382.2579345703125,32.75320816040039,198.9838409423828
2020-08-28,1058.2542724609375,399.31427001953125,34.376949310302734,207.4728240966797
2020-08-31,1059.5360107421875,384.5970764160156,32.521240234375,195.61590576171875
2020-09-01,1070.408203125,381.0395812988281,32.19649887084961,201.24449157714844
2020-09-02,1076.91259765625,382.4528503417969,32.289283752441406,199.53746032714844
2020-09-03,1073.82666015625,373.0474548339844,32.01092529296875,196.67703247070312
2020-09-04,1062.81201171875,363.10601806640625,31.222253799438477,190.6332550048828
2020-09-07,1054.4560546875,363.9344482421875,31.361427307128906,191.83279418945312
2020-09-08,1056.3076171875,366.1761779785156,31.222253799438477,188.2803192138672
2020-09-09,1041.16259765625,358.2815246582031,30.526363372802734,179.7913360595703
2020-09-10,1035.512939453125,361.30291748046875,31.129465103149414,182.8363037109375
2020-09-11,1024.21337890625,361.1080017089844,31.268644332885742,187.03465270996094
2020-09-14,1004.5581665039062,354.4803771972656,31.175857543945312,183.1592559814453
2020-09-15,1016.4749145507812,362.13134765625,30.897499084472656,184.6817169189453
2020-09-16,1038.45654296875,365.2015380859375,31.175857543945312,182.8824462890625
2020-09-17,1028.91357421875,359.6460266113281,30.851110458374023,180.34495544433594
2020-09-18,1003.94091796875,360.18206787109375,30.248003005981445,177.7152099609375
2020-09-21,996.3446044921875,341.8099365234375,28.438690185546875,171.44076538085938
2020-09-22,983.1461791992188,345.4161071777344,27.88197898864746,171.80982971191406
2020-09-23,994.3981323242188,342.9307861328125,27.232484817504883,169.59532165527344
2020-09-24,978.3986206054688,327.1901550292969,26.02627182006836,162.72108459472656
2020-09-25,991.3121337890625,339.8118896484375,26.954126358032227,168.11895751953125
2020-09-28,1000.9972534179688,353.7981262207031,27.97476577758789,172.77867126464844
2020-09-29,1008.9260864257812,347.9989318847656,27.000520706176758,170.74871826171875
2020-09-30,1024.166015625,345.75726318359375,26.49020004272461,171.0716552734375
2020-10-01,1051.0853271484375,359.8409423828125,25.97987937927246,175.5929718017578
2020-10-05,1058.11181640625,363.64208984375,26.258237838745117,174.16275024414062
2020-10-06,1086.3603515625,370.95196533203125,26.304630279541016,176.79251098632812
2020-10-07,1103.5943603515625,372.9499816894531,25.7479190826416,175.96206665039062
2020-10-08,1131.6531982421875,377.67706298828125,25.794309616088867,176.7002410888672
2020-10-09,1171.296142578125,391.3221435546875,26.81494903564453,182.97471618652344
2020-10-12,1152.4002685546875,393.8075256347656,26.397415161132812,183.3437957763672
2020-10-13,1137.9674072265625,386.20526123046875,25.8407039642334,180.57565307617188
2020-10-14,1150.3587646484375,396.48779296875,26.11905860900879,184.58946228027344
2020-10-15,1110.2410888671875,381.0883483886719,25.701526641845703,177.94590759277344
2020-10-16,1138.8218994140625,386.0590515136719,25.46956443786621,180.8063201904297
2020-10-19,1142.8101806640625,406.5267333984375,25.933490753173828,188.2341766357422
2020-10-20,1162.1805419921875,404.090087890625,25.37677764892578,187.3576202392578
2020-10-21,1183.7823486328125,409.64556884765625,25.237598419189453,188.00350952148438
2020-10-22,1171.0587158203125,402.43316650390625,25.237598419189453,187.58828735351562
2020-10-23,1173.432373046875,406.3804931640625,25.42317008972168,187.12693786621094
2020-10-26,1149.7891845703125,394.1973876953125,25.97987937927246,181.49835205078125
2020-10-27,1170.86865234375,399.5579833984375,25.37677764892578,179.60679626464844
2020-10-28,1148.5548095703125,386.01031494140625,25.14481544494629,175.7313690185547
2020-10-29,1127.2852783203125,389.7626953125,24.68088722229004,174.1166229248047
2020-10-30,1123.819580078125,382.64776611328125,24.820066452026367,174.62411499023438
2020-11-02,1153.9195556640625,406.8678283691406,25.933490753173828,180.8986053466797
2020-11-03,1184.9693603515625,432.5986328125,25.794309616088867,188.9262237548828
2020-11-04,1193.9423828125,425.970947265625,25.46956443786621,191.00233459472656
2020-11-05,1205.1468505859375,427.38421630859375,25.701526641845703,201.75198364257812
2020-11-06,1241.656494140625,431.5751953125,25.7479190826416,202.2594757080078
2020-11-09,1272.8961181640625,450.97076416015625,26.53659439086914,202.5363006591797
2020-11-10,1323.3162841796875,471.58465576171875,27.464447021484375,213.79344177246094
2020-11-11,1319.8031005859375,474.2161560058594,27.139698028564453,216.10025024414062
2020-11-12,1302.473876953125,464.6158752441406,27.000520706176758,209.27210998535156
2020-11-13,1290.2249755859375,473.24151611328125,27.371660232543945,211.71731567382812
2020-11-14,1300.574951171875,474.55731201171875,27.464447021484375,211.90187072753906
2020-11-17,1337.369384765625,474.07000732421875,27.696409225463867,221.6365203857422
2020-11-18,1337.606689453125,485.0348205566406,28.6242618560791,232.5245819091797
2020-11-19,1304.990234375,466.6139221191406,27.835586547851562,221.22129821777344
2020-11-20,1332.8116455078125,468.0271301269531,27.65001678466797,223.98947143554688
2020-11-23,1324.2181396484375,456.38006591796875,27.88197898864746,220.25245666503906
2020-11-24,1365.6177978515625,466.0778503417969,28.206727981567383,225.00445556640625
2020-11-25,1332.0045166015625,460.7173156738281,29.08819007873535,224.2201385498047
2020-11-26,1354.65087890625,463.2513427734375,29.737686157226562,226.4807891845703
2020-11-27,1368.13427734375,461.350830078125,31.036680221557617,225.37351989746094
2020-12-01,1360.9652099609375,472.80291748046875,31.964534759521484,228.87985229492188
2020-12-02,1335.945068359375,468.27081298828125,31.5006046295166,227.86485290527344
2020-12-03,1307.6964111328125,469.6353454589844,33.217132568359375,236.49224853515625
2020-12-04,1315.672607421875,489.3232727050781,33.07795715332031,243.1358184814453
2020-12-07,1302.996337890625,497.5103454589844,33.17074203491211,248.76443481445312
2020-12-08,1306.8419189453125,495.5122985839844,37.67082977294922,250.88662719726562
2020-12-09,1336.1826171875,498.5337219238281,36.55740737915039,249.45643615722656
2020-12-10,1315.9100341796875,494.09906005859375,35.629554748535156,248.71827697753906
2020-12-11,1313.0137939453125,502.3835754394531,37.57804489135742,251.39414978027344
2020-12-14,1302.9013671875,512.4712524414062,38.273929595947266,253.00894165039062
2020-12-15,1321.0849609375,504.9176330566406,37.67082977294922,249.73324584960938
2020-12-16,1339.5057373046875,499.4596252441406,35.21201705932617,248.57986450195312
2020-12-17,1369.036376953125,497.4615783691406,34.3305549621582,247.01123046875
2020-12-18,1340.1229248046875,504.04052734375,33.91302490234375,250.471435546875
2020-12-21,1303.3759765625,481.9646911621094,31.639780044555664,235.01589965820312
2020-12-22,1303.8033447265625,487.61761474609375,30.99028778076172,237.55340576171875
2020-12-23,1306.2247314453125,490.833984375,29.505720138549805,242.6744842529297
2020-12-24,1326.5921630859375,500.53173828125,29.180973052978516,246.2269287109375
2020-12-28,1341.5472412109375,506.9156799316406,30.062437057495117,253.931640625
2020-12-29,1355.1729736328125,515.3951416015625,30.804718017578125,256.4229736328125
2020-12-30,1360.20556640625,515.346435546875,30.387184143066406,255.50021362304688
2020-12-31,1363.81396484375,521.4866943359375,30.665536880493164,253.700927734375
2021-01-01,1353.131591796875,514.1281127929688,32.289283752441406,257.8070068359375
2021-01-04,1344.5384521484375,518.2216796875,32.985172271728516,259.3294982910156
2021-01-05,1354.6982421875,523.6309814453125,33.03156280517578,259.9753723144531
2021-01-06,1348.8587646484375,532.8414306640625,32.660423278808594,263.02032470703125
2021-01-07,1344.775634765625,527.3833618164062,32.89238739013672,265.4656066894531
2021-01-08,1359.3984375,528.3092651367188,32.84599304199219,263.8969421386719
2021-01-11,1378.1993408203125,530.8922119140625,32.38206481933594,260.6674499511719
2021-01-12,1406.2578125,534.1084594726562,33.86663055419922,269.89459228515625
2021-01-13,1396.4302978515625,542.3930053710938,33.959415435791016,283.0894470214844
2021-01-14,1394.6263427734375,539.2741088867188,34.3305549621582,283.50469970703125
2021-01-15,1392.6322021484375,529.2352294921875,33.3563117980957,280.3674621582031
2021-01-18,1408.251953125,519.6349487304688,32.89238739013672,271.6939392089844
2021-01-19,1427.9547119140625,532.5977172851562,33.86663055419922,275.523193359375
2021-01-20,1416.7027587890625,537.0324096679688,34.2841682434082,279.16790771484375
2021-01-21,1400.3709716796875,538.6892700195312,33.07795715332031,272.06298828125
2021-01-22,1370.697998046875,520.2683715820312,32.05731964111328,261.77471923828125
2021-01-25,1389.02392578125,524.41064453125,31.686180114746094,259.23724365234375
2021-01-27,1338.46142578125,509.1086120605469,30.943893432617188,254.34681701660156
2021-01-28,1302.2366943359375,514.8590698242188,30.20161247253418,260.5290222167969
2021-01-29,1320.3251953125,523.3873291015625,30.943893432617188,260.2983703613281
2021-02-01,1402.222412109375,588.493896484375,33.17074203491211,286.68804931640625
2021-02-02,1481.793212890625,601.700439453125,33.58827209472656,307.35693359375
2021-02-03,1495.32421875,606.5736694335938,35.58315658569336,309.9866638183594
2021-02-04,1499.406982421875,612.3728637695312,37.57804489135742,327.65667724609375
2021-02-05,1516.973388671875,598.5816650390625,37.253299713134766,362.71990966796875
2021-02-08,1524.2373046875,613.639892578125,35.2584114074707,366.3646240234375
2021-02-09,1530.50439453125,617.294921875,36.2326545715332,364.28851318359375
2021-02-10,1501.92333984375,616.1253051757812,36.60380172729492,361.9355773925781
2021-02-11,1492.997802734375,614.663330078125,35.95429992675781,359.99786376953125
2021-02-12,1502.11328125,631.18359375,36.00069046020508,362.7660217285156
2021-02-15,1535.014404296875,656.8656616210938,36.69658660888672,375.49951171875
2021-02-16,1544.5574951171875,641.6611328125,36.65018844604492,371.2550048828125
2021-02-17,1506.4337158203125,640.6864624023438,38.69146728515625,379.9285583496094
2021-02-18,1475.85888671875,628.3084106445312,40.63995361328125,383.1119384765625
2021-02-19,1461.4256591796875,608.2306518554688,39.016212463378906,368.67138671875
2021-02-22,1469.8765869140625,594.3905639648438,38.08836364746094,359.3981018066406
2021-02-23,1451.97802734375,600.6770629882812,38.041969299316406,365.02667236328125
2021-02-24,1525.3768310546875,624.848388671875,38.78424835205078,374.8536376953125
2021-02-25,1525.329345703125,612.0804443359375,38.877037048339844,375.7763366699219
2021-02-26,1456.962890625,582.5972900390625,37.90279006958008,359.99786376953125
2021-03-01,1480.2265625,592.9285888671875,37.85639572143555,364.42694091796875
2021-03-02,1489.05712890625,595.0241088867188,38.041969299316406,363.73492431640625
2021-03-03,1506.76611328125,616.0765380859375,40.40799331665039,373.746337890625
2021-03-04,1473.7222900390625,605.0142211914062,40.45438766479492,365.0728454589844
2021-03-05,1452.7850341796875,594.0007934570312,38.69146728515625,354.000244140625
2021-03-08,1442.8148193359375,592.63623046875,38.73786163330078,359.4903869628906
2021-03-09,1483.6448974609375,609.2539672851562,38.59867858886719,357.64495849609375
2021-03-10,1477.2354736328125,609.7412719726562,38.50589370727539,357.73724365234375
2021-03-12,1473.627197265625,597.3145141601562,38.08836364746094,351.6473083496094
2021-03-15,1451.5030517578125,588.2015380859375,37.85639572143555,354.2309265136719
2021-03-16,1435.8360595703125,579.8682861328125,36.92854309082031,349.2943115234375
2021-03-17,1419.8836669921875,574.5564575195312,35.629554748535156,339.6981201171875
2021-03-18,1415.7532958984375,563.9327392578125,34.98005676269531,338.7292785644531
2021-03-19,1421.92529296875,571.7786865234375,35.67594528198242,342.46624755859375
2021-03-22,1395.006103515625,558.913330078125,35.21201705932617,338.63702392578125
2021-03-23,1424.4415283203125,571.5350952148438,35.95429992675781,343.896484375
2021-03-24,1404.1690673828125,553.1141357421875,34.3305549621582,332.03955078125
2021-03-25,1389.4986572265625,557.0614624023438,32.938777923583984,327.7489318847656
2021-03-26,1416.0382080078125,563.8839721679688,33.402706146240234,329.5943908691406
2021-03-30,1475.2889404296875,576.45703125,33.54188537597656,332.9161071777344
2021-03-31,1418.2696533203125,567.343994140625,34.00580978393555,336.1456298828125
2021-04-01,1411.7176513671875,579.332275390625,35.4439811706543,342.0049133300781
2021-04-05,1376.4425048828125,556.7691040039062,34.2841682434082,326.2264709472656
2021-04-06,1367.564453125,551.5546875,34.376949310302734,323.4582824707031
2021-04-07,1374.1636962890625,563.0068359375,34.887271881103516,330.84002685546875
2021-04-08,1360.490478515625,562.0808715820312,34.74809265136719,328.1180419921875
2021-04-09,1349.9981689453125,551.8470458984375,35.119232177734375,325.71893310546875
2021-04-12,1298.0587158203125,524.8980102539062,31.5006046295166,303.4353942871094
2021-04-13,1329.67822265625,546.3890380859375,32.5676383972168,314.6463928222656
2021-04-15,1357.9266357421875,560.6189575195312,32.242889404296875,316.2149963378906
2021-04-16,1356.550048828125,552.5780639648438,32.289283752441406,313.6313781738281
2021-04-19,1341.1199951171875,545.5606079101562,30.758323669433594,305.5575866699219
2021-04-20,1321.1798095703125,544.927001953125,31.268644332885742,304.03515625
2021-04-22,1350.7103271484375,564.517578125,31.4542179107666,310.6325378417969
2021-04-23,1342.78173828125,555.5020141601562,31.546998977661133,310.4480285644531
2021-04-26,1333.903564453125,576.1158447265625,31.964534759521484,317.6913146972656
2021-04-27,1366.0927734375,583.5719604492188,32.428462982177734,325.76507568359375
2021-04-28,1402.27001953125,605.5990600585938,33.07795715332031,335.3152160644531
2021-04-29,1398.18701171875,605.696533203125,32.521240234375,331.62432861328125
2021-04-30,1341.0250244140625,585.2776489257812,32.33567810058594,326.1803283691406
2021-05-03,1343.0665283203125,581.6226196289062,32.01092529296875,323.50445556640625
2021-05-04,1318.28369140625,576.554443359375,34.74809265136719,324.3348693847656
2021-05-05,1331.814697265625,587.519287109375,34.74809265136719,327.9335021972656
2021-05-06,1330.2003173828125,592.782470703125,33.77384948730469,328.0718688964844
2021-05-07,1343.351318359375,591.7102661132812,33.63467025756836,330.563232421875
2021-05-10,1348.1939697265625,597.7044067382812,33.03156280517578,333.74658203125
2021-05-11,1332.7169189453125,594.3905639648438,32.521240234375,336.4685974121094
2021-05-12,1328.87109375,579.6734008789062,34.423343658447266,339.28289794921875
2021-05-14,1316.859375,582.15869140625,34.14498519897461,332.59320068359375
2021-05-17,1367.564453125,607.7919921875,34.93366241455078,353.49273681640625
2021-05-18,1402.1748046875,617.148681640625,34.655303955078125,352.7084045410156
2021-05-19,1384.6085205078125,609.5950927734375,33.58827209472656,354.6922607421875
2021-05-20,1360.490478515625,602.9188232421875,34.79448699951172,354.8306579589844
2021-05-21,1421.7354736328125,626.1641845703125,35.3047981262207,370.1939392089844
2021-05-24,1433.7469482421875,630.93994140625,36.92854309082031,380.2053527832031
2021-05-25,1404.3114013671875,633.8151245117188,36.51101303100586,380.482177734375
2021-05-26,1402.50732421875,635.95947265625,36.41822814941406,381.5894470214844
2021-05-27,1407.82470703125,635.7157592773438,39.109004974365234,392.3390808105469
2021-05-28,1427.574951171875,626.7489624023438,39.201786041259766,389.4325256347656
2021-05-31,1439.34912109375,645.9495849609375,39.340965270996094,391.5548095703125
2021-06-01,1435.4085693359375,633.6202392578125,38.64507293701172,399.12103271484375
2021-06-02,1428.09716796875,631.91455078125,40.825531005859375,403.45782470703125
2021-06-03,1443.81201171875,633.7664794921875,40.547176361083984,409.417724609375
2021-06-04,1425.201171875,626.4078979492188,39.990455627441406,403.78375244140625
2021-06-07,1424.1566162109375,631.7684326171875,39.06260681152344,402.5265808105469
2021-06-08,1408.2044677734375,626.1154174804688,38.45950698852539,397.8238220214844
2021-06-09,1405.59326171875,619.97509765625,37.67082977294922,392.46923828125
2021-06-10,1406.305419921875,624.1661987304688,39.43375015258789,402.5265808105469
2021-06-11,1411.3380126953125,619.5852661132812,39.016212463378906,400.0588073730469
2021-06-14,1404.7861328125,619.0492553710938,39.944068908691406,400.75726318359375
2021-06-15,1415.041015625,628.94189453125,39.340965270996094,399.9656982421875
2021-06-16,1409.67626953125,623.8737182617188,38.73786163330078,396.65985107421875
2021-06-17,1392.10986328125,616.9536743164062,38.13475036621094,391.3517761230469
2021-06-18,1405.11865234375,614.419677734375,37.39247131347656,384.5071716308594
2021-06-21,1413.5694580078125,615.2481689453125,38.69146728515625,390.8861389160156
2021-06-22,1408.916748046875,614.858154296875,38.32032775878906,389.86175537109375
2021-06-23,1410.5308837890625,608.8641967773438,39.201786041259766,390.04803466796875
2021-06-24,1430.2335205078125,617.9771728515625,38.55229187011719,388.5115051269531
2021-06-25,1438.6370849609375,632.5481567382812,39.24817657470703,399.3138122558594
2021-06-28,1432.2275390625,633.8151245117188,40.2224235534668,397.4048156738281
2021-06-29,1432.41845703125,623.8737182617188,39.897674560546875,392.51580810546875
2021-06-30,1428.4608154296875,614.9069213867188,39.24817657470703,390.37396240234375
2021-07-01,1417.82763671875,614.858154296875,39.29457092285156,391.491455078125
2021-07-02,1411.7720947265625,624.0199584960938,39.06260681152344,395.2164001464844
2021-07-05,1426.124267578125,631.4273071289062,39.24817657470703,402.8990783691406
2021-07-06,1463.5548095703125,633.8151245117188,38.83064270019531,400.1985168457031
2021-07-07,1468.13232421875,637.4213256835938,38.69146728515625,403.0853576660156
2021-07-08,1449.96533203125,625.628173828125,38.08836364746094,395.262939453125
2021-07-09,1432.3707275390625,622.3629760742188,38.041969299316406,394.611083984375
2021-07-12,1418.0660400390625,629.8677978515625,37.94918441772461,398.0566711425781
2021-07-13,1432.2275390625,648.0938110351562,37.94918441772461,399.59320068359375
2021-07-14,1429.6529541015625,647.509033203125,37.763614654541016,401.40911865234375
2021-07-15,1450.2037353515625,650.5304565429688,37.43886184692383,402.014404296875
2021-07-16,1451.77734375,643.5617065429688,37.90279006958008,400.4313049316406
2021-07-19,1402.807861328125,639.2732543945312,37.39247131347656,398.4757385253906
2021-07-20,1376.248779296875,625.628173828125,36.88215255737305,391.95703125
2021-07-22,1381.54150390625,639.322021484375,37.11411666870117,393.0279846191406
2021-07-23,1375.8675537109375,659.4972534179688,37.16050720214844,399.406982421875
2021-07-26,1368.0474853515625,659.5946655273438,36.51101303100586,394.1920166015625
2021-07-27,1373.00634765625,660.2769775390625,36.325443267822266,400.384765625
2021-07-28,1351.5972900390625,667.6842651367188,35.629554748535156,396.2407531738281
2021-07-29,1352.503173828125,672.0341796875,36.55740737915039,411.18707275390625
2021-07-30,1360.322998046875,667.1466674804688,36.65018844604492,402.1075134277344
2021-08-02,1356.69921875,666.0714111328125,37.763614654541016,404.9943542480469
2021-08-03,1368.1905517578125,674.8690185546875,37.39247131347656,415.79669189453125
2021-08-04,1397.3720703125,698.5734252929688,36.55740737915039,425.52813720703125
2021-08-05,1416.0157470703125,686.6478881835938,36.047080993652344,411.46649169921875
2021-08-06,1423.4541015625,681.9558715820312,36.69658660888672,405.6927795410156
2021-08-09,1434.1826171875,687.038818359375,35.95429992675781,403.5975036621094
2021-08-10,1437.7589111328125,685.1327514648438,34.79448699951172,397.12542724609375
2021-08-11,1425.6474609375,677.9480590820312,34.70170211791992,398.6153564453125
2021-08-12,1431.798583984375,685.5726318359375,35.07283401489258,397.77728271484375
2021-08-13,1455.4488525390625,688.9449462890625,35.02644729614258,401.54876708984375
2021-08-16,1459.6448974609375,686.8434448242188,34.74809265136719,395.63543701171875
2021-08-17,1444.434326171875,685.426025390625,34.098594665527344,392.51580810546875
2021-08-18,1442.86083984375,672.816162109375,33.86663055419922,390.839599609375
2021-08-20,1444.5296630859375,665.3871459960938,33.03156280517578,378.7335205078125
2021-08-23,1453.9229736328125,667.3422241210938,33.54188537597656,381.3409729003906
2021-08-24,1486.5853271484375,678.827880859375,33.72745132446289,388.8840026855469
2021-08-25,1485.2025146484375,675.5043334960938,33.82024002075195,387.6268310546875
2021-08-26,1482.72314453125,683.0800170898438,33.217132568359375,382.5050354003906
2021-08-27,1476.6673583984375,684.0086059570312,33.54188537597656,384.0881042480469
2021-08-30,1495.549560546875,697.595947265625,34.098594665527344,393.63330078125
2021-08-31,1508.0899658203125,702.8743896484375,34.00580978393555,396.7529296875
2021-09-01,1505.8966064453125,703.7053833007812,34.655303955078125,400.3381652832031
2021-09-02,1515.3375244140625,708.8372192382812,34.74809265136719,400.1985168457031
2021-09-03,1502.9881591796875,708.00634765625,35.3047981262207,401.7350158691406
2021-09-06,1493.11767578125,704.92724609375,35.119232177734375,401.40911865234375
2021-09-07,1496.503173828125,700.7728271484375,34.70170211791992,399.59320068359375
2021-09-08,1503.3216552734375,704.731689453125,34.93366241455078,401.6885070800781
2021-09-09,1495.88330078125,704.0474853515625,34.840877532958984,402.5731506347656
2021-09-13,1483.4383544921875,691.486572265625,34.887271881103516,403.0853576660156
2021-09-14,1476.7628173828125,691.535400390625,35.07283401489258,403.2250061035156
2021-09-15,1475.0938720703125,698.2801513671875,35.95429992675781,413.32891845703125
2021-09-16,1487.63427734375,710.8411254882812,38.78424835205078,431.8139343261719
2021-09-17,1508.80517578125,703.94970703125,36.88215255737305,422.87408447265625
2021-09-20,1487.5389404296875,694.0280151367188,35.3511962890625,407.3690185546875
2021-09-21,1480.0052490234375,695.8363647460938,35.3511962890625,408.62615966796875
2021-09-22,1462.60107421875,687.527587890625,35.39759063720703,408.6727294921875
2021-09-23,1497.2183837890625,700.8705444335938,35.72233581542969,418.8697814941406
2021-09-24,1527.305908203125,706.686767578125,35.165626525878906,410.4421081542969
2021-09-27,1549.763916015625,713.578125,35.58315658569336,415.88983154296875
2021-09-28,1540.1800537109375,701.0172119140625,36.325443267822266,414.3067321777344
2021-09-29,1519.9627685546875,693.539306640625,36.789363861083984,428.3683776855469
2021-09-30,1521.01171875,685.0838623046875,37.2068977355957,421.8497314453125
2021-10-01,1509.3297119140625,676.7750854492188,37.67082977294922,420.59259033203125
2021-10-04,1512.23828125,684.448486328125,38.13475036621094,431.3017578125
2021-10-05,1521.4884033203125,681.4181518554688,38.08836364746094,432.7452087402344
2021-10-06,1540.0369873046875,673.9891967773438,37.021331787109375,425.76092529296875
2021-10-07,1535.8409423828125,686.4035034179688,37.021331787109375,426.4127502441406
2021-10-08,1528.3548583984375,687.5765991210938,37.39247131347656,426.50592041015625
2021-10-11,1558.060791015625,697.2537841796875,37.53165054321289,436.9822692871094
2021-10-12,1554.055419921875,692.6594848632812,38.273929595947266,449.7867736816406
2021-10-13,1563.4012451171875,693.9791870117188,38.45950698852539,448.5762023925781
2021-10-14,1609.176025390625,710.9389038085938,39.48014450073242,456.86419677734375
2021-10-18,1592.8687744140625,728.6805419921875,42.68124008178711,463.7087707519531
2021-10-19,1610.4156494140625,730.6356201171875,40.96470642089844,454.62921142578125
2021-10-20,1596.254150390625,729.0715942382812,39.990455627441406,465.524658203125
2021-10-21,1598.5906982421875,738.5044555664062,41.42863464355469,468.3649597167969
2021-10-22,1602.8343505859375,742.2189331054688,40.779136657714844,468.3649597167969
2021-10-25,1580.1854248046875,822.765380859375,41.66059875488281,471.67083740234375
2021-10-26,1576.13232421875,810.7420654296875,42.542057037353516,477.3047790527344
2021-10-27,1566.6435546875,816.2161254882812,42.959590911865234,483.45098876953125
2021-10-28,1519.7242431640625,780.7326049804688,38.36671829223633,466.8749694824219
2021-10-29,1509.4727783203125,784.0072631835938,39.06260681152344,467.61993408203125
2021-11-01,1530.8819580078125,785.8157348632812,39.06260681152344,480.23822021484375
2021-11-02,1532.2647705078125,782.9320068359375,39.06260681152344,485.82562255859375
2021-11-03,1508.137451171875,768.26953125,38.36671829223633,491.3664855957031
2021-11-04,1520.05810546875,764.506103515625,38.877037048339844,493.9739685058594
2021-11-08,1526.06591796875,762.5999755859375,39.340965270996094,487.26904296875
2021-11-09,1499.3641357421875,768.85595703125,39.804893493652344,492.76336669921875
2021-11-10,1483.1522216796875,763.3330688476562,39.201786041259766,488.3399658203125
2021-11-11,1476.5244140625,754.0956420898438,38.83064270019531,474.5576477050781
2021-11-12,1481.00634765625,759.1297607421875,38.73786163330078,476.18731689453125
2021-11-15,1485.0595703125,755.904052734375,38.59867858886719,471.71734619140625
2021-11-16,1476.2381591796875,746.8621215820312,38.13475036621094,461.0547790527344
2021-11-17,1459.835693359375,744.1740112304688,37.717220306396484,463.89501953125
2021-11-18,1468.037109375,745.738037109375,38.64507293701172,469.1564636230469
2021-11-22,1445.101806640625,735.083251953125,37.021331787109375,452.9529724121094
2021-11-23,1445.292724609375,734.9365844726562,37.717220306396484,459.14569091796875
2021-11-24,1447.6767578125,743.0987548828125,37.53165054321289,459.2388610839844
2021-11-25,1455.21044921875,734.1546020507812,37.06772232055664,456.817626953125
2021-11-26,1420.8316650390625,705.95361328125,35.72233581542969,438.1463623046875
2021-11-29,1431.6553955078125,702.2390747070312,34.887271881103516,433.1177062988281
2021-11-30,1424.3125,698.2801513671875,34.60891342163086,428.8805236816406
2021-12-01,1434.8978271484375,711.329833984375,35.58315658569336,442.61627197265625
2021-12-02,1455.019775390625,706.1490478515625,35.72233581542969,444.19940185546875
2021-12-03,1443.3853759765625,700.186279296875,35.72233581542969,440.6141357421875
2021-12-06,1434.0872802734375,693.588134765625,35.2584114074707,433.30389404296875
2021-12-07,1454.9720458984375,718.12353515625,35.72233581542969,443.9200439453125
2021-12-08,1481.76953125,736.4517822265625,36.51101303100586,457.7488708496094
2021-12-09,1456.068603515625,738.0157470703125,36.65018844604492,455.04827880859375
2021-12-10,1451.9681396484375,740.9482421875,37.81000518798828,460.6822814941406
2021-12-13,1441.0966796875,737.0381469726562,37.34608459472656,454.2567138671875
2021-12-14,1432.7998046875,741.5836181640625,37.253299713134766,454.95513916015625
2021-12-15,1430.46337890625,735.3275756835938,36.88215255737305,451.4630126953125
2021-12-16,1430.5587158203125,724.477294921875,36.55740737915039,448.0639953613281
2021-12-17,1404.7628173828125,711.9163208007812,35.2584114074707,435.63201904296875
2021-12-20,1359.5601806640625,693.9791870117188,34.098594665527344,418.31103515625
2021-12-21,1374.9615478515625,704.1452026367188,34.2841682434082,415.3310546875
2021-12-22,1378.203857421875,716.3151245117188,34.74809265136719,424.5037536621094
2021-12-23,1377.1549072265625,714.848876953125,35.2584114074707,430.0445861816406
2021-12-24,1372.19580078125,710.7433471679688,34.191375732421875,425.52813720703125
2021-12-27,1383.544189453125,719.443115234375,34.562522888183594,426.5524597167969
2021-12-28,1393.0806884765625,719.2476806640625,34.60891342163086,429.4858703613281
2021-12-29,1386.452880859375,719.14990234375,34.4697380065918,423.1534729003906
2021-12-30,1393.748291015625,719.14990234375,34.4697380065918,420.6391296386719
2021-12-31,1410.8184814453125,723.4998168945312,34.60891342163086,428.7874450683594
2022-01-03,1449.2025146484375,747.4974975585938,35.2584114074707,438.42572021484375
2022-01-04,1457.68994140625,755.4641723632812,35.58315658569336,450.2524108886719
2022-01-05,1492.30712890625,770.322265625,35.95429992675781,458.5404052734375
2022-01-06,1468.37060546875,767.3897094726562,36.00069046020508,457.8885498046875
2022-01-07,1478.670166015625,775.4052124023438,36.09347915649414,457.469482421875
2022-01-10,1486.8714599609375,792.5115356445312,37.43886184692383,469.0168151855469
2022-01-11,1493.3084716796875,792.4138793945312,37.06772232055664,471.1586608886719
2022-01-12,1484.4873046875,805.2191772460938,37.11411666870117,475.1629638671875
2022-01-13,1457.1654052734375,806.1478271484375,37.299686431884766,476.18731689453125
2022-01-14,1473.5203857421875,801.553466796875,37.253299713134766,473.39361572265625
2022-01-17,1450.966796875,800.8692626953125,36.974937438964844,478.6551208496094
2022-01-18,1458.357421875,804.583740234375,36.279048919677734,471.9501953125
2022-01-19,1448.05810546875,790.409912109375,37.11411666870117,480.3313293457031
2022-01-20,1439.0462646484375,792.0227661132812,37.11411666870117,476.23388671875
2022-01-21,1451.06201171875,786.4021606445312,36.00069046020508,468.1321716308594
2022-01-24,1417.732421875,780.48828125,35.2584114074707,460.17010498046875
2022-01-25,1419.0675048828125,783.6163330078125,36.55740737915039,479.26043701171875
2022-01-27,1406.57470703125,776.7738037109375,38.181148529052734,492.5770568847656
2022-01-28,1395.4171142578125,763.5775146484375,37.90279006958008,487.45526123046875
2022-01-31,1416.8262939453125,771.055419921875,38.55229187011719,501.2840881347656
2022-02-01,1427.6025390625,792.07177734375,38.32032775878906,495.69671630859375
2022-02-02,1460.217041015625,795.444091796875,39.71210479736328,502.6809387207031
2022-02-03,1445.101806640625,790.7520751953125,39.52653121948242,502.9603576660156
2022-02-04,1453.3507080078125,786.9398193359375,38.50589370727539,493.8341979980469
2022-02-07,1400.08984375,768.7094116210938,38.69146728515625,496.5813903808594
2022-02-08,1394.0819091796875,774.672119140625,38.969825744628906,494.81201171875
2022-02-09,1428.1746826171875,784.7404174804688,38.59867858886719,498.44384765625
2022-02-10,1454.3997802734375,787.3796997070312,37.85639572143555,503.37933349609375
2022-02-11,1448.4395751953125,773.0103759765625,36.88215255737305,493.182373046875
2022-02-14,1405.3824462890625,736.7449951171875,34.423343658447266,466.9215393066406
2022-02-15,1447.4383544921875,758.5921630859375,35.629554748535156,488.7124328613281
2022-02-16,1445.4832763671875,746.8621215820312,35.768733978271484,481.1694641113281
2022-02-17,1436.662109375,733.4703369140625,35.3047981262207,477.67730712890625
2022-02-18,1442.240966796875,732.0530395507812,35.02644729614258,479.8656921386719
2022-02-21,1451.5389404296875,737.4780883789062,34.79448699951172,476.6529541015625
2022-02-22,1440.6673583984375,734.3989868164062,34.51612854003906,464.1278076171875
2022-02-23,1431.32177734375,727.8496704101562,34.655303955078125,464.4072265625
2022-02-24,1353.599853515625,691.486572265625,29.691293716430664,440.14849853515625
2022-02-25,1388.5985107421875,713.626953125,32.428462982177734,449.7402648925781
2022-02-28,1360.13232421875,725.992431640625,32.38206481933594,449.9730224609375
2022-03-02,1310.54296875,698.7689208984375,32.799598693847656,441.6384582519531
2022-03-03,1307.443603515625,682.5912475585938,32.5676383972168,435.259521484375
2022-03-04,1303.1522216796875,672.5718383789062,32.10371017456055,430.184326171875
2022-03-07,1263.3853759765625,639.0433959960938,31.732568740844727,410.0230407714844
2022-03-08,1266.246337890625,650.0403442382812,32.38206481933594,410.0230407714844
2022-03-09,1307.586669921875,652.4352416992188,33.03156280517578,420.6391296386719
2022-03-10,1328.1376953125,661.3793334960938,33.3563117980957,436.4701232910156
2022-03-11,1332.0474853515625,662.6502075195312,33.63467025756836,438.00665283203125
2022-03-14,1375.6767578125,680.4895629882812,34.14498519897461,451.7889404296875
2022-03-15,1357.986572265625,681.66259765625,33.402706146240234,452.4407958984375
2022-03-16,1381.0172119140625,692.072998046875,33.30992126464844,458.8663635253906
2022-03-17,1411.4383544921875,703.9008178710938,33.402706146240234,467.3871765136719
2022-03-21,1417.5892333984375,694.7611694335938,33.124351501464844,456.86419677734375
2022-03-22,1424.8846435546875,702.0435791015625,33.03156280517578,459.75103759765625
2022-03-23,1410.6751708984375,702.141357421875,33.124351501464844,456.9107360839844
2022-03-24,1375.7720947265625,688.3585815429688,32.985172271728516,453.6048889160156
2022-03-25,1364.566650390625,683.5198364257812,32.84599304199219,456.95733642578125
2022-03-28,1366.378662109375,694.3701782226562,33.07795715332031,463.2897033691406
2022-03-29,1384.4979248046875,699.2088012695312,32.428462982177734,460.9616394042969
2022-03-30,1408.48193359375,714.4578857421875,32.521240234375,460.30975341796875
2022-03-31,1402.18798828125,713.8713989257812,32.521240234375,459.611328125
2022-04-01,1436.185302734375,719.6875,33.72745132446289,473.25396728515625
2022-04-04,1579.99462890625,729.8046875,34.237770080566406,477.1651611328125
2022-04-05,1533.6951904296875,725.1126708984375,34.2841682434082,474.37139892578125
2022-04-06,1478.9561767578125,724.9171142578125,34.887271881103516,478.6085510253906
2022-04-07,1446.4368896484375,731.7107543945312,34.74809265136719,479.5397644042969
2022-04-08,1444.434326171875,737.3314819335938,35.02644729614258,480.6106872558594
2022-04-11,1426.7919921875,742.51220703125,34.74809265136719,479.49322509765625
2022-04-12,1424.2647705078125,746.6666259765625,34.098594665527344,477.5841369628906
2022-04-13,1397.0382080078125,745.1026611328125,34.00580978393555,482.1006774902344
2022-04-18,1330.760009765625,740.752685546875,33.58827209472656,474.4645690917969
2022-04-19,1279.9786376953125,749.0614624023438,33.124351501464844,476.6063537597656
2022-04-20,1291.5179443359375,738.5533447265625,33.124351501464844,474.2782897949219
2022-04-21,1310.6383056640625,745.2003784179688,33.3563117980957,480.7969055175781
2022-04-22,1292.757568359375,730.8311157226562,32.84599304199219,466.1765441894531
2022-04-25,1302.43701171875,735.2786865234375,32.38206481933594,460.7288513183594
2022-04-26,1308.4449462890625,736.7938842773438,33.03156280517578,470.7396240234375
2022-04-27,1308.9217529296875,720.1273803710938,32.84599304199219,463.056884765625
2022-04-28,1307.77734375,730.3423461914062,32.799598693847656,472.6020812988281
2022-04-29,1320.4132080078125,726.5789184570312,32.5676383972168,462.1722412109375
2022-05-02,1338.627685546875,724.3306884765625,32.521240234375,457.2366943359375
2022-05-04,1293.138916015625,707.95751953125,31.87174415588379,446.6671447753906
2022-05-05,1290.2303466796875,712.4050903320312,31.778959274291992,446.9930725097656
2022-05-06,1256.51904296875,703.0699462890625,31.407821655273438,450.6715087890625
2022-05-09,1258.6646728515625,694.3701782226562,31.08307456970215,443.1750183105469
2022-05-10,1278.882080078125,695.2987670898438,30.897499084472656,442.523193359375
2022-05-11,1286.08203125,698.1336059570312,30.71192741394043,443.7803039550781
2022-05-12,1257.0919189453125,680.1474609375,26.53659439086914,430.8361511230469
2022-05-13,1245.8045654296875,662.1124877929688,27.18609046936035,414.0738830566406
2022-05-16,1259.0694580078125,667.6353759765625,27.418052673339844,423.7121887207031
2022-05-17,1267.6556396484375,694.0280151367188,27.789194107055664,435.1663818359375
2022-05-18,1267.5592041015625,691.4376220703125,27.557233810424805,426.50592041015625
2022-05-19,1241.65625,674.771240234375,27.093305587768555,416.7279357910156
2022-05-20,1274.3603515625,693.588134765625,27.789194107055664,430.60333251953125
2022-05-23,1258.00830078125,695.0543823242188,28.392301559448242,429.20648193359375
2022-05-24,1272.4310302734375,692.2196655273438,28.113943099975586,430.2774353027344
2022-05-25,1281.9337158203125,697.3026733398438,27.65001678466797,429.4735107421875
2022-05-26,1318.496826171875,712.11181640625,28.067550659179688,443.4708557128906
2022-05-27,1342.9527587890625,723.1576538085938,28.25312042236328,443.5181884765625
2022-05-30,1352.117919921875,731.6619262695312,29.366544723510742,448.86181640625
2022-05-31,1339.962158203125,735.9140625,29.08819007873535,442.7142639160156
2022-06-01,1345.654052734375,735.7186279296875,29.134580612182617,442.9034118652344
2022-06-02,1336.2479248046875,732.8838500976562,29.691293716430664,444.3693542480469
2022-06-03,1331.6173095703125,727.5564575195312,29.273759841918945,439.30950927734375
2022-06-06,1329.83251953125,729.9512939453125,29.180973052978516,438.5528869628906
2022-06-07,1314.54150390625,718.7100219726562,28.995405197143555,438.2691650390625
2022-06-08,1319.1722412109375,713.0894165039062,28.902618408203125,445.74072265625
2022-06-09,1329.1090087890625,716.2662963867188,28.856225967407227,441.6266784667969
2022-06-10,1303.447021484375,703.8030395507812,28.670656204223633,436.8032531738281
2022-06-13,1279.8111572265625,672.5230102539062,27.928375244140625,421.67095947265625
2022-06-14,1265.7261962890625,670.0791625976562,27.742801666259766,423.79888916015625
2022-06-15,1261.336669921875,671.7898559570312,27.789194107055664,426.8726501464844
2022-06-16,1236.1090087890625,663.2366333007812,26.954126358032227,417.6513977050781
2022-06-17,1244.260986328125,671.3987426757812,26.954126358032227,417.0839538574219
2022-06-20,1275.5181884765625,670.5191040039062,26.397415161132812,411.1256408691406
2022-06-21,1289.410400390625,680.440673828125,27.603626251220703,426.30517578125
2022-06-22,1283.33251953125,671.1544189453125,27.78379249572754,423.3733215332031
2022-06-23,1288.059814453125,683.422119140625,27.73638153076172,426.919921875
2022-06-24,1306.0518798828125,697.4004516601562,28.020854949951172,429.6153869628906
2022-06-27,1308.41552734375,701.2127075195312,28.020854949951172,436.1884765625
2022-06-28,1298.4305419921875,694.3212890625,28.210506439208984,439.07305908203125
2022-06-29,1296.5491943359375,686.941162109375,28.210506439208984,434.2023620605469
2022-06-30,1300.4564208984375,691.291015625,27.499317169189453,440.6335754394531
2022-07-01,1306.003662109375,688.0652465820312,27.9260311126709,441.5320739746094
2022-07-04,1307.8365478515625,703.9008178710938,28.447568893432617,447.7741394042969
2022-07-05,1304.8941650390625,703.2655029296875,28.163095474243164,446.5446472167969
2022-07-06,1322.886474609375,709.6192016601562,28.400157928466797,453.9216613769531
2022-07-07,1346.570556640625,725.3082275390625,29.395822525024414,460.35284423828125
2022-07-08,1347.82470703125,738.7000122070312,29.063932418823242,462.05523681640625
2022-07-11,1356.5555419921875,752.1895751953125,29.443233489990234,461.7242126464844
2022-07-12,1342.711669921875,742.8054809570312,29.2061710357666,458.6504821777344
2022-07-13,1309.958984375,736.2561645507812,29.2061710357666,460.1164245605469
2022-07-14,1303.39892578125,735.4741821289062,28.826868057250977,453.35418701171875
2022-07-15,1314.0111083984375,734.30126953125,28.732046127319336,453.1177062988281
2022-07-18,1300.0223388671875,754.6333618164062,29.727710723876953,463.7103271484375
2022-07-19,1300.5048828125,763.0887451171875,29.964773178100586,470.9454650878906
2022-07-20,1316.9051513671875,765.4835815429688,29.775121688842773,481.0179138183594
2022-07-21,1312.7568359375,768.318359375,30.20183563232422,484.2807922363281
2022-07-22,1343.3868408203125,782.0523071289062,30.154422760009766,485.84130859375
2022-07-25,1347.34228515625,782.8831787109375,29.964773178100586,489.7189636230469
2022-07-26,1344.5928955078125,778.3865966796875,29.964773178100586,486.314208984375
2022-07-27,1354.8673095703125,782.4921875,30.39148712158203,499.5549621582031
2022-07-28,1366.878173828125,796.2749633789062,30.960439682006836,503.5744934082031
2022-07-29,1383.6160888671875,800.1849365234375,29.727710723876953,499.6968078613281
2022-08-01,1395.144775390625,804.8770751953125,31.671627044677734,504.803955078125
2022-08-02,1379.8055419921875,799.3541259765625,32.43022918701172,512.701171875
2022-08-03,1383.037353515625,806.2454833984375,32.240577697753906,511.5189514160156
2022-08-04,1381.397216796875,801.7978515625,31.671627044677734,504.33111572265625
2022-08-05,1376.718505859375,819.3441162109375,31.81386375427246,502.2503967285156
2022-08-08,1410.484130859375,823.03173828125,31.62421417236328,492.177978515625
2022-08-10,1414.5841064453125,834.635498046875,31.29232406616211,486.7870788574219
2022-08-11,1433.2998046875,845.4034423828125,31.671627044677734,496.2920837402344
2022-08-12,1432.769287109375,859.8590087890625,31.576799392700195,501.91937255859375
2022-08-16,1449.169677734375,864.6282958984375,31.81386375427246,497.427001953125
2022-08-17,1456.6463623046875,868.561767578125,32.667293548583984,499.5076599121094
2022-08-18,1458.3826904296875,870.3809814453125,32.382816314697266,503.47991943359375
2022-08-19,1440.390625,855.925537109375,31.62421417236328,492.1306457519531
2022-08-22,1418.4912109375,838.0772705078125,30.72337532043457,483.5715026855469
2022-08-23,1414.1016845703125,849.5335693359375,31.339736938476562,493.5966491699219
2022-08-24,1420.9029541015625,858.7772216796875,31.81386375427246,491.1376037597656
2022-08-25,1413.18505859375,857.843017578125,33.4258918762207,492.177978515625
2022-08-26,1413.4263916015625,856.367919921875,33.85261154174805,495.3935546875
2022-08-29,1388.6328125,841.617431640625,33.4258918762207,486.928955078125
2022-08-30,1433.6856689453125,872.54443359375,33.994842529296875,502.4395751953125
2022-09-01,1420.227783203125,859.8097534179688,33.94743347167969,504.3783874511719
2022-09-02,1433.1068115234375,857.8922119140625,33.4258918762207,507.593994140625
2022-09-05,1442.320068359375,867.7750854492188,33.85261154174805,509.6747131347656
2022-09-06,1436.821044921875,868.9551391601562,35.274986267089844,508.6343078613281
2022-09-07,1430.019775390625,861.6290283203125,35.6542854309082,503.9527587890625
2022-09-08,1444.7801513671875,883.8531494140625,36.365474700927734,515.1128540039062
2022-09-09,1445.744873046875,886.262451171875,36.98183822631836,523.3410034179688
2022-09-12,1440.873046875,892.1134643554688,38.02491760253906,524.8070068359375
2022-09-13,1459.7333984375,894.866943359375,37.503379821777344,527.7388916015625
2022-09-14,1474.7349853515625,902.8322143554688,38.02491760253906,540.7431640625
2022-09-15,1467.0653076171875,902.3405151367188,38.356807708740234,541.1214599609375
2022-09-16,1440.1011962890625,893.9818725585938,37.59820556640625,531.332763671875
2022-09-19,1449.603759765625,884.2465209960938,38.30939865112305,541.216064453125
2022-09-20,1467.0653076171875,901.5046997070312,38.54645919799805,542.9183959960938
2022-09-21,1464.7982177734375,900.0296020507812,38.07233428955078,538.8043212890625
2022-09-22,1433.5892333984375,888.376708984375,38.40422058105469,536.5344848632812
2022-09-23,1395.144775390625,867.5784301757812,36.17582702636719,520.7401123046875
2022-09-26,1376.33251953125,846.7308959960938,34.137081146240234,513.8361206054688
2022-09-27,1363.98388671875,838.3722534179688,34.800865173339844,507.40484619140625
2022-09-28,1340.541015625,835.3729858398438,33.04659652709961,496.3866271972656
2022-09-29,1333.594970703125,829.8661499023438,33.0940055847168,493.4547424316406
2022-09-30,1371.219482421875,847.6651611328125,34.65862274169922,501.82476806640625
2022-10-03,1363.3568115234375,834.2421264648438,33.61554718017578,491.563232421875
2022-10-04,1401.7530517578125,853.22119140625,34.56380081176758,503.8109436035156
2022-10-06,1386.3175048828125,870.7252197265625,34.753448486328125,508.1614685058594
2022-10-07,1380.336181640625,867.8733520507812,34.753448486328125,501.44647216796875
2022-10-10,1365.0933837890625,867.086669921875,34.65862274169922,501.9666748046875
2022-10-11,1351.24951171875,856.1221313476562,33.85261154174805,498.7983703613281
2022-10-12,1360.0767822265625,853.9095458984375,34.42155838012695,504.85125732421875
2022-10-13,1344.4481201171875,839.4048461914062,34.042259216308594,493.1710510253906
2022-10-14,1388.246826171875,855.7779541015625,33.994842529296875,498.6092224121094
2022-10-17,1395.5306396484375,870.4793701171875,34.990509033203125,514.1671142578125
2022-10-18,1392.9259033203125,881.9848022460938,36.839599609375,531.947509765625
2022-10-19,1407.2039794921875,877.2645874023438,37.31372833251953,523.3883056640625
2022-10-20,1397.701416015625,873.8720092773438,38.40422058105469,525.2799072265625
2022-10-21,1387.8609619140625,892.0643310546875,38.64128112792969,530.434326171875
2022-10-24,1409.519287109375,910.8958129882812,38.973167419433594,539.5609741210938
2022-10-25,1399.727294921875,909.6666870117188,41.059326171875,547.1743774414062
2022-10-27,1403.103759765625,909.0275268554688,40.77485275268555,548.2147827148438
2022-10-28,1407.251953125,892.7526245117188,40.86967468261719,539.7974243164062
2022-10-31,1443.9117431640625,893.5885620117188,40.44295883178711,542.6820068359375
2022-11-01,1459.878173828125,893.4901733398438,38.02491760253906,545.6138916015625
2022-11-02,1460.794677734375,889.6550903320312,37.218902587890625,542.729248046875
2022-11-03,1454.3792724609375,893.5393676757812,39.162818908691406,553.1800537109375
2022-11-04,1444.3460693359375,890.2450561523438,39.63694381713867,561.7392578125
2022-11-07,1455.5850830078125,902.2422485351562,39.684356689453125,580.8438110351562
2022-11-09,1455.15087890625,895.358642578125,42.62394332885742,582.1678466796875
2022-11-10,1470.9725341796875,895.5552978515625,41.77051544189453,572.8993530273438
2022-11-11,1554.3253173828125,891.4743041992188,42.434288024902344,568.690673828125
2022-11-14,1558.0877685546875,880.0671997070312,41.675689697265625,560.4151611328125
2022-11-15,1561.8984375,896.5386352539062,41.675689697265625,568.2650146484375
2022-11-16,1575.3082275390625,898.4070434570312,41.86534118652344,567.2247314453125
2022-11-17,1561.078369140625,904.5039672851562,42.0075798034668,566.5626831054688
2022-11-18,1556.978271484375,905.0447387695312,43.47736740112305,570.0147705078125
2022-11-21,1541.011962890625,906.077392578125,45.13680648803711,565.6641235351562
2022-11-22,1538.744873046875,908.339111328125,45.70576477050781,566.6099243164062
2022-11-23,1542.74853515625,912.0267944335938,47.744503021240234,574.6962890625
2022-11-24,1567.83154296875,923.2371215820312,48.2186279296875,576.3040771484375
2022-11-25,1560.595947265625,914.8292846679688,50.826324462890625,574.4598999023438
2022-11-28,1543.8095703125,921.8113403320312,50.63667297363281,575.5947875976562
2022-11-29,1541.4942626953125,931.0057983398438,49.78324890136719,575.5474853515625
2022-11-30,1551.720458984375,937.0535278320312,48.64533996582031,569.7783203125
2022-12-01,1562.380859375,924.564697265625,50.49443817138672,575.121826171875
2022-12-02,1550.4180908203125,915.1243286132812,51.205623626708984,574.6016845703125
2022-12-05,1556.061767578125,918.074462890625,52.29611587524414,583.8229370117188
2022-12-06,1554.3253173828125,907.3065795898438,52.58059310913086,575.92578125
2022-12-07,1553.6497802734375,906.81494140625,52.58059310913086,574.1287841796875
2022-12-08,1562.380859375,916.4027099609375,54.71416091918945,578.4793701171875
2022-12-09,1573.5234375,914.43603515625,53.33919143676758,583.0663452148438
2022-12-12,1585.7755126953125,914.8292846679688,55.09345626831055,579.803466796875
2022-12-13,1590.1650390625,917.435302734375,56.800315856933594,583.3027954101562
2022-12-14,1603.6229248046875,906.4215087890625,56.1839485168457,591.5782470703125
2022-12-15,1574.2469482421875,893.6868286132812,56.23136520385742,582.546142578125
2022-12-16,1581.820068359375,887.0,53.81332015991211,570.6294555664062
2022-12-19,1586.740234375,891.3759765625,53.149539947509766,571.6697998046875
2022-12-20,1575.79052734375,894.5719604492188,52.6754150390625,571.6697998046875
2022-12-21,1560.5477294921875,877.412109375,50.39960861206055,561.2191162109375
2022-12-22,1555.193603515625,875.8387451171875,50.968563079833984,561.2191162109375
2022-12-23,1541.3013916015625,864.2841796875,47.12813949584961,542.8711547851562
2022-12-26,1571.9798583984375,878.3463134765625,50.731502532958984,564.7184448242188
2022-12-27,1573.5716552734375,885.6724243164062,51.3952751159668,569.2581787109375
2022-12-28,1572.3175048828125,884.000732421875,52.05905532836914,568.4542236328125
2022-12-29,1583.411865234375,892.9493408203125,52.533180236816406,578.6212158203125
2022-12-30,1570.7255859375,876.0353393554688,53.528846740722656,580.418212890625
2023-01-02,1571.2562255859375,887.4425048828125,54.19261932373047,578.9995727539062
2023-01-03,1581.530517578125,886.3607788085938,54.808982849121094,579.1886596679688
2023-01-04,1553.26416015625,884.148193359375,53.33919143676758,572.3790893554688
2023-01-05,1543.279052734375,864.5299682617188,53.81332015991211,572.2846069335938
2023-01-06,1538.166015625,855.6304321289062,53.4814338684082,568.0759887695312
2023-01-09,1541.15673828125,858.8263549804688,54.14520263671875,574.7435913085938
2023-01-10,1512.986572265625,847.0259399414062,52.24870300292969,562.8742065429688
2023-01-11,1534.7894287109375,851.8936157226562,53.4814338684082,564.3401489257812
2023-01-12,1542.9896240234375,846.337646484375,52.95989227294922,562.6377563476562
2023-01-13,1544.1956787109375,858.9248046875,53.86073303222656,567.5556640625
2023-01-16,1529.3870849609375,850.8611450195312,55.8520622253418,570.2984619140625
2023-01-17,1552.1546630859375,850.7628173828125,54.761573791503906,560.79345703125
2023-01-18,1579.5531005859375,855.0404052734375,53.81332015991211,559.3748779296875
2023-01-19,1586.1131591796875,851.7461547851562,54.24003601074219,557.8616333007812
2023-01-20,1602.3687744140625,855.8762817382812,54.00297164916992,560.0841674804688
2023-01-23,1614.09033203125,857.203857421875,53.86073303222656,567.8867797851562
2023-01-24,1635.7003173828125,856.2696533203125,52.62800216674805,562.1175537109375
2023-01-25,1590.502685546875,841.0765380859375,50.92115020751953,537.8585815429688
2023-01-27,1558.811279296875,803.6101684570312,48.17121505737305,510.6677551269531
2023-01-30,1557.2193603515625,809.805419921875,48.076393127441406,509.0126647949219
2023-01-31,1546.945068359375,818.0657348632812,50.77891159057617,523.48291015625
2023-02-01,1570.1468505859375,833.8488159179688,47.69709014892578,498.7510681152344
2023-02-02,1546.80029296875,843.6333618164062,48.17121505737305,499.46038818359375
2023-02-03,1600.2945556640625,849.4351806640625,49.119468688964844,514.6873168945312
2023-02-06,1593.4932861328125,839.503173828125,48.74017333984375,515.8222045898438
2023-02-07,1595.8568115234375,838.5690307617188,48.64533996582031,517.429931640625
2023-02-08,1595.663818359375,844.8133544921875,48.92981719970703,519.9362182617188
2023-02-09,1592.335693359375,846.485107421875,48.360870361328125,520.9293212890625
2023-02-10,1598.6546630859375,839.650634765625,48.597930908203125,523.0573120117188
2023-02-13,1599.8604736328125,836.50390625,47.602264404296875,508.3505859375
2023-02-14,1614.6689453125,850.9102783203125,48.17121505737305,511.5189514160156
2023-02-15,1611.3890380859375,856.3187866210938,48.266048431396484,512.843017578125
2023-02-16,1605.552490234375,854.9912719726562,48.17121505737305,510.80963134765625
2023-02-17,1597.4969482421875,848.3043823242188,47.12813949584961,502.2030944824219
2023-02-20,1582.495361328125,837.9297485351562,46.9384880065918,496.67041015625
2023-02-21,1588.428466796875,839.9949340820312,46.51177978515625,495.06256103515625
2023-02-22,1557.2677001953125,825.29345703125,45.32646179199219,488.3475646972656
2023-02-23,1546.703857421875,825.78515625,45.753173828125,492.7454528808594
2023-02-24,1532.908203125,825.7360229492188,45.08939743041992,492.792724609375
2023-02-27,1536.718994140625,842.1582641601562,45.61093521118164,499.0821228027344
2023-02-28,1543.1824951171875,840.634033203125,45.84799575805664,494.44781494140625
2023-03-01,1541.6873779296875,842.0599365234375,47.55485534667969,507.593994140625
2023-03-02,1528.56689453125,839.7981567382812,47.17555236816406,504.803955078125
2023-03-03,1558.90771484375,854.106201171875,49.119468688964844,530.765380859375
2023-03-06,1569.9056396484375,853.3195190429688,48.64533996582031,531.2382202148438
2023-03-08,1573.0411376953125,857.59716796875,48.83499526977539,534.1701049804688
2023-03-09,1573.1856689453125,841.7157592773438,48.266048431396484,528.5900268554688
2023-03-10,1532.618896484375,828.6370239257812,47.31779479980469,517.6663818359375
2023-03-13,1513.227783203125,814.6239624023438,45.65835189819336,501.2573547363281
2023-03-14,1509.17578125,816.54150390625,45.65835189819336,496.90679931640625
2023-03-15,1487.5177001953125,812.16552734375,45.23163604736328,489.4825134277344
2023-03-16,1497.1649169921875,810.1987915039062,45.51611328125,496.0556335449219
2023-03-17,1517.1832275390625,822.3433837890625,45.46870040893555,501.0681457519531
2023-03-20,1506.66748046875,822.5400390625,44.5678596496582,491.0430603027344
2023-03-21,1523.7432861328125,838.2247924804688,45.279048919677734,493.54931640625
2023-03-22,1520.2220458984375,845.8950805664062,45.373870849609375,493.2655944824219
2023-03-23,1508.018310546875,841.2240600585938,44.42561721801758,484.94281005859375
2023-03-24,1505.6063232421875,838.2247924804688,43.145477294921875,477.94415283203125
2023-03-27,1512.16650390625,834.5863037109375,43.19289016723633,482.48382568359375
2023-03-28,1524.466796875,840.5357055664062,42.57653045654297,480.5450439453125
2023-03-29,1531.798828125,836.8480834960938,43.904083251953125,488.4894714355469
2023-03-31,1552.7816162109375,862.6614990234375,44.18855667114258,495.3463439941406
2023-04-03,1553.7464599609375,869.1026000976562,44.899742126464844,498.18359375
2023-04-05,1595.422607421875,869.8892822265625,44.28338623046875,494.6369323730469
2023-04-06,1607.578369140625,860.448974609375,44.75751495361328,499.0348205566406
2023-04-10,1599.9569091796875,854.0078735351562,44.615272521972656,497.75799560546875
2023-04-11,1604.635986328125,867.2342529296875,44.80492401123047,503.24346923828125
2023-04-12,1625.4742431640625,875.3470458984375,44.615272521972656,499.5549621582031
2023-04-13,1632.7578125,884.0498657226562,45.279048919677734,504.04736328125
2023-04-17,1607.8677978515625,886.3115844726562,46.274715423583984,514.4981079101562
2023-04-18,1601.06640625,881.9356079101562,46.55918884277344,516.2477416992188
2023-04-19,1606.951171875,877.0679321289062,46.03765106201172,510.998779296875
2023-04-20,1612.9327392578125,879.5263671875,46.085060119628906,515.2547607421875
2023-04-21,1615.537353515625,870.921875,45.753173828125,513.6942749023438
2023-04-24,1628.6094970703125,889.7042236328125,46.70142364501953,524.5232543945312
2023-04-25,1605.4559326171875,898.259521484375,47.222965240478516,531.332763671875
2023-04-26,1612.836181640625,899.734619140625,47.64967727661133,535.6360473632812
2023-04-27,1621.711669921875,903.0780639648438,47.79191970825195,534.1228637695312
2023-04-28,1628.078857421875,902.3897094726562,49.54618453979492,546.93798828125
2023-05-02,1627.7412109375,906.7656860351562,50.02031326293945,544.1006469726562
2023-05-03,1633.43310546875,907.5032348632812,49.830657958984375,539.5609741210938
2023-05-04,1666.861083984375,906.3723754882812,50.58926010131836,548.5457763671875
2023-05-05,1568.3138427734375,911.5350341796875,49.64100646972656,545.235595703125
2023-05-08,1586.4508056640625,922.302978515625,49.4039421081543,551.9505004882812
2023-05-09,1586.4990234375,918.8612060546875,47.64967727661133,542.3983154296875
2023-05-10,1593.8309326171875,920.4837036132812,45.990234375,541.1687622070312
2023-05-11,1594.8922119140625,923.5813598632812,45.990234375,542.3510131835938
2023-05-12,1608.977294921875,928.2031860351562,46.03765106201172,546.796142578125
2023-05-15,1616.6951904296875,930.0223999023438,46.41695022583008,550.3427734375
2023-05-16,1607.425048828125,930.6124267578125,46.46436309814453,554.504150390625
2023-05-17,1598.7891845703125,923.7288208007812,46.74884033203125,554.504150390625
2023-05-18,1605.1806640625,930.7598876953125,45.94282531738281,543.060302734375
2023-05-19,1607.03466796875,938.4302368164062,46.70142364501953,543.9588623046875
2023-05-22,1601.326416015625,934.5458374023438,47.93415451049805,545.8504028320312
2023-05-23,1597.5694580078125,937.5452270507812,47.981563568115234,550.0589599609375
2023-05-24,1576.6875,925.0072631835938,47.31779479980469,551.0994262695312
2023-05-25,1570.6375732421875,924.2205200195312,47.08073043823242,549.7279663085938
2023-05-26,1576.6875,934.89013671875,47.744503021240234,554.2203979492188
2023-05-29,1595.91064453125,932.382568359375,48.17121505737305,562.7322998046875
2023-05-30,1597.13037109375,934.152587890625,48.78758239746094,560.6515502929688
2023-05-31,1571.857421875,933.3659057617188,49.1668815612793,559.060791015625
2023-06-01,1565.173095703125,920.5328979492188,49.0246467590332,561.8568115234375
2023-06-02,1567.612548828125,922.548828125,49.59359359741211,566.1472778320312
2023-06-05,1565.5635986328125,931.0057983398438,49.451358795166016,566.1472778320312
2023-06-06,1560.6844482421875,926.43310546875,49.35653305053711,564.3635864257812
2023-06-07,1568.783447265625,924.564697265625,49.64100646972656,568.0755615234375
2023-06-08,1569.75927734375,922.302978515625,49.26171112060547,567.400634765625
2023-06-09,1571.6134033203125,922.450439453125,48.692752838134766,557.9520263671875
2023-06-12,1562.0506591796875,920.3854370117188,48.88240432739258,557.9038696289062
2023-06-13,1564.685302734375,927.8590087890625,49.30912399291992,555.7344970703125
2023-06-14,1562.9776611328125,924.17138671875,49.119468688964844,555.8790893554688
2023-06-15,1543.7545166015625,911.1908569335938,47.79191970825195,546.1893920898438
2023-06-16,1563.9534912109375,918.6644897460938,48.88240432739258,550.7691040039062
2023-06-19,1565.319580078125,907.7982788085938,49.26171112060547,548.4551391601562
2023-06-20,1568.58837890625,910.1583251953125,49.214298248291016,547.0571899414062
2023-06-21,1596.0081787109375,909.3224487304688,50.115135192871094,546.0447998046875
2023-06-22,1603.8145751953125,910.35498046875,48.360870361328125,542.7667236328125
2023-06-23,1603.717041015625,908.1424560546875,48.50494384765625,534.716064453125
2023-06-26,1595.95947265625,912.0267944335938,48.312843322753906,537.0782470703125
2023-06-27,1618.451416015625,920.5328979492188,48.84111404418945,545.8037109375
2023-06-28,1635.5767822265625,921.8604736328125,48.40889358520508,549.37109375
2023-06-30,1660.2154541015625,919.0578002929688,49.60951232910156,552.3117065429688
2023-07-03,1678.170166015625,926.8756103515625,51.72259521484375,564.4600219726562
2023-07-04,1686.36669921875,928.9898681640625,54.79617691040039,568.123779296875
2023-07-05,1632.7957763671875,942.0686645507812,56.284942626953125,569.4253540039062
2023-07-06,1634.4544677734375,943.4454345703125,56.66913986206055,571.2572631835938
2023-07-07,1620.2080078125,930.66162109375,58.013832092285156,572.3177490234375
2023-07-10,1616.353515625,932.6283569335938,58.20592498779297,571.3536376953125
2023-07-11,1608.4984130859375,929.2357177734375,58.061859130859375,567.4488525390625
2023-07-12,1593.42236328125,928.6948852539062,58.974327087402344,568.123779296875
2023-07-13,1601.3751220703125,939.8069458007812,56.76519012451172,564.65283203125
2023-07-14,1604.6927490234375,944.0845947265625,58.301979064941406,563.4476318359375
2023-07-17,1638.2601318359375,952.5907592773438,59.88679504394531,579.5489501953125
2023-07-18,1636.8939208984375,959.228515625,59.166419982910156,571.1126098632812
2023-07-19,1644.31005859375,957.2617797851562,61.615684509277344,579.8864135742188
2023-07-20,1647.8717041015625,979.0433959960938,61.32753372192383,588.1780395507812
2023-07-21,1635.186279296875,980.420166015625,60.126914978027344,593.0469360351562
2023-07-24,1637.772216796875,975.5032958984375,59.64666748046875,595.5055541992188
2023-07-25,1655.5316162109375,978.1583862304688,58.301979064941406,587.744140625
2023-07-26,1649.7744140625,979.8792724609375,60.655189514160156,593.09521484375
2023-07-27,1632.6492919921875,973.7823486328125,59.934818267822266,594.4450073242188
2023-07-28,1603.717041015625,979.6334838867188,59.502593994140625,593.962890625
2023-07-31,1611.2305908203125,981.6985473632812,59.40654754638672,597.9641723632812
2023-08-01,1622.01318359375,978.0108642578125,58.926300048828125,589.9135131835938
2023-08-02,1600.7896728515625,970.5372924804688,57.14938735961914,576.993896484375
2023-08-03,1589.2265625,948.9522705078125,57.10136413574219,569.3289184570312
2023-08-04,1612.2064208984375,954.36083984375,57.58161163330078,552.74560546875
2023-08-07,1611.2794189453125,959.4251708984375,58.013832092285156,547.5392456054688
2023-08-08,1609.962158203125,963.6045532226562,59.694698333740234,552.5527954101562
2023-08-09,1610.5474853515625,964.397705078125,59.1183967590332,553.1795043945312
2023-08-10,1596.252197265625,955.87109375,58.83024978637695,553.0830688476562
2023-08-11,1579.614990234375,944.7171020507812,60.07889175415039,553.565185546875
2023-08-14,1571.9061279296875,951.3599243164062,59.88679504394531,540.6937866210938
2023-08-16,1567.31982421875,948.3359375,59.262474060058594,545.0806274414062
2023-08-17,1558.6353759765625,943.5274047851562,60.75123977661133,551.6368408203125
2023-08-18,1552.243896484375,942.535888671875,60.31901550292969,552.408203125
2023-08-21,1551.024169921875,947.0470581054688,59.88679504394531,551.2030029296875
2023-08-22,1544.388671875,943.8743896484375,59.98284149169922,548.11767578125
2023-08-23,1548.1943359375,958.5975952148438,60.847286224365234,556.216552734375
2023-08-24,1541.071044921875,960.6796875,60.367042541503906,556.2647705078125
2023-08-25,1523.701904296875,962.1173706054688,59.07037353515625,549.5157470703125
2023-08-28,1539.55859375,962.2660522460938,60.03086853027344,552.3117065429688
2023-08-29,1551.8048095703125,959.4899291992188,60.46308898925781,554.239990234375
2023-08-30,1540.4854736328125,950.7155151367188,60.943336486816406,547.0571899414062
2023-08-31,1533.4110107421875,950.5667724609375,60.51111602783203,541.2239990234375
2023-09-01,1536.5823974609375,960.4318237304688,62.81630325317383,549.1300659179688
2023-09-04,1546.1939697265625,959.0933227539062,64.73728942871094,554.9149780273438
2023-09-05,1536.777587890625,960.1343994140625,64.68926239013672,552.4563598632812
2023-09-06,1556.87890625,949.3274536132812,63.10444641113281,550.0460205078125
2023-09-07,1571.857421875,957.4078979492188,63.96889114379883,558.2894897460938
2023-09-08,1584.1036376953125,962.2660522460938,64.20901489257812,562.53173828125
2023-09-11,1592.30029296875,969.9003295898438,66.41815185546875,570.4859619140625
2023-09-12,1597.27685546875,982.0457763671875,64.20901489257812,567.2560424804688
2023-09-13,1604.107421875,981.3517456054688,69.68383026123047,575.0656127929688
2023-09-14,1603.131591796875,979.2696533203125,70.78839111328125,575.8851318359375
2023-09-15,1621.525146484375,983.9791259765625,71.22061920166016,577.3313598632812
2023-09-18,1589.6168212890625,981.7483520507812,73.86198425292969,582.2967529296875
2023-09-20,1525.8486328125,978.724365234375,73.42975616455078,579.5489501953125
2023-09-21,1515.7491455078125,951.112060546875,72.03704071044922,567.063232421875
2023-09-22,1492.6229248046875,942.1888427734375,74.43827819824219,576.7047119140625
2023-09-25,1493.940185546875,948.1871948242188,77.03160858154297,572.7516479492188
2023-09-26,1500.4293212890625,940.6025390625,76.21519470214844,573.089111328125
2023-09-27,1489.890625,935.05029296875,78.2802505493164,568.6058349609375
2023-09-28,1486.81689453125,934.5545654296875,76.50333404541016,568.7987060546875
2023-09-29,1489.35400390625,943.7752685546875,77.03160858154297,577.09033203125
2023-10-03,1471.5457763671875,932.2742309570312,79.9130859375,581.3325805664062
2023-10-04,1492.525390625,922.1116943359375,76.5993881225586,565.2313232421875
2023-10-05,1498.5751953125,932.8195190429688,74.0540771484375,570.9197998046875
2023-10-06,1496.91650390625,937.1324462890625,73.71791076660156,572.9445190429688
2023-10-09,1479.5472412109375,930.5887451171875,70.45222473144531,564.12255859375
2023-10-10,1487.9390869140625,943.0812377929688,72.27716064453125,570.437744140625
2023-10-11,1502.33203125,944.9649658203125,73.04556274414062,567.2560424804688
2023-10-12,1512.3338623046875,946.1051635742188,72.75741577148438,565.0384521484375
2023-10-13,1498.5751953125,943.1803588867188,72.22914123535156,555.4934692382812
2023-10-16,1492.5740966796875,943.279541015625,72.27716064453125,555.0113525390625
2023-10-17,1503.8931884765625,945.7581787109375,72.8054428100586,555.7826538085938
2023-10-18,1482.9625244140625,935.6947631835938,71.26864624023438,552.1189575195312
2023-10-19,1478.2786865234375,927.7630615234375,71.07654571533203,550.720947265625
2023-10-20,1485.938720703125,924.7886962890625,69.39568328857422,542.9113159179688
2023-10-23,1469.5941162109375,922.0125732421875,66.89839935302734,533.125244140625
2023-10-25,1460.275390625,908.28076171875,66.75432586669922,536.2587280273438
2023-10-26,1427.9765625,900.8944091796875,67.09049987792969,527.3885498046875
2023-10-27,1433.58740234375,904.9594116210938,70.26012420654297,541.03125
2023-10-30,1449.1512451171875,917.0056762695312,70.26012420654297,544.9360961914062
2023-10-31,1440.759521484375,907.5371704101562,70.11605072021484,545.2734985351562
2023-11-01,1438.807861328125,906.248291015625,70.02000427246094,546.0930786132812
2023-11-02,1441.00341796875,912.0979614257812,71.31666564941406,551.588623046875
2023-11-03,1447.8338623046875,925.8297119140625,71.79692077636719,557.4217529296875
2023-11-06,1458.32373046875,937.3803100585938,71.94099426269531,553.7579956054688
2023-11-07,1451.2491455078125,940.0076293945312,73.14160919189453,558.96435546875
2023-11-08,1455.4451904296875,927.7630615234375,72.8054428100586,559.49462890625
2023-11-09,1449.68798828125,929.349365234375,72.9975357055664,557.6145629882812
2023-11-10,1455.3963623046875,930.5887451171875,73.23765563964844,558.7233276367188
2023-11-13,1452.76171875,926.4741821289062,75.97505950927734,560.5069580078125
2023-11-15,1467.984130859375,933.0673828125,75.83098602294922,563.7369384765625
2023-11-16,1471.83837890625,928.0109252929688,76.45531463623047,563.688720703125
2023-11-17,1468.6671142578125,913.981689453125,74.82247924804688,542.8630981445312
2023-11-20,1468.7646484375,913.5851440429688,75.30271911621094,543.5380249023438
2023-11-21,1481.2060546875,918.1954345703125,74.966552734375,541.3687133789062
2023-11-22,1475.9368896484375,914.8740234375,73.33370971679688,538.9100952148438
2023-11-23,1484.47509765625,915.1218872070312,73.52581024169922,539.874267578125
2023-11-24,1495.0135498046875,921.46728515625,72.94950866699219,540.2598876953125
2023-11-28,1491.6470947265625,917.6005859375,75.4468002319336,544.212890625
2023-11-29,1521.4088134765625,931.5802001953125,76.0230941772461,548.214111328125
2023-11-30,1521.0672607421875,926.9699096679688,74.5343246459961,544.502197265625
2023-12-01,1517.74951171875,938.61962890625,77.51185607910156,551.2511596679688
2023-12-04,1570.4425048828125,982.7398071289062,80.44136810302734,573.37841796875
2023-12-05,1584.396240234375,1004.7998657226562,81.64198303222656,586.4425659179688
2023-12-06,1588.3970947265625,994.6869506835938,82.07420349121094,586.6353759765625
2023-12-07,1590.9827880859375,990.4732055664062,83.3708724975586,589.7689208984375
2023-12-08,1613.1822509765625,1002.2220458984375,83.13075256347656,592.131103515625
2023-12-11,1611.0355224609375,1008.418701171875,84.95568084716797,592.2274780273438
2023-12-12,1595.032470703125,1007.0307006835938,84.66753387451172,590.4437866210938
2023-12-13,1591.4219970703125,1005.2460327148438,85.24382781982422,597.626708984375
2023-12-14,1610.2060546875,1024.8275146484375,86.34840393066406,601.2904663085938
2023-12-15,1616.451171875,1028.5455322265625,87.64507293701172,625.0084228515625
2023-12-18,1615.6217041015625,1012.7316284179688,87.74111938476562,625.24951171875
2023-12-19,1612.889404296875,1006.7828369140625,87.78914642333984,631.902099609375
2023-12-20,1616.8902587890625,998.0579223632812,83.41889953613281,613.6315307617188
2023-12-21,1645.8712158203125,995.8271484375,86.30037689208984,620.6697998046875
2023-12-22,1630.4049072265625,985.8132934570312,85.72408294677734,613.9207763671875
2023-12-26,1641.72412109375,986.6064453125,85.00370788574219,615.1741333007812
2023-12-27,1662.069580078125,993.6954956054688,88.17334747314453,625.2977294921875
2023-12-28,1663.9722900390625,997.3143310546875,91.7271728515625,628.0455322265625
2023-12-29,1667.8753662109375,988.0936889648438,91.96729278564453,619.03076171875
2024-01-01,1656.995361328125,990.8698120117188,93.9363021850586,618.3558349609375
2024-01-02,1657.9710693359375,973.8661499023438,93.16790771484375,616.52392578125
2024-01-03,1632.4052734375,975.6508178710938,92.63963317871094,620.3805541992188
2024-01-04,1649.9207763671875,978.724365234375,93.5521011352539,619.7056274414062
2024-01-05,1641.4801025390625,985.2184448242188,93.40802764892578,618.934326171875
2024-01-08,1623.18408203125,973.6182861328125,91.24691772460938,604.5203247070312
2024-01-09,1610.5474853515625,971.3875122070312,91.19889831542969,602.9777221679688
2024-01-10,1615.8656005859375,984.573974609375,90.67062377929688,599.4585571289062
2024-01-11,1609.0838623046875,982.6902465820312,91.05482482910156,597.9641723632812
2024-01-12,1601.47265625,994.934814453125,93.84024810791016,610.8836669921875
2024-01-15,1632.3077392578125,1001.2305908203125,94.32050323486328,617.150634765625
2024-01-16,1638.5040283203125,1000.4374389648438,94.36852264404297,614.0654296875
2024-01-17,1500.2828369140625,973.3704223632812,93.3600082397461,603.55615234375
2024-01-18,1450.1759033203125,977.93115234375,94.60865020751953,605.773681640625
2024-01-19,1435.051025390625,990.6715087890625,98.16246795654297,605.2434692382812
2024-01-23,1392.7991943359375,1020.2667846679688,94.84877014160156,583.405517578125
2024-01-24,1420.658203125,990.6715087890625,98.16246795654297,596.1322021484375
2024-01-25,1400.16650390625,1001.3297729492188,100.37161254882812,590.7811889648438
2024-01-29,1419.4383544921875,1007.7247314453125,103.25308990478516,600.6155395507812
2024-01-30,1409.3389892578125,1008.220458984375,104.9339599609375,604.279296875
2024-01-31,1427.147216796875,1019.3744506835938,109.88050079345703,617.5363159179688
2024-02-01,1430.8551025390625,1016.4000244140625,114.15470123291016,624.4299926757812
2024-02-02,1411.1441650390625,1015.2598266601562,120.44593811035156,626.3582763671875
2024-02-05,1409.8756103515625,1014.7640991210938,116.84407806396484,619.8984985351562
2024-02-06,1409.143798828125,1017.6393432617188,117.08421325683594,626.9367065429688
2024-02-07,1395.336181640625,1013.4256591796875,119.00518798828125,651.0404663085938
2024-02-08,1369.08740234375,980.8560180664062,119.38939666748047,674.46923828125
2024-02-09,1369.6240234375,1002.0733642578125,119.00518798828125,699.247802734375
2024-02-12,1356.353271484375,987.5979614257812,113.57839965820312,682.5198974609375
2024-02-13,1360.695556640625,1011.0956420898438,117.27629852294922,687.8709106445312
2024-02-14,1350.54736328125,1013.970947265625,118.09272003173828,716.7471313476562
2024-02-15,1379.8211669921875,1007.9725952148438,123.75965118408203,734.3909912109375
2024-02-16,1385.529541015625,1014.5162353515625,125.00827026367188,727.6419067382812
2024-02-19,1382.79736328125,1034.84130859375,123.37543487548828,732.02880859375
2024-02-20,1419.0968017578125,1039.798583984375,124.38395690917969,732.8483276367188
2024-02-21,1404.3135986328125,1042.97119140625,123.2793960571289,743.839599609375
2024-02-22,1385.18798828125,1053.6295166015625,123.9037094116211,738.4403686523438
2024-02-23,1386.212646484375,1052.241455078125,122.89519500732422,731.8359375
2024-02-26,1387.8714599609375,1045.2020263671875,119.91766357421875,731.69140625
2024-02-27,1385.7735595703125,1051.1507568359375,118.52494812011719,722.9658203125
2024-02-28,1375.28369140625,1037.270263671875,115.9796371459961,715.8793334960938
2024-02-29,1369.428955078125,1043.2191162109375,117.03617858886719,721.278564453125
2024-03-01,1396.116943359375,1077.6229248046875,119.91766357421875,741.5738525390625
2024-03-04,1398.0196533203125,1083.0263671875,121.07025909423828,744.369873046875
2024-03-05,1405.9722900390625,1078.76318359375,124.57605743408203,755.84326171875
2024-03-06,1407.679931640625,1087.73583984375,125.20038604736328,755.7950439453125
2024-03-07,1411.09521484375,1078.6639404296875,124.72013092041016,759.7962646484375
2024-03-11,1393.2384033203125,1069.492919921875,123.80765533447266,745.9607543945312
2024-03-12,1424.2198486328125,1067.65869140625,120.97420501708984,732.4627075195312
2024-03-13,1425.0491943359375,1074.6981201171875,114.10667419433594,720.4590454101562
2024-03-14,1420.218994140625,1074.35107421875,115.88359069824219,714.4813232421875
2024-03-15,1417.48681640625,1071.1287841796875,113.09815979003906,705.659423828125
2024-03-18,1411.046630859375,1071.9715576171875,115.25926971435547,704.7434692382812
2024-03-19,1414.2667236328125,1074.6981201171875,111.94556427001953,697.8497924804688
2024-03-20,1396.40966796875,1075.243408203125,112.04161834716797,709.8534545898438
2024-03-21,1410.7537841796875,1072.5665283203125,116.26779174804688,717.61474609375
2024-03-22,1407.9239501953125,1080.9940185546875,117.90062713623047,719.9287719726562
2024-03-26,1390.896484375,1074.4501953125,119.05321502685547,713.5171508789062
2024-03-27,1405.8260498046875,1074.4998779296875,117.90062713623047,707.0091552734375
2024-03-28,1412.851806640625,1083.9683837890625,119.48544311523438,725.3761596679688
2024-04-01,1434.9046630859375,1090.26416015625,120.63803100585938,731.1128540039062
2024-04-02,1444.321044921875,1071.9715576171875,121.69457244873047,738.9224853515625
2024-04-03,1446.419189453125,1068.0057373046875,129.8107452392578,743.4057006835938
2024-04-04,1490.62255859375,1069.6416015625,129.7627410888672,732.0770263671875
2024-04-05,1512.041259765625,1074.15283203125,131.15545654296875,737.3316040039062
2024-04-08,1509.16259765625,1077.870849609375,127.6496353149414,740.7543334960938
2024-04-09,1511.0654296875,1097.60107421875,127.26544189453125,736.8013916015625
2024-04-10,1499.1607666015625,1099.930908203125,130.91531372070312,751.118896484375
2024-04-12,1482.181884765625,1094.9736328125,129.52261352539062,738.8259887695312
2024-04-15,1458.518798828125,1069.1458740234375,127.60161590576172,730.341552734375
2024-04-16,1472.7166748046875,1057.9423828125,123.47149658203125,724.74951171875
2024-04-18,1458.518798828125,1046.4412841796875,124.43199157714844,718.0968627929688
2024-04-19,1494.2330322265625,1058.140625,123.18334197998047,723.5443115234375
2024-04-22,1475.59521484375,1077.3751220703125,127.84175109863281,738.6331787109375
2024-04-23,1471.1065673828125,1080.9443359375,127.60161590576172,745.2858276367188
2024-04-24,1475.107421875,1087.388916015625,127.74568176269531,745.3822021484375
2024-04-25,1474.180419921875,1104.2437744140625,130.53111267089844,783.5625
2024-04-26,1473.25341796875,1098.4437255859375,131.05938720703125,772.5711669921875
2024-04-29,1492.4765625,1150.247802734375,131.82778930664062,796.86767578125
2024-04-30,1483.3040771484375,1140.5809326171875,135.47767639160156,796.6266479492188
2024-05-02,1495.159912109375,1129.724365234375,132.59617614746094,800.2904052734375
2024-05-03,1482.816162109375,1132.30224609375,130.43507385253906,801.6402587890625
2024-05-06,1485.7923583984375,1136.5159912109375,122.07877349853516,778.838134765625
2024-05-07,1469.6917724609375,1122.2388916015625,117.4684066772461,773.1497192382812
2024-05-08,1446.7606201171875,1113.414794921875,119.86963653564453,781.7305908203125
2024-05-09,1412.46142578125,1106.1771240234375,117.32433319091797,790.4078979492188
2024-05-10,1422.253662109375,1107.515625,119.00518798828125,788.0457153320312
2024-05-13,1439.4149169921875,1118.3721923828125,118.2367935180664,779.8023071289062
2024-05-14,1445.0528564453125,1110.98583984375,120.7821044921875,788.8652954101562
2024-05-15,1422.84716796875,1114.7532958984375,119.38939666748047,790.8900146484375
2024-05-16,1444.3604736328125,1121.3961181640625,120.20581817626953,782.8394165039062
2024-05-17,1448.1685791015625,1120.850830078125,120.15778350830078,788.52783203125
2024-05-21,1442.92626953125,1111.38232421875,121.40643310546875,800.8689575195312
2024-05-22,1443.3218994140625,1101.6163330078125,120.87815856933594,802.6334838867188
2024-05-23,1476.3583984375,1124.816650390625,121.64655303955078,815.7206420898438
2024-05-24,1500.6907958984375,1122.288330078125,121.4544448852539,812.28955078125
2024-05-27,1511.0765380859375,1120.1568603515625,124.43199157714844,817.2891845703125
2024-05-28,1513.8460693359375,1117.3310546875,123.13531494140625,814.7894287109375
2024-05-29,1491.8876953125,1092.5941162109375,122.99124145507812,806.4567260742188
2024-05-30,1498.3663330078125,1104.1942138671875,122.4149398803711,809.5936889648438
2024-05-31,1514.8846435546875,1111.4815673828125,124.33592987060547,814.005126953125
2024-06-03,1555.09228515625,1150.0989990234375,131.58766174316406,887.8229370117188
2024-06-04,1467.0113525390625,1062.3048095703125,110.79296875,759.9407348632812
2024-06-05,1534.914306640625,1099.1873779296875,117.03617858886719,774.2042846679688
2024-06-06,1542.728271484375,1100.92236328125,119.00518798828125,800.868896484375
2024-06-07,1556.229736328125,1112.1258544921875,120.15778350830078,813.613037109375
2024-06-10,1544.31103515625,1114.2080078125,120.38829803466797,815.4265747070312
2024-06-11,1547.77294921875,1108.65576171875,121.15669250488281,819.102783203125
2024-06-12,1557.0211181640625,1109.994384765625,122.44376373291016,822.5828857421875
2024-06-13,1563.54931640625,1097.8984375,121.56970977783203,827.2884521484375
2024-06-14,1579.5235595703125,1096.212890625,123.84608459472656,822.680908203125
2024-06-18,1590.304931640625,1113.26611328125,123.54833984375,828.2687377929688
2024-06-19,1639.810302734375,1134.681640625,123.22175598144531,835.817138671875
2024-06-20,1651.1851806640625,1146.9263916015625,123.41386413574219,827.141357421875
2024-06-21,1647.6243896484375,1148.7606201171875,122.25736999511719,819.8380126953125
2024-06-24,1654.2020263671875,1160.11279296875,121.54792785644531,816.3088989257812
2024-06-25,1692.7281494140625,1187.72509765625,120.6343994140625,825.6708984375
2024-06-26,1682.9853515625,1207.60400390625,120.85792541503906,828.7098388671875
2024-06-27,1677.693603515625,1209.48779296875,115.84323120117188,827.3864135742188
2024-06-28,1665.47802734375,1189.3609619140625,119.78890228271484,832.239013671875
2024-07-01,1686.64501953125,1201.5064697265625,119.01142883300781,825.3768310546875
2024-07-02,1711.7686767578125,1180.4378662109375,117.23295593261719,809.8878173828125
2024-07-03,1749.4046630859375,1191.3438720703125,118.21451568603516,823.4161987304688
2024-07-04,1708.3563232421875,1222.4759521484375,118.10761260986328,822.7789306640625
2024-07-05,1630.1663818359375,1222.87255859375,119.34185791015625,842.826416015625
2024-07-08,1617.55517578125,1224.508544921875,117.9424057006836,839.3953247070312
2024-07-09,1618.692626953125,1237.5958251953125,118.94339752197266,844.3458862304688
2024-07-10,1608.40576171875,1232.5888671875,115.8626708984375,832.2880249023438
2024-07-11,1604.2515869140625,1227.87939453125,116.03759765625,839.8364868164062
2024-07-12,1605.042724609375,1222.3768310546875,114.42434692382812,842.7774047851562
2024-07-15,1604.4493408203125,1219.451904296875,117.5245132446289,864.001220703125
2024-07-16,1602.1248779296875,1229.3170166015625,116.48464965820312,863.364013671875
2024-07-18,1597.2288818359375,1239.6282958984375,115.49336242675781,875.9610595703125
2024-07-19,1589.8104248046875,1237.992431640625,113.22898864746094,871.84375
2024-07-22,1624.6768798828125,1230.556396484375,114.83251953125,859.540771484375
2024-07-23,1600.7896728515625,1216.279296875,114.43406677246094,846.8947143554688
2024-07-24,1586.5958251953125,1212.561279296875,113.26786041259766,835.2289428710938
2024-07-25,1599.0091552734375,1187.675537109375,114.4049072265625,831.7978515625
2024-07-26,1600.5423583984375,1196.8961181640625,116.57210540771484,845.4732666015625
2024-07-29,1587.5849609375,1202.34912109375,123.42357635498047,854.443115234375
2024-07-30,1597.970703125,1199.126953125,121.97554016113281,855.6195068359375
2024-07-31,1598.16845703125,1204.530517578125,120.45946502685547,855.2274169921875
2024-08-01,1620.9676513671875,1199.7713623046875,119.48762512207031,845.6693725585938
2024-08-02,1641.09619140625,1186.337158203125,116.87338256835938,831.16064453125
2024-08-05,1598.16845703125,1162.5914306640625,110.73136138916016,795.6732788085938
2024-08-06,1583.7767333984375,1156.8905029296875,110.60501861572266,781.9978637695312
2024-08-07,1605.8341064453125,1162.4427490234375,112.66532135009766,792.7322998046875
2024-08-08,1624.8251953125,1154.6597900390625,110.8091049194336,792.1441040039062
2024-08-09,1632.2435302734375,1161.5999755859375,112.0239028930664,808.07421875
2024-08-12,1642.0357666015625,1172.800048828125,111.37277221679688,796.6044921875
2024-08-13,1585.7550048828125,1168.3499755859375,111.08122253417969,781.8507690429688
2024-08-14,1590.304931640625,1161.6500244140625,110.37177276611328,787.1934814453125
2024-08-16,1614.3404541015625,1187.25,109.85670471191406,796.1143188476562
2024-08-19,1613.7965087890625,1175.9000244140625,111.96559143066406,797.682861328125
2024-08-20,1619.8795166015625,1179.449951171875,114.04532623291016,804.1529541015625
2024-08-21,1608.109130859375,1174.8499755859375,113.13180541992188,799.4964599609375
2024-08-22,1613.54931640625,1191.0999755859375,114.05504608154297,804.1529541015625
2024-08-23,1607.3673095703125,1203.5,112.99574279785156,799.3003540039062
2024-08-26,1622.1051025390625,1213.300048828125,112.88884735107422,799.0062866210938
2024-08-27,1619.9290771484375,1226.3499755859375,112.69447326660156,799.839599609375
2024-08-28,1619.2861328125,1223.8499755859375,111.51854705810547,793.467529296875
2024-08-29,1620.7203369140625,1221.9000244140625,112.27658081054688,798.4671020507812
2024-08-30,1619.08837890625,1229.199951171875,113.28729248046875,799.5454711914062
2024-09-02,1609.2464599609375,1229.949951171875,113.23870086669922,805.966552734375
2024-09-03,1619.5333251953125,1247.699951171875,112.33488464355469,808.5643920898438
2024-09-04,1623.93505859375,1236.3499755859375,109.759521484375,800.427734375
2024-09-05,1627.545166015625,1235.949951171875,110.2065658569336,802.6334838867188
2024-09-06,1619.1376953125,1208.1500244140625,106.90231323242188,767.0970458984375
2024-09-09,1628.5838623046875,1235.0,106.542724609375,768.8125610351562
2024-09-10,1632.3919677734375,1237.300048828125,106.50385284423828,767.2440795898438
2024-09-11,1626.01220703125,1236.3499755859375,104.433837890625,753.4706420898438
2024-09-12,1648.465087890625,1252.1500244140625,105.65835571289062,772.24365234375
2024-09-13,1647.8221435546875,1250.3499755859375,107.9810562133789,775.2826538085938
2024-09-16,1652.7677001953125,1262.8499755859375,107.68949890136719,770.0869750976562
2024-09-17,1650.6412353515625,1268.0999755859375,104.98778533935547,767.4891967773438
2024-09-18,1676.3582763671875,1288.3499755859375,105.68751525878906,777.145263671875
2024-09-19,1689.9091796875,1292.0,104.22975158691406,774.400390625
2024-09-20,1722.2532958984375,1338.449951171875,105.35709381103516,766.3128051757812
2024-09-23,1740.6510009765625,1321.9000244140625,108.36978912353516,786.0661010742188
2024-09-24,1748.811279296875,1318.5999755859375,104.79341888427734,782.5369873046875
2024-09-25,1759.740966796875,1323.8499755859375,102.09171295166016,777.4883422851562
2024-09-26,1764.0435791015625,1329.050048828125,104.26863098144531,786.0661010742188
2024-09-27,1733.578857421875,1306.5999755859375,106.14427947998047,786.8504028320312
2024-09-30,1713.2030029296875,1273.0,104.19087982177734,772.3907470703125
2024-10-01,1707.41650390625,1274.4000244140625,102.24720001220703,781.2625732421875
2024-10-03,1663.697509765625,1256.3499755859375,102.10142517089844,778.4686889648438
2024-10-04,1639.612548828125,1239.75,102.86917877197266,780.968505859375
2024-10-07,1600.1961669921875,1233.9000244140625,99.19562530517578,755.4802856445312
2024-10-08,1633.0843505859375,1236.5999755859375,99.60379791259766,766.0676879882812
2024-10-09,1615.379150390625,1244.1500244140625,101.16845703125,781.7037353515625
2024-10-10,1644.310791015625,1243.5,100.77000427246094,781.4096069335938
2024-10-11,1633.034912109375,1223.0,101.95565032958984,784.0074462890625
2024-10-14,1669.731201171875,1231.75,102.0528335571289,789.3012084960938
2024-10-15,1665.774658203125,1255.5,102.023681640625,788.81103515625
2024-10-16,1681.303955078125,1243.1500244140625,102.09171295166016,789.5952758789062
2024-10-17,1654.94384765625,1231.25,99.57464599609375,795.0850219726562
2024-10-18,1663.5491943359375,1264.5,100.36183166503906,804.2510375976562
2024-10-21,1709.8892822265625,1259.050048828125,99.40943145751953,797.927978515625
2024-10-22,1695.8934326171875,1267.5,92.27613067626953,774.841552734375
2024-10-23,1716.9122314453125,1251.5999755859375,93.95741271972656,770.5281372070312
2024-10-24,1730.6114501953125,1252.75,95.9691162109375,778.9097900390625
2024-10-25,1724.429443359375,1255.449951171875,93.02445220947266,765.5775756835938
2024-10-28,1715.3294677734375,1292.8499755859375,95.86222076416016,776.4590454101562
2024-10-29,1732.7874755859375,1331.8499755859375,98.4764633178711,816.3088989257812
2024-10-30,1715.7252197265625,1312.1500244140625,97.1450424194336,806.2606201171875
2024-10-31,1716.8131103515625,1292.25,95.14305877685547,804.054931640625
2024-11-01,1718.3958740234375,1291.800048828125,98.13632202148438,805.0352783203125
2024-11-04,1695.4482421875,1277.199951171875,100.73113250732422,813.5149536132812
2024-11-05,1738.72216796875,1296.699951171875,101.76128387451172,832.4840698242188
2024-11-06,1736.1505126953125,1302.3499755859375,103.96736145019531,837.9738159179688
2024-11-07,1727.545166015625,1278.699951171875,103.7049560546875,842.6793212890625
2024-11-08,1735.359130859375,1258.8499755859375,101.83902740478516,826.55322265625
2024-11-11,1747.080322265625,1269.300048828125,102.17916870117188,830.964599609375
2024-11-12,1699.5035400390625,1270.5999755859375,100.80888366699219,810.427001953125
2024-11-13,1663.0545654296875,1253.699951171875,97.7281494140625,792.7322998046875
2024-11-14,1674.33056640625,1256.949951171875,96.68827819824219,788.4188842773438
2024-11-18,1686.546142578125,1253.449951171875,97.69898986816406,798.2710571289062
2024-11-19,1723.2919921875,1249.0999755859375,98.01969909667969,787.1934814453125
2024-11-21,1722.2532958984375,1250.550048828125,93.65614318847656,765.3814697265625
2024-11-22,1726.60546875,1278.050048828125,97.00898742675781,799.9866333007812
2024-11-25,1766.170166015625,1300.949951171875,101.17817687988281,827.8275756835938
2024-11-26,1766.120849609375,1304.949951171875,102.15001678466797,822.8770141601562
2024-11-27,1792.5797119140625,1300.699951171875,101.4405746459961,817.6812744140625
2024-11-28,1773.6380615234375,1286.3499755859375,103.29679107666016,822.3377685546875
2024-11-29,1776.506591796875,1300.0999755859375,101.94593048095703,822.4358520507812
2024-12-02,1785.0623779296875,1304.6500244140625,102.0431137084961,819.93603515625
2024-12-03,1806.4273681640625,1308.4000244140625,104.92948150634766,837.1405639648438
2024-12-04,1839.8594970703125,1316.050048828125,106.91203308105469,842.7774047851562
2024-12-05,1845.4481201171875,1336.5,106.00821685791016,848.4142456054688
2024-12-06,1835.65576171875,1328.75,106.99949645996094,846.649658203125
2024-12-09,1849.65185546875,1322.300048828125,105.70694732666016,841.1598510742188
2024-12-10,1847.7724609375,1330.449951171875,107.35907745361328,850.423828125
2024-12-11,1842.826904296875,1327.5,105.52230072021484,844.6399536132812
2024-12-12,1839.018798828125,1329.25,104.78369903564453,836.8955078125
2024-12-13,1851.3828125,1344.9000244140625,104.69623565673828,844.5909423828125
2024-12-16,1844.904052734375,1346.0999755859375,105.13356018066406,844.0028076171875
2024-12-17,1813.3017578125,1333.75,103.00523376464844,833.8074951171875
2024-12-18,1790.9970703125,1314.1500244140625,100.12859344482422,821.651611328125
2024-12-19,1773.9842529296875,1286.9000244140625,100.60478973388672,816.4068603515625
2024-12-20,1752.2236328125,1288.4000244140625,97.9322280883789,796.016357421875
2024-12-23,1781.4027099609375,1296.800048828125,98.52505493164062,804.9862670898438
2024-12-24,1778.5341796875,1297.25,98.7777328491211,796.0653686523438
2024-12-26,1771.26416015625,1297.3499755859375,99.28309631347656,796.45751953125
2024-12-27,1778.6826171875,1307.550048828125,98.58336639404297,783.9094848632812
2024-12-30,1758.5540771484375,1294.6500244140625,98.89435577392578,772.7828369140625
2024-12-31,1753.5589599609375,1281.6500244140625,99.88562774658203,779.3019409179688
2025-01-01,1763.3511962890625,1283.6500244140625,99.76901245117188,777.58642578125
2025-01-02,1774.2315673828125,1290.5999755859375,102.50959777832031,785.428955078125
2025-01-03,1730.166259765625,1265.050048828125,103.40369415283203,777.782470703125
2025-01-06,1691.887451171875,1264.0999755859375,98.87491607666016,761.1171264648438
2025-01-07,1694.755859375,1279.25,100.20633697509766,763.4208374023438
2025-01-08,1675.86376953125,1263.75,99.09844207763672,755.970458984375
2025-01-09,1649.652099609375,1262.4000244140625,99.15675354003906,745.4810791015625
2025-01-10,1638.7222900390625,1249.8499755859375,95.86222076416016,728.61962890625
2025-01-13,1613.1041259765625,1229.75,92.73289489746094,715.1403198242188
2025-01-14,1628.6827392578125,1240.300048828125,95.6386947631836,733.4232177734375
2025-01-15,1625.17138671875,1238.25,95.48320007324219,738.8639526367188
2025-01-16,1634.073486328125,1249.0999755859375,97.3977279663086,751.2158813476562
2025-01-17,1618.93994140625,1225.449951171875,97.31025695800781,749.0592041015625
2025-01-20,1633.2821044921875,1232.949951171875,98.15576171875,763.9110107421875
2025-01-21,1624.5284423828125,1196.1500244140625,97.49490356445312,744.1085815429688
2025-01-22,1647.921142578125,1200.449951171875,95.43460845947266,738.6188354492188
2025-01-23,1646.78369140625,1201.75,96.62997436523438,731.2174682617188
2025-01-24,1631.8480224609375,1209.199951171875,94.87094116210938,729.501953125
2025-01-27,1612.0655517578125,1227.949951171875,92.82036590576172,734.4525146484375
2025-01-28,1652.2237548828125,1246.9000244140625,96.9701156616211,737.5895385742188
2025-01-29,1659.0487060546875,1251.6500244140625,95.01671600341797,743.5204467773438
2025-01-30,1673.0941162109375,1255.5999755859375,93.80191802978516,747.5887451171875
2025-01-31,1680.2652587890625,1252.800048828125,98.3501205444336,757.68603515625
2025-02-01,1672.550048828125,1255.550048828125,96.5522232055664,750.9218139648438
2025-02-03,1659.7410888671875,1253.0,95.55123138427734,745.9712524414062
2025-02-04,1702.17431640625,1268.199951171875,96.26067352294922,763.8619995117188
2025-02-05,1718.890380859375,1267.699951171875,97.43659973144531,750.9708251953125
2025-02-06,1724.87451171875,1272.4000244140625,96.91180419921875,737.4424438476562
2025-02-07,1713.895263671875,1256.9000244140625,96.47447204589844,722.688720703125
2025-02-10,1697.080322265625,1262.5999755859375,95.54151153564453,722.2965698242188
2025-02-11,1682.886474609375,1252.75,92.53852844238281,716.7088012695312
2025-02-12,1688.227783203125,1251.800048828125,92.9758529663086,718.7184448242188
2025-02-13,1679.2266845703125,1248.9000244140625,91.97486114501953,713.3267211914062
2025-02-14,1676.40771484375,1260.0999755859375,89.65216827392578,707.9349975585938
2025-02-17,1698.662841796875,1251.1500244140625,90.55597686767578,713.375732421875
2025-02-18,1704.3009033203125,1243.050048828125,89.27314758300781,711.5131225585938
2025-02-19,1708.4056396484375,1261.6500244140625,90.24498748779297,712.9835815429688
2025-02-20,1668.7420654296875,1249.949951171875,92.9564208984375,715.3363647460938
2025-02-21,1674.083251953125,1232.949951171875,91.59584045410156,707.7879028320312
2025-02-24,1658.850830078125,1218.3499755859375,91.3431625366211,702.2981567382812
2025-02-25,1664.043701171875,1224.1500244140625,90.49766540527344,696.9064331054688
2025-02-27,1682.1939697265625,1222.449951171875,89.37033081054688,690.0442504882812
2025-02-28,1713.5491943359375,1204.0999755859375,84.92902374267578,675.241455078125
2025-03-03,1683.034912109375,1206.199951171875,84.83184051513672,681.6134643554688
2025-03-04,1691.392822265625,1210.4000244140625,84.6374740600586,701.9550170898438
2025-03-05,1671.6104736328125,1215.699951171875,87.21284484863281,715.9735107421875
2025-03-06,1672.79736328125,1218.050048828125,88.42764282226562,717.6400756835938
2025-03-07,1670.86865234375,1214.550048828125,88.60257720947266,718.3262939453125
2025-03-10,1669.1376953125,1214.8499755859375,86.10494995117188,714.5521240234375
2025-03-11,1667.159423828125,1245.4000244140625,85.68705749511719,715.4833984375
2025-03-12,1692.5303955078125,1243.949951171875,84.45282745361328,708.8172607421875
2025-03-13,1688.02978515625,1250.050048828125,84.74437713623047,713.5227661132812
2025-03-17,1691.78857421875,1269.0,85.00677490234375,708.915283203125
2025-03-18,1691.78857421875,1269.0,85.00677490234375,708.915283203125
2025-03-19,1725.121826171875,1313.0999755859375,88.45680236816406,730.4331665039062
2025-03-20,1749.5035400390625,1321.699951171875,88.72891998291016,734.7955932617188
2025-03-21,1751.086181640625,1343.0999755859375,90.51710510253906,738.373779296875
2025-03-24,1780.41357421875,1358.1500244140625,93.22853088378906,765.4304809570312
2025-03-25,1801.630126953125,1343.699951171875,91.1682357788086,757.636962890625
2025-03-26,1786.892333984375,1335.9000244140625,90.24498748779297,748.961181640625
2025-03-27,1805.4876708984375,1336.6500244140625,93.69502258300781,757.0977783203125
2025-03-28,1808.306640625,1348.3499755859375,93.42289733886719,756.3135375976562
2025-04-01,1748.6134033203125,1318.449951171875,93.52980041503906,756.5096435546875
2025-04-02,1777.3472900390625,1331.25,94.59882354736328,760.6759643554688
2025-04-03,1775.319580078125,1329.550048828125,96.21208190917969,763.8619995117188
2025-04-04,1797.525390625,1335.300048828125,93.8893814086914,752.34326171875
2025-04-07,1738.57373046875,1287.550048828125,92.2469711303711,732.1978149414062
2025-04-08,1749.8992919921875,1299.9000244140625,94.18093872070312,753.4706420898438
2025-04-09,1745.79443359375,1300.800048828125,93.06332397460938,727.59033203125
2025-04-11,1787.090087890625,1311.6500244140625,93.37431335449219,739.0109252929688
2025-04-15,1844.607421875,1350.199951171875,93.86994171142578,748.4710083007812
2025-04-16,1857.5648193359375,1356.4000244140625,96.04686737060547,756.5586547851562
2025-04-17,1885.9525146484375,1406.699951171875,96.697998046875,781.7527465820312
2025-04-21,1906.1304931640625,1409.800048828125,99.41915130615234,800.6238403320312
2025-04-22,1940.35400390625,1416.5,100.46873474121094,806.211669921875
2025-04-23,1902.96533203125,1424.4000244140625,100.1091537475586,797.4378051757812
2025-04-24,1895.942626953125,1402.699951171875,99.8078842163086,797.3887939453125
2025-04-25,1890.4034423828125,1404.800048828125,96.49391174316406,782.9291381835938
2025-04-28,1899.3055419921875,1428.800048828125,99.29280853271484,801.260986328125
2025-04-29,1888.0296630859375,1429.800048828125,99.73985290527344,796.5554809570312
2025-04-30,1904.0533447265625,1427.0,97.38800048828125,773.1259765625
2025-05-02,1900.9871826171875,1430.0999755859375,96.697998046875,781.0175170898438
2025-05-05,1915.7249755859375,1429.4000244140625,96.60081481933594,774.4494018554688
2025-05-06,1910.680419921875,1431.5999755859375,91.80964660644531,758.8623657226562
2025-05-07,1924.42919921875,1435.4000244140625,91.59584045410156,760.822998046875
2025-05-08,1907.5152587890625,1435.5,88.7872314453125,753.8627319335938
2025-05-09,1869.137451171875,1388.9000244140625,89.38005065917969,763.9110107421875
2025-05-12,1935.9029541015625,1448.5,93.08275604248047,785.8701171875
2025-05-13,1901.679443359375,1430.5999755859375,94.92925262451172,785.9680786132812
2025-05-14,1889.81005859375,1426.199951171875,95.12361907958984,784.9387817382812
2025-05-15,1912.7576904296875,1450.800048828125,95.55123138427734,791.8499755859375
2025-05-16,1913.6478271484375,1454.0,96.12461853027344,792.0999755859375
2025-05-19,1917.604248046875,1449.0,98.06829833984375,795.0
2025-05-20,1894.0633544921875,1438.199951171875,97.66011810302734,785.6500244140625
2025-05-21,1905.8338623046875,1444.699951171875,99.0304183959961,787.0999755859375
2025-05-22,1899.0089111328125,1442.0999755859375,97.54350280761719,785.25
2025-05-23,1912.559814453125,1449.800048828125,97.55321502685547,790.5
2025-05-26,1919.087890625,1460.5999755859375,98.11688232421875,794.4000244140625
2025-05-27,1905.3392333984375,1446.4000244140625,99.14703369140625,793.7000122070312
2025-05-28,1902.5697021484375,1453.800048828125,99.40943145751953,796.5499877929688
2025-05-29,1906.526123046875,1456.5,99.42886352539062,797.3499755859375
2025-05-30,1923.73681640625,1445.800048828125,102.84001922607422,812.2999877929688
2025-06-02,1911.0760498046875,1450.5,105.40567779541016,813.6500244140625
2025-06-03,1903.65771484375,1437.9000244140625,106.35808563232422,809.7999877929688
2025-06-04,1920.0770263671875,1431.0,106.45526885986328,806.5
2025-06-05,1928.3856201171875,1454.800048828125,105.94990539550781,806.0
2025-06-06,1957.1689453125,1459.699951171875,107.07723999023438,813.0499877929688
2025-06-09,1957.366943359375,1434.800048828125,109.04035186767578,820.0499877929688
2025-06-10,1943.9149169921875,1422.9000244140625,108.6224594116211,817.0499877929688
2025-06-11,1929.177001953125,1431.0,107.19386291503906,815.0499877929688
2025-06-12,1922.253173828125,1425.199951171875,104.97806549072266,805.9500122070312
2025-06-13,1896.73388671875,1416.0999755859375,103.60777282714844,792.3499755859375
2025-06-16,1914.3402099609375,1426.9000244140625,103.78270721435547,792.5
2025-06-17,1908.603271484375,1423.199951171875,102.89833068847656,792.2999877929688
2025-06-18,1912.8565673828125,1412.5999755859375,102.50959777832031,791.9000244140625
2025-06-19,1914.2413330078125,1411.300048828125,100.08000183105469,785.0999755859375
2025-06-20,1943.3212890625,1427.0999755859375,103.04000091552734,796.1500244140625
2025-06-23,1927.19873046875,1420.0999755859375,103.91000366210938,790.2000122070312
2025-06-24,1939.562744140625,1424.0999755859375,105.22000122070312,795.4000244140625
2025-06-25,1958.6527099609375,1425.800048828125,105.94000244140625,800.0499877929688
2025-06-26,1999.800048828125,1439.0999755859375,106.25,797.0499877929688
2025-06-27,2014.9000244140625,1462.199951171875,106.33999633789062,805.4000244140625
2025-06-30,2001.5,1445.800048828125,110.5,820.3499755859375
2025-07-01,2012.0999755859375,1432.0,113.06999969482422,820.2999877929688
2025-07-02,1986.0,1427.800048828125,113.8499984741211,812.9000244140625
2025-07-03,1987.0999755859375,1425.9000244140625,110.2300033569336,807.0999755859375
2025-07-04,1989.300048828125,1442.800048828125,110.8499984741211,811.8499755859375
2025-07-07,1987.4000244140625,1435.699951171875,112.51000213623047,806.8499755859375
2025-07-08,2001.4000244140625,1442.0,112.01000213623047,812.6500244140625
2025-07-09,2011.199951171875,1431.9000244140625,111.0,810.9500122070312
2025-07-10,2006.199951171875,1424.0999755859375,109.76000213623047,808.0
2025-07-11,1983.699951171875,1421.9000244140625,110.20999908447266,808.6500244140625
2025-07-14,1983.0,1423.0,110.72000122070312,808.8499755859375
2025-07-15,1995.5,1430.800048828125,112.23999786376953,816.4500122070312
2025-07-16,1996.300048828125,1426.4000244140625,114.97000122070312,831.7000122070312
2025-07-17,1986.9000244140625,1418.699951171875,113.79000091552734,829.0
2025-07-18,1957.4000244140625,1425.800048828125,113.3499984741211,823.3499755859375
2025-07-21,2000.5,1465.800048828125,112.5999984741211,824.2000122070312
2025-07-22,2007.0999755859375,1473.5999755859375,109.33000183105469,815.0
2025-07-23,2024.300048828125,1488.5999755859375,109.91999816894531,820.6500244140625
2025-07-24,2014.199951171875,1483.4000244140625,110.66999816894531,815.7000122070312
2025-07-25,2004.5999755859375,1477.0999755859375,108.41000366210938,806.5499877929688
2025-07-28,2008.5,1488.4000244140625,106.79000091552734,797.1500244140625
2025-07-29,2021.5999755859375,1486.199951171875,109.29000091552734,799.2000122070312
2025-07-30,2025.800048828125,1482.4000244140625,108.0999984741211,801.6500244140625
2025-07-31,2018.199951171875,1481.4000244140625,105.37999725341797,796.5499877929688
2025-08-01,2012.199951171875,1471.5999755859375,103.18000030517578,794.0
2025-08-04,1992.0,1463.199951171875,104.66000366210938,795.7000122070312
2025-08-05,1977.5999755859375,1444.4000244140625,103.66000366210938,800.5999755859375
2025-08-06,1985.300048828125,1443.5999755859375,103.83000183105469,805.1500244140625
2025-08-07,1995.4000244140625,1440.300048828125,104.69000244140625,805.1500244140625
2025-08-08,1973.9000244140625,1435.9000244140625,103.94999694824219,804.2999877929688
